run,sample,timestamp,flow_a,press_r,temp_r,level_s,flow_b,temp_s,valve_1,valve_2,comp_a,const_c,derived_sum,power_c,fault_label
1,1,2026-01-01 00:00:00,99.8623,2687.4998,119.8599,51.1459,39.7639,80.0931,50.6430,20.4010,29.8781,7.5000,139.6262,297.3748,step
1,2,2026-01-01 00:03:00,97.0060,2693.3609,119.9979,45.5714,39.5317,79.3721,50.6430,20.4010,29.8781,7.5000,136.5378,296.3593,step
1,3,2026-01-01 00:06:00,101.1197,2684.2875,119.7008,52.6157,41.7325,80.3119,50.6430,20.4010,29.8781,7.5000,142.8522,294.4152,step
1,4,2026-01-01 00:09:00,103.5133,2683.1273,120.0158,50.4621,40.0967,80.0819,50.6430,20.4010,29.8781,7.5000,143.6100,307.2565,step
1,5,2026-01-01 00:12:00,101.7400,2685.8072,120.0201,47.9633,40.2691,79.9627,50.6430,20.4010,29.8781,7.5000,142.0091,292.9637,step
1,6,2026-01-01 00:15:00,102.0727,2694.1330,119.9778,46.3633,39.0828,79.9378,50.6430,20.4010,29.8781,7.5000,141.1555,288.5687,step
1,7,2026-01-01 00:18:00,101.3806,2698.8933,120.6270,48.7101,39.5616,79.6926,50.6430,20.4010,32.3698,7.5000,140.9422,289.2231,step
1,8,2026-01-01 00:21:00,97.5122,2697.7127,120.3518,44.7664,39.3949,79.0558,50.6430,20.4010,32.3698,7.5000,136.9070,296.2720,step
1,9,2026-01-01 00:24:00,98.2657,2699.6769,120.2773,48.6973,41.5959,80.4550,50.6430,20.4010,32.3698,7.5000,139.8616,293.6667,step
1,10,2026-01-01 00:27:00,96.3929,2694.7718,119.5887,50.7295,43.9535,80.3303,50.6430,20.4010,32.3698,7.5000,140.3464,296.9794,step
1,11,2026-01-01 00:30:00,97.8705,2691.6166,119.3829,49.9224,43.7072,80.6212,50.6430,20.4010,32.3698,7.5000,141.5777,310.9311,step
1,12,2026-01-01 00:33:00,98.4636,2675.7455,119.4754,46.8038,40.9800,80.1822,50.6430,20.4010,32.3698,7.5000,139.4435,310.9700,step
1,13,2026-01-01 00:36:00,97.4333,2675.9493,120.0365,48.7111,38.3181,80.0076,50.6430,20.4010,28.1057,7.5000,135.7514,302.6992,step
1,14,2026-01-01 00:39:00,101.0102,2677.3462,120.1152,48.6167,37.5314,79.7618,50.6430,20.4010,28.1057,7.5000,138.5415,290.7190,step
1,15,2026-01-01 00:42:00,99.6375,2671.5994,120.2518,40.7848,37.7984,79.0285,50.6430,20.4010,28.1057,7.5000,137.4359,294.1524,step
1,16,2026-01-01 00:45:00,95.3523,2690.9213,120.0741,42.2758,37.6679,79.1101,50.6430,20.4010,28.1057,7.5000,133.0202,287.2593,step
1,17,2026-01-01 00:48:00,96.2416,2686.2172,119.6796,41.3881,39.3339,79.3409,50.6430,20.4010,28.1057,7.5000,135.5755,287.5572,step
1,18,2026-01-01 00:51:00,91.6237,2677.3630,120.7936,41.7033,39.0308,78.9946,50.6430,20.4010,28.1057,7.5000,130.6545,291.4327,step
1,19,2026-01-01 00:54:00,92.7860,2683.5336,119.8135,42.2140,40.1854,78.7404,50.6430,20.4010,27.9169,7.5000,132.9714,285.9191,step
1,20,2026-01-01 00:57:00,95.7117,2665.8686,118.8771,41.4830,41.8534,79.4270,50.6430,20.4010,27.9169,7.5000,137.5651,294.7591,step
1,21,2026-01-01 01:00:00,96.4945,2670.7545,119.0330,42.8228,41.7050,78.8800,50.6430,20.4010,27.9169,7.5000,138.1995,301.9388,step
1,22,2026-01-01 01:03:00,95.7214,2684.0918,118.2834,44.3599,40.8121,78.8432,50.6430,20.4010,27.9169,7.5000,136.5335,302.8913,step
1,23,2026-01-01 01:06:00,91.3414,2680.5934,118.0489,42.5905,43.9465,78.8715,50.6430,20.4010,27.9169,7.5000,135.2879,293.6165,step
1,24,2026-01-01 01:09:00,92.8735,2681.5487,119.0810,42.3224,41.5139,78.4133,50.6430,20.4010,27.9169,7.5000,134.3875,301.7635,step
1,25,2026-01-01 01:12:00,94.1229,2664.5018,118.8112,47.7859,42.2619,78.7315,50.6430,20.4010,27.2197,7.5000,136.3848,303.3722,step
1,26,2026-01-01 01:15:00,89.7346,2677.6193,118.8476,48.9941,40.9129,79.5557,30.7602,20.4010,27.2197,7.5000,130.6475,300.6114,step
1,27,2026-01-01 01:18:00,93.5271,2684.6022,117.3630,51.0794,41.6149,79.6215,30.7602,20.4010,27.2197,7.5000,135.1420,300.7649,step
1,28,2026-01-01 01:21:00,91.1836,2670.8099,117.8761,54.8312,43.3426,79.8756,30.7602,20.4010,27.2197,7.5000,134.5262,304.8415,step
1,29,2026-01-01 01:24:00,86.7501,2693.0244,118.1982,54.0457,41.3294,79.1012,30.7602,20.4010,27.2197,7.5000,128.0795,314.6480,step
1,30,2026-01-01 01:27:00,84.2615,2684.9846,117.5069,54.1854,43.5119,78.9210,30.7602,20.4010,27.2197,7.5000,127.7734,310.5318,step
1,31,2026-01-01 01:30:00,85.3129,2671.2462,118.5637,52.8713,42.7543,79.4067,30.7602,20.4010,26.6646,7.5000,128.0671,313.5614,step
1,32,2026-01-01 01:33:00,86.0127,2658.4111,117.8258,49.4435,42.6210,78.5796,30.7602,20.4010,26.6646,7.5000,128.6337,310.2934,step
1,33,2026-01-01 01:36:00,89.0465,2658.6932,117.4173,53.4140,42.5733,79.4707,30.7602,20.4010,26.6646,7.5000,131.6198,318.7897,step
1,34,2026-01-01 01:39:00,85.4813,2657.7728,116.7958,49.6448,41.7249,78.7900,30.7602,20.4010,26.6646,7.5000,127.2062,311.6336,step
1,35,2026-01-01 01:42:00,85.1598,2668.3967,117.2967,57.5124,38.9292,79.2598,30.7602,20.4010,26.6646,7.5000,124.0891,305.2406,step
1,36,2026-01-01 01:45:00,88.8320,2653.5317,117.7283,65.1437,39.1597,79.0431,30.7602,20.4010,26.6646,7.5000,127.9918,298.1349,step
1,37,2026-01-01 01:48:00,85.3467,2651.4181,118.2698,52.8715,37.1852,78.2612,30.7602,20.4010,24.0399,7.5000,122.5319,300.7121,step
1,38,2026-01-01 01:51:00,84.0814,2671.4713,118.0654,55.6343,38.2102,78.3023,30.7602,20.4010,24.0399,7.5000,122.2916,293.5995,step
1,39,2026-01-01 01:54:00,88.2814,2660.9171,117.0855,51.4709,42.1763,78.6613,30.7602,20.4010,24.0399,7.5000,130.4577,289.5583,step
1,40,2026-01-01 01:57:00,88.8957,2656.7972,117.6200,53.0890,41.6002,78.8433,30.7602,20.4010,24.0399,7.5000,130.4958,310.9769,step
1,41,2026-01-01 02:00:00,90.5906,2675.8842,117.0003,55.4868,42.5027,78.2948,30.7602,30.4659,24.0399,7.5000,133.0933,308.0133,step
1,42,2026-01-01 02:03:00,93.1329,2675.0822,116.7560,47.4433,43.0348,78.0954,30.7602,30.4659,24.0399,7.5000,136.1677,311.3300,step
1,43,2026-01-01 02:06:00,92.1807,2676.7854,117.6757,47.8069,41.1430,77.8735,30.7602,30.4659,25.2001,7.5000,133.3237,316.8041,step
1,44,2026-01-01 02:09:00,89.1960,2683.5895,117.7330,53.0621,41.6753,78.3201,30.7602,30.4659,25.2001,7.5000,130.8713,308.1700,step
1,45,2026-01-01 02:12:00,91.1440,2676.3370,118.3631,53.2492,41.2728,78.7572,30.7602,30.4659,25.2001,7.5000,132.4168,309.1577,step
1,46,2026-01-01 02:15:00,91.3217,2677.8490,118.8783,58.0078,40.4632,79.2493,30.7602,30.4659,25.2001,7.5000,131.7849,305.9359,step
1,47,2026-01-01 02:18:00,91.1388,2682.8744,118.1315,53.4344,41.4694,79.0385,30.7602,30.4659,25.2001,7.5000,132.6082,306.7365,step
1,48,2026-01-01 02:21:00,93.6458,2676.4822,118.2583,59.1854,40.1024,80.3345,30.7602,30.4659,25.2001,7.5000,133.7483,308.2011,step
1,49,2026-01-01 02:24:00,89.4183,2681.8559,119.3267,57.4486,39.2270,79.5201,30.7602,30.4659,25.8290,7.5000,128.6454,305.3263,step
1,50,2026-01-01 02:27:00,92.3853,2687.7454,118.4446,51.7180,39.8102,79.2388,30.7602,30.4659,25.8290,7.5000,132.1955,299.7715,step
1,51,2026-01-01 02:30:00,91.5211,2676.7271,118.3929,52.5111,44.3293,79.6600,46.1615,30.4659,25.8290,7.5000,135.8504,297.0998,step
1,52,2026-01-01 02:33:00,92.3153,2687.4745,118.3780,57.9200,43.8221,79.6008,46.1615,30.4659,25.8290,7.5000,136.1373,314.3570,step
1,53,2026-01-01 02:36:00,92.5250,2670.1130,117.6683,58.2866,43.5828,79.8790,46.1615,30.4659,25.8290,7.5000,136.1079,309.5489,step
1,54,2026-01-01 02:39:00,97.8170,2674.5327,118.7570,56.8427,41.1745,79.7085,46.1615,30.4659,25.8290,7.5000,138.9915,311.9857,step
1,55,2026-01-01 02:42:00,94.2190,2676.3400,118.3208,58.7630,41.1470,79.0717,46.1615,30.4659,26.0286,7.5000,135.3660,304.2562,step
1,56,2026-01-01 02:45:00,91.2845,2679.6538,118.3920,46.6916,41.7220,78.8742,46.1615,30.4659,26.0286,7.5000,133.0064,299.1865,step
1,57,2026-01-01 02:48:00,92.4747,2678.4382,118.3528,55.3495,39.9751,79.1362,46.1615,30.4659,26.0286,7.5000,132.4499,303.5578,step
1,58,2026-01-01 02:51:00,94.1645,2681.5744,119.0948,59.5881,40.4048,79.9554,46.1615,30.4659,26.0286,7.5000,134.5693,297.3247,step
1,59,2026-01-01 02:54:00,96.4443,2673.0336,118.5144,61.2972,41.7994,79.9482,46.1615,30.4659,26.0286,7.5000,138.2437,303.2056,step
1,60,2026-01-01 02:57:00,98.0036,2683.7258,118.1035,61.0716,41.8178,80.4581,46.1615,30.4659,26.0286,7.5000,139.8214,298.7307,step
1,61,2026-01-01 03:00:00,97.4158,2690.6370,117.9205,60.1615,43.1277,80.0896,46.1615,30.4659,26.3041,7.5000,140.5436,301.8545,step
1,62,2026-01-01 03:03:00,99.5764,2695.6714,117.5354,56.7858,44.7432,79.7399,46.1615,30.4659,26.3041,7.5000,144.3196,313.7140,step
1,63,2026-01-01 03:06:00,104.6529,2693.6789,119.0732,61.3376,41.9558,79.5906,46.1615,30.4659,26.3041,7.5000,146.6087,326.6505,step
1,64,2026-01-01 03:09:00,101.5043,2701.5341,119.1681,62.6594,40.3155,80.5315,46.1615,30.4659,26.3041,7.5000,141.8198,302.6063,step
1,65,2026-01-01 03:12:00,101.6002,2716.4598,119.0588,55.5418,41.8743,80.0879,46.1615,30.4659,26.3041,7.5000,143.4744,295.0217,step
1,66,2026-01-01 03:15:00,102.3890,2708.8761,119.8703,53.7453,41.9126,79.7717,46.1615,30.4659,26.3041,7.5000,144.3017,311.0492,step
1,67,2026-01-01 03:18:00,102.6723,2710.5428,120.0558,54.4325,44.6467,79.9941,46.1615,30.4659,31.2702,7.5000,147.3190,301.2321,step
1,68,2026-01-01 03:21:00,106.6564,2709.5562,119.2667,51.5771,45.5927,80.3848,46.1615,30.4659,31.2702,7.5000,152.2491,312.7810,step
1,69,2026-01-01 03:24:00,105.1749,2708.8927,119.4769,55.5602,44.0625,80.8810,46.1615,30.4659,31.2702,7.5000,149.2374,319.9733,step
1,70,2026-01-01 03:27:00,102.2605,2715.8412,120.1613,61.6937,41.9780,80.9113,46.1615,30.4659,31.2702,7.5000,144.2385,314.3684,step
1,71,2026-01-01 03:30:00,104.9591,2712.5981,120.5802,64.7459,38.9811,81.2001,46.1615,30.4659,31.2702,7.5000,143.9402,302.7634,step
1,72,2026-01-01 03:33:00,96.7966,2699.8326,121.2596,63.2152,39.2984,81.2581,46.1615,30.4659,31.2702,7.5000,136.0950,292.5688,step
1,73,2026-01-01 03:36:00,96.8331,2708.0976,121.0390,57.1223,39.7974,81.0421,46.1615,30.4659,31.6245,7.5000,136.6305,294.8495,step
1,74,2026-01-01 03:39:00,103.1605,2674.3959,120.4452,59.2975,37.6788,81.6929,46.1615,30.4659,31.6245,7.5000,140.8394,292.9822,step
1,75,2026-01-01 03:42:00,102.1011,2676.6560,121.5724,53.7914,36.7285,80.8785,46.1615,30.4659,31.6245,7.5000,138.8296,288.6086,step
1,76,2026-01-01 03:45:00,104.3022,2696.7047,120.0656,50.4601,39.0628,80.5176,56.4477,30.4659,31.6245,7.5000,143.3650,283.0220,step
1,77,2026-01-01 03:48:00,101.0744,2686.3789,119.8239,47.6784,38.2941,80.6528,56.4477,30.4659,31.6245,7.5000,139.3684,290.1945,step
1,78,2026-01-01 03:51:00,101.5233,2683.5889,121.1044,48.0512,36.8467,79.4974,56.4477,30.4659,31.6245,7.5000,138.3700,288.2937,step
1,79,2026-01-01 03:54:00,100.9038,2682.0181,121.6866,47.5733,35.0352,79.6464,56.4477,30.4659,31.9011,7.5000,135.9391,282.9753,step
1,80,2026-01-01 03:57:00,106.6696,2685.7459,121.3074,50.4043,35.6062,80.4403,56.4477,30.4659,31.9011,7.5000,142.2758,269.1613,step
1,81,2026-01-01 04:00:00,102.9921,2699.6816,120.8645,51.0543,36.2666,80.7945,56.4477,58.3024,31.9011,7.5000,139.2587,283.3549,step
1,82,2026-01-01 04:03:00,96.2328,2721.3975,120.5676,45.0684,38.4455,79.6482,56.4477,58.3024,31.9011,7.5000,134.6783,281.7475,step
1,83,2026-01-01 04:06:00,98.5265,2712.2560,120.2029,47.5167,41.1311,80.6005,56.4477,58.3024,31.9011,7.5000,139.6576,293.9273,step
1,84,2026-01-01 04:09:00,101.4855,2686.0588,120.7909,52.1521,41.0602,80.3421,56.4477,58.3024,31.9011,7.5000,142.5457,305.1232,step
1,85,2026-01-01 04:12:00,100.3067,2684.8362,120.5840,53.7633,40.0490,80.3513,56.4477,58.3024,27.0097,7.5000,140.3557,309.6895,step
1,86,2026-01-01 04:15:00,95.2565,2697.9753,119.5156,52.5848,36.8036,81.0009,56.4477,58.3024,27.0097,7.5000,132.0600,303.1102,step
1,87,2026-01-01 04:18:00,93.5497,2697.9146,120.2252,51.1436,38.4629,80.3753,56.4477,58.3024,27.0097,7.5000,132.0126,295.1236,step
1,88,2026-01-01 04:21:00,94.5265,2685.5589,120.2898,48.1559,38.7856,79.2283,56.4477,58.3024,27.0097,7.5000,133.3121,295.0275,step
1,89,2026-01-01 04:24:00,94.6617,2667.9588,119.8349,50.4344,39.4248,79.6805,56.4477,58.3024,27.0097,7.5000,134.0865,298.1346,step
1,90,2026-01-01 04:27:00,94.2867,2675.2889,119.9810,45.8272,36.8323,79.8867,56.4477,58.3024,27.0097,7.5000,131.1191,299.9176,step
1,91,2026-01-01 04:30:00,87.6635,2679.6043,118.7078,44.5710,39.2073,79.2322,56.4477,58.3024,25.9341,7.5000,126.8709,284.1512,step
1,92,2026-01-01 04:33:00,87.7570,2675.4081,118.9528,48.8218,41.1017,79.3739,56.4477,58.3024,25.9341,7.5000,128.8586,293.1965,step
1,93,2026-01-01 04:36:00,89.6687,2659.0069,119.2564,48.2971,39.5502,78.6667,56.4477,58.3024,25.9341,7.5000,129.2189,295.0639,step
1,94,2026-01-01 04:39:00,90.9902,2652.7490,118.9102,53.1912,38.6499,79.4467,56.4477,58.3024,25.9341,7.5000,129.6401,295.4770,step
1,95,2026-01-01 04:42:00,89.2505,2663.2786,118.2889,54.0225,36.7421,79.1542,56.4477,58.3024,25.9341,7.5000,125.9926,297.9910,step
1,96,2026-01-01 04:45:00,91.9691,2659.8500,118.2756,46.9216,38.0527,78.6104,56.4477,58.3024,25.9341,7.5000,130.0218,292.5238,step
1,97,2026-01-01 04:48:00,94.1881,2652.1046,118.6841,43.8076,37.1402,77.8250,56.4477,58.3024,23.9328,7.5000,131.3283,290.9382,step
1,98,2026-01-01 04:51:00,92.8830,2671.8933,118.9121,51.3688,34.7030,78.0860,56.4477,58.3024,23.9328,7.5000,127.5860,289.4488,step
1,99,2026-01-01 04:54:00,92.3353,2690.7863,118.0333,44.9891,38.7583,78.0841,56.4477,58.3024,23.9328,7.5000,131.0936,283.0016,step
1,100,2026-01-01 04:57:00,95.3361,2688.3599,118.1757,42.3727,42.0465,78.2426,56.4477,58.3024,23.9328,7.5000,137.3826,300.0730,step
1,101,2026-01-01 05:00:00,94.7194,2679.5722,118.4082,46.4930,43.3832,78.0348,50.9207,58.3024,23.9328,7.5000,138.1026,305.9628,step
1,102,2026-01-01 05:03:00,93.5795,2685.7346,118.3009,49.0179,42.5298,78.3641,50.9207,58.3024,23.9328,7.5000,136.1093,308.7273,step
1,103,2026-01-01 05:06:00,98.8917,2684.2904,118.1915,54.7878,40.3938,79.2935,50.9207,58.3024,26.7162,7.5000,139.2855,308.1594,step
1,104,2026-01-01 05:09:00,98.6714,2687.2377,118.9971,50.8864,40.0435,78.9982,50.9207,58.3024,26.7162,7.5000,138.7149,297.7940,step
1,105,2026-01-01 05:12:00,98.7954,2699.0501,118.8439,49.4643,39.6159,78.5779,50.9207,58.3024,26.7162,7.5000,138.4113,300.2987,step
1,106,2026-01-01 05:15:00,92.4752,2700.2486,118.5851,52.0323,40.5406,79.1045,50.9207,58.3024,26.7162,7.5000,133.0158,305.0113,step
1,107,2026-01-01 05:18:00,93.4314,2701.2387,119.7073,51.3000,40.1789,78.9622,50.9207,58.3024,26.7162,7.5000,133.6103,303.8265,step
1,108,2026-01-01 05:21:00,94.2927,2678.5616,119.5458,48.7823,39.6917,79.1199,50.9207,58.3024,26.7162,7.5000,133.9844,302.7532,step
1,109,2026-01-01 05:24:00,93.9878,2678.4706,119.9825,47.3848,38.9669,79.8550,50.9207,58.3024,25.5884,7.5000,132.9547,302.0097,step
1,110,2026-01-01 05:27:00,94.0977,2694.6722,118.5522,44.3916,40.3566,79.4153,50.9207,58.3024,25.5884,7.5000,134.4543,296.1606,step
1,111,2026-01-01 05:30:00,91.3710,2681.1218,118.5646,45.7491,41.6595,79.0045,50.9207,58.3024,25.5884,7.5000,133.0306,303.0229,step
1,112,2026-01-01 05:33:00,89.3529,2685.9101,118.7570,49.6033,40.9583,78.9896,50.9207,58.3024,25.5884,7.5000,130.3113,306.4134,step
1,113,2026-01-01 05:36:00,88.9068,2687.6394,118.6640,48.3095,40.2149,78.9437,50.9207,58.3024,25.5884,7.5000,129.1217,301.7897,step
1,114,2026-01-01 05:39:00,88.8095,2680.1632,118.4334,50.8832,42.3197,79.1702,50.9207,58.3024,25.5884,7.5000,131.1292,300.8513,step
1,115,2026-01-01 05:42:00,85.6387,2667.3661,117.4322,42.4168,44.6222,78.7390,50.9207,58.3024,22.9133,7.5000,130.2609,316.1040,step
1,116,2026-01-01 05:45:00,82.0648,2666.5514,117.6110,41.1963,39.8915,78.6211,50.9207,58.3024,22.9133,7.5000,121.9563,319.2983,step
1,117,2026-01-01 05:48:00,81.8814,2654.2525,117.9250,47.6596,40.5896,78.7170,50.9207,58.3024,22.9133,7.5000,122.4710,306.9578,step
1,118,2026-01-01 05:51:00,82.7852,2640.6606,117.9033,45.0981,37.6919,77.8422,50.9207,58.3024,22.9133,7.5000,120.4771,301.9603,step
1,119,2026-01-01 05:54:00,81.5862,2630.7989,117.4264,47.1007,37.5398,77.8950,50.9207,58.3024,22.9133,7.5000,119.1261,299.3571,step
1,120,2026-01-01 05:57:00,84.7711,2640.8384,117.5229,43.5456,36.3515,77.6945,50.9207,58.3024,22.9133,7.5000,121.1226,296.2609,step
1,121,2026-01-01 06:00:00,80.4194,2632.9816,117.0810,40.5966,36.6280,77.2526,50.9207,54.4055,19.5118,7.5000,117.0474,286.2655,step
1,122,2026-01-01 06:03:00,79.6537,2636.9735,117.2850,45.0990,37.4548,77.1846,50.9207,54.4055,19.5118,7.5000,117.1086,287.7078,step
1,123,2026-01-01 06:06:00,79.2603,2623.4228,117.4404,46.3653,35.8799,77.1814,50.9207,54.4055,19.5118,7.5000,115.1402,289.7921,step
1,124,2026-01-01 06:09:00,81.7964,2622.2157,118.0952,48.6004,34.5128,77.5444,50.9207,54.4055,19.5118,7.5000,116.3091,278.2592,step
1,125,2026-01-01 06:12:00,94.2069,2640.7149,118.8254,48.0437,31.3246,77.2759,50.9207,54.4055,19.5118,7.5000,119.5316,273.2175,step
1,126,2026-01-01 06:15:00,94.8609,2651.0410,119.3118,50.0909,33.6091,78.3263,56.4295,54.4055,19.5118,7.5000,122.4700,271.2980,step
1,127,2026-01-01 06:18:00,94.9427,2669.9125,119.1178,46.7596,33.6988,77.0026,56.4295,54.4055,18.8228,7.5000,122.6414,270.5251,step
1,128,2026-01-01 06:21:00,99.6340,2672.1046,118.8194,41.1030,36.3252,76.8538,56.4295,54.4055,18.8228,7.5000,129.9592,279.0457,step
1,129,2026-01-01 06:24:00,95.1933,2681.7636,119.5125,39.0165,37.8537,76.3024,56.4295,54.4055,18.8228,7.5000,127.0470,280.0329,step
1,130,2026-01-01 06:27:00,97.4608,2687.5781,119.5457,42.7817,37.6915,77.0132,56.4295,54.4055,18.8228,7.5000,129.1523,286.2178,step
1,131,2026-01-01 06:30:00,100.2676,2683.3047,119.5833,46.1465,38.1388,78.1282,56.4295,54.4055,18.8228,7.5000,132.4064,295.0089,step
1,132,2026-01-01 06:33:00,101.0480,2692.8067,119.2528,46.0243,41.4127,78.2926,56.4295,54.4055,18.8228,7.5000,136.4607,293.2169,step
1,133,2026-01-01 06:36:00,101.0246,2687.7062,119.0425,50.7321,40.3023,78.4910,56.4295,54.4055,23.5554,7.5000,135.3269,301.5831,step
1,134,2026-01-01 06:39:00,101.6036,2690.5404,120.0463,49.2509,38.6320,78.8821,56.4295,54.4055,23.5554,7.5000,134.2356,299.9911,step
1,135,2026-01-01 06:42:00,98.6836,2696.7404,120.4994,45.4001,38.0234,78.2513,56.4295,54.4055,23.5554,7.5000,130.7070,293.2324,step
1,136,2026-01-01 06:45:00,96.6318,2699.7049,120.3058,48.1996,38.6456,78.4734,56.4295,54.4055,23.5554,7.5000,129.2774,291.1817,step
1,137,2026-01-01 06:48:00,98.3121,2693.6049,119.9187,45.7478,41.4127,78.9008,56.4295,54.4055,23.5554,7.5000,133.7247,290.9803,step
1,138,2026-01-01 06:51:00,103.3951,2680.6648,120.6129,46.8470,39.4807,79.0220,56.4295,54.4055,23.5554,7.5000,136.8758,299.5967,step
1,139,2026-01-01 06:54:00,102.4235,2693.8180,120.5072,44.9303,37.0148,78.6012,56.4295,54.4055,23.7365,7.5000,133.4383,293.9910,step
1,140,2026-01-01 06:57:00,103.0255,2701.9770,119.5935,39.1592,39.3447,78.5682,56.4295,54.4055,23.7365,7.5000,136.3703,289.5236,step
1,141,2026-01-01 07:00:00,100.5808,2692.3584,120.3367,39.0008,38.6669,77.7656,56.4295,54.4055,23.7365,7.5000,133.2477,295.2009,step
1,142,2026-01-01 07:03:00,99.0395,2690.9914,121.4628,48.3955,36.4180,77.9978,56.4295,54.4055,23.7365,7.5000,129.4575,289.4221,step
1,143,2026-01-01 07:06:00,98.7768,2690.0479,121.1955,48.7401,35.2924,78.6733,56.4295,54.4055,23.7365,7.5000,128.0692,287.1628,step
1,144,2026-01-01 07:09:00,94.5709,2679.9750,121.3446,47.9952,36.4620,79.5567,56.4295,54.4055,23.7365,7.5000,125.0329,279.6791,step
1,145,2026-01-01 07:12:00,96.5242,2681.9068,121.4724,45.8001,34.7820,79.2407,56.4295,54.4055,25.1127,7.5000,125.3062,283.7291,step
1,146,2026-01-01 07:15:00,97.8387,2671.4306,120.4781,46.8777,36.5525,78.9626,56.4295,54.4055,25.1127,7.5000,128.3912,281.0660,step
1,147,2026-01-01 07:18:00,99.5691,2675.8834,120.1530,46.3752,36.7701,78.8791,56.4295,54.4055,25.1127,7.5000,130.3392,284.9616,step
1,148,2026-01-01 07:21:00,98.5339,2689.8404,119.4764,51.3381,37.2108,78.9252,56.4295,54.4055,25.1127,7.5000,129.7447,286.9015,step
1,149,2026-01-01 07:24:00,103.8742,2693.2457,119.1139,56.3421,38.5608,79.0298,56.4295,54.4055,25.1127,7.5000,136.4350,290.5206,step
1,150,2026-01-01 07:27:00,102.3615,2684.9148,119.8883,52.4043,39.1454,78.6292,56.4295,54.4055,25.1127,7.5000,135.5069,294.1646,step
1,151,2026-01-01 07:30:00,104.0214,2702.6574,120.1469,61.8383,36.7238,79.5039,32.0230,54.4055,24.6190,7.5000,134.7452,294.9168,step
1,152,2026-01-01 07:33:00,100.6291,2704.3001,119.8395,52.8523,35.9195,79.0268,32.0230,54.4055,24.6190,7.5000,130.5486,289.1826,step
1,153,2026-01-01 07:36:00,107.5774,2730.9763,120.4722,52.5232,37.4849,79.4508,32.0230,54.4055,24.6190,7.5000,139.0623,292.7165,step
1,154,2026-01-01 07:39:00,106.0488,2714.2915,119.7985,49.8042,41.5908,79.0079,32.0230,54.4055,24.6190,7.5000,141.6395,299.3476,step
1,155,2026-01-01 07:42:00,102.5740,2732.3153,120.8909,51.2177,39.2362,79.6195,32.0230,54.4055,24.6190,7.5000,135.8103,315.9112,step
1,156,2026-01-01 07:45:00,99.8181,2740.5617,120.2064,49.5319,38.3633,79.1906,32.0230,54.4055,24.6190,7.5000,132.1814,309.1172,step
1,157,2026-01-01 07:48:00,103.7963,2724.7325,121.2931,45.8667,43.0453,79.7573,32.0230,54.4055,32.1921,7.5000,140.8416,305.0717,step
1,158,2026-01-01 07:51:00,104.3059,2723.7058,121.4842,46.8749,40.4054,79.0634,32.0230,54.4055,32.1921,7.5000,138.7113,317.3049,step
1,159,2026-01-01 07:54:00,105.6594,2727.1735,120.2560,44.6113,43.3505,80.3133,32.0230,54.4055,32.1921,7.5000,143.0099,312.8298,step
1,160,2026-01-01 07:57:00,108.5107,2737.4116,119.8616,55.9998,41.8418,81.2044,32.0230,54.4055,32.1921,7.5000,144.3525,319.2925,step
1,161,2026-01-01 08:00:00,105.1348,2738.0359,120.0446,57.5424,42.7017,80.3402,32.0230,40.7547,32.1921,7.5000,141.8365,318.9762,step
1,162,2026-01-01 08:03:00,104.0281,2738.0536,120.4377,59.7762,44.5235,80.0425,32.0230,40.7547,32.1921,7.5000,142.5516,317.3913,step
1,163,2026-01-01 08:06:00,97.8710,2728.9952,120.7472,58.3578,43.1624,80.5597,32.0230,40.7547,33.0274,7.5000,135.0334,317.0679,step
1,164,2026-01-01 08:09:00,94.0851,2729.1767,121.2529,60.5453,42.0419,80.6104,32.0230,40.7547,33.0274,7.5000,130.1270,318.4277,step
1,165,2026-01-01 08:12:00,97.4395,2707.3839,120.7474,57.7683,40.8845,81.0753,32.0230,40.7547,33.0274,7.5000,132.3240,314.8097,step
1,166,2026-01-01 08:15:00,93.5126,2700.6678,120.4343,57.3038,42.3376,80.8495,32.0230,40.7547,33.0274,7.5000,129.8502,307.4658,step
1,167,2026-01-01 08:18:00,98.8119,2699.1140,119.7509,54.5614,40.4589,80.9553,32.0230,40.7547,33.0274,7.5000,133.2708,312.3952,step
1,168,2026-01-01 08:21:00,101.8778,2675.9988,119.9674,52.6700,39.3591,80.4695,32.0230,40.7547,33.0274,7.5000,135.2368,309.8024,step
1,169,2026-01-01 08:24:00,101.5057,2704.4200,120.3808,51.4975,38.5816,79.3163,32.0230,40.7547,23.8868,7.5000,134.0873,299.3843,step
1,170,2026-01-01 08:27:00,100.2585,2726.4564,119.1905,53.6291,39.7594,79.1535,32.0230,40.7547,23.8868,7.5000,134.0179,291.6736,step
1,171,2026-01-01 08:30:00,103.1306,2715.0718,119.8920,54.2776,42.8636,79.7844,32.0230,40.7547,23.8868,7.5000,139.9942,300.3333,step
1,172,2026-01-01 08:33:00,101.7965,2714.3865,120.5984,59.2025,41.3750,79.1441,32.0230,40.7547,23.8868,7.5000,137.1715,313.7737,step
1,173,2026-01-01 08:36:00,103.9065,2720.7207,119.8449,61.6517,40.1194,80.0624,32.0230,40.7547,23.8868,7.5000,138.0259,305.7048,step
1,174,2026-01-01 08:39:00,101.9787,2723.5726,119.9997,65.1565,42.4740,80.7290,32.0230,40.7547,23.8868,7.5000,138.4528,306.8297,step
1,175,2026-01-01 08:42:00,103.7432,2722.6322,120.4740,63.1970,42.0788,80.3343,32.0230,40.7547,29.0164,7.5000,139.8220,311.3166,step
1,176,2026-01-01 08:45:00,108.5660,2724.7259,120.2675,62.5413,44.9120,80.9236,64.2677,40.7547,29.0164,7.5000,147.4780,314.0827,step
1,177,2026-01-01 08:48:00,111.1973,2718.0161,120.5877,59.7957,46.0880,80.8248,64.2677,40.7547,29.0164,7.5000,151.2852,312.0410,step
1,178,2026-01-01 08:51:00,111.5383,2716.5738,120.5819,60.6760,43.6590,80.7746,64.2677,40.7547,29.0164,7.5000,149.1973,316.5456,step
1,179,2026-01-01 08:54:00,110.3491,2725.9728,121.0235,58.5215,42.5307,80.5850,64.2677,40.7547,29.0164,7.5000,146.8798,311.0396,step
1,180,2026-01-01 08:57:00,112.3738,2726.5697,120.8274,57.1880,43.1899,80.2349,64.2677,40.7547,29.0164,7.5000,149.5637,298.7042,step
1,181,2026-01-01 09:00:00,113.7103,2734.3998,120.9964,51.3551,43.7462,79.8421,64.2677,40.7547,31.4086,7.5000,151.4564,302.1351,step
1,182,2026-01-01 09:03:00,110.7353,2739.1493,121.2115,50.2712,44.5188,79.9222,64.2677,40.7547,31.4086,7.5000,149.2541,308.6305,step
1,183,2026-01-01 09:06:00,110.4889,2735.6745,121.3465,54.8165,43.9916,80.5173,64.2677,40.7547,31.4086,7.5000,148.4804,309.2603,step
1,184,2026-01-01 09:09:00,114.2141,2723.8147,121.9022,55.9732,41.9281,80.5334,64.2677,40.7547,31.4086,7.5000,150.1423,313.9664,step
1,185,2026-01-01 09:12:00,115.9197,2723.2325,122.3841,58.6015,41.2648,81.2264,64.2677,40.7547,31.4086,7.5000,151.1845,295.0247,step
1,186,2026-01-01 09:15:00,118.1690,2740.3399,121.2832,55.0379,44.4665,81.0029,64.2677,40.7547,31.4086,7.5000,156.6355,297.5183,step
1,187,2026-01-01 09:18:00,116.1194,2752.6726,120.8833,53.6828,43.5745,81.1320,64.2677,40.7547,33.2114,7.5000,153.6938,312.3763,step
1,188,2026-01-01 09:21:00,117.4966,2745.8590,121.3668,48.5356,45.3002,80.4143,64.2677,40.7547,33.2114,7.5000,156.7968,311.0532,step
1,189,2026-01-01 09:24:00,118.7443,2743.6924,122.3246,49.2397,43.8118,80.1242,64.2677,40.7547,33.2114,7.5000,156.5561,314.8827,step
1,190,2026-01-01 09:27:00,115.2400,2744.2636,122.7362,53.6053,42.9048,81.0109,64.2677,40.7547,33.2114,7.5000,152.1448,304.9293,step
1,191,2026-01-01 09:30:00,112.8293,2744.7089,122.4864,50.8577,41.5170,81.0866,64.2677,40.7547,33.2114,7.5000,148.3463,303.0821,step
1,192,2026-01-01 09:33:00,110.4660,2727.5313,123.1597,51.5348,41.5311,81.5773,64.2677,40.7547,33.2114,7.5000,145.9971,302.4433,step
1,193,2026-01-01 09:36:00,109.0312,2733.5908,123.1048,47.4088,40.8473,80.6501,64.2677,40.7547,33.7331,7.5000,143.8786,299.1550,step
1,194,2026-01-01 09:39:00,110.1871,2724.5280,122.3982,44.9681,41.1541,81.0012,64.2677,40.7547,33.7331,7.5000,145.3412,294.7389,step
1,195,2026-01-01 09:42:00,114.1901,2722.9700,122.1182,46.2212,42.6291,81.0922,64.2677,40.7547,33.7331,7.5000,150.8191,301.6932,step
1,196,2026-01-01 09:45:00,109.0519,2727.5363,121.2759,50.6067,44.3430,80.8922,64.2677,40.7547,33.7331,7.5000,147.3949,300.0588,step
1,197,2026-01-01 09:48:00,107.8955,2743.5588,120.7142,49.0601,45.9040,81.0861,64.2677,40.7547,33.7331,7.5000,147.7994,307.0587,step
1,198,2026-01-01 09:51:00,109.3448,2725.4225,120.7498,52.0097,45.6285,80.0156,64.2677,40.7547,33.7331,7.5000,148.9733,317.9773,step
1,199,2026-01-01 09:54:00,109.9572,2725.3817,121.3987,57.0901,47.2066,80.8287,64.2677,40.7547,29.9377,7.5000,151.1639,314.4547,step
1,200,2026-01-01 09:57:00,112.7439,2721.8243,120.3000,53.8039,46.8704,80.6233,64.2677,40.7547,29.9377,7.5000,153.6144,312.2313,step
1,201,2026-01-01 10:00:00,108.8882,2722.3802,120.4509,50.6965,42.9038,80.5718,59.3035,45.7862,29.9377,7.5000,145.7920,320.0572,step
1,202,2026-01-01 10:03:00,108.3650,2733.7066,121.4636,43.8059,39.8849,79.1569,59.3035,45.7862,29.9377,7.5000,142.2499,311.7058,step
1,203,2026-01-01 10:06:00,105.8219,2719.5488,121.5878,44.1022,42.6587,79.4565,59.3035,45.7862,29.9377,7.5000,142.4806,306.6034,step
1,204,2026-01-01 10:09:00,111.6083,2718.2785,121.9888,44.0413,40.7689,79.1838,59.3035,45.7862,29.9377,7.5000,146.3771,302.5878,step
1,205,2026-01-01 10:12:00,109.4627,2710.8481,121.5119,44.8618,41.0276,80.2048,59.3035,45.7862,31.1135,7.5000,144.4902,296.8261,step
1,206,2026-01-01 10:15:00,110.1170,2724.1293,122.2179,43.3073,38.3980,80.5132,59.3035,45.7862,31.1135,7.5000,142.5150,300.6439,step
1,207,2026-01-01 10:18:00,111.9863,2719.5345,121.7710,43.9481,38.9618,79.6338,59.3035,45.7862,31.1135,7.5000,144.9481,294.5109,step
1,208,2026-01-01 10:21:00,107.8972,2721.2524,122.1768,44.7682,38.1397,79.8081,59.3035,45.7862,31.1135,7.5000,140.0370,292.3765,step
1,209,2026-01-01 10:24:00,108.0456,2723.8095,122.1766,45.1147,38.7720,79.8351,59.3035,45.7862,31.1135,7.5000,140.8176,292.5883,step
1,210,2026-01-01 10:27:00,107.7304,2705.8140,122.0098,47.3461,39.4027,80.3403,59.3035,45.7862,31.1135,7.5000,141.1331,291.1693,step
1,211,2026-01-01 10:30:00,107.0841,2716.4936,122.4823,47.0421,36.9289,80.0925,59.3035,45.7862,29.9317,7.5000,138.0130,298.4182,step
1,212,2026-01-01 10:33:00,103.8876,2703.2607,121.3436,44.6652,38.7841,80.2460,59.3035,45.7862,29.9317,7.5000,136.6716,285.7646,step
1,213,2026-01-01 10:36:00,107.2130,2699.8065,122.0776,42.7766,37.4440,80.0978,59.3035,45.7862,29.9317,7.5000,138.6570,290.6095,step
1,214,2026-01-01 10:39:00,108.5000,2701.0142,121.5505,47.9222,37.8617,79.9254,59.3035,45.7862,29.9317,7.5000,140.3617,289.1058,step
1,215,2026-01-01 10:42:00,112.9616,2715.9197,121.4769,43.7362,36.9033,80.0346,59.3035,45.7862,29.9317,7.5000,143.8649,286.9632,step
1,216,2026-01-01 10:45:00,107.0073,2713.8338,121.0266,46.9435,39.1067,79.5265,59.3035,45.7862,29.9317,7.5000,140.1140,287.9972,step
1,217,2026-01-01 10:48:00,109.0397,2734.7105,121.7783,42.9483,40.3165,79.3853,59.3035,45.7862,29.9135,7.5000,143.3562,291.7360,step
1,218,2026-01-01 10:51:00,111.8661,2715.7335,121.0246,44.1922,39.9061,78.9067,59.3035,45.7862,29.9135,7.5000,145.7723,295.1997,step
1,219,2026-01-01 10:54:00,113.1012,2727.5554,122.0931,46.1014,41.5747,79.9695,59.3035,45.7862,29.9135,7.5000,148.6759,300.2476,step
1,220,2026-01-01 10:57:00,118.9922,2730.7966,121.0981,43.0248,41.7932,79.4288,59.3035,45.7862,29.9135,7.5000,154.7854,299.3693,step
1,221,2026-01-01 11:00:00,113.6670,2727.1083,121.7850,45.1699,40.1007,80.3941,59.3035,45.7862,29.9135,7.5000,147.7677,298.1669,step
1,222,2026-01-01 11:03:00,113.5811,2745.6291,122.4603,48.8389,38.3475,80.0811,59.3035,45.7862,29.9135,7.5000,145.9286,296.3300,step
1,223,2026-01-01 11:06:00,116.2413,2737.0053,122.7167,50.7091,39.2023,80.0744,59.3035,45.7862,36.5485,7.5000,149.4436,292.0525,step
1,224,2026-01-01 11:09:00,117.8338,2734.5526,123.3088,48.7955,40.1991,80.7215,59.3035,45.7862,36.5485,7.5000,152.0329,292.6602,step
1,225,2026-01-01 11:12:00,114.5566,2750.1060,122.7202,48.3419,38.9356,80.4808,59.3035,45.7862,36.5485,7.5000,147.4922,297.9716,step
1,226,2026-01-01 11:15:00,116.9440,2754.1099,122.2526,49.4085,41.9325,81.5657,60.1853,45.7862,36.5485,7.5000,152.8765,288.4563,step
1,227,2026-01-01 11:18:00,115.6847,2742.8741,122.8219,51.7366,41.9211,80.7461,60.1853,45.7862,36.5485,7.5000,151.6058,303.6499,step
1,228,2026-01-01 11:21:00,114.8425,2748.7161,123.2991,50.9061,39.6992,80.9521,60.1853,45.7862,36.5485,7.5000,148.5416,301.9528,step
1,229,2026-01-01 11:24:00,112.5604,2740.8024,122.5622,49.7880,42.3128,81.2152,60.1853,45.7862,36.0210,7.5000,148.8732,303.9025,step
1,230,2026-01-01 11:27:00,114.6919,2739.6086,123.1664,51.1009,39.2252,81.9253,60.1853,45.7862,36.0210,7.5000,147.9172,308.9813,step
1,231,2026-01-01 11:30:00,114.8689,2731.3344,122.7659,55.4565,40.5290,81.6638,60.1853,45.7862,36.0210,7.5000,149.3979,297.5245,step
1,232,2026-01-01 11:33:00,120.9842,2741.4651,122.8982,55.7151,40.1272,81.7145,60.1853,45.7862,36.0210,7.5000,155.1114,297.9550,step
1,233,2026-01-01 11:36:00,122.7098,2748.9952,122.2074,50.5603,42.2456,81.2098,60.1853,45.7862,36.0210,7.5000,158.9554,292.1802,step
1,234,2026-01-01 11:39:00,118.2979,2758.1042,122.2461,53.8304,43.8058,81.6382,60.1853,45.7862,36.0210,7.5000,156.1036,304.2458,step
1,235,2026-01-01 11:42:00,120.1873,2769.4732,122.6735,54.6423,41.2375,80.9464,60.1853,45.7862,38.5916,7.5000,155.4248,310.0855,step
1,236,2026-01-01 11:45:00,115.8501,2750.4673,123.1831,51.1335,43.0894,81.1115,60.1853,45.7862,38.5916,7.5000,152.9395,304.0672,step
1,237,2026-01-01 11:48:00,115.5840,2751.3564,124.3270,52.2817,39.6762,81.2278,60.1853,45.7862,38.5916,7.5000,149.2602,307.6030,step
1,238,2026-01-01 11:51:00,113.8308,2742.5123,123.0539,53.8341,40.2658,82.4005,60.1853,45.7862,38.5916,7.5000,148.0967,293.1871,step
1,239,2026-01-01 11:54:00,111.7967,2736.6295,123.6124,47.5313,41.5326,82.3297,60.1853,45.7862,38.5916,7.5000,147.3293,298.4463,step
1,240,2026-01-01 11:57:00,111.7632,2743.8577,123.0383,48.7321,40.2316,81.8766,60.1853,45.7862,38.5916,7.5000,145.9948,299.5516,step
1,241,2026-01-01 12:00:00,108.1387,2750.6482,122.2426,49.8781,40.8965,81.6950,60.1853,66.1308,35.0979,7.5000,143.0352,294.4286,step
1,242,2026-01-01 12:03:00,109.6881,2739.5776,122.6992,44.6849,42.1814,80.7619,60.1853,66.1308,35.0979,7.5000,145.8694,303.0101,step
1,243,2026-01-01 12:06:00,108.3624,2733.8398,121.7770,48.7784,42.4590,80.9769,60.1853,66.1308,35.0979,7.5000,144.8214,312.0964,step
1,244,2026-01-01 12:09:00,108.6544,2735.1693,121.3579,48.2618,42.2613,80.8467,60.1853,66.1308,35.0979,7.5000,144.9158,307.8795,step
1,245,2026-01-01 12:12:00,111.3625,2728.1002,121.0369,50.8104,42.8894,80.3275,60.1853,66.1308,35.0979,7.5000,148.2519,311.8875,step
1,246,2026-01-01 12:15:00,115.0575,2733.5909,120.9234,43.6097,42.3681,80.0617,60.1853,66.1308,35.0979,7.5000,151.4256,309.7957,step
1,247,2026-01-01 12:18:00,115.5906,2738.5910,120.9241,50.6515,42.5641,80.3502,60.1853,66.1308,31.0298,7.5000,152.1547,314.5343,step
1,248,2026-01-01 12:21:00,116.0959,2731.6237,121.4167,47.7381,39.7101,79.7377,60.1853,66.1308,31.0298,7.5000,149.8060,310.4304,step
1,249,2026-01-01 12:24:00,119.8667,2728.7030,123.2405,45.9391,35.2782,79.7902,60.1853,66.1308,31.0298,7.5000,149.1450,298.9214,step
1,250,2026-01-01 12:27:00,122.0913,2743.6052,123.1892,45.9576,36.0698,80.0736,60.1853,66.1308,31.0298,7.5000,152.1611,277.8996,step
1,251,2026-01-01 12:30:00,120.8367,2755.1585,123.3348,45.9762,37.3855,80.2099,64.1337,66.1308,31.0298,7.5000,152.2222,281.2079,step
1,252,2026-01-01 12:33:00,121.4640,2756.7109,123.8171,45.9137,36.9016,80.8189,64.1337,66.1308,31.0298,7.5000,152.3656,294.3522,step
1,253,2026-01-01 12:36:00,122.9635,2759.2366,124.7928,51.2059,36.5376,81.3519,64.1337,66.1308,39.7302,7.5000,153.5011,282.1962,step
1,254,2026-01-01 12:39:00,124.4505,2757.2609,124.6734,49.8105,38.7765,81.4184,64.1337,66.1308,39.7302,7.5000,157.2270,286.3032,step
1,255,2026-01-01 12:42:00,122.1740,2760.5568,124.1804,54.0366,37.0350,82.5862,64.1337,66.1308,39.7302,7.5000,153.2090,290.3620,step
1,256,2026-01-01 12:45:00,123.2565,2760.8094,124.4192,54.0676,37.4511,82.8547,64.1337,66.1308,39.7302,7.5000,154.7075,289.5273,step
1,257,2026-01-01 12:48:00,120.8109,2761.3131,124.9930,52.5466,36.3049,81.8991,64.1337,66.1308,39.7302,7.5000,151.1158,291.5714,step
1,258,2026-01-01 12:51:00,117.8528,2748.3423,124.9776,46.5465,37.1776,82.0321,64.1337,66.1308,39.7302,7.5000,149.0305,283.6618,step
1,259,2026-01-01 12:54:00,114.3329,2746.1778,125.3193,43.0476,35.2793,81.7896,64.1337,66.1308,38.9163,7.5000,143.6122,285.0287,step
1,260,2026-01-01 12:57:00,117.3515,2741.1826,125.1149,45.7191,35.0766,82.5115,64.1337,66.1308,38.9163,7.5000,146.4281,278.2106,step
1,261,2026-01-01 13:00:00,115.5004,2730.9156,124.8223,39.0645,34.0505,81.4302,64.1337,66.1308,38.9163,7.5000,143.5509,280.9917,step
1,262,2026-01-01 13:03:00,113.8900,2740.1514,124.4765,46.9412,35.0048,82.0531,64.1337,66.1308,38.9163,7.5000,142.8948,274.6421,step
1,263,2026-01-01 13:06:00,114.3726,2734.4104,123.3221,47.5152,36.1301,81.6188,64.1337,66.1308,38.9163,7.5000,144.5027,276.5885,step
1,264,2026-01-01 13:09:00,114.1254,2724.8133,123.9169,47.4298,36.7270,81.3353,64.1337,66.1308,38.9163,7.5000,144.8524,283.2038,step
1,265,2026-01-01 13:12:00,111.4588,2722.5790,123.7293,45.2863,36.2304,81.3848,64.1337,66.1308,32.6139,7.5000,141.6893,280.7707,step
1,266,2026-01-01 13:15:00,112.4714,2726.2609,123.8417,51.8357,33.6147,81.6958,64.1337,66.1308,32.6139,7.5000,140.0861,281.4824,step
1,267,2026-01-01 13:18:00,111.5313,2716.0389,123.8822,52.6581,33.4428,81.6426,64.1337,66.1308,32.6139,7.5000,138.9741,278.0526,step
1,268,2026-01-01 13:21:00,112.3128,2717.9623,124.0195,45.2880,32.9962,80.6497,64.1337,66.1308,32.6139,7.5000,139.3091,272.5148,step
1,269,2026-01-01 13:24:00,111.7331,2711.5286,123.3800,43.7862,34.2673,80.5534,64.1337,66.1308,32.6139,7.5000,140.0003,276.2546,step
1,270,2026-01-01 13:27:00,112.1923,2719.2369,123.2248,48.2845,34.0281,80.7869,64.1337,66.1308,32.6139,7.5000,140.2204,275.8182,step
1,271,2026-01-01 13:30:00,111.7273,2721.3321,122.9365,45.5502,33.3645,80.5322,64.1337,66.1308,31.7439,7.5000,139.0918,278.5225,step
1,272,2026-01-01 13:33:00,108.7752,2718.5906,123.1156,46.4307,35.0526,80.4700,64.1337,66.1308,31.7439,7.5000,137.8278,274.2426,step
1,273,2026-01-01 13:36:00,108.8190,2711.9896,123.1602,39.6005,34.3574,79.8757,64.1337,66.1308,31.7439,7.5000,137.1764,277.2853,step
1,274,2026-01-01 13:39:00,105.5118,2697.7236,123.5701,38.2397,33.5110,80.0623,64.1337,66.1308,31.7439,7.5000,133.0228,273.8161,step
1,275,2026-01-01 13:42:00,110.7489,2702.7770,124.0247,41.0327,29.9238,79.9991,64.1337,66.1308,31.7439,7.5000,134.6727,271.4149,step
1,276,2026-01-01 13:45:00,104.6217,2691.4395,123.5708,43.4905,29.3182,80.4329,45.3058,66.1308,31.7439,7.5000,127.9399,263.8779,step
1,277,2026-01-01 13:48:00,111.2260,2707.2887,123.1991,41.4975,30.7016,79.9669,45.3058,66.1308,28.1249,7.5000,135.9276,265.5592,step
1,278,2026-01-01 13:51:00,110.7317,2703.9015,122.4837,44.5716,30.7102,80.1202,45.3058,66.1308,28.1249,7.5000,135.4420,271.7349,step
1,279,2026-01-01 13:54:00,111.1011,2725.3733,122.8721,40.3569,30.7494,79.5277,45.3058,66.1308,28.1249,7.5000,135.8506,271.3518,step
1,280,2026-01-01 13:57:00,109.8741,2727.7923,122.3466,42.4181,33.2260,79.1323,45.3058,66.1308,28.1249,7.5000,137.1001,268.2854,step
1,281,2026-01-01 14:00:00,110.0836,2737.1525,123.6062,42.6410,32.5668,79.9884,45.3058,64.4820,28.1249,7.5000,136.6504,281.2184,step
1,282,2026-01-01 14:03:00,110.7333,2727.3908,122.8692,40.2539,36.5308,79.6981,45.3058,64.4820,28.1249,7.5000,141.2641,278.7935,step
1,283,2026-01-01 14:06:00,112.3108,2728.8796,122.9154,45.4247,36.3607,80.7071,45.3058,64.4820,32.8816,7.5000,142.6714,290.1506,step
1,284,2026-01-01 14:09:00,112.8310,2735.3703,122.6453,49.1870,35.9667,80.9975,45.3058,64.4820,32.8816,7.5000,142.7977,290.1279,step
1,285,2026-01-01 14:12:00,114.4056,2730.4976,123.0943,44.7206,35.2301,80.7088,45.3058,64.4820,32.8816,7.5000,143.6357,288.9723,step
1,286,2026-01-01 14:15:00,115.4008,2736.7550,123.4642,46.7515,35.2206,80.3329,45.3058,64.4820,32.8816,7.5000,144.6214,292.3372,step
1,287,2026-01-01 14:18:00,113.8956,2750.9210,122.9010,44.7730,35.6079,80.4072,45.3058,64.4820,32.8816,7.5000,143.5035,282.4063,step
1,288,2026-01-01 14:21:00,112.1354,2756.8769,122.6928,43.8446,40.1388,80.4044,45.3058,64.4820,32.8816,7.5000,146.2742,291.0083,step
1,289,2026-01-01 14:24:00,113.6314,2757.5194,122.7839,39.9087,39.6026,79.9856,45.3058,64.4820,36.4236,7.5000,147.2339,297.2606,step
1,290,2026-01-01 14:27:00,111.3226,2755.6219,123.0729,42.7005,40.8853,80.3538,45.3058,64.4820,36.4236,7.5000,146.2079,305.5410,step
1,291,2026-01-01 14:30:00,112.0191,2759.6376,122.2675,38.4423,43.4436,80.2600,45.3058,64.4820,36.4236,7.5000,149.4627,313.0146,step
1,292,2026-01-01 14:33:00,115.0906,2759.4566,122.0814,40.4019,42.4102,81.0337,45.3058,64.4820,36.4236,7.5000,151.5008,310.9935,step
1,293,2026-01-01 14:36:00,113.4873,2751.3845,121.4888,49.7405,45.6253,81.1316,45.3058,64.4820,36.4236,7.5000,153.1126,315.0399,step
1,294,2026-01-01 14:39:00,111.6721,2761.0484,121.4420,46.6106,44.0535,80.6255,45.3058,64.4820,36.4236,7.5000,149.7256,324.8579,step
1,295,2026-01-01 14:42:00,114.2181,2759.5384,121.6371,43.6298,43.2014,80.6865,45.3058,64.4820,35.7440,7.5000,151.4196,317.0003,step
1,296,2026-01-01 14:45:00,111.2713,2744.9638,122.6282,43.1831,40.7257,80.0765,45.3058,64.4820,35.7440,7.5000,145.9970,312.9673,step
1,297,2026-01-01 14:48:00,111.6528,2746.7272,122.8200,44.6279,40.3857,80.0090,45.3058,64.4820,35.7440,7.5000,146.0386,303.8882,step
1,298,2026-01-01 14:51:00,113.2242,2737.3613,123.1101,45.2312,35.8652,81.0737,45.3058,64.4820,35.7440,7.5000,143.0894,302.4266,step
1,299,2026-01-01 14:54:00,111.7336,2735.5434,123.2525,45.6271,37.9600,81.1275,45.3058,64.4820,35.7440,7.5000,143.6936,286.5347,step
1,300,2026-01-01 14:57:00,110.5656,2746.6717,123.0246,49.9876,36.8775,81.5704,45.3058,64.4820,35.7440,7.5000,141.4431,297.0998,step
2,1,2026-01-01 06:00:00,100.8539,2697.5945,120.1774,48.8065,41.7458,80.1463,64.3176,41.0785,30.1259,7.5000,142.5998,303.4541,normal
2,2,2026-01-01 06:03:00,105.1382,2694.1863,119.9164,52.9445,40.6969,80.2554,64.3176,41.0785,30.1259,7.5000,145.8351,300.0780,normal
2,3,2026-01-01 06:06:00,106.3832,2688.7028,120.1165,53.8755,40.9656,80.1317,64.3176,41.0785,30.1259,7.5000,147.3488,302.4855,normal
2,4,2026-01-01 06:09:00,102.7365,2697.6357,120.5104,50.3511,38.3586,80.0919,64.3176,41.0785,30.1259,7.5000,141.0951,301.7218,normal
2,5,2026-01-01 06:12:00,105.3190,2697.5240,121.1287,48.4578,36.3830,79.8257,64.3176,41.0785,30.1259,7.5000,141.7019,282.1968,normal
2,6,2026-01-01 06:15:00,107.5991,2685.2570,121.1406,50.5998,37.4081,80.4476,64.3176,41.0785,30.1259,7.5000,145.0072,280.1069,normal
2,7,2026-01-01 06:18:00,112.2361,2690.3350,122.0125,47.5112,35.1143,80.3129,64.3176,41.0785,30.6754,7.5000,147.3504,284.1810,normal
2,8,2026-01-01 06:21:00,112.3736,2717.2251,120.9723,53.3385,37.7882,80.8827,64.3176,41.0785,30.6754,7.5000,150.1618,276.0782,normal
2,9,2026-01-01 06:24:00,113.3475,2726.0153,120.3201,53.5176,41.2025,80.8305,64.3176,41.0785,30.6754,7.5000,154.5499,286.1922,normal
2,10,2026-01-01 06:27:00,105.5255,2736.3315,120.6600,48.4868,43.0776,79.9633,64.3176,41.0785,30.6754,7.5000,148.6031,298.3590,normal
2,11,2026-01-01 06:30:00,108.7870,2739.1100,121.4649,54.2648,42.4872,80.5618,64.3176,41.0785,30.6754,7.5000,151.2742,305.4112,normal
2,12,2026-01-01 06:33:00,109.5718,2713.7089,121.5025,55.0806,45.3058,81.2071,64.3176,41.0785,30.6754,7.5000,154.8776,307.4377,normal
2,13,2026-01-01 06:36:00,105.2743,2725.2393,121.5182,52.0235,42.7803,81.6476,64.3176,41.0785,33.1160,7.5000,148.0546,309.0141,normal
2,14,2026-01-01 06:39:00,102.4428,2727.1458,120.4692,52.4136,44.6961,81.7151,64.3176,41.0785,33.1160,7.5000,147.1389,297.5049,normal
2,15,2026-01-01 06:42:00,100.6828,2711.7493,121.1297,52.6869,42.8389,81.3353,64.3176,41.0785,33.1160,7.5000,143.5217,311.1615,normal
2,16,2026-01-01 06:45:00,101.8220,2702.6573,121.1148,50.8065,43.2787,80.6598,64.3176,41.0785,33.1160,7.5000,145.1007,304.3206,normal
2,17,2026-01-01 06:48:00,99.7847,2689.4871,120.5550,48.2537,42.4646,80.8094,64.3176,41.0785,33.1160,7.5000,142.2493,302.8781,normal
2,18,2026-01-01 06:51:00,99.3231,2686.8886,119.9861,47.2791,42.1972,80.8712,64.3176,41.0785,33.1160,7.5000,141.5203,295.8799,normal
2,19,2026-01-01 06:54:00,99.8780,2677.7175,120.0218,46.5303,38.5943,79.9729,64.3176,41.0785,29.3586,7.5000,138.4723,294.8993,normal
2,20,2026-01-01 06:57:00,100.5024,2679.1724,120.6636,45.4197,38.8684,79.9323,64.3176,41.0785,29.3586,7.5000,139.3708,286.6141,normal
2,21,2026-01-01 07:00:00,102.1724,2680.7099,119.9859,45.3954,38.5952,79.3686,64.3176,41.0785,29.3586,7.5000,140.7676,286.5308,normal
2,22,2026-01-01 07:03:00,101.0642,2678.0892,120.2920,50.2128,37.4745,79.7825,64.3176,41.0785,29.3586,7.5000,138.5387,289.2471,normal
2,23,2026-01-01 07:06:00,103.0085,2685.2742,120.3599,55.1193,36.9144,80.2073,64.3176,41.0785,29.3586,7.5000,139.9229,281.0410,normal
2,24,2026-01-01 07:09:00,98.9618,2683.1970,120.7375,55.5912,37.9713,80.3820,64.3176,41.0785,29.3586,7.5000,136.9331,280.3333,normal
2,25,2026-01-01 07:12:00,99.7854,2680.4186,121.0579,53.0826,35.6183,80.0981,64.3176,41.0785,29.1940,7.5000,135.4036,282.6955,normal
2,26,2026-01-01 07:15:00,98.2386,2681.1840,120.6307,52.9556,36.3244,80.1162,69.8845,41.0785,29.1940,7.5000,134.5630,278.2814,normal
2,27,2026-01-01 07:18:00,101.5211,2676.7484,120.4583,50.0233,39.6146,80.3046,69.8845,41.0785,29.1940,7.5000,141.1357,276.2582,normal
2,28,2026-01-01 07:21:00,97.9544,2681.2861,120.1734,46.1756,38.7606,79.3869,69.8845,41.0785,29.1940,7.5000,136.7150,287.6788,normal
2,29,2026-01-01 07:24:00,102.2145,2686.9261,119.6152,48.7012,41.2938,80.2497,69.8845,41.0785,29.1940,7.5000,143.5083,281.3702,normal
2,30,2026-01-01 07:27:00,104.3135,2669.5912,119.5652,44.7431,38.8027,79.5341,69.8845,41.0785,29.1940,7.5000,143.1162,297.7798,normal
2,31,2026-01-01 07:30:00,105.5984,2674.6511,120.5809,48.0193,35.8381,79.6347,69.8845,41.0785,26.7278,7.5000,141.4365,294.4797,normal
2,32,2026-01-01 07:33:00,104.9285,2691.4489,119.9042,45.4133,37.5442,78.7795,69.8845,41.0785,26.7278,7.5000,142.4727,274.7810,normal
2,33,2026-01-01 07:36:00,103.6310,2705.8954,120.5840,40.6507,37.6233,79.4981,69.8845,41.0785,26.7278,7.5000,141.2543,275.0971,normal
2,34,2026-01-01 07:39:00,105.2438,2696.3909,119.9323,43.5127,40.6534,78.6861,69.8845,41.0785,26.7278,7.5000,145.8972,283.5885,normal
2,35,2026-01-01 07:42:00,99.0651,2696.4137,121.1105,46.5168,39.2667,79.5866,69.8845,41.0785,26.7278,7.5000,138.3317,297.4698,normal
2,36,2026-01-01 07:45:00,101.3976,2691.4147,121.0878,52.5229,38.5578,80.0862,69.8845,41.0785,26.7278,7.5000,139.9554,283.7884,normal
2,37,2026-01-01 07:48:00,103.7914,2685.4825,121.2984,48.8009,38.2913,80.5342,69.8845,41.0785,30.6043,7.5000,142.0827,285.1217,normal
2,38,2026-01-01 07:51:00,103.8194,2694.7419,120.0171,48.0457,41.7714,80.5408,69.8845,41.0785,30.6043,7.5000,145.5908,287.7535,normal
2,39,2026-01-01 07:54:00,103.3407,2698.5375,118.9476,48.5878,42.4944,80.2652,69.8845,41.0785,30.6043,7.5000,145.8351,295.5372,normal
2,40,2026-01-01 07:57:00,97.8445,2701.9862,119.6927,57.6796,42.5337,81.0741,69.8845,41.0785,30.6043,7.5000,140.3781,301.1773,normal
2,41,2026-01-01 08:00:00,102.1309,2704.6781,119.7236,56.6086,44.6281,80.0415,69.8845,47.3868,30.6043,7.5000,146.7590,305.0941,normal
2,42,2026-01-01 08:03:00,100.3935,2690.5575,119.7872,54.3488,42.7672,80.1058,69.8845,47.3868,30.6043,7.5000,143.1607,310.9770,normal
2,43,2026-01-01 08:06:00,100.0285,2695.0504,119.4142,51.6932,44.4780,79.8619,69.8845,47.3868,27.1523,7.5000,144.5065,300.0518,normal
2,44,2026-01-01 08:09:00,97.3957,2688.1088,118.7738,55.7343,43.9438,80.6986,69.8845,47.3868,27.1523,7.5000,141.3395,307.0644,normal
2,45,2026-01-01 08:12:00,94.7544,2689.4774,119.2999,56.2953,42.9827,80.7310,69.8845,47.3868,27.1523,7.5000,137.7371,304.6767,normal
2,46,2026-01-01 08:15:00,100.6180,2677.3172,119.3425,55.6003,42.0983,79.4079,69.8845,47.3868,27.1523,7.5000,142.7163,306.5355,normal
2,47,2026-01-01 08:18:00,98.5503,2675.3863,119.4036,55.1934,41.8421,80.5726,69.8845,47.3868,27.1523,7.5000,140.3924,297.5353,normal
2,48,2026-01-01 08:21:00,98.8180,2684.0864,119.2677,58.2857,40.1105,80.0451,69.8845,47.3868,27.1523,7.5000,138.9284,301.2434,normal
2,49,2026-01-01 08:24:00,101.3213,2690.0071,119.2815,57.5893,40.3339,80.2371,69.8845,47.3868,28.0318,7.5000,141.6552,300.3445,normal
2,50,2026-01-01 08:27:00,98.7948,2687.8955,118.9777,54.2219,42.1419,79.4819,69.8845,47.3868,28.0318,7.5000,140.9367,290.9026,normal
2,51,2026-01-01 08:30:00,95.2547,2693.7246,119.2430,51.7910,39.7103,79.5004,56.0651,47.3868,28.0318,7.5000,134.9651,302.1213,normal
2,52,2026-01-01 08:33:00,95.8100,2686.0380,119.5526,54.1089,40.5752,79.9645,56.0651,47.3868,28.0318,7.5000,136.3852,298.4401,normal
2,53,2026-01-01 08:36:00,96.2765,2681.3625,119.3599,57.1727,42.2740,79.8011,56.0651,47.3868,28.0318,7.5000,138.5505,300.7396,normal
2,54,2026-01-01 08:39:00,93.7188,2683.9794,118.9331,52.0621,40.7544,79.5827,56.0651,47.3868,28.0318,7.5000,134.4731,303.3979,normal
2,55,2026-01-01 08:42:00,91.2657,2684.9211,118.7751,52.5283,42.5408,79.9253,56.0651,47.3868,26.0901,7.5000,133.8065,301.2990,normal
2,56,2026-01-01 08:45:00,91.2139,2681.8603,118.3343,52.0035,43.4958,79.5688,56.0651,47.3868,26.0901,7.5000,134.7097,300.8905,normal
2,57,2026-01-01 08:48:00,89.9914,2677.1390,118.4363,59.8087,43.9451,79.9513,56.0651,47.3868,26.0901,7.5000,133.9365,312.7169,normal
2,58,2026-01-01 08:51:00,92.1558,2679.4697,117.6575,59.7693,44.2719,79.5665,56.0651,47.3868,26.0901,7.5000,136.4277,309.6991,normal
2,59,2026-01-01 08:54:00,96.8329,2680.6465,117.1820,57.4903,45.4396,79.7191,56.0651,47.3868,26.0901,7.5000,142.2725,307.5961,normal
2,60,2026-01-01 08:57:00,99.1228,2685.7431,117.2094,56.7590,45.5710,79.4684,56.0651,47.3868,26.0901,7.5000,144.6938,318.7465,normal
2,61,2026-01-01 09:00:00,107.1749,2697.0316,116.6648,57.9610,47.0088,78.7929,56.0651,47.3868,24.3640,7.5000,154.1837,322.0458,normal
2,62,2026-01-01 09:03:00,109.4892,2710.0556,117.1627,57.0182,46.8306,78.7919,56.0651,47.3868,24.3640,7.5000,156.3197,319.6926,normal
2,63,2026-01-01 09:06:00,108.6302,2743.1247,117.5298,58.8010,47.2521,79.3259,56.0651,47.3868,24.3640,7.5000,155.8823,321.7138,normal
2,64,2026-01-01 09:09:00,113.1726,2741.5821,117.6884,55.3310,50.0544,78.4323,56.0651,47.3868,24.3640,7.5000,163.2271,328.2744,normal
2,65,2026-01-01 09:12:00,114.4595,2748.1701,119.5682,51.5645,47.4872,79.2473,56.0651,47.3868,24.3640,7.5000,161.9467,339.2015,normal
2,66,2026-01-01 09:15:00,117.6120,2758.9518,120.3432,54.7201,48.7278,79.9359,56.0651,47.3868,24.3640,7.5000,166.3398,329.5197,normal
2,67,2026-01-01 09:18:00,114.4037,2755.0643,120.0360,54.9009,48.3879,81.1627,56.0651,47.3868,36.7453,7.5000,162.7916,331.2374,normal
2,68,2026-01-01 09:21:00,116.5757,2761.6685,121.3604,54.6034,46.7027,81.2636,56.0651,47.3868,36.7453,7.5000,163.2784,329.9418,normal
2,69,2026-01-01 09:24:00,113.6063,2752.4047,121.5743,48.4815,47.4062,80.7514,56.0651,47.3868,36.7453,7.5000,161.0126,321.9927,normal
2,70,2026-01-01 09:27:00,108.8698,2762.6207,122.3346,45.2901,45.7515,81.1841,56.0651,47.3868,36.7453,7.5000,154.6214,332.8300,normal
2,71,2026-01-01 09:30:00,109.9526,2755.0514,120.8709,46.1829,47.9971,81.3895,56.0651,47.3868,36.7453,7.5000,157.9497,313.8957,normal
2,72,2026-01-01 09:33:00,109.4948,2725.5420,121.6914,44.0359,44.3758,81.6116,56.0651,47.3868,36.7453,7.5000,153.8705,322.8802,normal
2,73,2026-01-01 09:36:00,109.4316,2738.3917,122.1677,51.5162,44.3542,81.8180,56.0651,47.3868,34.5647,7.5000,153.7858,308.6751,normal
2,74,2026-01-01 09:39:00,109.2810,2740.8940,120.3532,48.4143,46.0845,81.9185,56.0651,47.3868,34.5647,7.5000,155.3655,312.6081,normal
2,75,2026-01-01 09:42:00,110.3005,2742.2039,120.3271,47.4065,46.9277,81.6247,56.0651,47.3868,34.5647,7.5000,157.2282,324.4971,normal
2,76,2026-01-01 09:45:00,109.9547,2740.4558,120.5939,52.3146,44.9687,81.0100,48.2117,47.3868,34.5647,7.5000,154.9234,319.6157,normal
2,77,2026-01-01 09:48:00,112.3331,2739.5886,120.5187,56.0979,46.2863,81.3907,48.2117,47.3868,34.5647,7.5000,158.6193,320.2626,normal
2,78,2026-01-01 09:51:00,108.5119,2735.1966,120.3700,49.9331,46.5652,80.6930,48.2117,47.3868,34.5647,7.5000,155.0771,320.5062,normal
2,79,2026-01-01 09:54:00,107.9082,2735.1306,121.0611,53.2150,43.2297,81.5156,48.2117,47.3868,34.9493,7.5000,151.1379,323.3008,normal
2,80,2026-01-01 09:57:00,107.5498,2722.2575,121.7636,57.0298,38.9667,81.5273,48.2117,47.3868,34.9493,7.5000,146.5165,313.3527,normal
2,81,2026-01-01 10:00:00,108.2842,2723.8653,122.3454,52.9886,39.1721,81.8030,48.2117,47.1200,34.9493,7.5000,147.4563,296.1805,normal
2,82,2026-01-01 10:03:00,109.0552,2726.9657,121.6829,46.2346,39.4320,81.0391,48.2117,47.1200,34.9493,7.5000,148.4872,296.0967,normal
2,83,2026-01-01 10:06:00,110.1917,2730.5845,121.8122,48.9166,38.4186,81.8626,48.2117,47.1200,34.9493,7.5000,148.6103,300.1174,normal
2,84,2026-01-01 10:09:00,107.5390,2739.2709,121.2508,48.4660,39.9165,81.2718,48.2117,47.1200,34.9493,7.5000,147.4554,296.8717,normal
2,85,2026-01-01 10:12:00,106.2393,2741.8512,120.9292,46.7190,41.8586,81.1571,48.2117,47.1200,36.2149,7.5000,148.0979,305.5249,normal
2,86,2026-01-01 10:15:00,105.9221,2732.3313,120.9495,47.9694,43.8760,81.0095,48.2117,47.1200,36.2149,7.5000,149.7981,307.4631,normal
2,87,2026-01-01 10:18:00,103.7339,2725.0209,121.7237,44.7452,42.8707,80.6053,48.2117,47.1200,36.2149,7.5000,146.6046,310.5485,normal
2,88,2026-01-01 10:21:00,107.8279,2719.3965,121.2096,47.0431,41.2908,81.2126,48.2117,47.1200,36.2149,7.5000,149.1187,306.1341,normal
2,89,2026-01-01 10:24:00,103.0178,2714.3969,120.9761,48.7110,41.2983,81.5118,48.2117,47.1200,36.2149,7.5000,144.3161,308.0272,normal
2,90,2026-01-01 10:27:00,101.2208,2718.8264,120.6264,50.8609,42.1908,81.3828,48.2117,47.1200,36.2149,7.5000,143.4116,310.3626,normal
2,91,2026-01-01 10:30:00,102.1071,2712.7472,120.6390,51.6846,39.7522,80.9591,48.2117,47.1200,33.4560,7.5000,141.8593,310.4008,normal
2,92,2026-01-01 10:33:00,102.0140,2710.7459,120.6810,49.7244,41.5707,80.8385,48.2117,47.1200,33.4560,7.5000,143.5847,303.9316,normal
2,93,2026-01-01 10:36:00,102.8278,2700.1830,120.7046,51.3049,39.3297,80.6599,48.2117,47.1200,33.4560,7.5000,142.1574,302.8998,normal
2,94,2026-01-01 10:39:00,101.5296,2704.2149,120.7022,54.1253,39.8612,81.1394,48.2117,47.1200,33.4560,7.5000,141.3908,297.2686,normal
2,95,2026-01-01 10:42:00,99.7676,2713.8212,120.5431,49.0764,40.6631,80.2477,48.2117,47.1200,33.4560,7.5000,140.4306,297.0473,normal
2,96,2026-01-01 10:45:00,97.3557,2704.0929,120.2550,45.1368,40.9055,79.8354,48.2117,47.1200,33.4560,7.5000,138.2612,300.2671,normal
2,97,2026-01-01 10:48:00,97.6893,2700.7419,120.6082,47.0204,40.7901,80.1628,48.2117,47.1200,30.3411,7.5000,138.4794,308.3510,normal
2,98,2026-01-01 10:51:00,98.4456,2694.5061,119.7623,47.2205,40.2452,80.2116,48.2117,47.1200,30.3411,7.5000,138.6908,298.7385,normal
2,99,2026-01-01 10:54:00,97.9059,2704.9837,119.7855,45.0634,41.9977,79.9554,48.2117,47.1200,30.3411,7.5000,139.9036,301.6347,normal
2,100,2026-01-01 10:57:00,99.4938,2693.7490,118.8654,49.5409,41.7005,79.9337,48.2117,47.1200,30.3411,7.5000,141.1943,303.5055,normal
2,101,2026-01-01 11:00:00,99.5829,2690.3631,119.9066,50.9594,39.2211,80.1839,42.3578,47.1200,30.3411,7.5000,138.8040,307.0492,normal
2,102,2026-01-01 11:03:00,100.5621,2691.8551,119.9316,48.4010,37.6328,79.1659,42.3578,47.1200,30.3411,7.5000,138.1949,299.9010,normal
2,103,2026-01-01 11:06:00,102.2038,2698.1152,120.2066,52.5407,36.9377,80.0006,42.3578,47.1200,30.0398,7.5000,139.1414,289.7004,normal
2,104,2026-01-01 11:09:00,104.6047,2699.4142,120.2117,48.8681,36.3592,79.6310,42.3578,47.1200,30.0398,7.5000,140.9639,292.9983,normal
2,105,2026-01-01 11:12:00,102.3254,2696.6974,120.8041,43.4198,37.2406,79.4846,42.3578,47.1200,30.0398,7.5000,139.5661,291.9559,normal
2,106,2026-01-01 11:15:00,101.5773,2706.7540,121.2103,39.5497,35.6476,79.1237,42.3578,47.1200,30.0398,7.5000,137.2249,293.2334,normal
2,107,2026-01-01 11:18:00,101.5947,2692.3529,121.0544,39.5282,36.0727,79.2826,42.3578,47.1200,30.0398,7.5000,137.6674,283.0997,normal
2,108,2026-01-01 11:21:00,104.0487,2697.4228,121.7471,39.9182,35.3109,79.5256,42.3578,47.1200,30.0398,7.5000,139.3596,294.1552,normal
2,109,2026-01-01 11:24:00,109.6400,2686.9032,122.0443,45.1461,32.5089,80.1483,42.3578,47.1200,32.3259,7.5000,142.1489,278.2407,normal
2,110,2026-01-01 11:27:00,109.7731,2705.7625,122.0803,43.0105,32.4929,80.6376,42.3578,47.1200,32.3259,7.5000,142.2660,277.6640,normal
2,111,2026-01-01 11:30:00,110.3532,2716.1620,121.5471,45.4021,34.3803,80.4880,42.3578,47.1200,32.3259,7.5000,144.7334,270.4434,normal
2,112,2026-01-01 11:33:00,108.5692,2716.0320,122.5364,46.3179,32.1513,80.4494,42.3578,47.1200,32.3259,7.5000,140.7206,278.6756,normal
2,113,2026-01-01 11:36:00,104.0244,2712.4641,123.1926,45.8334,32.2211,80.4036,42.3578,47.1200,32.3259,7.5000,136.2455,275.7565,normal
2,114,2026-01-01 11:39:00,105.4671,2707.2662,123.6652,50.4127,31.1550,80.8415,42.3578,47.1200,32.3259,7.5000,136.6221,281.4518,normal
2,115,2026-01-01 11:42:00,107.1158,2696.2804,123.7367,55.0753,32.1728,82.4131,42.3578,47.1200,35.1590,7.5000,139.2886,261.8658,normal
2,116,2026-01-01 11:45:00,102.6252,2703.7304,123.1593,52.3019,30.1900,82.3105,42.3578,47.1200,35.1590,7.5000,132.8152,272.1856,normal
2,117,2026-01-01 11:48:00,105.0747,2716.3577,122.3464,53.1790,32.7072,82.1461,42.3578,47.1200,35.1590,7.5000,137.7819,272.2899,normal
2,118,2026-01-01 11:51:00,105.8184,2709.0712,121.9058,50.6934,35.8301,81.5758,42.3578,47.1200,35.1590,7.5000,141.6485,278.7475,normal
2,119,2026-01-01 11:54:00,106.2280,2718.8351,121.6265,48.6986,38.8488,80.9894,42.3578,47.1200,35.1590,7.5000,145.0768,289.0967,normal
2,120,2026-01-01 11:57:00,106.0377,2714.4016,120.8522,49.5370,38.3247,80.8355,42.3578,47.1200,35.1590,7.5000,144.3624,295.2928,normal
2,121,2026-01-01 12:00:00,104.7647,2706.4736,121.6986,51.3960,36.7795,81.5157,42.3578,24.9312,34.7103,7.5000,141.5442,291.9443,normal
2,122,2026-01-01 12:03:00,103.8658,2709.0124,122.3283,46.7667,34.8057,79.9209,42.3578,24.9312,34.7103,7.5000,138.6715,292.0714,normal
2,123,2026-01-01 12:06:00,95.5634,2708.2311,121.7907,48.1878,38.0775,81.3329,42.3578,24.9312,34.7103,7.5000,133.6409,278.0510,normal
2,124,2026-01-01 12:09:00,95.8242,2701.7745,121.2782,48.4384,39.2057,81.3228,42.3578,24.9312,34.7103,7.5000,135.0299,297.7764,normal
2,125,2026-01-01 12:12:00,100.6765,2677.6156,121.2248,52.3147,37.7200,82.0084,42.3578,24.9312,34.7103,7.5000,138.3965,297.0404,normal
2,126,2026-01-01 12:15:00,102.7233,2680.0991,121.2233,54.3631,39.4615,81.5341,56.6127,24.9312,34.7103,7.5000,142.1848,294.1658,normal
2,127,2026-01-01 12:18:00,102.2980,2686.6912,119.7223,54.2451,40.0019,81.5692,56.6127,24.9312,28.5708,7.5000,142.2999,289.7144,normal
2,128,2026-01-01 12:21:00,101.1777,2699.6004,119.7436,53.6864,39.7070,81.0750,56.6127,24.9312,28.5708,7.5000,140.8848,290.9218,normal
2,129,2026-01-01 12:24:00,105.3734,2695.0147,120.0468,51.9463,41.9532,79.7364,56.6127,24.9312,28.5708,7.5000,147.3266,289.8925,normal
2,130,2026-01-01 12:27:00,101.6726,2690.9400,119.9896,46.6014,43.5813,79.4107,56.6127,24.9312,28.5708,7.5000,145.2539,299.5113,normal
2,131,2026-01-01 12:30:00,100.3090,2706.7692,119.8602,49.3754,40.3326,79.9806,56.6127,24.9312,28.5708,7.5000,140.6416,309.3018,normal
2,132,2026-01-01 12:33:00,101.3482,2697.2149,119.8125,53.1316,43.9311,80.7333,56.6127,24.9312,28.5708,7.5000,145.2793,295.4817,normal
2,133,2026-01-01 12:36:00,102.8169,2690.4256,120.2138,52.7590,44.9367,,56.6127,24.9312,31.2512,7.5000,147.7536,304.5857,normal
2,134,2026-01-01 12:39:00,103.6895,2693.4311,119.6629,52.7956,42.8170,,56.6127,24.9312,31.2512,7.5000,146.5064,312.5187,normal
2,135,2026-01-01 12:42:00,99.8029,2698.1926,119.7154,50.3856,42.0785,,56.6127,24.9312,31.2512,7.5000,141.8814,299.2374,normal
2,136,2026-01-01 12:45:00,98.4718,2688.0776,120.4064,49.7557,39.8683,,56.6127,24.9312,31.2512,7.5000,138.3401,300.0422,normal
2,137,2026-01-01 12:48:00,97.1283,2682.8155,120.4303,52.1427,38.6755,,56.6127,24.9312,31.2512,7.5000,135.8038,294.1269,normal
2,138,2026-01-01 12:51:00,93.0546,2671.8686,121.0901,48.0726,38.2734,,56.6127,24.9312,31.2512,7.5000,131.3281,290.1741,normal
2,139,2026-01-01 12:54:00,91.1589,2668.9164,120.2872,50.3722,37.1410,,56.6127,24.9312,29.1967,7.5000,128.2999,283.5831,normal
2,140,2026-01-01 12:57:00,89.2862,2657.5506,120.1478,52.7722,36.2469,,56.6127,24.9312,29.1967,7.5000,125.5331,286.4205,normal
2,141,2026-01-01 13:00:00,88.5138,2647.0165,120.3863,46.5442,36.0236,,56.6127,24.9312,29.1967,7.5000,124.5373,284.1299,normal
2,142,2026-01-01 13:03:00,88.0768,2643.7782,119.2965,45.3087,37.2287,,56.6127,24.9312,29.1967,7.5000,125.3055,280.3597,normal
2,143,2026-01-01 13:06:00,85.6759,2639.8281,119.2355,43.7869,34.0139,,56.6127,24.9312,29.1967,7.5000,119.6898,284.1179,normal
2,144,2026-01-01 13:09:00,85.8683,2637.1971,118.5888,51.1251,36.3685,,56.6127,24.9312,29.1967,7.5000,122.2368,272.5432,normal
2,145,2026-01-01 13:12:00,87.2205,2627.9389,118.2947,50.2355,38.3610,,56.6127,24.9312,21.3048,7.5000,125.5815,282.7337,normal
2,146,2026-01-01 13:15:00,84.3395,2624.4102,118.3432,53.8474,36.5810,,56.6127,24.9312,21.3048,7.5000,120.9205,280.8366,normal
2,147,2026-01-01 13:18:00,84.4549,2622.2976,117.8957,51.0591,35.9454,,56.6127,24.9312,21.3048,7.5000,120.4003,279.8165,normal
2,148,2026-01-01 13:21:00,83.9318,2622.1551,119.2257,46.8470,31.0452,,56.6127,24.9312,21.3048,7.5000,114.9770,274.6218,normal
2,149,2026-01-01 13:24:00,88.8454,2614.7444,118.8815,45.5825,33.9877,,56.6127,24.9312,21.3048,7.5000,122.8331,259.7502,normal
2,150,2026-01-01 13:27:00,90.0439,2621.2407,118.5474,44.7201,31.7287,,56.6127,24.9312,21.3048,7.5000,121.7726,270.2342,normal
2,151,2026-01-01 13:30:00,90.0318,2628.2000,118.2305,48.2390,31.6786,,37.8020,24.9312,19.2736,7.5000,121.7104,261.2173,normal
2,152,2026-01-01 13:33:00,91.7917,2640.6216,118.4737,47.5709,31.1132,,37.8020,24.9312,19.2736,7.5000,122.9049,270.6252,normal
2,153,2026-01-01 13:36:00,92.3101,2641.1937,118.9705,50.6406,32.1358,,37.8020,24.9312,19.2736,7.5000,124.4460,267.7708,normal
2,154,2026-01-01 13:39:00,93.8148,2649.7671,119.3723,50.4395,29.9191,,37.8020,24.9312,19.2736,7.5000,123.7339,267.7343,normal
2,155,2026-01-01 13:42:00,88.6792,2655.9185,119.7176,49.3584,32.5419,,37.8020,24.9312,19.2736,7.5000,121.2211,265.1432,normal
2,156,2026-01-01 13:45:00,90.0917,2665.3942,120.1354,55.0345,31.2948,,37.8020,24.9312,19.2736,7.5000,121.3865,269.8943,normal
2,157,2026-01-01 13:48:00,89.6412,2651.2002,120.6839,55.0430,32.2546,,37.8020,24.9312,28.7319,7.5000,121.8959,265.3029,normal
2,158,2026-01-01 13:51:00,89.6015,2635.9789,120.3761,52.6913,33.7928,,37.8020,24.9312,28.7319,7.5000,123.3944,270.0748,normal
2,159,2026-01-01 13:54:00,93.2095,2643.9226,120.2836,53.5256,30.1717,,37.8020,24.9312,28.7319,7.5000,123.3812,275.1384,normal
2,160,2026-01-01 13:57:00,91.0709,2650.3642,120.8003,52.2908,28.9315,,37.8020,24.9312,28.7319,7.5000,120.0024,264.6109,normal
2,161,2026-01-01 14:00:00,90.6426,2671.6922,119.7902,43.7395,33.3504,,37.8020,49.3287,28.7319,7.5000,123.9930,258.6648,normal
2,162,2026-01-01 14:03:00,96.8073,2672.1643,119.2464,42.3437,35.1920,,37.8020,49.3287,28.7319,7.5000,131.9992,279.6437,normal
2,163,2026-01-01 14:06:00,95.8674,2671.9066,118.8593,46.8101,37.7732,,37.8020,49.3287,26.3317,7.5000,133.6406,290.8988,normal
2,164,2026-01-01 14:09:00,97.9856,2690.0492,118.9628,48.9146,37.6519,,37.8020,49.3287,26.3317,7.5000,135.6376,294.6863,normal
2,165,2026-01-01 14:12:00,104.2144,2677.9896,119.3414,52.9429,35.9734,,37.8020,49.3287,26.3317,7.5000,140.1879,292.4073,normal
2,166,2026-01-01 14:15:00,104.4533,2685.0569,120.8190,51.5846,32.7512,,37.8020,49.3287,26.3317,7.5000,137.2044,288.8714,normal
2,167,2026-01-01 14:18:00,103.8530,2698.6743,121.0647,56.6584,34.5069,,37.8020,49.3287,26.3317,7.5000,138.3599,282.2703,normal
2,168,2026-01-01 14:21:00,99.7902,2711.5937,121.1059,53.0904,32.0983,,37.8020,49.3287,26.3317,7.5000,131.8884,277.8853,normal
2,169,2026-01-01 14:24:00,94.5151,2698.6205,122.0410,51.9026,33.1753,,37.8020,49.3287,34.7468,7.5000,127.6904,277.3187,normal
2,170,2026-01-01 14:27:00,96.9242,2685.5492,122.8719,49.2111,31.0393,,37.8020,49.3287,34.7468,7.5000,127.9635,282.7731,normal
2,171,2026-01-01 14:30:00,95.8319,2667.3220,121.7600,48.6291,32.8854,,37.8020,49.3287,34.7468,7.5000,128.7173,274.5314,normal
2,172,2026-01-01 14:33:00,96.4330,2671.6438,121.5194,56.4972,31.1541,,37.8020,49.3287,34.7468,7.5000,127.5871,274.0062,normal
2,173,2026-01-01 14:36:00,95.6748,2679.2370,120.6788,54.3661,30.8203,,37.8020,49.3287,34.7468,7.5000,126.4951,273.0473,normal
2,174,2026-01-01 14:39:00,96.3044,2679.9387,120.8287,52.3635,31.3327,,37.8020,49.3287,34.7468,7.5000,127.6371,271.5458,normal
2,175,2026-01-01 14:42:00,96.1745,2689.7544,120.5837,53.1046,34.3986,,37.8020,49.3287,28.1706,7.5000,130.5731,275.3157,normal
2,176,2026-01-01 14:45:00,100.0455,2690.9884,120.2456,51.3334,35.9959,,36.5859,49.3287,28.1706,7.5000,136.0414,283.0401,normal
2,177,2026-01-01 14:48:00,98.8537,2693.1680,119.9724,58.7579,37.4377,,36.5859,49.3287,28.1706,7.5000,136.2914,293.0457,normal
2,178,2026-01-01 14:51:00,95.3348,2701.6395,119.6730,59.1794,37.9834,,36.5859,49.3287,28.1706,7.5000,133.3182,293.7412,normal
2,179,2026-01-01 14:54:00,96.7840,2696.8162,119.8768,54.4641,35.8461,,36.5859,49.3287,28.1706,7.5000,132.6301,297.5977,normal
2,180,2026-01-01 14:57:00,101.4024,2690.4282,120.5110,56.9020,37.5154,,36.5859,49.3287,28.1706,7.5000,138.9177,290.0302,normal
2,181,2026-01-01 15:00:00,99.7243,2698.9359,120.1714,53.8160,39.1621,,36.5859,49.3287,28.3372,7.5000,138.8863,296.5294,normal
2,182,2026-01-01 15:03:00,98.8771,2708.8397,119.7677,56.3057,37.4237,,36.5859,49.3287,28.3372,7.5000,136.3008,296.2106,normal
2,183,2026-01-01 15:06:00,97.7173,2707.2260,119.4340,53.0203,39.7184,,36.5859,49.3287,28.3372,7.5000,137.4357,297.6050,normal
2,184,2026-01-01 15:09:00,100.6901,2706.4324,120.7596,51.7271,38.6125,,36.5859,49.3287,28.3372,7.5000,139.3026,303.0534,normal
2,185,2026-01-01 15:12:00,98.0302,2695.5468,119.7264,58.0991,39.9306,,36.5859,49.3287,28.3372,7.5000,137.9608,301.2992,normal
2,186,2026-01-01 15:15:00,99.3713,2701.7297,120.0575,58.9104,39.5730,,36.5859,49.3287,28.3372,7.5000,138.9443,308.3218,normal
2,187,2026-01-01 15:18:00,96.0671,2701.0511,120.0092,55.2263,38.7482,,36.5859,49.3287,30.4665,7.5000,134.8153,302.3055,normal
2,188,2026-01-01 15:21:00,96.7476,2698.8304,119.9155,52.5278,38.9316,,36.5859,49.3287,30.4665,7.5000,135.6792,303.5527,normal
2,189,2026-01-01 15:24:00,91.4564,2691.8373,120.6113,54.0047,34.7460,,36.5859,49.3287,30.4665,7.5000,126.2024,302.1729,normal
2,190,2026-01-01 15:27:00,90.0448,2696.7248,120.4847,50.6404,37.2595,,36.5859,49.3287,30.4665,7.5000,127.3044,293.0159,normal
2,191,2026-01-01 15:30:00,88.7218,2677.5918,119.7027,51.3025,38.6560,,36.5859,49.3287,30.4665,7.5000,127.3779,295.3632,normal
2,192,2026-01-01 15:33:00,87.4353,2657.5361,120.1967,52.8694,37.6707,,36.5859,49.3287,30.4665,7.5000,125.1061,304.9427,normal
2,193,2026-01-01 15:36:00,88.0988,2660.9935,119.9431,48.0711,35.1416,,36.5859,49.3287,23.7414,7.5000,123.2404,293.4500,normal
2,194,2026-01-01 15:39:00,91.7370,2667.0300,119.0422,46.1914,35.0108,79.4311,36.5859,49.3287,23.7414,7.5000,126.7478,289.8264,normal
2,195,2026-01-01 15:42:00,90.1052,2663.3659,118.3513,45.2431,38.1435,78.9187,36.5859,49.3287,23.7414,7.5000,128.2487,284.8078,normal
2,196,2026-01-01 15:45:00,90.6091,2672.3550,118.4581,44.7523,36.9516,78.0828,36.5859,49.3287,23.7414,7.5000,127.5607,298.1245,normal
2,197,2026-01-01 15:48:00,91.2492,2668.2624,118.4038,47.8553,36.3068,78.4425,36.5859,49.3287,23.7414,7.5000,127.5560,293.3230,normal
2,198,2026-01-01 15:51:00,91.8188,2675.8100,119.6688,44.3543,34.9956,78.2593,36.5859,49.3287,23.7414,7.5000,126.8144,295.2794,normal
2,199,2026-01-01 15:54:00,89.8384,2686.9541,118.4019,42.5984,39.3824,77.4682,36.5859,49.3287,25.2572,7.5000,129.2208,291.4228,normal
2,200,2026-01-01 15:57:00,89.3586,2691.1991,117.8181,46.0074,42.0354,78.5050,36.5859,49.3287,25.2572,7.5000,131.3941,310.5204,normal
2,201,2026-01-01 16:00:00,97.0541,2698.3007,118.3837,45.9782,41.2175,78.1112,41.7458,63.2340,25.2572,7.5000,138.2715,314.9888,normal
2,202,2026-01-01 16:03:00,100.5474,2687.0110,117.9386,45.3453,45.4039,78.5229,41.7458,63.2340,25.2572,7.5000,145.9513,313.4085,normal
2,203,2026-01-01 16:06:00,99.3473,2707.7308,117.4810,45.2466,45.0086,78.6376,41.7458,63.2340,25.2572,7.5000,144.3559,318.4233,normal
2,204,2026-01-01 16:09:00,100.1306,2709.2198,117.7559,48.0865,41.3046,78.6763,41.7458,63.2340,25.2572,7.5000,141.4352,322.4819,normal
2,205,2026-01-01 16:12:00,99.8565,2706.8540,119.5444,49.1909,40.1901,78.5468,41.7458,63.2340,30.4913,7.5000,140.0466,311.5219,normal
2,206,2026-01-01 16:15:00,104.7851,2702.1925,119.9346,46.8312,40.7128,78.1778,41.7458,63.2340,30.4913,7.5000,145.4979,301.1397,normal
2,207,2026-01-01 16:18:00,105.3606,2701.5160,120.2815,47.7243,35.5892,79.0463,41.7458,63.2340,30.4913,7.5000,140.9498,301.4126,normal
2,208,2026-01-01 16:21:00,105.6858,2713.1806,121.2589,46.7937,34.7881,80.0995,41.7458,63.2340,30.4913,7.5000,140.4739,294.9221,normal
2,209,2026-01-01 16:24:00,109.6066,2717.6349,121.2051,50.3396,33.5344,80.1925,41.7458,63.2340,30.4913,7.5000,143.1409,287.0898,normal
2,210,2026-01-01 16:27:00,105.8510,2720.3105,122.1456,43.5765,36.1437,79.9610,41.7458,63.2340,30.4913,7.5000,141.9948,289.1273,normal
2,211,2026-01-01 16:30:00,108.4863,2738.9735,121.9593,53.0057,35.2452,80.7849,41.7458,63.2340,35.2081,7.5000,143.7315,291.2405,normal
2,212,2026-01-01 16:33:00,104.8277,2725.0934,121.5571,54.2090,37.8452,81.6036,41.7458,63.2340,35.2081,7.5000,142.6729,290.9228,normal
2,213,2026-01-01 16:36:00,108.2515,2731.6496,122.6305,53.3297,37.2500,81.7505,41.7458,63.2340,35.2081,7.5000,145.5015,300.4112,normal
2,214,2026-01-01 16:39:00,102.5221,2715.8279,121.9196,55.0730,38.1397,81.2052,41.7458,63.2340,35.2081,7.5000,140.6618,299.9697,normal
2,215,2026-01-01 16:42:00,101.4741,2723.6803,122.2151,54.0131,36.7034,81.7285,41.7458,63.2340,35.2081,7.5000,138.1775,298.5243,normal
2,216,2026-01-01 16:45:00,100.6797,2712.2985,121.6981,56.4113,35.0067,81.8413,41.7458,63.2340,35.2081,7.5000,135.6864,295.7980,normal
2,217,2026-01-01 16:48:00,102.0242,2708.5712,122.0294,53.5513,37.2779,82.2241,41.7458,63.2340,32.1684,7.5000,139.3021,285.8105,normal
2,218,2026-01-01 16:51:00,102.2841,2708.6854,121.2027,50.1525,36.1296,80.8794,41.7458,63.2340,32.1684,7.5000,138.4137,290.4418,normal
2,219,2026-01-01 16:54:00,100.6163,2706.3245,120.6483,50.3306,38.2262,81.5505,41.7458,63.2340,32.1684,7.5000,138.8424,294.1675,normal
2,220,2026-01-01 16:57:00,95.7897,2702.8538,121.0222,45.8242,36.2751,80.4637,41.7458,63.2340,32.1684,7.5000,132.0648,296.0721,normal
2,221,2026-01-01 17:00:00,100.4353,2693.8557,121.0692,37.5722,34.2603,79.0196,41.7458,63.2340,32.1684,7.5000,134.6957,289.8155,normal
2,222,2026-01-01 17:03:00,98.9965,2678.9458,121.6144,38.5953,31.8633,79.3859,41.7458,63.2340,32.1684,7.5000,130.8598,287.9111,normal
2,223,2026-01-01 17:06:00,99.0885,2691.4690,121.8858,43.2616,32.3011,79.8191,41.7458,63.2340,28.5174,7.5000,131.3896,277.2453,normal
2,224,2026-01-01 17:09:00,96.8705,2683.8711,120.8103,35.9692,30.8848,79.6393,41.7458,63.2340,28.5174,7.5000,127.7553,276.5970,normal
2,225,2026-01-01 17:12:00,99.2615,2687.4276,121.7753,34.4832,31.7609,79.3983,41.7458,63.2340,28.5174,7.5000,131.0224,273.8937,normal
2,226,2026-01-01 17:15:00,97.2231,2692.7362,121.3287,34.9512,34.6113,78.9161,52.2118,63.2340,28.5174,7.5000,131.8344,271.9261,normal
2,227,2026-01-01 17:18:00,96.3982,2695.6305,120.7249,38.1987,36.7933,79.3509,52.2118,63.2340,28.5174,7.5000,133.1916,278.6436,normal
2,228,2026-01-01 17:21:00,94.5489,2687.7958,120.2741,43.2764,36.0694,79.9319,52.2118,63.2340,28.5174,7.5000,130.6183,290.7932,normal
2,229,2026-01-01 17:24:00,96.8067,2685.1764,121.1735,46.8342,35.8935,80.1104,52.2118,63.2340,28.3007,7.5000,132.7003,284.9272,normal
2,230,2026-01-01 17:27:00,95.9870,2679.1482,120.0311,45.7719,36.8531,79.4582,52.2118,63.2340,28.3007,7.5000,132.8400,283.2348,normal
2,231,2026-01-01 17:30:00,95.8581,2682.9183,119.8894,46.8440,37.4513,80.2287,52.2118,63.2340,28.3007,7.5000,133.3093,287.6295,normal
2,232,2026-01-01 17:33:00,97.6972,2689.2338,119.5836,50.9190,37.6730,79.7421,52.2118,63.2340,28.3007,7.5000,135.3702,292.5448,normal
2,233,2026-01-01 17:36:00,94.2425,2694.3557,119.1343,51.8154,39.8075,79.5940,52.2118,63.2340,28.3007,7.5000,134.0500,294.0059,normal
2,234,2026-01-01 17:39:00,98.1668,2695.5776,119.4252,49.4987,38.6223,79.3891,52.2118,63.2340,28.3007,7.5000,136.7892,295.9325,normal
2,235,2026-01-01 17:42:00,99.2074,2685.8855,119.6563,46.1836,39.5221,78.7259,52.2118,63.2340,27.4450,7.5000,138.7295,293.0250,normal
2,236,2026-01-01 17:45:00,100.0510,2697.4255,119.5173,52.1080,38.4086,79.5614,52.2118,63.2340,27.4450,7.5000,138.4596,299.7877,normal
2,237,2026-01-01 17:48:00,98.9849,2699.2153,118.9758,45.6443,40.0279,78.9135,52.2118,63.2340,27.4450,7.5000,139.0128,298.0326,normal
2,238,2026-01-01 17:51:00,95.6552,2705.9004,119.4864,49.0305,41.2469,79.7621,52.2118,63.2340,27.4450,7.5000,136.9021,300.6903,normal
2,239,2026-01-01 17:54:00,97.6907,2703.1370,119.1283,50.7697,39.6888,79.1844,52.2118,63.2340,27.4450,7.5000,137.3795,302.7951,normal
2,240,2026-01-01 17:57:00,97.2172,2697.7323,119.2077,54.0650,42.4397,79.7943,52.2118,63.2340,27.4450,7.5000,139.6570,304.8699,normal
2,241,2026-01-01 18:00:00,98.9107,2701.9702,119.4928,53.8332,41.8822,79.8743,52.2118,48.4707,27.8760,7.5000,140.7929,302.3078,normal
2,242,2026-01-01 18:03:00,98.5608,2695.1801,118.9142,55.0980,41.8453,80.3863,52.2118,48.4707,27.8760,7.5000,140.4061,307.0867,normal
2,243,2026-01-01 18:06:00,101.6968,2703.1160,119.2113,56.3627,42.9037,79.8378,52.2118,48.4707,27.8760,7.5000,144.6005,310.2054,normal
2,244,2026-01-01 18:09:00,98.3665,2700.6201,118.7724,52.9748,43.2455,79.9474,52.2118,48.4707,27.8760,7.5000,141.6119,301.4036,normal
2,245,2026-01-01 18:12:00,94.3996,2700.9834,119.3666,54.3823,42.0062,79.9010,52.2118,48.4707,27.8760,7.5000,136.4058,310.6293,normal
2,246,2026-01-01 18:15:00,93.2485,2686.6732,120.1031,48.0767,40.1238,79.2653,52.2118,48.4707,27.8760,7.5000,133.3724,302.9374,normal
2,247,2026-01-01 18:18:00,94.0350,2672.0995,120.2580,51.9758,38.7936,80.1383,52.2118,48.4707,29.2271,7.5000,132.8286,303.3036,normal
2,248,2026-01-01 18:21:00,92.2656,2673.6007,120.3112,45.5442,37.7913,79.7300,52.2118,48.4707,29.2271,7.5000,130.0568,294.3848,normal
2,249,2026-01-01 18:24:00,91.3965,2668.5903,119.3988,42.2884,36.3407,79.4122,52.2118,48.4707,29.2271,7.5000,127.7372,287.2935,normal
2,250,2026-01-01 18:27:00,96.1179,2659.4666,119.9874,46.1621,35.4350,79.5336,52.2118,48.4707,29.2271,7.5000,131.5529,286.8143,normal
2,251,2026-01-01 18:30:00,97.9353,2660.0522,120.0572,51.1192,32.9533,79.3276,34.9538,48.4707,29.2271,7.5000,130.8886,283.2869,normal
2,252,2026-01-01 18:33:00,97.9316,2677.4764,119.1121,50.4528,34.5615,79.5153,34.9538,48.4707,29.2271,7.5000,132.4931,280.5629,normal
2,253,2026-01-01 18:36:00,99.0281,2693.8753,119.0019,43.3951,34.5736,78.5939,34.9538,48.4707,27.5122,7.5000,133.6017,283.6776,normal
2,254,2026-01-01 18:39:00,96.4703,2697.8553,119.0596,45.6016,39.2930,78.6064,34.9538,48.4707,27.5122,7.5000,135.7633,291.3100,normal
2,255,2026-01-01 18:42:00,96.9100,2690.9441,119.7785,47.1434,36.9187,78.1228,34.9538,48.4707,27.5122,7.5000,133.8287,303.4854,normal
2,256,2026-01-01 18:45:00,95.8757,2689.2375,120.5619,47.2508,35.2979,79.0304,34.9538,48.4707,27.5122,7.5000,131.1736,295.9856,normal
2,257,2026-01-01 18:48:00,93.9405,2680.9402,120.8168,53.7256,34.6924,80.0442,34.9538,48.4707,27.5122,7.5000,128.6329,287.6310,normal
2,258,2026-01-01 18:51:00,92.4590,2682.3428,120.8324,52.5486,33.2589,79.9353,34.9538,48.4707,27.5122,7.5000,125.7179,287.3314,normal
2,259,2026-01-01 18:54:00,94.0478,2672.2604,120.3917,49.8961,33.6029,80.0343,34.9538,48.4707,29.9485,7.5000,127.6507,279.6529,normal
2,260,2026-01-01 18:57:00,93.8271,2678.1107,120.6615,44.6903,34.1978,79.9392,34.9538,48.4707,29.9485,7.5000,128.0249,283.5126,normal
2,261,2026-01-01 19:00:00,91.2976,2686.4349,120.5844,41.2580,33.5368,79.3728,34.9538,48.4707,29.9485,7.5000,124.8344,284.2115,normal
2,262,2026-01-01 19:03:00,95.0280,2694.4967,119.6047,42.2055,38.5941,79.2401,34.9538,48.4707,29.9485,7.5000,133.6221,281.0522,normal
2,263,2026-01-01 19:06:00,98.8550,2682.9305,119.1476,44.8818,40.2031,79.0746,34.9538,48.4707,29.9485,7.5000,139.0582,301.2874,normal
2,264,2026-01-01 19:09:00,101.1269,2696.4682,119.3586,47.0827,38.3940,79.4354,34.9538,48.4707,29.9485,7.5000,139.5209,306.2325,normal
2,265,2026-01-01 19:12:00,101.9011,2696.1403,119.3386,46.0978,36.7585,79.4176,34.9538,48.4707,29.2253,7.5000,138.6596,304.7957,normal
2,266,2026-01-01 19:15:00,99.5970,2709.3842,120.0552,49.2150,37.2133,79.2387,34.9538,48.4707,29.2253,7.5000,136.8103,298.5072,normal
2,267,2026-01-01 19:18:00,98.4334,2709.8878,120.1608,46.6704,37.7488,78.8812,34.9538,48.4707,29.2253,7.5000,136.1822,292.2543,normal
2,268,2026-01-01 19:21:00,101.2905,2705.0031,120.2458,44.8775,38.7535,79.4384,34.9538,48.4707,29.2253,7.5000,140.0439,299.9167,normal
2,269,2026-01-01 19:24:00,101.6661,2696.7300,120.9612,51.8885,37.0157,80.3374,34.9538,48.4707,29.2253,7.5000,138.6818,304.9233,normal
2,270,2026-01-01 19:27:00,102.5542,2695.8075,120.9278,48.7644,36.0490,80.2011,34.9538,48.4707,29.2253,7.5000,138.6033,294.3508,normal
2,271,2026-01-01 19:30:00,98.9401,2704.8677,121.0613,47.0784,35.0306,80.5859,34.9538,48.4707,31.5051,7.5000,133.9708,290.4752,normal
2,272,2026-01-01 19:33:00,101.4637,2717.7236,120.9939,47.3364,36.2344,80.2874,34.9538,48.4707,31.5051,7.5000,137.6982,282.9926,normal
2,273,2026-01-01 19:36:00,100.4822,2705.8692,120.8248,40.8233,38.5734,79.4594,34.9538,48.4707,31.5051,7.5000,139.0556,283.7090,normal
2,274,2026-01-01 19:39:00,100.0102,2713.7468,120.4152,43.8524,40.1592,80.2467,34.9538,48.4707,31.5051,7.5000,140.1693,296.5709,normal
2,275,2026-01-01 19:42:00,97.1102,2713.7955,119.8261,46.8584,38.5684,81.0254,34.9538,48.4707,31.5051,7.5000,135.6786,307.1622,normal
2,276,2026-01-01 19:45:00,96.5599,2711.4785,120.0125,42.5289,39.8400,79.6148,37.9623,48.4707,31.5051,7.5000,136.3999,306.6194,normal
2,277,2026-01-01 19:48:00,100.5420,2699.1744,120.7074,44.3647,39.2840,79.9711,37.9623,48.4707,32.1414,7.5000,139.8260,308.2518,normal
2,278,2026-01-01 19:51:00,99.4212,2697.2068,120.0373,39.4180,38.9865,79.5193,37.9623,48.4707,32.1414,7.5000,138.4077,300.6477,normal
2,279,2026-01-01 19:54:00,97.3196,2698.1145,119.5825,46.0567,39.6196,80.2849,37.9623,48.4707,32.1414,7.5000,136.9392,299.9318,normal
2,280,2026-01-01 19:57:00,96.5951,2694.0571,120.2228,48.3291,36.4718,80.4031,37.9623,48.4707,32.1414,7.5000,133.0669,299.1751,normal
2,281,2026-01-01 20:00:00,97.9704,2682.4774,120.9451,44.4674,36.3435,79.4266,37.9623,31.3070,32.1414,7.5000,134.3139,288.1300,normal
2,282,2026-01-01 20:03:00,95.2131,2677.9494,121.1160,38.9502,35.4427,79.5015,37.9623,31.3070,32.1414,7.5000,130.6559,285.2385,normal
2,283,2026-01-01 20:06:00,94.3977,2676.0996,120.9462,46.1537,34.3527,80.0275,37.9623,31.3070,29.3655,7.5000,128.7505,279.5809,normal
2,284,2026-01-01 20:09:00,94.2304,2686.7728,121.0354,46.8227,32.2523,79.9768,37.9623,31.3070,29.3655,7.5000,126.4827,279.6406,normal
2,285,2026-01-01 20:12:00,97.4561,2678.9624,120.2751,52.0196,37.3304,80.3763,37.9623,31.3070,29.3655,7.5000,134.7865,280.9889,normal
2,286,2026-01-01 20:15:00,100.0190,2674.0628,119.4200,44.8903,38.2509,80.1879,37.9623,31.3070,29.3655,7.5000,138.2699,291.9277,normal
2,287,2026-01-01 20:18:00,99.1514,2677.9485,119.6372,47.2511,37.9294,79.9692,37.9623,31.3070,29.3655,7.5000,137.0807,292.6817,normal
2,288,2026-01-01 20:21:00,95.2982,2688.1186,119.7433,50.4459,35.1798,79.6916,37.9623,31.3070,29.3655,7.5000,130.4779,293.8763,normal
2,289,2026-01-01 20:24:00,92.9179,2683.7362,120.1993,48.5800,34.6747,78.9928,37.9623,31.3070,30.9583,7.5000,127.5926,288.0277,normal
2,290,2026-01-01 20:27:00,92.5238,2677.9049,121.4777,44.8671,33.9687,78.9944,37.9623,31.3070,30.9583,7.5000,126.4925,280.5418,normal
2,291,2026-01-01 20:30:00,86.6612,2659.7942,120.9372,44.4126,35.5752,79.7148,37.9623,31.3070,30.9583,7.5000,122.2363,277.3299,normal
2,292,2026-01-01 20:33:00,89.5803,2657.7390,120.4330,45.7438,33.4733,80.0943,37.9623,31.3070,30.9583,7.5000,123.0536,285.2207,normal
2,293,2026-01-01 20:36:00,92.9045,2653.8985,120.0590,47.7497,32.5168,80.3581,37.9623,31.3070,30.9583,7.5000,125.4213,271.3712,normal
2,294,2026-01-01 20:39:00,94.3278,2660.2518,119.7009,47.2754,34.3739,79.1079,37.9623,31.3070,30.9583,7.5000,128.7016,276.2468,normal
2,295,2026-01-01 20:42:00,94.3692,2662.3034,118.7938,46.8052,36.0142,79.2169,37.9623,31.3070,24.4890,7.5000,130.3834,280.3852,normal
2,296,2026-01-01 20:45:00,90.9632,2668.2321,119.5174,47.9556,32.5585,78.8558,37.9623,31.3070,24.4890,7.5000,123.5217,287.3420,normal
2,297,2026-01-01 20:48:00,96.1955,2664.2195,119.7634,52.5769,34.1003,78.7259,37.9623,31.3070,24.4890,7.5000,130.2958,279.1302,normal
2,298,2026-01-01 20:51:00,98.4259,2668.7535,119.9718,51.9579,34.3619,79.1736,37.9623,31.3070,24.4890,7.5000,132.7878,280.7936,normal
2,299,2026-01-01 20:54:00,99.2593,2677.8129,119.5294,53.7624,36.2096,79.6635,37.9623,31.3070,24.4890,7.5000,135.4690,280.6471,normal
2,300,2026-01-01 20:57:00,99.1818,2682.3439,119.6618,49.2616,34.4518,79.3831,37.9623,31.3070,24.4890,7.5000,133.6335,283.8133,normal
3,1,2026-01-01 12:00:00,99.4986,2693.4755,120.1818,49.0861,40.4622,79.7680,51.7309,27.3097,30.0217,7.5000,139.9607,292.4819,normal
3,2,2026-01-01 12:03:00,102.3458,2693.1174,120.0133,49.1869,40.2714,79.8253,51.7309,27.3097,30.0217,7.5000,142.6171,299.7220,normal
3,3,2026-01-01 12:06:00,101.7543,2692.2665,119.7447,51.5999,40.4536,79.9158,51.7309,27.3097,30.0217,7.5000,142.2079,296.7322,normal
3,4,2026-01-01 12:09:00,106.7838,2705.6163,120.2041,51.3866,41.0696,80.3259,51.7309,27.3097,30.0217,7.5000,147.8535,301.5527,normal
3,5,2026-01-01 12:12:00,105.2325,2698.0711,119.5404,53.1234,41.5362,80.1206,51.7309,27.3097,30.0217,7.5000,146.7686,293.2572,normal
3,6,2026-01-01 12:15:00,98.7889,2714.1848,119.9267,54.9010,42.1138,80.6265,51.7309,27.3097,30.0217,7.5000,140.9026,301.9642,normal
3,7,2026-01-01 12:18:00,96.8360,2698.9962,120.2951,50.7940,40.1477,80.0604,51.7309,27.3097,33.9860,7.5000,136.9836,306.5046,normal
3,8,2026-01-01 12:21:00,93.0979,2683.4189,121.8090,53.5759,39.2288,80.8683,51.7309,27.3097,33.9860,7.5000,132.3267,291.6542,normal
3,9,2026-01-01 12:24:00,95.0881,2674.6370,121.0817,45.9204,39.0398,79.5756,51.7309,27.3097,33.9860,7.5000,134.1279,285.8206,normal
3,10,2026-01-01 12:27:00,89.3813,2669.8647,119.8213,47.9785,40.3895,80.6384,51.7309,27.3097,33.9860,7.5000,129.7708,287.2594,normal
3,11,2026-01-01 12:30:00,90.2295,2671.1156,119.8631,45.1509,37.3843,80.5431,51.7309,27.3097,33.9860,7.5000,127.6138,297.1294,normal
3,12,2026-01-01 12:33:00,92.8741,2655.5448,119.4517,44.6288,37.0972,79.8090,51.7309,27.3097,33.9860,7.5000,129.9713,284.8424,normal
3,13,2026-01-01 12:36:00,90.0339,2659.5009,119.6376,41.3641,36.1530,78.7368,51.7309,27.3097,23.4947,7.5000,126.1869,288.1048,normal
3,14,2026-01-01 12:39:00,95.9870,2667.3690,118.4663,45.0628,37.4422,79.0129,51.7309,27.3097,23.4947,7.5000,133.4292,283.2983,normal
3,15,2026-01-01 12:42:00,95.2014,2658.0915,118.3504,42.6933,39.9764,78.5109,51.7309,27.3097,23.4947,7.5000,135.1777,288.6012,normal
3,16,2026-01-01 12:45:00,96.9533,2681.7302,118.7695,42.1034,37.3904,78.0496,51.7309,27.3097,23.4947,7.5000,134.3437,298.2319,normal
3,17,2026-01-01 12:48:00,90.3594,2682.5003,118.1943,46.7810,39.8075,78.2064,51.7309,27.3097,23.4947,7.5000,130.1669,288.6078,normal
3,18,2026-01-01 12:51:00,97.3693,2679.8695,119.3567,41.1201,41.9788,78.0192,51.7309,27.3097,23.4947,7.5000,139.3482,300.8173,normal
3,19,2026-01-01 12:54:00,95.3369,2679.4069,118.7919,46.4782,42.2874,78.0205,51.7309,27.3097,27.5472,7.5000,137.6243,296.9573,normal
3,20,2026-01-01 12:57:00,97.4421,2686.9998,118.4696,47.1749,42.9428,79.2511,51.7309,27.3097,27.5472,7.5000,140.3850,301.2171,normal
3,21,2026-01-01 13:00:00,96.5183,2680.8198,117.9895,46.3631,42.6833,78.9323,51.7309,27.3097,27.5472,7.5000,139.2016,309.5120,normal
3,22,2026-01-01 13:03:00,96.6639,2679.9773,119.0767,44.4109,40.5021,78.4526,51.7309,27.3097,27.5472,7.5000,137.1660,303.5522,normal
3,23,2026-01-01 13:06:00,98.3802,2673.9749,119.2042,46.9370,40.4448,78.0023,51.7309,27.3097,27.5472,7.5000,138.8251,299.0238,normal
3,24,2026-01-01 13:09:00,94.7954,2673.2396,119.8119,51.3594,37.7834,79.6888,51.7309,27.3097,27.5472,7.5000,132.5787,298.7534,normal
3,25,2026-01-01 13:12:00,97.4315,2676.0253,119.7021,52.1673,37.8600,79.3877,51.7309,27.3097,28.2531,7.5000,135.2915,289.1888,normal
3,26,2026-01-01 13:15:00,99.5794,2657.5422,119.7123,45.1115,38.4736,78.9881,62.7845,27.3097,28.2531,7.5000,138.0531,285.6240,normal
3,27,2026-01-01 13:18:00,101.4600,2668.3688,120.1666,46.3016,37.4468,79.2609,62.7845,27.3097,28.2531,7.5000,138.9067,285.3596,normal
3,28,2026-01-01 13:21:00,106.6137,2668.3939,120.3772,46.6617,34.3085,79.1987,62.7845,27.3097,28.2531,7.5000,140.9222,288.5018,normal
3,29,2026-01-01 13:24:00,102.8981,2674.7628,121.2059,42.4020,34.2875,79.2541,62.7845,27.3097,28.2531,7.5000,137.1857,269.4096,normal
3,30,2026-01-01 13:27:00,102.5263,2686.4212,121.3636,46.0788,33.9667,79.1795,62.7845,27.3097,28.2531,7.5000,136.4930,272.9010,normal
3,31,2026-01-01 13:30:00,104.5343,2674.4731,121.2038,45.1579,34.6739,79.8336,62.7845,27.3097,32.1837,7.5000,139.2081,266.8207,normal
3,32,2026-01-01 13:33:00,108.6375,2672.7301,121.8523,44.3397,35.4538,79.7126,62.7845,27.3097,32.1837,7.5000,144.0912,267.4552,normal
3,33,2026-01-01 13:36:00,108.5824,2686.0765,121.5973,44.8893,35.0409,80.0779,62.7845,27.3097,32.1837,7.5000,143.6232,273.3919,normal
3,34,2026-01-01 13:39:00,104.2577,2691.6140,121.7598,46.2875,34.7246,80.3023,62.7845,27.3097,32.1837,7.5000,138.9823,270.7961,normal
3,35,2026-01-01 13:42:00,98.7010,2696.5878,121.6148,49.5372,34.9987,80.6048,62.7845,27.3097,32.1837,7.5000,133.6998,269.8067,normal
3,36,2026-01-01 13:45:00,101.7324,2690.6944,121.9785,50.0581,36.8380,80.1346,62.7845,27.3097,32.1837,7.5000,138.5704,272.4714,normal
3,37,2026-01-01 13:48:00,100.6682,2685.2820,121.6144,52.5258,38.1659,80.6845,62.7845,27.3097,31.5804,7.5000,138.8341,271.6644,normal
3,38,2026-01-01 13:51:00,99.8363,2691.5181,121.0545,45.6674,40.2484,80.5079,62.7845,27.3097,31.5804,7.5000,140.0848,285.5609,normal
3,39,2026-01-01 13:54:00,100.4571,2694.3346,119.5293,44.0801,42.1537,80.4117,62.7845,27.3097,31.5804,7.5000,142.6108,286.0082,normal
3,40,2026-01-01 13:57:00,98.0043,2687.9688,118.9733,43.0248,43.4028,79.8579,62.7845,27.3097,31.5804,7.5000,141.4071,299.9206,normal
3,41,2026-01-01 14:00:00,100.8164,2710.7411,119.2921,49.0416,43.3049,79.4386,62.7845,79.2564,31.5804,7.5000,144.1213,319.0211,normal
3,42,2026-01-01 14:03:00,102.7101,2700.4784,119.6675,51.2037,41.0925,79.8665,62.7845,79.2564,31.5804,7.5000,143.8026,314.6530,normal
3,43,2026-01-01 14:06:00,105.4755,2701.6088,120.3691,52.6805,39.8129,79.7008,62.7845,79.2564,29.1639,7.5000,145.2884,305.0639,normal
3,44,2026-01-01 14:09:00,107.2584,2716.7271,119.7180,54.1833,40.6382,80.1970,62.7845,79.2564,29.1639,7.5000,147.8966,303.5278,normal
3,45,2026-01-01 14:12:00,108.6349,2727.2229,119.8427,50.6574,40.7595,80.1280,62.7845,79.2564,29.1639,7.5000,149.3943,302.9219,normal
3,46,2026-01-01 14:15:00,106.8794,2735.6935,119.5346,56.1953,43.8523,80.5492,62.7845,79.2564,29.1639,7.5000,150.7316,308.9354,normal
3,47,2026-01-01 14:18:00,109.6424,2732.3044,120.3474,52.7974,43.1084,79.8670,62.7845,79.2564,29.1639,7.5000,152.7508,315.2894,normal
3,48,2026-01-01 14:21:00,104.2807,2727.1201,121.1444,56.9363,40.5933,80.5878,62.7845,79.2564,29.1639,7.5000,144.8740,313.0158,normal
3,49,2026-01-01 14:24:00,100.5208,2739.0687,121.2999,60.7315,40.8760,81.6123,62.7845,79.2564,33.8517,7.5000,141.3968,306.8817,normal
3,50,2026-01-01 14:27:00,100.8209,2721.4316,121.1081,57.6142,41.5546,81.4805,62.7845,79.2564,33.8517,7.5000,142.3755,304.4683,normal
3,51,2026-01-01 14:30:00,101.8670,2713.2004,121.4673,54.2685,41.7718,81.5527,63.5546,79.2564,33.8517,7.5000,143.6388,307.2966,normal
3,52,2026-01-01 14:33:00,100.0542,2712.4525,120.0682,55.5534,41.7265,81.5016,63.5546,79.2564,33.8517,7.5000,141.7807,309.3865,normal
3,53,2026-01-01 14:36:00,102.2755,2712.6522,120.0761,48.3445,41.6677,81.3632,63.5546,79.2564,33.8517,7.5000,143.9432,310.9748,normal
3,54,2026-01-01 14:39:00,104.9542,2710.6239,119.2255,45.9948,42.5927,79.5472,63.5546,79.2564,33.8517,7.5000,147.5470,304.1573,normal
3,55,2026-01-01 14:42:00,105.5636,2722.2960,119.7559,50.1061,42.9700,79.8194,63.5546,79.2564,29.2302,7.5000,148.5336,308.8764,normal
3,56,2026-01-01 14:45:00,105.0532,2718.8861,119.2321,51.0354,43.5939,79.7905,63.5546,79.2564,29.2302,7.5000,148.6472,310.2301,normal
3,57,2026-01-01 14:48:00,109.5389,2718.6308,120.1203,51.3210,42.7173,80.2117,63.5546,79.2564,29.2302,7.5000,152.2562,310.4095,normal
3,58,2026-01-01 14:51:00,111.7887,2719.6894,120.6531,50.8069,38.5606,79.5132,63.5546,79.2564,29.2302,7.5000,150.3493,304.8977,normal
3,59,2026-01-01 14:54:00,111.5103,2728.8043,120.9095,49.3944,40.6750,80.3908,63.5546,79.2564,29.2302,7.5000,152.1853,298.0162,normal
3,60,2026-01-01 14:57:00,117.9352,2742.5213,121.0177,45.7507,39.1074,80.2219,63.5546,79.2564,29.2302,7.5000,157.0427,305.9407,normal
3,61,2026-01-01 15:00:00,115.9236,2737.5071,121.7532,48.4016,39.9758,80.5586,63.5546,79.2564,35.7311,7.5000,155.8995,293.8298,normal
3,62,2026-01-01 15:03:00,117.8047,2754.3949,121.9869,48.4314,39.1778,80.6019,63.5546,79.2564,35.7311,7.5000,156.9825,302.7766,normal
3,63,2026-01-01 15:06:00,114.3301,2745.8295,122.1993,48.8976,39.3608,81.0162,63.5546,79.2564,35.7311,7.5000,153.6909,296.1216,normal
3,64,2026-01-01 15:09:00,109.0945,2741.2116,123.9875,45.2687,37.1996,81.2162,63.5546,79.2564,35.7311,7.5000,146.2941,294.1434,normal
3,65,2026-01-01 15:12:00,108.9382,2738.0814,123.7917,39.6737,35.3536,80.6938,63.5546,79.2564,35.7311,7.5000,144.2918,291.6614,normal
3,66,2026-01-01 15:15:00,111.3234,2723.8776,124.0391,42.6034,35.5168,81.8105,63.5546,79.2564,35.7311,7.5000,146.8403,280.7925,normal
3,67,2026-01-01 15:18:00,108.2541,2715.1184,123.5678,43.0539,34.7661,82.2029,63.5546,79.2564,34.5191,7.5000,143.0202,282.2828,normal
3,68,2026-01-01 15:21:00,105.8467,2718.1481,122.7010,46.1738,34.0430,82.3327,63.5546,79.2564,34.5191,7.5000,139.8898,281.4108,normal
3,69,2026-01-01 15:24:00,102.4720,2702.1963,122.6069,46.3733,33.0760,81.8390,63.5546,79.2564,34.5191,7.5000,135.5479,278.6843,normal
3,70,2026-01-01 15:27:00,105.6800,2693.8855,123.2605,45.9909,32.7847,81.2152,63.5546,79.2564,34.5191,7.5000,138.4647,271.2466,normal
3,71,2026-01-01 15:30:00,101.8426,2690.5912,123.2267,44.9582,29.3715,81.0519,63.5546,79.2564,34.5191,7.5000,131.2141,269.1996,normal
3,72,2026-01-01 15:33:00,101.7958,2688.0374,123.1589,40.8276,29.0095,80.4391,63.5546,79.2564,34.5191,7.5000,130.8053,264.0595,normal
3,73,2026-01-01 15:36:00,98.9009,2686.4959,122.5856,37.3728,29.5977,80.0880,63.5546,79.2564,31.7909,7.5000,128.4986,259.8347,normal
3,74,2026-01-01 15:39:00,99.8541,2687.8262,122.2378,36.6834,30.6281,80.1448,63.5546,79.2564,31.7909,7.5000,130.4823,257.0863,normal
3,75,2026-01-01 15:42:00,100.8167,2672.7146,122.1633,36.1864,31.6061,79.8086,63.5546,79.2564,31.7909,7.5000,132.4228,274.2413,normal
3,76,2026-01-01 15:45:00,98.7515,2682.7326,122.1885,40.6540,30.8436,80.0913,68.2885,79.2564,31.7909,7.5000,129.5951,260.9675,normal
3,77,2026-01-01 15:48:00,97.4186,2696.2251,120.9678,43.1183,33.3000,80.1799,68.2885,79.2564,31.7909,7.5000,130.7186,263.9941,normal
3,78,2026-01-01 15:51:00,98.0199,2677.4255,120.3451,44.9640,37.1147,80.1146,68.2885,79.2564,31.7909,7.5000,135.1345,275.0300,normal
3,79,2026-01-01 15:54:00,98.5323,2682.1824,121.2488,48.1690,35.2855,79.5459,68.2885,79.2564,27.6585,7.5000,133.8177,286.8632,normal
3,80,2026-01-01 15:57:00,97.6113,2687.4814,120.1388,48.0313,37.1181,79.9835,68.2885,79.2564,27.6585,7.5000,134.7294,282.4802,normal
3,81,2026-01-01 16:00:00,96.9918,2688.9785,119.6798,48.5668,36.5458,80.2516,68.2885,66.3012,27.6585,7.5000,133.5376,281.3315,normal
3,82,2026-01-01 16:03:00,93.8929,2681.6573,119.8359,50.0998,38.9201,79.2972,68.2885,66.3012,27.6585,7.5000,132.8129,291.7786,normal
3,83,2026-01-01 16:06:00,91.5689,2677.1096,120.0315,50.7994,39.5565,79.3611,68.2885,66.3012,27.6585,7.5000,131.1254,296.7616,normal
3,84,2026-01-01 16:09:00,94.0670,2674.2851,119.2839,49.5834,39.7005,79.2181,68.2885,66.3012,27.6585,7.5000,133.7675,287.1741,normal
3,85,2026-01-01 16:12:00,94.6481,2665.6388,119.2411,47.4743,38.7901,79.1227,68.2885,66.3012,25.4321,7.5000,133.4381,295.6993,normal
3,86,2026-01-01 16:15:00,90.6213,2669.8313,119.2450,46.8207,38.8410,78.9842,68.2885,66.3012,25.4321,7.5000,129.4624,295.6004,normal
3,87,2026-01-01 16:18:00,94.6741,2674.3172,118.4394,44.4536,39.7904,78.8790,68.2885,66.3012,25.4321,7.5000,134.4645,289.0619,normal
3,88,2026-01-01 16:21:00,97.0421,2661.5360,118.7262,46.9168,39.7772,78.5829,68.2885,66.3012,25.4321,7.5000,136.8193,288.6116,normal
3,89,2026-01-01 16:24:00,98.2036,2669.6676,118.9301,50.4842,38.9516,78.2905,68.2885,66.3012,25.4321,7.5000,137.1552,288.7566,normal
3,90,2026-01-01 16:27:00,95.5284,2679.2378,118.3779,51.6505,36.8918,78.9478,68.2885,66.3012,25.4321,7.5000,132.4202,293.7530,normal
3,91,2026-01-01 16:30:00,93.9088,2689.9544,118.8186,48.8104,38.8193,78.7300,68.2885,66.3012,26.2931,7.5000,132.7281,286.0538,normal
3,92,2026-01-01 16:33:00,94.7476,2674.8897,118.6908,48.8963,41.8389,78.3250,68.2885,66.3012,26.2931,7.5000,136.5866,289.0244,normal
3,93,2026-01-01 16:36:00,97.9122,2670.2049,119.4132,47.1821,39.8418,78.7376,68.2885,66.3012,26.2931,7.5000,137.7540,301.8692,normal
3,94,2026-01-01 16:39:00,101.0274,2672.4985,119.5220,49.9877,37.7881,79.2143,68.2885,66.3012,26.2931,7.5000,138.8155,293.1424,normal
3,95,2026-01-01 16:42:00,104.1803,2679.6212,118.6163,50.7662,40.4609,79.6003,68.2885,66.3012,26.2931,7.5000,144.6412,286.7721,normal
3,96,2026-01-01 16:45:00,108.3555,2696.0139,119.2022,49.8014,39.6673,79.3254,68.2885,66.3012,26.2931,7.5000,148.0229,299.6699,normal
3,97,2026-01-01 16:48:00,107.8125,2697.9039,119.5547,55.4076,39.5813,79.0656,68.2885,66.3012,28.5389,7.5000,147.3938,292.8824,normal
3,98,2026-01-01 16:51:00,107.8533,2718.8694,120.7139,52.4914,37.7163,79.0321,68.2885,66.3012,28.5389,7.5000,145.5695,292.9351,normal
3,99,2026-01-01 16:54:00,105.4832,2725.0077,120.6704,47.6801,40.9334,78.9918,68.2885,66.3012,28.5389,7.5000,146.4167,292.3083,normal
3,100,2026-01-01 16:57:00,103.2364,2719.3237,121.1476,42.8987,41.2068,79.2443,68.2885,66.3012,28.5389,7.5000,144.4432,301.2710,normal
3,101,2026-01-01 17:00:00,99.8192,2716.2358,121.6315,46.1367,39.9079,79.6420,66.3807,66.3012,28.5389,7.5000,139.7272,298.2345,normal
3,102,2026-01-01 17:03:00,97.7398,2721.5988,121.2166,48.9290,41.5389,80.6629,66.3807,66.3012,28.5389,7.5000,139.2787,292.4999,normal
3,103,2026-01-01 17:06:00,98.0164,2702.8130,120.1614,48.4444,43.9219,81.1058,66.3807,66.3012,30.6011,7.5000,141.9384,299.9333,normal
3,104,2026-01-01 17:09:00,93.8281,2701.3823,119.7042,52.2195,43.8684,81.0794,66.3807,66.3012,30.6011,7.5000,137.6965,311.3960,normal
3,105,2026-01-01 17:12:00,92.2960,2697.3388,118.5589,53.7166,45.9562,80.8245,66.3807,66.3012,30.6011,7.5000,138.2522,313.0953,normal
3,106,2026-01-01 17:15:00,93.8287,2686.7814,118.2795,53.0281,45.3954,80.3603,66.3807,66.3012,30.6011,7.5000,139.2242,319.5722,normal
3,107,2026-01-01 17:18:00,94.4633,2677.5059,118.2850,54.0723,43.8392,79.8536,66.3807,66.3012,30.6011,7.5000,138.3025,310.5176,normal
3,108,2026-01-01 17:21:00,98.6515,2673.6901,118.4406,54.5991,42.7025,79.4902,66.3807,66.3012,30.6011,7.5000,141.3540,312.5790,normal
3,109,2026-01-01 17:24:00,100.3885,2688.2815,118.1550,55.0346,40.8027,79.4386,66.3807,66.3012,23.6635,7.5000,141.1912,305.3767,normal
3,110,2026-01-01 17:27:00,97.0060,2696.0784,117.8457,52.3122,45.7424,79.1173,66.3807,66.3012,23.6635,7.5000,142.7484,304.3670,normal
3,111,2026-01-01 17:30:00,99.5323,2714.3145,118.1380,53.9941,45.5491,78.6921,66.3807,66.3012,23.6635,7.5000,145.0815,321.1158,normal
3,112,2026-01-01 17:33:00,103.2434,2688.9685,117.6496,56.1541,48.9911,78.9297,66.3807,66.3012,23.6635,7.5000,152.2345,314.3077,normal
3,113,2026-01-01 17:36:00,103.3307,2696.0104,119.4727,58.4321,43.5858,79.4520,66.3807,66.3012,23.6635,7.5000,146.9166,326.5466,normal
3,114,2026-01-01 17:39:00,101.4269,2694.6880,118.7023,61.0484,41.7192,79.8478,66.3807,66.3012,23.6635,7.5000,143.1461,308.5346,normal
3,115,2026-01-01 17:42:00,96.9200,2696.8732,120.4165,54.8437,37.9520,80.4433,66.3807,66.3012,29.9553,7.5000,134.8720,301.4395,normal
3,116,2026-01-01 17:45:00,98.3535,2695.3074,120.8700,51.8300,36.0392,79.3551,66.3807,66.3012,29.9553,7.5000,134.3926,284.7496,normal
3,117,2026-01-01 17:48:00,98.7393,2682.6652,120.7542,49.9329,38.7320,79.8284,66.3807,66.3012,29.9553,7.5000,137.4712,281.5434,normal
3,118,2026-01-01 17:51:00,98.6086,2682.2626,120.1914,48.9169,39.5230,80.0138,66.3807,66.3012,29.9553,7.5000,138.1316,288.2589,normal
3,119,2026-01-01 17:54:00,97.7930,2688.9282,118.8963,46.9084,39.8961,80.1219,66.3807,66.3012,29.9553,7.5000,137.6891,296.0600,normal
3,120,2026-01-01 17:57:00,97.1610,2688.1949,119.2314,49.8136,40.1624,80.1336,66.3807,66.3012,29.9553,7.5000,137.3234,301.3824,normal
3,121,2026-01-01 18:00:00,96.7277,2665.4224,119.6898,49.0204,39.0200,79.3281,66.3807,40.4568,26.7681,7.5000,135.7477,288.9515,normal
3,122,2026-01-01 18:03:00,101.2655,2675.9952,119.5074,51.8350,37.4954,79.0113,66.3807,40.4568,26.7681,7.5000,138.7610,297.1566,normal
3,123,2026-01-01 18:06:00,93.8355,2671.3258,119.1981,56.9353,40.1599,80.0194,66.3807,40.4568,26.7681,7.5000,133.9954,279.4451,normal
3,124,2026-01-01 18:09:00,91.7940,2686.2722,119.3823,56.0594,40.7752,79.6566,66.3807,40.4568,26.7681,7.5000,132.5692,294.8577,normal
3,125,2026-01-01 18:12:00,94.9203,2662.4018,119.6048,55.8225,38.2560,79.9654,66.3807,40.4568,26.7681,7.5000,133.1763,301.5604,normal
3,126,2026-01-01 18:15:00,93.4717,2650.0825,120.6818,55.2782,35.9373,79.6350,49.1655,40.4568,26.7681,7.5000,129.4090,284.2684,normal
3,127,2026-01-01 18:18:00,92.1754,2664.0141,120.0412,49.1981,34.1659,78.9964,49.1655,40.4568,23.2480,7.5000,126.3413,279.0722,normal
3,128,2026-01-01 18:21:00,97.9043,2667.2007,118.8835,48.5567,35.3612,79.7961,49.1655,40.4568,23.2480,7.5000,133.2655,280.9801,normal
3,129,2026-01-01 18:24:00,95.4652,2663.4342,119.0759,47.0106,36.8575,79.3784,49.1655,40.4568,23.2480,7.5000,132.3228,281.6244,normal
3,130,2026-01-01 18:27:00,95.9283,2687.1478,119.5260,49.2658,37.7077,78.5366,49.1655,40.4568,23.2480,7.5000,133.6361,288.7814,normal
3,131,2026-01-01 18:30:00,93.0038,2669.3890,119.0109,45.5697,37.7043,78.4075,49.1655,40.4568,23.2480,7.5000,130.7082,292.9420,normal
3,132,2026-01-01 18:33:00,95.2357,2672.7925,120.4945,45.8148,37.4745,78.6477,49.1655,40.4568,23.2480,7.5000,132.7101,289.5015,normal
3,133,2026-01-01 18:36:00,95.7605,2667.2472,119.8941,47.6994,35.1602,79.0361,49.1655,40.4568,28.0107,7.5000,130.9207,288.8405,normal
3,134,2026-01-01 18:39:00,93.4685,2670.7676,120.1289,42.7316,36.1134,79.2069,49.1655,40.4568,28.0107,7.5000,129.5818,283.0503,normal
3,135,2026-01-01 18:42:00,93.7024,2675.6655,119.6195,41.5648,37.1684,78.8455,49.1655,40.4568,28.0107,7.5000,130.8708,280.5137,normal
3,136,2026-01-01 18:45:00,93.8597,2669.8128,119.3843,42.9305,36.7538,78.9944,49.1655,40.4568,28.0107,7.5000,130.6134,284.1176,normal
3,137,2026-01-01 18:48:00,95.8630,2667.8085,119.5830,43.0584,36.5423,79.1469,49.1655,40.4568,28.0107,7.5000,132.4054,283.8061,normal
3,138,2026-01-01 18:51:00,95.1871,2671.7075,119.6172,45.3914,36.7536,78.9142,49.1655,40.4568,28.0107,7.5000,131.9407,295.9935,normal
3,139,2026-01-01 18:54:00,96.0544,2677.9185,119.3826,47.1761,37.9181,79.3430,49.1655,40.4568,26.6684,7.5000,133.9725,286.3776,normal
3,140,2026-01-01 18:57:00,98.5807,2672.1857,119.1028,46.9104,38.5973,78.8333,49.1655,40.4568,26.6684,7.5000,137.1780,288.4016,normal
3,141,2026-01-01 19:00:00,104.6420,2678.1853,120.3301,43.2815,36.5549,78.3445,49.1655,40.4568,26.6684,7.5000,141.1969,296.3859,normal
3,142,2026-01-01 19:03:00,99.2799,2693.8843,119.4473,46.3171,37.5441,78.8870,49.1655,40.4568,26.6684,7.5000,136.8240,281.7708,normal
3,143,2026-01-01 19:06:00,96.8845,2708.0291,118.9144,44.3396,40.0313,79.0920,49.1655,40.4568,26.6684,7.5000,136.9157,283.8182,normal
3,144,2026-01-01 19:09:00,97.4927,2675.8412,120.5299,42.8491,35.9766,78.7167,49.1655,40.4568,26.6684,7.5000,133.4693,296.7973,normal
3,145,2026-01-01 19:12:00,99.7029,2678.6111,122.1495,45.4346,33.5581,78.9760,49.1655,40.4568,29.3494,7.5000,133.2610,283.5252,normal
3,146,2026-01-01 19:15:00,94.2823,2680.1183,120.5160,47.1440,36.1869,79.7907,49.1655,40.4568,29.3494,7.5000,130.4692,277.5699,normal
3,147,2026-01-01 19:18:00,92.5083,2692.5319,120.0665,55.1642,36.0383,81.0411,49.1655,40.4568,29.3494,7.5000,128.5466,276.3166,normal
3,148,2026-01-01 19:21:00,94.3149,2676.5915,119.8986,57.1380,36.8604,80.2983,49.1655,40.4568,29.3494,7.5000,131.1753,286.1972,normal
3,149,2026-01-01 19:24:00,104.3014,2668.7364,119.9888,54.5107,38.9505,80.0366,49.1655,40.4568,29.3494,7.5000,143.2520,288.7697,normal
3,150,2026-01-01 19:27:00,104.2960,2674.3390,119.0512,52.1221,37.7228,79.9236,49.1655,40.4568,29.3494,7.5000,142.0187,295.3228,normal
3,151,2026-01-01 19:30:00,107.3371,2695.8276,119.2180,52.4717,37.6569,80.0436,49.9218,40.4568,26.7678,7.5000,144.9940,290.3515,normal
3,152,2026-01-01 19:33:00,104.1050,2705.5004,119.9839,53.5087,35.6837,79.4113,49.9218,40.4568,26.7678,7.5000,139.7887,283.5657,normal
3,153,2026-01-01 19:36:00,104.5998,2708.2266,121.2198,54.1508,36.5485,79.3341,49.9218,40.4568,26.7678,7.5000,141.1484,275.0314,normal
3,154,2026-01-01 19:39:00,102.4604,2708.5295,121.7321,50.2500,35.5976,79.8622,49.9218,40.4568,26.7678,7.5000,138.0579,280.5295,normal
3,155,2026-01-01 19:42:00,105.3827,2696.2870,121.5542,52.5821,38.6475,80.5438,49.9218,40.4568,26.7678,7.5000,144.0303,282.4780,normal
3,156,2026-01-01 19:45:00,103.9481,2699.4436,121.4917,48.4471,36.3361,80.7714,49.9218,40.4568,26.7678,7.5000,140.2842,295.3279,normal
3,157,2026-01-01 19:48:00,103.9202,2720.9073,121.1373,54.0579,38.2671,81.7265,49.9218,40.4568,31.9690,7.5000,142.1872,289.2862,normal
3,158,2026-01-01 19:51:00,102.0522,2703.9029,120.5857,56.5341,39.6971,82.0331,49.9218,40.4568,31.9690,7.5000,141.7493,292.4625,normal
3,159,2026-01-01 19:54:00,101.9286,2698.5294,121.5494,55.2896,39.0943,80.9574,49.9218,40.4568,31.9690,7.5000,141.0229,297.8123,normal
3,160,2026-01-01 19:57:00,102.2035,2694.8890,121.0076,56.0756,38.7812,81.1381,49.9218,40.4568,31.9690,7.5000,140.9846,300.3700,normal
3,161,2026-01-01 20:00:00,100.8625,2693.9399,121.0595,56.1297,37.7359,81.4967,49.9218,52.0237,31.9690,7.5000,138.5984,294.9422,normal
3,162,2026-01-01 20:03:00,99.8382,2698.0106,121.1199,57.9240,37.0189,81.1913,49.9218,52.0237,31.9690,7.5000,136.8572,294.3987,normal
3,163,2026-01-01 20:06:00,97.5303,2691.3802,120.7393,61.7435,37.0271,81.6084,49.9218,52.0237,31.4044,7.5000,134.5574,288.5217,normal
3,164,2026-01-01 20:09:00,96.2871,2672.3919,121.7427,57.8797,32.4795,80.8406,49.9218,52.0237,31.4044,7.5000,128.7666,285.9700,normal
3,165,2026-01-01 20:12:00,96.0965,2677.7457,122.2465,54.9431,30.5991,80.8331,49.9218,52.0237,31.4044,7.5000,126.6956,269.9286,normal
3,166,2026-01-01 20:15:00,97.6903,2673.0082,120.9841,55.5771,34.8908,80.9711,49.9218,52.0237,31.4044,7.5000,132.5810,261.2159,normal
3,167,2026-01-01 20:18:00,100.0757,2672.2696,120.6496,47.0853,33.3742,80.2281,49.9218,52.0237,31.4044,7.5000,133.4499,277.8563,normal
3,168,2026-01-01 20:21:00,105.9515,2676.0992,120.9510,50.0053,33.4517,80.1191,49.9218,52.0237,31.4044,7.5000,139.4031,274.1064,normal
3,169,2026-01-01 20:24:00,107.8390,2685.7737,120.9044,46.6897,31.5852,79.7163,49.9218,52.0237,28.2800,7.5000,139.4242,273.1300,normal
3,170,2026-01-01 20:27:00,104.2261,2706.0780,120.6846,51.6825,33.8724,79.8756,49.9218,52.0237,28.2800,7.5000,138.0985,269.5958,normal
3,171,2026-01-01 20:30:00,103.9699,2711.5671,121.0594,47.9335,34.6217,79.6595,49.9218,52.0237,28.2800,7.5000,138.5916,279.8365,normal
3,172,2026-01-01 20:33:00,101.4379,2705.0502,121.7915,45.4312,35.7413,79.4599,49.9218,52.0237,28.2800,7.5000,137.1792,281.1248,normal
3,173,2026-01-01 20:36:00,100.7893,2700.9579,121.5108,43.2750,39.8561,79.6791,49.9218,52.0237,28.2800,7.5000,140.6454,292.2284,normal
3,174,2026-01-01 20:39:00,101.7157,2697.8021,121.5332,40.4988,35.9759,80.2409,49.9218,52.0237,28.2800,7.5000,137.6916,291.3691,normal
3,175,2026-01-01 20:42:00,101.6752,2691.4173,122.0921,41.1750,36.5076,80.3966,49.9218,52.0237,31.4867,7.5000,138.1828,286.0981,normal
3,176,2026-01-01 20:45:00,100.9433,2692.8789,121.4093,40.4054,35.9059,79.4239,52.6067,52.0237,31.4867,7.5000,136.8492,288.0799,normal
3,177,2026-01-01 20:48:00,96.6424,2694.3323,121.1590,43.0548,35.1727,80.0034,52.6067,52.0237,31.4867,7.5000,131.8150,284.3908,normal
3,178,2026-01-01 20:51:00,94.7429,2693.4038,121.3709,43.8736,35.2999,79.8474,52.6067,52.0237,31.4867,7.5000,130.0429,279.6407,normal
3,179,2026-01-01 20:54:00,93.4573,2675.8070,121.2183,45.9660,36.1641,79.9870,52.6067,52.0237,31.4867,7.5000,129.6214,281.5010,normal
3,180,2026-01-01 20:57:00,91.8611,2668.1021,120.8010,44.5311,37.0788,80.0687,52.6067,52.0237,31.4867,7.5000,128.9399,288.7504,normal
3,181,2026-01-01 21:00:00,90.9264,2668.9190,120.3629,43.7012,34.0594,79.5815,52.6067,52.0237,26.5545,7.5000,124.9858,284.7216,normal
3,182,2026-01-01 21:03:00,89.0610,2663.1071,119.8223,44.0793,36.1172,79.8124,52.6067,52.0237,26.5545,7.5000,125.1782,281.4140,normal
3,183,2026-01-01 21:06:00,87.9069,2668.3802,119.5885,42.4839,37.5877,78.8207,52.6067,52.0237,26.5545,7.5000,125.4946,279.1448,normal
3,184,2026-01-01 21:09:00,85.3234,2655.9824,118.9878,43.3261,37.1816,78.9779,52.6067,52.0237,26.5545,7.5000,122.5050,287.0071,normal
3,185,2026-01-01 21:12:00,87.3517,2651.4188,119.2632,45.2496,37.2851,78.6885,52.6067,52.0237,26.5545,7.5000,124.6368,292.0986,normal
3,186,2026-01-01 21:15:00,83.8912,2650.3711,118.3391,39.4646,35.6787,78.1698,52.6067,52.0237,26.5545,7.5000,119.5699,280.1278,normal
3,187,2026-01-01 21:18:00,84.5796,2662.4284,118.0024,42.2544,38.8676,78.1820,52.6067,52.0237,20.8474,7.5000,123.4472,285.1797,normal
3,188,2026-01-01 21:21:00,88.0696,2640.8813,117.0984,43.9598,40.1712,77.6474,52.6067,52.0237,20.8474,7.5000,128.2407,289.9065,normal
3,189,2026-01-01 21:24:00,90.8996,2652.6082,117.8665,41.3112,37.9806,77.3516,52.6067,52.0237,20.8474,7.5000,128.8802,301.2336,normal
3,190,2026-01-01 21:27:00,89.7916,2652.3038,117.0385,47.0897,38.4638,77.4123,52.6067,52.0237,20.8474,7.5000,128.2554,295.7636,normal
3,191,2026-01-01 21:30:00,91.3149,2668.8331,117.5727,45.0313,38.7560,77.5001,52.6067,52.0237,20.8474,7.5000,130.0708,288.8367,normal
3,192,2026-01-01 21:33:00,93.8472,2660.2180,118.0415,44.4862,38.4063,77.4848,52.6067,52.0237,20.8474,7.5000,132.2536,298.6696,normal
3,193,2026-01-01 21:36:00,90.6230,2659.2641,119.0025,44.5305,37.2966,77.5328,52.6067,52.0237,23.6806,7.5000,127.9196,287.2149,normal
3,194,2026-01-01 21:39:00,90.6282,2684.6690,118.6612,45.4668,38.2197,77.8220,52.6067,52.0237,23.6806,7.5000,128.8479,284.4744,normal
3,195,2026-01-01 21:42:00,89.9955,2676.2710,117.6355,44.9148,42.5166,78.5141,52.6067,52.0237,23.6806,7.5000,132.5120,290.9568,normal
3,196,2026-01-01 21:45:00,88.6609,2665.1892,118.5229,46.0476,40.0396,78.2886,52.6067,52.0237,23.6806,7.5000,128.7005,307.1006,normal
3,197,2026-01-01 21:48:00,87.7419,2664.3746,118.3660,51.2684,40.2957,78.6792,52.6067,52.0237,23.6806,7.5000,128.0377,298.2687,normal
3,198,2026-01-01 21:51:00,87.2762,2663.7641,117.8973,50.0301,40.5304,78.8990,52.6067,52.0237,23.6806,7.5000,127.8065,306.5374,normal
3,199,2026-01-01 21:54:00,87.7129,2658.4206,118.0708,45.5510,40.1230,78.5447,52.6067,52.0237,22.8168,7.5000,127.8359,303.8222,normal
3,200,2026-01-01 21:57:00,88.1071,2648.4486,118.4712,44.5953,36.4557,77.4753,52.6067,52.0237,22.8168,7.5000,124.5629,304.5934,normal
3,201,2026-01-01 22:00:00,90.6659,2655.9711,119.0117,41.6727,37.6503,77.3803,67.3520,75.5378,22.8168,7.5000,128.3162,293.3404,normal
3,202,2026-01-01 22:03:00,92.4381,2667.8275,118.5434,40.2537,37.3474,77.7438,67.3520,75.5378,22.8168,7.5000,129.7856,279.8160,normal
3,203,2026-01-01 22:06:00,87.3129,2672.2491,118.1820,48.3513,38.6375,78.3047,67.3520,75.5378,22.8168,7.5000,125.9504,286.3409,normal
3,204,2026-01-01 22:09:00,84.4978,2669.0351,117.8433,44.1399,39.8091,77.8844,67.3520,75.5378,22.8168,7.5000,124.3069,296.4100,normal
3,205,2026-01-01 22:12:00,84.3210,2663.3290,118.1077,45.2088,39.0010,77.7565,67.3520,75.5378,22.8703,7.5000,123.3220,298.0408,normal
3,206,2026-01-01 22:15:00,91.4837,2658.4842,117.6604,43.9098,43.3099,77.7961,67.3520,75.5378,22.8703,7.5000,134.7936,293.9467,normal
3,207,2026-01-01 22:18:00,91.4899,2653.1326,116.9765,44.7504,43.0119,78.1408,67.3520,75.5378,22.8703,7.5000,134.5018,310.1727,normal
3,208,2026-01-01 22:21:00,87.5896,2672.2431,116.6816,47.5626,43.2048,77.8596,67.3520,75.5378,22.8703,7.5000,130.7944,303.4001,normal
3,209,2026-01-01 22:24:00,92.2575,2675.2488,116.5880,49.9036,42.6610,77.6738,67.3520,75.5378,22.8703,7.5000,134.9185,310.6886,normal
3,210,2026-01-01 22:27:00,86.6690,2664.8461,117.6933,49.3365,42.1944,77.2508,67.3520,75.5378,22.8703,7.5000,128.8635,303.0724,normal
3,211,2026-01-01 22:30:00,89.3412,2673.4308,117.7452,49.4816,40.4033,77.3301,67.3520,75.5378,21.6961,7.5000,129.7445,302.9020,normal
3,212,2026-01-01 22:33:00,92.7382,2667.0136,117.5844,52.1923,42.2204,78.3928,67.3520,75.5378,21.6961,7.5000,134.9586,305.2772,normal
3,213,2026-01-01 22:36:00,96.1079,2668.9305,117.6093,50.8913,43.2632,78.4182,67.3520,75.5378,21.6961,7.5000,139.3711,304.4458,normal
3,214,2026-01-01 22:39:00,94.8832,2686.0124,117.2084,56.3026,41.9751,78.5239,67.3520,75.5378,21.6961,7.5000,136.8582,305.6504,normal
3,215,2026-01-01 22:42:00,99.5023,2698.9856,116.9953,61.0093,43.9824,79.2687,67.3520,75.5378,21.6961,7.5000,143.4847,305.7067,normal
3,216,2026-01-01 22:45:00,104.3947,2690.4336,117.6387,62.1607,45.2329,78.8575,67.3520,75.5378,21.6961,7.5000,149.6276,312.8393,normal
3,217,2026-01-01 22:48:00,98.6304,2708.7542,118.2273,61.1518,44.2857,78.4868,67.3520,75.5378,24.8507,7.5000,142.9161,314.5718,normal
3,218,2026-01-01 22:51:00,99.2165,2722.7554,117.5164,63.6443,46.1571,79.6886,67.3520,75.5378,24.8507,7.5000,145.3736,316.2153,normal
3,219,2026-01-01 22:54:00,97.8406,2713.2738,118.4621,61.7440,45.0468,79.7283,67.3520,75.5378,24.8507,7.5000,142.8874,319.0953,normal
3,220,2026-01-01 22:57:00,94.6426,2711.5847,118.8884,64.3320,49.1668,79.4568,67.3520,75.5378,24.8507,7.5000,143.8094,323.9109,normal
3,221,2026-01-01 23:00:00,93.0050,2706.1034,118.5783,66.9392,46.4095,81.0277,67.3520,75.5378,24.8507,7.5000,139.4145,326.1579,normal
3,222,2026-01-01 23:03:00,93.8618,2702.1848,118.5957,63.0901,45.5913,81.2893,67.3520,75.5378,24.8507,7.5000,139.4530,317.4516,normal
3,223,2026-01-01 23:06:00,96.9951,2691.3136,118.0871,58.7935,46.9732,80.0228,67.3520,75.5378,25.8874,7.5000,143.9683,318.8173,normal
3,224,2026-01-01 23:09:00,96.9011,2692.1261,118.4374,59.2510,44.3114,80.2990,67.3520,75.5378,25.8874,7.5000,141.2126,324.0781,normal
3,225,2026-01-01 23:12:00,97.1364,2692.3811,117.5419,63.0351,45.0433,80.0889,67.3520,75.5378,25.8874,7.5000,142.1797,316.6778,normal
3,226,2026-01-01 23:15:00,98.6854,2696.5917,118.0232,53.3962,39.7340,79.4499,51.5130,75.5378,25.8874,7.5000,138.4194,323.7678,normal
3,227,2026-01-01 23:18:00,98.2741,2701.6782,118.3370,54.0981,41.8908,79.0279,51.5130,75.5378,25.8874,7.5000,140.1649,311.5615,normal
3,228,2026-01-01 23:21:00,97.6144,2713.7232,118.4215,50.1294,42.8394,78.1290,51.5130,75.5378,25.8874,7.5000,140.4538,312.4310,normal
3,229,2026-01-01 23:24:00,95.5432,2709.0820,118.6654,48.7857,42.9480,78.5950,51.5130,75.5378,29.3255,7.5000,138.4912,323.2919,normal
3,230,2026-01-01 23:27:00,97.8565,2708.4394,119.0824,44.6270,41.9504,78.5483,51.5130,75.5378,29.3255,7.5000,139.8068,313.5688,normal
3,231,2026-01-01 23:30:00,102.0486,2705.5619,119.2548,48.3866,42.6008,78.6036,51.5130,75.5378,29.3255,7.5000,144.6494,316.9770,normal
3,232,2026-01-01 23:33:00,103.9646,2699.5612,119.4081,51.6557,41.4442,79.5797,51.5130,75.5378,29.3255,7.5000,145.4088,314.0844,normal
3,233,2026-01-01 23:36:00,102.2857,2714.6171,119.5185,55.5118,39.1057,80.3627,51.5130,75.5378,29.3255,7.5000,141.3915,309.5240,normal
3,234,2026-01-01 23:39:00,101.3127,2723.2307,119.5697,55.2945,39.3654,80.0716,51.5130,75.5378,29.3255,7.5000,140.6780,301.6261,normal
3,235,2026-01-01 23:42:00,101.5420,2716.0787,120.2865,53.7717,40.3221,79.9466,51.5130,75.5378,32.5579,7.5000,141.8641,303.2821,normal
3,236,2026-01-01 23:45:00,101.6943,2714.2436,120.6623,50.0976,40.8296,79.5642,51.5130,75.5378,32.5579,7.5000,142.5239,306.5911,normal
3,237,2026-01-01 23:48:00,100.0255,2713.1233,120.4382,53.6721,39.9885,80.8336,51.5130,75.5378,32.5579,7.5000,140.0140,302.1012,normal
3,238,2026-01-01 23:51:00,100.2449,2723.2375,119.5828,57.5769,41.6538,81.1472,51.5130,75.5378,32.5579,7.5000,141.8987,300.8353,normal
3,239,2026-01-01 23:54:00,100.3766,2723.4682,119.3906,54.1346,42.8226,80.1556,51.5130,75.5378,32.5579,7.5000,143.1992,306.0727,normal
3,240,2026-01-01 23:57:00,101.6706,2726.9071,119.3275,49.2633,45.2521,80.2786,51.5130,75.5378,32.5579,7.5000,146.9227,314.2641,normal
3,241,2026-01-02 00:00:00,102.2692,2706.9663,119.2350,52.7495,44.0367,79.9824,51.5130,53.3630,30.0980,7.5000,146.3059,317.3958,normal
3,242,2026-01-02 00:03:00,104.7101,2713.2442,119.7169,54.1875,40.7448,80.3666,51.5130,53.3630,30.0980,7.5000,145.4549,317.0925,normal
3,243,2026-01-02 00:06:00,107.5398,2706.1142,119.9352,52.8055,40.2594,79.8492,51.5130,53.3630,30.0980,7.5000,147.7991,305.4303,normal
3,244,2026-01-02 00:09:00,102.4291,2721.0133,120.5763,53.6109,40.8180,80.7825,51.5130,53.3630,30.0980,7.5000,143.2470,300.0889,normal
3,245,2026-01-02 00:12:00,99.7169,2723.0239,120.1049,51.4909,40.9218,79.5881,51.5130,53.3630,30.0980,7.5000,140.6387,300.7346,normal
3,246,2026-01-02 00:15:00,99.3646,2710.7185,120.8672,51.2239,39.5294,80.8025,51.5130,53.3630,30.0980,7.5000,138.8940,303.7117,normal
3,247,2026-01-02 00:18:00,97.3137,2706.7362,121.3303,54.9166,39.0948,80.7406,51.5130,53.3630,32.1922,7.5000,136.4085,299.1513,normal
3,248,2026-01-02 00:21:00,95.9003,2704.3669,120.4565,54.0400,41.9376,81.0838,51.5130,53.3630,32.1922,7.5000,137.8379,303.0679,normal
3,249,2026-01-02 00:24:00,97.8926,2692.0419,120.5118,56.0288,41.1093,81.3796,51.5130,53.3630,32.1922,7.5000,139.0019,305.8225,normal
3,250,2026-01-02 00:27:00,99.2331,2685.7236,119.7308,58.2855,40.1812,81.4425,51.5130,53.3630,32.1922,7.5000,139.4143,294.3158,normal
3,251,2026-01-02 00:30:00,98.2871,2699.4931,119.0593,58.7280,41.2295,81.3372,49.3973,53.3630,32.1922,7.5000,139.5166,300.6439,normal
3,252,2026-01-02 00:33:00,99.8249,2705.5498,118.8083,57.9970,42.2479,80.4324,49.3973,53.3630,32.1922,7.5000,142.0727,303.5496,normal
3,253,2026-01-02 00:36:00,99.4684,2705.0376,119.1602,57.8981,41.9451,80.7791,49.3973,53.3630,30.2191,7.5000,141.4135,307.0907,normal
3,254,2026-01-02 00:39:00,104.9788,2708.6317,119.4655,58.4075,41.5144,79.8924,49.3973,53.3630,30.2191,7.5000,146.4932,309.5067,normal
3,255,2026-01-02 00:42:00,102.7988,2703.5758,119.3113,53.1043,41.3454,79.7168,49.3973,53.3630,30.2191,7.5000,144.1442,311.1115,normal
3,256,2026-01-02 00:45:00,99.8753,2702.7677,119.8990,59.0122,41.6509,81.0890,49.3973,53.3630,30.2191,7.5000,141.5261,308.6144,normal
3,257,2026-01-02 00:48:00,103.2378,2712.1115,120.0735,63.4510,39.6140,81.0830,49.3973,53.3630,30.2191,7.5000,142.8518,309.1944,normal
3,258,2026-01-02 00:51:00,103.4070,2694.6160,120.7713,56.5091,38.8454,80.5104,49.3973,53.3630,30.2191,7.5000,142.2524,296.9223,normal
3,259,2026-01-02 00:54:00,106.5486,2711.5552,121.2144,56.1214,35.9298,80.6831,49.3973,53.3630,29.9446,7.5000,142.4784,301.2554,normal
3,260,2026-01-02 00:57:00,100.8351,2711.2993,120.3226,53.2955,39.6480,80.5949,49.3973,53.3630,29.9446,7.5000,140.4831,286.1460,normal
3,261,2026-01-02 01:00:00,103.5991,2737.8905,120.6844,45.6621,40.4867,80.4727,49.3973,53.3630,29.9446,7.5000,144.0858,294.8438,normal
3,262,2026-01-02 01:03:00,106.8787,2713.8268,119.8282,47.3652,44.1637,79.8014,49.3973,53.3630,29.9446,7.5000,151.0424,303.5847,normal
3,263,2026-01-02 01:06:00,103.7610,2710.6975,120.4928,40.1481,42.4877,79.5620,49.3973,53.3630,29.9446,7.5000,146.2487,311.6972,normal
3,264,2026-01-02 01:09:00,102.7749,2720.5350,120.3804,52.2807,40.8191,80.8393,49.3973,53.3630,29.9446,7.5000,143.5941,310.4711,normal
3,265,2026-01-02 01:12:00,103.2998,2713.2408,120.9371,53.1337,38.9092,81.1749,49.3973,53.3630,34.2104,7.5000,142.2090,301.3541,normal
3,266,2026-01-02 01:15:00,105.4505,2719.5965,121.2745,51.1604,40.3212,80.2593,49.3973,53.3630,34.2104,7.5000,145.7718,296.9855,normal
3,267,2026-01-02 01:18:00,103.3832,2714.0618,120.1982,53.2282,41.9536,80.4855,49.3973,53.3630,34.2104,7.5000,145.3368,301.1780,normal
3,268,2026-01-02 01:21:00,99.2766,2716.9368,120.4198,56.3633,41.6491,81.3420,49.3973,53.3630,34.2104,7.5000,140.9257,306.9296,normal
3,269,2026-01-02 01:24:00,100.2300,2712.5216,120.1296,57.8695,39.6580,81.2417,49.3973,53.3630,34.2104,7.5000,139.8880,305.3435,normal
3,270,2026-01-02 01:27:00,98.2502,2698.3491,120.8271,56.7044,40.9540,81.3413,49.3973,53.3630,34.2104,7.5000,139.2042,307.1754,normal
3,271,2026-01-02 01:30:00,96.2034,2703.3283,120.5912,58.4429,40.3705,80.8733,49.3973,53.3630,30.1990,7.5000,136.5740,305.7982,normal
3,272,2026-01-02 01:33:00,98.6183,2694.3565,119.9310,51.8289,40.0017,81.1490,49.3973,53.3630,30.1990,7.5000,138.6200,301.6678,normal
3,273,2026-01-02 01:36:00,96.5713,2695.7071,120.2332,44.2901,39.8116,79.6960,49.3973,53.3630,30.1990,7.5000,136.3828,300.8663,normal
3,274,2026-01-02 01:39:00,95.9852,2710.9273,119.6524,42.9015,40.6130,79.8657,49.3973,53.3630,30.1990,7.5000,136.5981,296.2981,normal
3,275,2026-01-02 01:42:00,100.3767,2693.2948,118.8590,43.6839,42.0451,79.3766,49.3973,53.3630,30.1990,7.5000,142.4218,301.6653,normal
3,276,2026-01-02 01:45:00,104.1831,2690.9220,119.4447,43.7882,43.3609,79.2247,63.2158,53.3630,30.1990,7.5000,147.5440,308.4838,normal
3,277,2026-01-02 01:48:00,99.8704,2700.2467,118.9973,47.4444,42.4638,79.7442,63.2158,53.3630,27.4470,7.5000,142.3342,308.3658,normal
3,278,2026-01-02 01:51:00,102.4551,2706.5184,119.5355,44.9003,38.5556,79.2500,63.2158,53.3630,27.4470,7.5000,141.0107,310.8343,normal
3,279,2026-01-02 01:54:00,105.1136,2697.2890,120.1848,47.0202,40.1410,78.8894,63.2158,53.3630,27.4470,7.5000,145.2547,288.0090,normal
3,280,2026-01-02 01:57:00,105.0293,2702.4540,120.5270,49.9860,39.2975,79.5010,63.2158,53.3630,27.4470,7.5000,144.3269,297.8472,normal
3,281,2026-01-02 02:00:00,105.6699,2701.4364,119.6757,50.0096,42.5579,80.0975,63.2158,40.7717,27.4470,7.5000,148.2279,294.5148,normal
3,282,2026-01-02 02:03:00,105.6499,2709.1746,119.5435,52.6781,42.6547,80.6849,63.2158,40.7717,27.4470,7.5000,148.3046,295.0544,normal
3,283,2026-01-02 02:06:00,105.2718,2708.1784,119.6803,55.9840,43.0072,80.2721,63.2158,40.7717,32.6819,7.5000,148.2790,305.0482,normal
3,284,2026-01-02 02:09:00,105.5681,2715.5100,120.1732,54.1083,43.2944,80.0919,63.2158,40.7717,32.6819,7.5000,148.8625,307.1751,normal
3,285,2026-01-02 02:12:00,102.2555,2713.2280,119.8359,50.1251,45.2854,80.0100,63.2158,40.7717,32.6819,7.5000,147.5409,307.9761,normal
3,286,2026-01-02 02:15:00,102.8733,2722.6194,119.5175,47.7125,46.6771,80.2743,63.2158,40.7717,32.6819,7.5000,149.5503,315.7953,normal
3,287,2026-01-02 02:18:00,98.9310,2713.5778,119.5031,54.0969,45.3990,80.7668,63.2158,40.7717,32.6819,7.5000,144.3300,316.0106,normal
3,288,2026-01-02 02:21:00,96.2654,2714.0836,119.6620,55.7582,47.0214,81.0009,63.2158,40.7717,32.6819,7.5000,143.2868,315.7174,normal
3,289,2026-01-02 02:24:00,96.3455,2694.3807,119.1340,59.3841,45.8347,80.9354,63.2158,40.7717,31.2618,7.5000,142.1802,320.0895,normal
3,290,2026-01-02 02:27:00,101.9531,2695.7686,119.6776,61.0954,45.4894,81.1853,63.2158,40.7717,31.2618,7.5000,147.4425,313.6632,normal
3,291,2026-01-02 02:30:00,96.7153,2701.2659,118.3920,62.0588,46.2774,80.9409,63.2158,40.7717,31.2618,7.5000,142.9926,312.2618,normal
3,292,2026-01-02 02:33:00,96.0042,2711.5422,117.9870,64.3508,45.6020,81.2291,63.2158,40.7717,31.2618,7.5000,141.6062,320.6705,normal
3,293,2026-01-02 02:36:00,95.7542,2689.3132,117.4973,65.9543,48.1308,80.4386,63.2158,40.7717,31.2618,7.5000,143.8850,317.3508,normal
3,294,2026-01-02 02:39:00,97.8883,2684.6652,118.8480,63.9310,45.8134,80.1735,63.2158,40.7717,31.2618,7.5000,143.7017,321.6103,normal
3,295,2026-01-02 02:42:00,98.2578,2694.7020,118.8221,58.8047,44.1010,79.6304,63.2158,40.7717,26.7646,7.5000,142.3588,316.7605,normal
3,296,2026-01-02 02:45:00,99.9893,2691.8297,118.3308,60.8799,45.3517,80.8977,63.2158,40.7717,26.7646,7.5000,145.3409,309.9118,normal
3,297,2026-01-02 02:48:00,99.8778,2688.3148,118.7300,58.6477,43.5421,79.9248,63.2158,40.7717,26.7646,7.5000,143.4199,314.2933,normal
3,298,2026-01-02 02:51:00,100.3579,2695.9391,119.0299,57.9077,43.6314,79.6198,63.2158,40.7717,26.7646,7.5000,143.9894,306.0051,normal
3,299,2026-01-02 02:54:00,100.7729,2693.9072,119.0149,52.9098,42.7168,79.4217,63.2158,40.7717,26.7646,7.5000,143.4897,305.6353,normal
3,300,2026-01-02 02:57:00,99.2669,2689.4003,119.4036,58.4125,43.8411,80.2400,63.2158,40.7717,26.7646,7.5000,143.1080,309.1631,normal
4,1,2026-01-01 18:00:00,98.3467,2706.9117,120.0310,50.9542,39.2468,79.7154,38.5530,71.6134,30.5974,7.5000,137.5935,307.2183,corr_break
4,2,2026-01-01 18:03:00,97.8178,2699.2129,119.8477,52.8896,39.4486,80.1311,38.5530,71.6134,30.5974,7.5000,137.2664,306.2225,corr_break
4,3,2026-01-01 18:06:00,95.5122,2706.5088,120.1770,55.8674,37.4724,80.3054,38.5530,71.6134,30.5974,7.5000,132.9847,303.2783,corr_break
4,4,2026-01-01 18:09:00,95.6864,2711.2948,119.9263,54.2517,39.2277,80.3290,38.5530,71.6134,30.5974,7.5000,134.9141,299.4206,corr_break
4,5,2026-01-01 18:12:00,98.1150,2696.8404,119.8417,47.2328,39.6998,79.9995,38.5530,71.6134,30.5974,7.5000,137.8148,307.6477,corr_break
4,6,2026-01-01 18:15:00,97.2108,2698.6252,119.8942,50.6017,39.1027,80.0511,38.5530,71.6134,30.5974,7.5000,136.3135,310.6139,corr_break
4,7,2026-01-01 18:18:00,98.2436,2700.3938,119.8993,42.3036,36.3280,79.1719,38.5530,71.6134,28.5807,7.5000,134.5715,300.4235,corr_break
4,8,2026-01-01 18:21:00,103.1349,2700.2718,119.9860,47.4192,35.9763,79.4497,38.5530,71.6134,28.5807,7.5000,139.1113,298.4476,corr_break
4,9,2026-01-01 18:24:00,103.2062,2703.7803,120.4683,47.9321,36.8401,79.5509,38.5530,71.6134,28.5807,7.5000,140.0463,291.2759,corr_break
4,10,2026-01-01 18:27:00,102.8878,2727.6981,119.9601,52.0152,37.9194,79.8243,38.5530,71.6134,28.5807,7.5000,140.8071,295.5467,corr_break
4,11,2026-01-01 18:30:00,103.5820,2726.4259,119.2848,50.1431,39.8604,79.9960,38.5530,71.6134,28.5807,7.5000,143.4424,306.1938,corr_break
4,12,2026-01-01 18:33:00,107.1188,2719.2675,120.7427,49.0606,39.8489,79.8932,38.5530,71.6134,28.5807,7.5000,146.9677,310.9370,corr_break
4,13,2026-01-01 18:36:00,110.8842,2730.1239,121.1885,48.9073,37.4119,79.5785,38.5530,71.6134,32.8110,7.5000,148.2961,302.5130,corr_break
4,14,2026-01-01 18:39:00,110.0330,2736.2680,120.8963,48.3940,38.5889,80.7022,38.5530,71.6134,32.8110,7.5000,148.6219,295.3936,corr_break
4,15,2026-01-01 18:42:00,102.4163,2741.0940,120.9214,44.1703,40.3342,80.4552,38.5530,71.6134,32.8110,7.5000,142.7505,301.9147,corr_break
4,16,2026-01-01 18:45:00,100.3375,2740.0548,121.3184,45.1754,38.8097,80.9793,38.5530,71.6134,32.8110,7.5000,139.1472,312.3465,corr_break
4,17,2026-01-01 18:48:00,101.1101,2715.4466,122.8116,43.0950,35.3741,80.5850,38.5530,71.6134,32.8110,7.5000,136.4841,308.1878,corr_break
4,18,2026-01-01 18:51:00,100.8855,2712.5208,122.4310,45.0428,35.8825,80.9998,38.5530,71.6134,32.8110,7.5000,136.7680,291.7925,corr_break
4,19,2026-01-01 18:54:00,97.4325,2709.0706,120.9740,45.1831,38.3306,81.3173,38.5530,71.6134,30.9171,7.5000,135.7630,292.7709,corr_break
4,20,2026-01-01 18:57:00,97.6289,2701.4644,120.7051,48.9365,36.1265,81.1027,38.5530,71.6134,30.9171,7.5000,133.7554,301.2126,corr_break
4,21,2026-01-01 19:00:00,97.1757,2703.2948,121.1104,48.3061,34.8730,80.3822,38.5530,71.6134,30.9171,7.5000,132.0487,292.9444,corr_break
4,22,2026-01-01 19:03:00,103.9985,2702.1390,120.6256,47.7192,36.9630,79.8575,38.5530,71.6134,30.9171,7.5000,140.9615,280.9736,corr_break
4,23,2026-01-01 19:06:00,102.5373,2706.6300,120.6916,44.9927,36.1822,80.1068,38.5530,71.6134,30.9171,7.5000,138.7195,299.2742,corr_break
4,24,2026-01-01 19:09:00,103.7216,2717.1786,120.7376,44.2185,36.4582,80.1263,38.5530,71.6134,30.9171,7.5000,140.1799,290.9102,corr_break
4,25,2026-01-01 19:12:00,98.1363,2713.6758,120.1658,40.0667,37.9789,79.3000,38.5530,71.6134,32.6453,7.5000,136.1151,292.4921,corr_break
4,26,2026-01-01 19:15:00,103.2365,2727.4316,120.9612,44.5188,40.5781,79.5846,60.4931,71.6134,32.6453,7.5000,143.8146,299.9109,corr_break
4,27,2026-01-01 19:18:00,102.4516,2708.4056,120.5372,44.8885,41.5911,79.3853,60.4931,71.6134,32.6453,7.5000,144.0427,303.7624,corr_break
4,28,2026-01-01 19:21:00,106.1257,2713.2075,120.9944,39.6117,39.4561,80.0412,60.4931,71.6134,32.6453,7.5000,145.5818,304.4627,corr_break
4,29,2026-01-01 19:24:00,109.9048,2698.2727,120.2381,46.9588,39.6883,80.2092,60.4931,71.6134,32.6453,7.5000,149.5930,295.8818,corr_break
4,30,2026-01-01 19:27:00,108.7556,2710.0330,121.5837,43.8321,37.3338,80.3466,60.4931,71.6134,32.6453,7.5000,146.0895,299.6176,corr_break
4,31,2026-01-01 19:30:00,108.8591,2724.2628,120.6239,44.9849,37.1967,79.5843,60.4931,71.6134,32.3834,7.5000,146.0558,288.6059,corr_break
4,32,2026-01-01 19:33:00,109.7033,2728.6256,120.7613,48.4783,39.3704,80.2158,60.4931,71.6134,32.3834,7.5000,149.0737,287.3254,corr_break
4,33,2026-01-01 19:36:00,108.5875,2730.6717,121.9767,52.9766,37.8222,80.4663,60.4931,71.6134,32.3834,7.5000,146.4097,296.3632,corr_break
4,34,2026-01-01 19:39:00,108.1876,2723.0961,121.8423,50.1335,40.5524,80.6206,60.4931,71.6134,32.3834,7.5000,148.7400,297.1799,corr_break
4,35,2026-01-01 19:42:00,107.1537,2720.0779,121.8301,49.6627,38.0234,81.4253,60.4931,71.6134,32.3834,7.5000,145.1771,296.9354,corr_break
4,36,2026-01-01 19:45:00,108.1136,2723.1497,121.8743,49.1266,36.8072,81.2707,60.4931,71.6134,32.3834,7.5000,144.9207,295.1700,corr_break
4,37,2026-01-01 19:48:00,108.5080,2731.6123,121.7391,47.5813,39.5405,81.2326,60.4931,71.6134,33.6997,7.5000,148.0484,288.0956,corr_break
4,38,2026-01-01 19:51:00,108.3917,2723.3154,120.6022,41.4470,41.9101,80.4536,60.4931,71.6134,33.6997,7.5000,150.3018,295.7864,corr_break
4,39,2026-01-01 19:54:00,110.5279,2718.9725,121.4152,50.9161,39.0513,81.2901,60.4931,71.6134,33.6997,7.5000,149.5792,308.1917,corr_break
4,40,2026-01-01 19:57:00,115.8212,2720.6941,121.9341,47.1655,36.7837,80.5759,60.4931,71.6134,33.6997,7.5000,152.6049,298.0152,corr_break
4,41,2026-01-01 20:00:00,112.9732,2726.4435,121.8233,45.4409,36.5027,80.6687,60.4931,63.1511,33.6997,7.5000,149.4758,286.8075,corr_break
4,42,2026-01-01 20:03:00,112.5838,2748.4846,122.0881,45.4419,39.0809,81.1776,60.4931,63.1511,33.6997,7.5000,151.6647,282.6563,corr_break
4,43,2026-01-01 20:06:00,113.3751,2734.5863,121.7300,47.4015,39.1412,80.8188,60.4931,63.1511,39.2606,7.5000,152.5163,294.0656,corr_break
4,44,2026-01-01 20:09:00,113.8260,2735.1269,123.0901,50.7798,38.7066,81.1692,60.4931,63.1511,39.2606,7.5000,152.5326,298.7527,corr_break
4,45,2026-01-01 20:12:00,114.1878,2738.4915,122.2236,44.4896,37.9071,80.6421,60.4931,63.1511,39.2606,7.5000,152.0949,297.1693,corr_break
4,46,2026-01-01 20:15:00,107.2229,2733.7351,122.1440,46.8281,40.0931,82.1076,60.4931,63.1511,39.2606,7.5000,147.3159,294.0768,corr_break
4,47,2026-01-01 20:18:00,104.4255,2735.3345,122.6102,45.0472,37.8853,81.3569,60.4931,63.1511,39.2606,7.5000,142.3108,294.2818,corr_break
4,48,2026-01-01 20:21:00,106.4427,2716.9782,122.7271,42.2554,38.5461,81.3690,60.4931,63.1511,39.2606,7.5000,144.9888,290.8036,corr_break
4,49,2026-01-01 20:24:00,106.0558,2708.8489,122.9375,47.0250,35.8322,81.5430,60.4931,63.1511,34.8311,7.5000,141.8881,288.6319,corr_break
4,50,2026-01-01 20:27:00,109.3807,2703.8382,122.2175,50.6930,37.4392,81.7275,60.4931,63.1511,34.8311,7.5000,146.8199,284.9441,corr_break
4,51,2026-01-01 20:30:00,107.9958,2709.8696,121.7698,51.4680,36.8608,82.4661,60.8394,63.1511,34.8311,7.5000,144.8566,290.7921,corr_break
4,52,2026-01-01 20:33:00,107.7419,2717.6106,121.8580,53.4258,37.8411,81.4342,60.8394,63.1511,34.8311,7.5000,145.5830,284.0970,corr_break
4,53,2026-01-01 20:36:00,111.6178,2715.1601,121.8518,55.9764,36.5920,81.1558,60.8394,63.1511,34.8311,7.5000,148.2098,291.3213,corr_break
4,54,2026-01-01 20:39:00,105.2005,2713.8284,122.2289,59.1444,36.8475,81.3642,60.8394,63.1511,34.8311,7.5000,142.0480,281.9378,corr_break
4,55,2026-01-01 20:42:00,108.4643,2720.9775,121.9374,54.7954,37.2088,81.3313,60.8394,63.1511,33.6589,7.5000,145.6731,288.6936,corr_break
4,56,2026-01-01 20:45:00,104.1285,2704.0130,122.2891,56.3882,36.6338,81.9497,60.8394,63.1511,33.6589,7.5000,140.7623,286.4700,corr_break
4,57,2026-01-01 20:48:00,103.1908,2704.8326,122.5479,53.2072,35.3090,81.2603,60.8394,63.1511,33.6589,7.5000,138.4999,289.4391,corr_break
4,58,2026-01-01 20:51:00,103.8946,2695.5344,122.3605,53.3817,34.0932,81.2430,60.8394,63.1511,33.6589,7.5000,137.9877,277.5070,corr_break
4,59,2026-01-01 20:54:00,101.6458,2693.2039,122.6412,47.7574,34.9200,81.6702,60.8394,63.1511,33.6589,7.5000,136.5658,277.9505,corr_break
4,60,2026-01-01 20:57:00,106.4785,2696.2834,122.1787,40.7009,32.6016,80.1787,60.8394,63.1511,33.6589,7.5000,139.0801,275.6553,corr_break
4,61,2026-01-01 21:00:00,107.1114,2687.9643,121.6737,44.7422,35.3626,80.7250,60.8394,63.1511,31.9147,7.5000,142.4740,266.5060,corr_break
4,62,2026-01-01 21:03:00,106.8197,2700.0421,121.8222,45.0101,33.6929,80.5668,60.8394,63.1511,31.9147,7.5000,140.5125,282.4235,corr_break
4,63,2026-01-01 21:06:00,106.5924,2705.4352,121.1458,43.4330,34.7014,80.4025,60.8394,63.1511,31.9147,7.5000,141.2939,274.4268,corr_break
4,64,2026-01-01 21:09:00,107.4186,2703.3500,121.7689,46.2345,35.4427,80.1972,60.8394,63.1511,31.9147,7.5000,142.8613,276.0486,corr_break
4,65,2026-01-01 21:12:00,103.4016,2704.3508,121.9569,52.1072,36.0850,80.4985,60.8394,63.1511,31.9147,7.5000,139.4866,277.3548,corr_break
4,66,2026-01-01 21:15:00,104.8409,2713.5601,121.9443,58.2839,36.0625,81.4850,60.8394,63.1511,31.9147,7.5000,140.9033,284.5026,corr_break
4,67,2026-01-01 21:18:00,103.7897,2696.0603,121.4536,57.6898,37.6537,81.3699,60.8394,63.1511,34.1486,7.5000,141.4434,278.1974,corr_break
4,68,2026-01-01 21:21:00,104.9631,2698.9813,122.1147,56.0105,34.5341,81.4742,60.8394,63.1511,34.1486,7.5000,139.4971,285.8366,corr_break
4,69,2026-01-01 21:24:00,107.2606,2700.0236,121.2301,55.2599,34.7047,81.1205,60.8394,63.1511,34.1486,7.5000,141.9653,279.0591,corr_break
4,70,2026-01-01 21:27:00,100.3924,2705.3936,122.0564,47.4907,34.0443,81.1529,60.8394,63.1511,34.1486,7.5000,134.4368,280.8108,corr_break
4,71,2026-01-01 21:30:00,104.3801,2709.5320,121.5940,49.3100,36.6243,80.4001,60.8394,63.1511,34.1486,7.5000,141.0044,272.3635,corr_break
4,72,2026-01-01 21:33:00,103.5417,2693.1648,121.6631,45.3554,37.2717,80.0428,60.8394,63.1511,34.1486,7.5000,140.8133,284.0246,corr_break
4,73,2026-01-01 21:36:00,109.8408,2698.7300,121.6930,40.9556,37.1425,79.7475,60.8394,63.1511,29.2738,7.5000,146.9833,283.1759,corr_break
4,74,2026-01-01 21:39:00,111.7994,2704.0273,120.4633,40.5343,37.2958,79.9468,60.8394,63.1511,29.2738,7.5000,149.0952,285.2072,corr_break
4,75,2026-01-01 21:42:00,110.9628,2719.6402,120.5958,45.2060,36.6258,80.3632,60.8394,63.1511,29.2738,7.5000,147.5886,287.6713,corr_break
4,76,2026-01-01 21:45:00,109.2865,2725.3391,121.1910,46.9979,34.1267,79.9790,36.8654,63.1511,29.2738,7.5000,143.4131,286.1448,corr_break
4,77,2026-01-01 21:48:00,109.1727,2725.4673,122.0591,46.1818,35.3619,80.4730,36.8654,63.1511,29.2738,7.5000,144.5346,284.8988,corr_break
4,78,2026-01-01 21:51:00,108.5762,2729.8165,123.3177,44.2641,33.5209,79.6173,36.8654,63.1511,29.2738,7.5000,142.0971,290.7179,corr_break
4,79,2026-01-01 21:54:00,111.5645,2732.1032,123.2481,45.4990,32.7944,81.1678,36.8654,63.1511,37.0393,7.5000,144.3590,281.6032,corr_break
4,80,2026-01-01 21:57:00,106.3273,2728.9085,122.6846,44.8422,36.3376,81.0428,36.8654,63.1511,37.0393,7.5000,142.6649,283.8745,corr_break
4,81,2026-01-01 22:00:00,102.1284,2741.1862,122.7883,47.4582,34.5575,81.5025,36.8654,51.8692,37.0393,7.5000,136.6858,291.2216,corr_break
4,82,2026-01-01 22:03:00,103.8803,2718.5637,122.3102,43.4392,38.0739,81.4420,36.8654,51.8692,37.0393,7.5000,141.9542,287.0671,corr_break
4,83,2026-01-01 22:06:00,102.1311,2706.6664,122.7388,42.8688,35.7503,81.3963,36.8654,51.8692,37.0393,7.5000,137.8814,299.3235,corr_break
4,84,2026-01-01 22:09:00,98.9959,2713.1099,121.9803,45.7197,36.6156,81.6293,36.8654,51.8692,37.0393,7.5000,135.6115,287.5106,corr_break
4,85,2026-01-01 22:12:00,98.8335,2707.7178,121.1059,49.4546,37.8314,81.6227,36.8654,51.8692,33.5545,7.5000,136.6649,294.0515,corr_break
4,86,2026-01-01 22:15:00,99.4489,2697.9894,121.9594,50.1970,34.2605,81.1383,36.8654,51.8692,33.5545,7.5000,133.7094,293.0240,corr_break
4,87,2026-01-01 22:18:00,95.5446,2698.6532,121.6913,47.3759,35.6732,80.1701,36.8654,51.8692,33.5545,7.5000,131.2178,286.5859,corr_break
4,88,2026-01-01 22:21:00,96.4433,2693.5927,121.2323,43.2762,34.5062,80.7679,36.8654,51.8692,33.5545,7.5000,130.9494,289.2992,corr_break
4,89,2026-01-01 22:24:00,98.7517,2700.3314,120.9240,39.5968,34.1662,80.1671,36.8654,51.8692,33.5545,7.5000,132.9179,287.6844,corr_break
4,90,2026-01-01 22:27:00,97.5571,2700.3608,120.5114,46.0548,39.1765,80.2111,36.8654,51.8692,33.5545,7.5000,136.7335,285.5551,corr_break
4,91,2026-01-01 22:30:00,98.0977,2695.9093,119.6681,50.8728,38.1612,80.2869,36.8654,51.8692,29.9212,7.5000,136.2589,299.4305,corr_break
4,92,2026-01-01 22:33:00,101.5361,2700.5932,120.0582,55.9132,38.9377,80.8041,36.8654,51.8692,29.9212,7.5000,140.4738,298.6188,corr_break
4,93,2026-01-01 22:36:00,100.5337,2699.6929,119.9920,54.3645,37.3597,80.2646,36.8654,51.8692,29.9212,7.5000,137.8934,303.4063,corr_break
4,94,2026-01-01 22:39:00,101.8375,2697.1509,120.4275,60.6473,36.4015,80.8765,36.8654,51.8692,29.9212,7.5000,138.2390,299.1116,corr_break
4,95,2026-01-01 22:42:00,103.6508,2694.5954,121.0307,61.0071,34.7183,80.9613,36.8654,51.8692,29.9212,7.5000,138.3691,288.9179,corr_break
4,96,2026-01-01 22:45:00,100.3377,2705.6788,121.4483,54.3065,33.5894,80.6511,36.8654,51.8692,29.9212,7.5000,133.9271,288.2492,corr_break
4,97,2026-01-01 22:48:00,99.3227,2704.1497,121.4440,54.4310,34.3739,80.6202,36.8654,51.8692,32.9313,7.5000,133.6966,280.7410,corr_break
4,98,2026-01-01 22:51:00,102.2206,2701.3584,121.7842,50.9146,34.4214,80.9143,36.8654,51.8692,32.9313,7.5000,136.6420,282.7296,corr_break
4,99,2026-01-01 22:54:00,103.8938,2699.5162,121.9048,50.1707,34.6625,80.9748,36.8654,51.8692,32.9313,7.5000,138.5563,283.5350,corr_break
4,100,2026-01-01 22:57:00,104.9279,2703.1181,121.0883,49.0904,35.7034,80.4978,36.8654,51.8692,32.9313,7.5000,140.6313,290.2836,corr_break
4,101,2026-01-01 23:00:00,109.5042,2709.6193,121.1235,46.4276,35.3794,80.8685,38.3207,51.8692,32.9313,7.5000,144.8836,290.4864,corr_break
4,102,2026-01-01 23:03:00,109.0509,2721.5122,121.2902,51.4476,36.9261,80.5862,38.3207,51.8692,32.9313,7.5000,145.9770,293.0656,corr_break
4,103,2026-01-01 23:06:00,107.0829,2734.8613,121.1394,51.8990,39.3521,80.5152,38.3207,51.8692,34.0567,7.5000,146.4350,286.2252,corr_break
4,104,2026-01-01 23:09:00,106.8023,2740.8908,120.7917,51.1049,40.2084,80.8819,38.3207,51.8692,34.0567,7.5000,147.0106,304.4072,corr_break
4,105,2026-01-01 23:12:00,102.4459,2727.9022,121.8564,52.3214,39.7229,80.8435,38.3207,51.8692,34.0567,7.5000,142.1688,305.9318,corr_break
4,106,2026-01-01 23:15:00,100.6518,2719.8024,122.0396,56.1763,37.0968,81.7669,38.3207,51.8692,34.0567,7.5000,137.7487,295.8081,corr_break
4,107,2026-01-01 23:18:00,99.7275,2705.4871,122.5369,52.5773,33.4739,81.8684,38.3207,51.8692,34.0567,7.5000,133.2013,293.1568,corr_break
4,108,2026-01-01 23:21:00,104.0809,2687.4005,122.4570,47.3713,33.6506,81.2627,38.3207,51.8692,34.0567,7.5000,137.7315,282.7493,corr_break
4,109,2026-01-01 23:24:00,100.1786,2689.8715,122.3851,50.4357,31.2117,81.4625,38.3207,51.8692,31.3896,7.5000,131.3903,280.2192,corr_break
4,110,2026-01-01 23:27:00,107.8564,2696.0964,121.3360,56.4932,32.5614,81.7568,38.3207,51.8692,31.3896,7.5000,140.4179,271.7860,corr_break
4,111,2026-01-01 23:30:00,105.1951,2681.4508,121.6949,51.5241,30.5603,81.3787,38.3207,51.8692,31.3896,7.5000,135.7554,274.8719,corr_break
4,112,2026-01-01 23:33:00,110.3776,2704.3727,122.5905,47.6883,30.4823,80.0017,38.3207,51.8692,31.3896,7.5000,140.8600,270.0758,corr_break
4,113,2026-01-01 23:36:00,109.7164,2702.2659,121.9749,50.1547,29.9451,80.5677,38.3207,51.8692,31.3896,7.5000,139.6615,274.5145,corr_break
4,114,2026-01-01 23:39:00,109.4671,2723.6757,123.2430,47.9658,30.9612,80.6543,38.3207,51.8692,31.3896,7.5000,140.4283,263.6753,corr_break
4,115,2026-01-01 23:42:00,109.4500,2726.9258,122.3324,51.0074,33.3316,80.8372,38.3207,51.8692,36.3123,7.5000,142.7816,270.5668,corr_break
4,116,2026-01-01 23:45:00,109.4241,2721.5719,123.2715,46.9236,32.7142,81.5465,38.3207,51.8692,36.3123,7.5000,142.1383,281.9452,corr_break
4,117,2026-01-01 23:48:00,112.1283,2717.9605,123.3602,49.3654,32.4178,81.0097,38.3207,51.8692,36.3123,7.5000,144.5461,279.1763,corr_break
4,118,2026-01-01 23:51:00,108.2740,2718.6698,123.3381,48.7413,35.0047,81.9657,38.3207,51.8692,36.3123,7.5000,143.2787,279.8611,corr_break
4,119,2026-01-01 23:54:00,107.0984,2730.5120,122.9859,51.6883,33.6014,81.7649,38.3207,51.8692,36.3123,7.5000,140.6997,285.0188,corr_break
4,120,2026-01-01 23:57:00,107.6431,2728.2453,123.1517,49.0187,33.9726,81.9193,38.3207,51.8692,36.3123,7.5000,141.6157,276.4277,corr_break
4,121,2026-01-02 00:00:00,105.4300,2720.0777,123.0557,50.0732,35.2647,81.6090,38.3207,43.9592,37.7922,7.5000,140.6947,284.7937,corr_break
4,122,2026-01-02 00:03:00,109.3360,2731.0464,122.5463,51.7976,37.0505,81.7541,38.3207,43.9592,37.7922,7.5000,146.3866,281.4430,corr_break
4,123,2026-01-02 00:06:00,104.0635,2723.0925,121.4653,55.0185,40.3899,82.2387,38.3207,43.9592,37.7922,7.5000,144.4534,292.1216,corr_break
4,124,2026-01-02 00:09:00,109.4751,2725.1485,121.6004,51.8562,38.4737,82.2492,38.3207,43.9592,37.7922,7.5000,147.9488,302.2234,corr_break
4,125,2026-01-02 00:12:00,106.2795,2712.5795,122.1466,48.7982,37.1351,81.2815,38.3207,43.9592,37.7922,7.5000,143.4146,301.5079,corr_break
4,126,2026-01-02 00:15:00,104.9706,2723.0381,122.4789,47.5621,38.6342,80.9547,57.0228,43.9592,37.7922,7.5000,143.6048,294.1549,corr_break
4,127,2026-01-02 00:18:00,105.1318,2716.0015,121.6296,47.4013,39.2021,81.2274,57.0228,43.9592,36.8762,7.5000,144.3339,292.9124,corr_break
4,128,2026-01-02 00:21:00,101.1231,2709.5558,122.7695,50.4755,37.2672,81.8733,57.0228,43.9592,36.8762,7.5000,138.3903,289.4237,corr_break
4,129,2026-01-02 00:24:00,110.1948,2703.4756,121.8245,44.2892,38.1949,80.1060,57.0228,43.9592,36.8762,7.5000,148.3897,282.1220,corr_break
4,130,2026-01-02 00:27:00,102.7502,2690.1817,121.1847,47.0027,38.8416,81.7069,57.0228,43.9592,36.8762,7.5000,141.5918,285.8219,corr_break
4,131,2026-01-02 00:30:00,102.0900,2719.4931,120.9980,50.7412,38.1575,81.3358,57.0228,43.9592,36.8762,7.5000,140.2474,290.4642,corr_break
4,132,2026-01-02 00:33:00,99.5461,2693.4168,120.4795,51.7121,39.1062,81.3900,57.0228,43.9592,36.8762,7.5000,138.6523,286.4564,corr_break
4,133,2026-01-02 00:36:00,98.0784,2679.0019,122.6365,52.3818,33.8633,80.8888,57.0228,43.9592,30.6776,7.5000,131.9417,293.3219,corr_break
4,134,2026-01-02 00:39:00,102.6008,2681.5830,121.2805,54.2661,36.3430,80.6103,57.0228,43.9592,30.6776,7.5000,138.9438,278.4711,corr_break
4,135,2026-01-02 00:42:00,102.8719,2689.5087,120.6280,49.1353,37.0188,80.7712,57.0228,43.9592,30.6776,7.5000,139.8906,278.5968,corr_break
4,136,2026-01-02 00:45:00,102.5889,2703.1469,119.9250,48.8756,40.9314,79.9571,57.0228,43.9592,30.6776,7.5000,143.5203,282.0378,corr_break
4,137,2026-01-02 00:48:00,100.8545,2704.1580,119.3364,50.5840,41.2345,80.0263,57.0228,43.9592,30.6776,7.5000,142.0890,298.3947,corr_break
4,138,2026-01-02 00:51:00,102.7413,2693.7288,120.3959,48.5595,39.3311,80.2221,57.0228,43.9592,30.6776,7.5000,142.0723,307.4666,corr_break
4,139,2026-01-02 00:54:00,102.7600,2696.3892,120.4676,50.0267,39.5082,79.7150,57.0228,43.9592,30.4956,7.5000,142.2682,294.5289,corr_break
4,140,2026-01-02 00:57:00,104.7065,2711.8496,120.5018,46.4621,39.9871,79.7661,57.0228,43.9592,30.4956,7.5000,144.6936,297.7086,corr_break
4,141,2026-01-02 01:00:00,101.5540,2705.5066,119.1726,55.0914,43.9210,80.5254,57.0228,43.9592,30.4956,7.5000,145.4750,293.8240,corr_break
4,142,2026-01-02 01:03:00,104.3675,2714.9361,119.5114,50.8781,44.3789,80.1780,57.0228,43.9592,30.4956,7.5000,148.7463,313.6974,corr_break
4,143,2026-01-02 01:06:00,101.9372,2713.7060,119.4443,53.6324,44.2047,80.0301,57.0228,43.9592,30.4956,7.5000,146.1419,313.1825,corr_break
4,144,2026-01-02 01:09:00,106.1212,2716.0535,119.7581,51.0958,45.1978,80.2052,57.0228,43.9592,30.4956,7.5000,151.3190,312.9955,corr_break
4,145,2026-01-02 01:12:00,103.2071,2709.7468,119.9705,48.0089,42.0396,79.6759,57.0228,43.9592,31.7859,7.5000,145.2467,314.6214,corr_break
4,146,2026-01-02 01:15:00,109.7958,2714.6937,120.3798,49.4339,42.1901,80.0363,57.0228,43.9592,31.7859,7.5000,151.9858,313.0859,corr_break
4,147,2026-01-02 01:18:00,109.8202,2710.4680,120.2302,51.8873,41.4292,80.6405,57.0228,43.9592,31.7859,7.5000,151.2494,301.8938,corr_break
4,148,2026-01-02 01:21:00,110.1721,2729.3921,120.3951,57.4980,41.6067,80.8038,57.0228,43.9592,31.7859,7.5000,151.7788,302.5425,corr_break
4,149,2026-01-02 01:24:00,111.6113,2728.4529,119.9351,51.0031,42.9562,80.2666,57.0228,43.9592,31.7859,7.5000,154.5675,305.6522,corr_break
4,150,2026-01-02 01:27:00,113.4576,2734.8033,121.6315,55.8986,40.7855,80.9047,57.0228,43.9592,31.7859,7.5000,154.2431,310.6323,corr_break
4,151,2026-01-02 01:30:00,110.7848,2723.7913,121.5605,53.1523,40.2867,80.6580,35.3480,43.9592,35.2922,7.5000,151.0715,302.6745,corr_break
4,152,2026-01-02 01:33:00,107.0349,2729.1053,122.0319,51.3619,36.6654,81.2906,35.3480,43.9592,35.2922,7.5000,143.7003,304.2617,corr_break
4,153,2026-01-02 01:36:00,106.8992,2721.9635,122.1470,51.7709,38.2330,81.3515,35.3480,43.9592,35.2922,7.5000,145.1322,292.6324,corr_break
4,154,2026-01-02 01:39:00,105.2022,2716.7559,122.9069,46.5424,34.1216,80.8771,35.3480,43.9592,35.2922,7.5000,139.3239,291.0658,corr_break
4,155,2026-01-02 01:42:00,103.6443,2716.2645,122.7784,51.2591,35.1702,81.6255,35.3480,43.9592,35.2922,7.5000,138.8145,284.6982,corr_break
4,156,2026-01-02 01:45:00,104.7387,2703.5460,122.2702,54.8234,36.1191,82.4620,35.3480,43.9592,35.2922,7.5000,140.8579,284.3931,corr_break
4,157,2026-01-02 01:48:00,103.9606,2718.0895,122.7183,58.9963,32.2177,82.4880,35.3480,43.9592,34.1890,7.5000,136.1783,290.7821,corr_break
4,158,2026-01-02 01:51:00,103.4807,2713.0927,122.0787,57.9938,35.6402,82.2149,35.3480,43.9592,34.1890,7.5000,139.1210,273.9157,corr_break
4,159,2026-01-02 01:54:00,110.3343,2721.4845,121.8207,55.5465,36.2894,81.7993,35.3480,43.9592,34.1890,7.5000,146.6238,291.6370,corr_break
4,160,2026-01-02 01:57:00,111.4944,2712.8642,121.5407,57.0356,38.5904,81.7078,35.3480,43.9592,34.1890,7.5000,150.0848,286.4128,corr_break
4,161,2026-01-02 02:00:00,109.5435,2743.7221,121.7939,55.2629,37.1129,81.8444,35.3480,75.0843,34.1890,7.5000,146.6564,300.3453,corr_break
4,162,2026-01-02 02:03:00,110.5389,2749.9680,121.3931,53.0644,38.2892,81.7155,35.3480,75.0843,34.1890,7.5000,148.8281,302.0114,corr_break
4,163,2026-01-02 02:06:00,111.0542,2738.9206,122.6077,49.9500,35.9208,81.1340,35.3480,75.0843,38.9402,7.5000,146.9750,299.9251,corr_break
4,164,2026-01-02 02:09:00,110.8552,2735.4218,123.2403,52.9265,35.2502,81.4384,35.3480,75.0843,38.9402,7.5000,146.1055,294.6015,corr_break
4,165,2026-01-02 02:12:00,107.1238,2728.0261,123.1954,48.2886,32.9520,81.6463,35.3480,75.0843,38.9402,7.5000,140.0758,292.1175,corr_break
4,166,2026-01-02 02:15:00,105.4220,2727.1192,123.9542,47.8204,30.7074,81.8728,35.3480,75.0843,38.9402,7.5000,136.1295,279.7324,corr_break
4,167,2026-01-02 02:18:00,105.9712,2723.2163,123.8845,45.2520,29.9826,81.4499,35.3480,75.0843,38.9402,7.5000,135.9539,272.9544,corr_break
4,168,2026-01-02 02:21:00,111.1396,2723.7495,123.3512,41.1995,41.2178,81.7471,35.3480,75.0843,38.9402,7.5000,143.5525,272.0033,corr_break
4,169,2026-01-02 02:24:00,106.6222,2726.3813,122.5308,43.1768,40.0657,81.9929,35.3480,75.0843,35.6407,7.5000,139.5637,282.6243,corr_break
4,170,2026-01-02 02:27:00,110.6981,2732.5249,122.6715,52.9361,40.1942,82.0771,35.3480,75.0843,35.6407,7.5000,144.0855,285.6252,corr_break
4,171,2026-01-02 02:30:00,104.9000,2714.0144,122.8272,53.5879,39.8379,82.0489,35.3480,75.0843,35.6407,7.5000,138.4079,288.5659,corr_break
4,172,2026-01-02 02:33:00,109.8707,2729.1122,124.0207,52.2695,39.8716,81.4633,35.3480,75.0843,35.6407,7.5000,138.9288,277.5614,corr_break
4,173,2026-01-02 02:36:00,108.6705,2709.7724,123.0070,48.0908,40.1324,81.4790,35.3480,75.0843,35.6407,7.5000,140.9503,276.3335,corr_break
4,174,2026-01-02 02:39:00,105.5231,2716.3781,123.9945,44.4468,40.1551,81.7159,35.3480,75.0843,35.6407,7.5000,136.5833,277.2768,corr_break
4,175,2026-01-02 02:42:00,100.1997,2713.0045,123.0355,50.3480,39.1577,81.5507,35.3480,75.0843,37.3240,7.5000,130.0179,275.5725,corr_break
4,176,2026-01-02 02:45:00,105.1996,2719.3059,123.7930,45.4408,39.6833,81.5614,44.2688,75.0843,37.3240,7.5000,135.6505,275.5732,corr_break
4,177,2026-01-02 02:48:00,106.2958,2695.7188,123.1931,41.8043,40.0304,80.4852,44.2688,75.0843,37.3240,7.5000,138.4799,271.2291,corr_break
4,178,2026-01-02 02:51:00,107.0159,2707.4580,123.1317,47.1643,39.4706,81.4505,44.2688,75.0843,37.3240,7.5000,137.3968,277.8958,corr_break
4,179,2026-01-02 02:54:00,106.6753,2707.3393,122.0442,47.3187,39.2373,81.3247,44.2688,75.0843,37.3240,7.5000,139.9321,270.5535,corr_break
4,180,2026-01-02 02:57:00,103.7877,2722.6110,122.8212,47.3844,39.8472,81.5465,44.2688,75.0843,37.3240,7.5000,136.6174,271.5893,corr_break
4,181,2026-01-02 03:00:00,103.6787,2727.4096,121.8449,43.5588,40.0160,80.1441,44.2688,75.0843,34.6890,7.5000,138.0026,279.0458,corr_break
4,182,2026-01-02 03:03:00,97.8092,2708.0724,122.0727,48.7345,39.8155,81.0028,44.2688,75.0843,34.6890,7.5000,133.6020,290.0316,corr_break
4,183,2026-01-02 03:06:00,98.6078,2707.6860,122.8115,50.0443,39.4591,80.7745,44.2688,75.0843,34.6890,7.5000,131.5156,284.4194,corr_break
4,184,2026-01-02 03:09:00,98.5191,2693.6916,122.2425,50.1639,40.6272,81.3492,44.2688,75.0843,34.6890,7.5000,133.0543,279.8767,corr_break
4,185,2026-01-02 03:12:00,98.2584,2686.8068,122.0577,43.6854,40.4248,80.6901,44.2688,75.0843,34.6890,7.5000,130.7629,285.9436,corr_break
4,186,2026-01-02 03:15:00,96.7415,2690.7009,121.4586,46.7495,38.9060,80.9734,44.2688,75.0843,34.6890,7.5000,128.4606,282.9501,corr_break
4,187,2026-01-02 03:18:00,95.8679,2692.0754,121.1598,51.7394,39.0964,81.5477,44.2688,75.0843,29.2871,7.5000,130.0457,272.1434,corr_break
4,188,2026-01-02 03:21:00,93.5031,2686.3070,120.3299,52.6295,40.2916,80.1580,44.2688,75.0843,29.2871,7.5000,129.3055,283.8662,corr_break
4,189,2026-01-02 03:24:00,95.0225,2686.3144,120.8210,51.8067,40.6287,80.2818,44.2688,75.0843,29.2871,7.5000,131.0155,289.2039,corr_break
4,190,2026-01-02 03:27:00,93.2882,2674.1189,120.2784,52.6749,39.9067,79.8808,44.2688,75.0843,29.2871,7.5000,128.5973,291.4605,corr_break
4,191,2026-01-02 03:30:00,94.5159,2677.2956,119.9441,53.5954,39.1929,79.8779,44.2688,75.0843,29.2871,7.5000,128.1770,288.9888,corr_break
4,192,2026-01-02 03:33:00,90.6976,2674.2758,120.2312,51.7924,39.8190,80.1584,44.2688,75.0843,29.2871,7.5000,123.9814,285.3286,corr_break
4,193,2026-01-02 03:36:00,90.3157,2682.8584,120.3589,54.7761,40.7990,79.5956,44.2688,75.0843,27.1023,7.5000,123.1976,280.8468,corr_break
4,194,2026-01-02 03:39:00,92.7292,2679.6868,120.2101,52.9280,39.2703,79.4287,44.2688,75.0843,27.1023,7.5000,127.0878,274.6342,corr_break
4,195,2026-01-02 03:42:00,95.0143,2670.4289,119.3532,46.3591,40.5797,79.1137,44.2688,75.0843,27.1023,7.5000,133.2379,290.5258,corr_break
4,196,2026-01-02 03:45:00,97.4595,2687.1674,118.7691,46.0581,39.0971,79.0409,44.2688,75.0843,27.1023,7.5000,134.7095,296.8216,corr_break
4,197,2026-01-02 03:48:00,95.9121,2699.5919,118.6026,50.6205,40.3666,78.9679,44.2688,75.0843,27.1023,7.5000,133.9194,292.4727,corr_break
4,198,2026-01-02 03:51:00,96.1768,2698.9967,118.3735,52.4344,39.9904,79.4059,44.2688,75.0843,27.1023,7.5000,136.7140,299.7208,corr_break
4,199,2026-01-02 03:54:00,98.9220,2707.0851,119.0435,48.4888,39.9908,78.7631,44.2688,75.0843,28.9062,7.5000,138.0734,309.1749,corr_break
4,200,2026-01-02 03:57:00,97.7033,2700.2453,119.3859,47.8231,40.0494,79.1215,44.2688,75.0843,28.9062,7.5000,138.1176,304.6676,corr_break
4,201,2026-01-02 04:00:00,94.0869,2717.1263,119.2245,51.2303,39.6072,79.4771,53.3154,75.5571,28.9062,7.5000,135.4657,301.5535,corr_break
4,202,2026-01-02 04:03:00,92.6219,2716.5735,119.1765,50.2863,39.4790,79.6959,53.3154,75.5571,28.9062,7.5000,135.2637,310.4814,corr_break
4,203,2026-01-02 04:06:00,92.5039,2693.7085,119.3502,57.9942,39.6829,80.4776,53.3154,75.5571,28.9062,7.5000,135.1026,309.4759,corr_break
4,204,2026-01-02 04:09:00,90.5636,2679.1335,119.7508,55.5228,40.2521,79.7316,53.3154,75.5571,28.9062,7.5000,132.2208,313.0392,corr_break
4,205,2026-01-02 04:12:00,92.4219,2676.6800,119.0921,48.7524,39.8395,79.5353,53.3154,75.5571,24.6677,7.5000,130.9605,309.6700,corr_break
4,206,2026-01-02 04:15:00,96.5227,2683.9750,118.3950,50.9848,39.3865,79.9058,53.3154,75.5571,24.6677,7.5000,135.8126,297.3910,corr_break
4,207,2026-01-02 04:18:00,99.5937,2684.8164,118.1135,47.0651,40.5332,78.6961,53.3154,75.5571,24.6677,7.5000,140.8476,298.1858,corr_break
4,208,2026-01-02 04:21:00,98.3395,2687.6830,118.5851,49.8223,40.0367,78.5805,53.3154,75.5571,24.6677,7.5000,137.2061,303.1541,corr_break
4,209,2026-01-02 04:24:00,98.1778,2691.0898,119.0066,50.4862,39.5534,78.2675,53.3154,75.5571,24.6677,7.5000,136.4559,295.9855,corr_break
4,210,2026-01-02 04:27:00,98.3872,2698.9602,119.8067,50.6876,39.3774,78.7488,53.3154,75.5571,24.6677,7.5000,134.2684,298.7142,corr_break
4,211,2026-01-02 04:30:00,97.1102,2694.9672,120.4141,47.1151,40.3356,78.6459,53.3154,75.5571,29.1986,7.5000,135.4284,284.1725,corr_break
4,212,2026-01-02 04:33:00,94.1748,2697.8903,120.3706,44.5522,39.9222,79.1410,53.3154,75.5571,29.1986,7.5000,132.4585,293.6495,corr_break
4,213,2026-01-02 04:36:00,96.2442,2696.3714,119.6799,41.1186,40.7211,79.0972,53.3154,75.5571,29.1986,7.5000,135.1532,296.6733,corr_break
4,214,2026-01-02 04:39:00,94.4153,2688.1212,120.0191,43.1679,39.7848,78.9273,53.3154,75.5571,29.1986,7.5000,132.8588,297.2184,corr_break
4,215,2026-01-02 04:42:00,99.7252,2693.4703,119.7319,39.8319,40.4775,79.3320,53.3154,75.5571,29.1986,7.5000,139.7154,289.1833,corr_break
4,216,2026-01-02 04:45:00,93.9151,2694.4830,118.9036,44.9849,39.4345,79.1311,53.3154,75.5571,29.1986,7.5000,134.0502,301.3128,corr_break
4,217,2026-01-02 04:48:00,95.9022,2707.2255,118.6758,53.8180,39.3701,80.1147,53.3154,75.5571,26.0122,7.5000,136.6151,304.0900,corr_break
4,218,2026-01-02 04:51:00,99.8203,2690.1204,118.7664,52.4097,40.2703,78.9832,53.3154,75.5571,26.0122,7.5000,140.6999,303.1496,corr_break
4,219,2026-01-02 04:54:00,101.2403,2691.4505,119.5986,54.3773,39.3688,79.5604,53.3154,75.5571,26.0122,7.5000,141.8065,307.5858,corr_break
4,220,2026-01-02 04:57:00,100.4548,2703.5908,119.1404,49.3831,40.1419,78.8745,53.3154,75.5571,26.0122,7.5000,139.7925,303.4738,corr_break
4,221,2026-01-02 05:00:00,97.5730,2701.6440,118.9946,53.9689,40.0801,79.8610,53.3154,75.5571,26.0122,7.5000,138.1684,300.7743,corr_break
4,222,2026-01-02 05:03:00,95.8203,2704.3613,119.8761,57.1313,40.7465,79.7224,53.3154,75.5571,26.0122,7.5000,135.0852,309.1060,corr_break
4,223,2026-01-02 05:06:00,94.7748,2691.2326,120.4440,59.1652,39.9892,79.8622,53.3154,75.5571,29.5608,7.5000,133.3028,295.3676,corr_break
4,224,2026-01-02 05:09:00,93.7027,2683.9090,120.5172,57.7279,40.1828,81.0601,53.3154,75.5571,29.5608,7.5000,129.9081,292.4765,corr_break
4,225,2026-01-02 05:12:00,94.9963,2682.8419,120.5398,53.8966,40.3395,80.6912,53.3154,75.5571,29.5608,7.5000,130.2837,294.3439,corr_break
4,226,2026-01-02 05:15:00,94.5307,2693.1730,120.0901,56.7221,40.0746,80.4966,63.1190,75.5571,29.5608,7.5000,132.7660,288.8405,corr_break
4,227,2026-01-02 05:18:00,95.6254,2691.3849,119.3834,52.5668,39.7527,79.8850,63.1190,75.5571,29.5608,7.5000,135.4688,292.8848,corr_break
4,228,2026-01-02 05:21:00,95.1469,2684.7844,119.2614,52.4848,40.8848,80.0318,63.1190,75.5571,29.5608,7.5000,135.8988,302.6026,corr_break
4,229,2026-01-02 05:24:00,90.3631,2699.9555,118.5200,55.3185,39.6018,79.5020,63.1190,75.5571,24.8746,7.5000,132.1917,302.3971,corr_break
4,230,2026-01-02 05:27:00,86.3910,2688.2902,118.0330,60.1313,40.4733,79.7607,63.1190,75.5571,24.8746,7.5000,130.4999,305.6980,corr_break
4,231,2026-01-02 05:30:00,91.1563,2676.6097,118.6542,62.7965,39.6962,79.8444,63.1190,75.5571,24.8746,7.5000,132.7730,320.3584,corr_break
4,232,2026-01-02 05:33:00,91.9495,2668.8205,118.2164,62.9503,40.6428,79.6159,63.1190,75.5571,24.8746,7.5000,135.6656,310.6792,corr_break
4,233,2026-01-02 05:36:00,96.3034,2690.2108,117.6083,58.7990,40.7803,79.8923,63.1190,75.5571,24.8746,7.5000,139.3347,308.7702,corr_break
4,234,2026-01-02 05:39:00,98.0858,2689.1882,116.7916,58.2737,39.5290,79.1245,63.1190,75.5571,24.8746,7.5000,144.3257,306.4926,corr_break
4,235,2026-01-02 05:42:00,94.2199,2700.4536,117.4183,54.7747,39.3820,78.8200,63.1190,75.5571,24.2014,7.5000,139.3322,317.4368,corr_break
4,236,2026-01-02 05:45:00,98.2544,2711.2336,117.5867,56.6902,40.4405,78.2216,63.1190,75.5571,24.2014,7.5000,142.5428,315.7912,corr_break
4,237,2026-01-02 05:48:00,98.5637,2695.3545,117.8446,55.8468,40.5795,78.4697,63.1190,75.5571,24.2014,7.5000,144.7576,313.1747,corr_break
4,238,2026-01-02 05:51:00,97.5266,2698.3962,118.7796,52.6383,40.6953,78.0732,63.1190,75.5571,24.2014,7.5000,141.4660,319.6919,corr_break
4,239,2026-01-02 05:54:00,98.4429,2715.0766,118.1168,51.0738,40.0204,79.0034,63.1190,75.5571,24.2014,7.5000,141.6939,313.1243,corr_break
4,240,2026-01-02 05:57:00,92.7724,2700.5736,118.4980,53.0683,39.1157,79.7906,63.1190,75.5571,24.2014,7.5000,138.6156,309.3061,corr_break
4,241,2026-01-02 06:00:00,96.0852,2684.8166,119.0688,55.2399,39.6427,79.2422,63.1190,66.2743,26.3141,7.5000,139.8933,318.9200,corr_break
4,242,2026-01-02 06:03:00,99.2860,2682.1734,119.1579,53.7482,39.9181,79.7809,63.1190,66.2743,26.3141,7.5000,138.4258,314.1980,corr_break
4,243,2026-01-02 06:06:00,98.0762,2697.0837,118.9661,51.9348,40.5934,79.7390,63.1190,66.2743,26.3141,7.5000,139.2838,295.4606,corr_break
4,244,2026-01-02 06:09:00,98.5736,2693.2673,118.3088,50.7521,39.2294,78.9339,63.1190,66.2743,26.3141,7.5000,141.6602,307.2269,corr_break
4,245,2026-01-02 06:12:00,99.3459,2697.1108,119.0026,49.7421,39.7164,79.2700,63.1190,66.2743,26.3141,7.5000,139.8529,308.5365,corr_break
4,246,2026-01-02 06:15:00,99.2026,2696.5129,118.8532,51.2527,40.4945,78.9049,63.1190,66.2743,26.3141,7.5000,142.4817,300.8054,corr_break
4,247,2026-01-02 06:18:00,97.4420,2701.0333,119.1072,46.3540,40.4941,78.7861,63.1190,66.2743,27.1535,7.5000,140.4651,307.6383,corr_break
4,248,2026-01-02 06:21:00,99.6702,2691.5144,118.7313,48.1483,40.6437,79.7062,63.1190,66.2743,27.1535,7.5000,142.7548,304.8844,corr_break
4,249,2026-01-02 06:24:00,100.3607,2702.7399,119.2741,46.2467,38.6986,78.9539,63.1190,66.2743,27.1535,7.5000,141.4435,310.1403,corr_break
4,250,2026-01-02 06:27:00,99.2243,2708.5045,119.0901,45.3772,39.7267,78.6573,63.1190,66.2743,27.1535,7.5000,141.7098,303.8317,corr_break
4,251,2026-01-02 06:30:00,96.2749,2697.7489,119.1930,41.8750,40.1263,79.0180,46.0203,66.2743,27.1535,7.5000,137.1622,306.8701,corr_break
4,252,2026-01-02 06:33:00,94.2794,2686.1992,120.0626,40.7987,39.8382,78.7109,46.0203,66.2743,27.1535,7.5000,131.6748,303.7270,corr_break
4,253,2026-01-02 06:36:00,88.8094,2696.7205,120.8000,43.5742,40.0951,79.0524,46.0203,66.2743,27.4103,7.5000,124.7088,296.8784,corr_break
4,254,2026-01-02 06:39:00,87.7426,2681.1461,119.7620,43.0913,39.7187,79.1269,46.0203,66.2743,27.4103,7.5000,125.7039,293.4406,corr_break
4,255,2026-01-02 06:42:00,88.1487,2661.5633,120.3637,48.0457,40.5298,80.3565,46.0203,66.2743,27.4103,7.5000,123.5337,290.9531,corr_break
4,256,2026-01-02 06:45:00,91.0111,2664.9101,119.6164,47.3237,40.0443,79.3252,46.0203,66.2743,27.4103,7.5000,127.5186,288.7179,corr_break
4,257,2026-01-02 06:48:00,88.8593,2670.7905,118.3693,48.4424,39.9400,79.5016,46.0203,66.2743,27.4103,7.5000,127.4357,287.1473,corr_break
4,258,2026-01-02 06:51:00,88.6145,2675.0613,117.7190,50.2405,40.0314,79.3796,46.0203,66.2743,27.4103,7.5000,127.6372,301.7889,corr_break
4,259,2026-01-02 06:54:00,86.2409,2671.6668,118.3357,49.1290,39.4956,78.0435,46.0203,66.2743,24.4693,7.5000,125.1799,304.0513,corr_break
4,260,2026-01-02 06:57:00,83.6814,2674.1625,118.4918,46.3513,40.2769,78.1400,46.0203,66.2743,24.4693,7.5000,120.5348,296.1297,corr_break
4,261,2026-01-02 07:00:00,86.1110,2663.5846,118.0623,38.8115,39.9588,77.6118,46.0203,66.2743,24.4693,7.5000,125.2647,296.6321,corr_break
4,262,2026-01-02 07:03:00,91.5618,2652.5945,118.5240,44.3230,39.9854,78.1429,46.0203,66.2743,24.4693,7.5000,128.0377,298.7266,corr_break
4,263,2026-01-02 07:06:00,93.5607,2668.5209,117.9208,40.4934,39.2883,77.4625,46.0203,66.2743,24.4693,7.5000,131.6546,291.3964,corr_break
4,264,2026-01-02 07:09:00,96.3213,2687.3600,117.0911,41.9195,39.8149,77.9107,46.0203,66.2743,24.4693,7.5000,135.7385,299.7367,corr_break
4,265,2026-01-02 07:12:00,98.1622,2693.9798,117.0534,44.6984,40.5213,77.7383,46.0203,66.2743,25.4213,7.5000,138.6673,307.3483,corr_break
4,266,2026-01-02 07:15:00,102.7303,2695.3854,118.3747,48.2438,40.8095,77.9079,46.0203,66.2743,25.4213,7.5000,143.9347,309.4228,corr_break
4,267,2026-01-02 07:18:00,99.7953,2695.8385,119.1739,50.4928,40.2811,78.0557,46.0203,66.2743,25.4213,7.5000,137.9253,306.1243,corr_break
4,268,2026-01-02 07:21:00,105.4791,2715.5939,119.7664,51.2946,40.4050,78.8150,46.0203,66.2743,25.4213,7.5000,144.0414,299.1176,corr_break
4,269,2026-01-02 07:24:00,107.2249,2707.6697,119.8938,48.8353,39.7225,79.5381,46.0203,66.2743,25.4213,7.5000,145.1920,298.1133,corr_break
4,270,2026-01-02 07:27:00,107.6700,2736.3390,120.9176,46.5806,39.5770,79.3054,46.0203,66.2743,25.4213,7.5000,147.5715,302.2248,corr_break
4,271,2026-01-02 07:30:00,105.3247,2737.9332,119.6920,49.2648,39.8871,79.5038,46.0203,66.2743,33.7949,7.5000,147.2255,303.5604,corr_break
4,272,2026-01-02 07:33:00,100.0702,2732.7285,120.8290,52.2740,40.1500,80.8792,46.0203,66.2743,33.7949,7.5000,141.7261,310.4956,corr_break
4,273,2026-01-02 07:36:00,100.9397,2725.2546,121.2407,52.8790,39.9669,79.9807,46.0203,66.2743,33.7949,7.5000,142.7963,309.1478,corr_break
4,274,2026-01-02 07:39:00,104.1985,2701.9919,121.0068,54.9532,40.9123,81.2683,46.0203,66.2743,33.7949,7.5000,145.1598,313.3819,corr_break
4,275,2026-01-02 07:42:00,103.8762,2714.5431,121.6389,49.6333,41.0535,81.2694,46.0203,66.2743,33.7949,7.5000,139.2425,302.2627,corr_break
4,276,2026-01-02 07:45:00,108.0273,2712.0881,120.1799,50.1290,40.0974,80.6835,56.4812,66.2743,33.7949,7.5000,148.1834,288.1743,corr_break
4,277,2026-01-02 07:48:00,106.9491,2715.0262,120.3088,45.9052,39.5507,80.5732,56.4812,66.2743,32.7337,7.5000,146.2280,300.7293,corr_break
4,278,2026-01-02 07:51:00,108.3240,2720.6386,121.1259,47.1109,41.0713,79.5879,56.4812,66.2743,32.7337,7.5000,147.6089,304.2596,corr_break
4,279,2026-01-02 07:54:00,107.1822,2720.1816,121.1577,49.9544,39.7595,79.9020,56.4812,66.2743,32.7337,7.5000,145.9811,296.6472,corr_break
4,280,2026-01-02 07:57:00,105.6515,2730.1125,121.7472,50.8013,40.0028,80.8219,56.4812,66.2743,32.7337,7.5000,143.5298,293.2356,corr_break
4,281,2026-01-02 08:00:00,108.2294,2713.9597,121.0836,53.7244,40.1312,81.0227,56.4812,35.2938,32.7337,7.5000,149.1747,290.2696,corr_break
4,282,2026-01-02 08:03:00,108.7082,2709.5109,121.4412,53.5898,40.4797,81.5358,56.4812,35.2938,32.7337,7.5000,148.7295,293.7362,corr_break
4,283,2026-01-02 08:06:00,104.1845,2724.1401,121.4688,54.0159,40.2711,81.3024,56.4812,35.2938,33.3172,7.5000,142.9929,284.5727,corr_break
4,284,2026-01-02 08:09:00,104.4533,2724.1536,120.9133,55.5791,41.0057,81.3771,56.4812,35.2938,33.3172,7.5000,145.1774,293.3142,corr_break
4,285,2026-01-02 08:12:00,105.5369,2709.4840,121.6762,49.2670,40.2241,81.0497,56.4812,35.2938,33.3172,7.5000,147.3122,295.0055,corr_break
4,286,2026-01-02 08:15:00,107.5007,2709.9086,121.3834,51.9324,40.6033,80.6726,56.4812,35.2938,33.3172,7.5000,150.5241,304.9108,corr_break
4,287,2026-01-02 08:18:00,105.1497,2727.1582,119.7672,50.6196,39.6073,81.5573,56.4812,35.2938,33.3172,7.5000,149.9978,309.5192,corr_break
4,288,2026-01-02 08:21:00,104.1314,2729.5689,119.3361,48.7646,39.6604,81.3855,56.4812,35.2938,33.3172,7.5000,150.2267,309.8242,corr_break
4,289,2026-01-02 08:24:00,102.3985,99999.0000,119.8931,50.2177,40.6856,80.0533,56.4812,35.2938,33.7798,7.5000,148.8080,319.5890,corr_break
4,290,2026-01-02 08:27:00,101.0330,2711.4517,120.6809,49.0345,39.3648,80.3175,56.4812,35.2938,33.7798,7.5000,145.2347,318.9857,corr_break
4,291,2026-01-02 08:30:00,105.4651,2716.4782,120.2466,52.2368,40.1569,80.7958,56.4812,35.2938,33.7798,7.5000,149.8069,311.8093,corr_break
4,292,2026-01-02 08:33:00,107.8250,2708.0999,119.4370,47.8286,40.9236,80.3794,56.4812,35.2938,33.7798,7.5000,155.3393,308.9557,corr_break
4,293,2026-01-02 08:36:00,107.3970,2719.7537,119.6704,53.5837,40.9646,81.0648,56.4812,35.2938,33.7798,7.5000,152.7500,321.7234,corr_break
4,294,2026-01-02 08:39:00,108.7028,2721.6198,119.6000,55.1297,39.9156,80.6132,56.4812,35.2938,33.7798,7.5000,152.8566,311.7466,corr_break
4,295,2026-01-02 08:42:00,108.3273,2714.8010,120.8545,57.9152,40.6215,80.5748,56.4812,35.2938,34.3843,7.5000,151.1561,313.2857,corr_break
4,296,2026-01-02 08:45:00,107.9356,2724.7029,121.4747,58.4118,40.0156,80.8155,56.4812,35.2938,34.3843,7.5000,147.6586,304.5681,corr_break
4,297,2026-01-02 08:48:00,102.5260,2717.1146,121.4159,62.1670,39.8909,82.0663,56.4812,35.2938,34.3843,7.5000,144.9795,293.6485,corr_break
4,298,2026-01-02 08:51:00,107.5765,2714.5562,121.4140,57.0300,39.4294,81.8665,56.4812,35.2938,34.3843,7.5000,150.0348,305.0818,corr_break
4,299,2026-01-02 08:54:00,113.1783,2692.6256,121.5146,57.7744,39.4738,82.0256,56.4812,35.2938,34.3843,7.5000,151.9443,301.3386,corr_break
4,300,2026-01-02 08:57:00,117.6865,2707.4321,121.7644,59.8607,40.0838,82.3226,56.4812,35.2938,34.3843,7.5000,154.1821,291.6005,corr_break
5,1,2026-01-02 00:00:00,101.2892,2711.0658,119.9833,50.4774,39.8156,80.0632,54.7943,77.8556,29.6890,7.5000,141.1048,301.6832,oscillation
5,2,2026-01-02 00:03:00,101.1627,2707.5198,119.9946,48.5286,40.2200,79.9594,54.7943,77.8556,29.6890,7.5000,141.3827,302.1276,oscillation
5,3,2026-01-02 00:06:00,105.9374,2717.3456,119.9714,48.0939,40.2640,80.0126,54.7943,77.8556,29.6890,7.5000,146.2013,297.7132,oscillation
5,4,2026-01-02 00:09:00,105.2498,2711.2656,120.0477,55.9279,41.1815,80.8661,54.7943,77.8556,29.6890,7.5000,146.4313,306.7399,oscillation
5,5,2026-01-02 00:12:00,100.5900,2729.3128,120.0087,53.8466,40.9147,80.6068,54.7943,77.8556,29.6890,7.5000,141.5047,308.8800,oscillation
5,6,2026-01-02 00:15:00,106.6722,2720.4291,120.3974,46.9973,41.5484,79.6940,54.7943,77.8556,29.6890,7.5000,148.2206,313.1857,oscillation
5,7,2026-01-02 00:18:00,108.9310,2714.7088,121.0967,50.7043,40.0827,80.0281,54.7943,77.8556,31.3520,7.5000,149.0137,310.8811,oscillation
5,8,2026-01-02 00:21:00,104.7319,2726.6407,121.2354,50.4790,37.8364,80.0648,54.7943,77.8556,31.3520,7.5000,142.5682,303.0146,oscillation
5,9,2026-01-02 00:24:00,106.6187,2736.3224,120.5709,55.0216,39.5923,81.1528,54.7943,77.8556,31.3520,7.5000,146.2110,299.6399,oscillation
5,10,2026-01-02 00:27:00,109.5662,2717.1789,121.5277,58.7133,39.7458,81.2064,54.7943,77.8556,31.3520,7.5000,149.3120,301.2962,oscillation
5,11,2026-01-02 00:30:00,111.7988,2715.8376,122.2935,56.0759,36.8842,80.7592,54.7943,77.8556,31.3520,7.5000,148.6830,302.3386,oscillation
5,12,2026-01-02 00:33:00,111.6410,2718.4545,121.9837,53.7459,35.4393,81.4146,54.7943,77.8556,31.3520,7.5000,147.0803,289.8925,oscillation
5,13,2026-01-02 00:36:00,112.3114,2737.9689,122.2508,58.5653,35.6346,82.1011,54.7943,77.8556,35.1367,7.5000,147.9460,280.8264,oscillation
5,14,2026-01-02 00:39:00,115.3120,2729.8994,122.6417,53.3523,35.3710,81.2180,54.7943,77.8556,35.1367,7.5000,150.6830,282.7886,oscillation
5,15,2026-01-02 00:42:00,117.3532,2731.6109,123.7213,47.3941,34.2359,80.6787,54.7943,77.8556,35.1367,7.5000,151.5891,286.6623,oscillation
5,16,2026-01-02 00:45:00,116.0278,2745.4459,123.6752,50.6599,33.2465,82.0946,54.7943,77.8556,35.1367,7.5000,149.2743,283.4547,oscillation
5,17,2026-01-02 00:48:00,111.2305,2747.1757,123.5804,48.7818,33.7414,81.8729,54.7943,77.8556,35.1367,7.5000,144.9719,276.5113,oscillation
5,18,2026-01-02 00:51:00,110.2400,2751.4697,123.5693,52.5922,36.1858,82.5794,54.7943,77.8556,35.1367,7.5000,146.4257,280.8555,oscillation
5,19,2026-01-02 00:54:00,110.4338,2733.8767,123.5184,55.6149,36.9302,82.4765,54.7943,77.8556,39.4987,7.5000,147.3640,284.4938,oscillation
5,20,2026-01-02 00:57:00,109.7507,2732.6732,123.6736,56.9855,36.2411,83.0394,54.7943,77.8556,39.4987,7.5000,145.9918,294.3777,oscillation
5,21,2026-01-02 01:00:00,107.2305,2733.9013,122.6478,53.9211,36.5710,82.7292,54.7943,77.8556,39.4987,7.5000,143.8015,291.6048,oscillation
5,22,2026-01-02 01:03:00,105.4436,2725.0642,122.3161,54.0763,38.9206,82.9749,54.7943,77.8556,39.4987,7.5000,144.3642,289.2873,oscillation
5,23,2026-01-02 01:06:00,101.5337,2730.8395,122.1720,55.4641,37.1453,82.3119,54.7943,77.8556,39.4987,7.5000,138.6790,291.3908,oscillation
5,24,2026-01-02 01:09:00,101.5371,2720.8433,121.7982,53.8186,38.5651,81.8477,54.7943,77.8556,39.4987,7.5000,140.1023,296.5136,oscillation
5,25,2026-01-02 01:12:00,100.9544,2711.8142,121.2603,55.5238,40.4179,81.4301,54.7943,77.8556,33.4997,7.5000,141.3723,300.0696,oscillation
5,26,2026-01-02 01:15:00,98.3482,2711.2565,120.7591,58.0561,40.3532,82.0017,49.4233,77.8556,33.4997,7.5000,138.7014,303.3904,oscillation
5,27,2026-01-02 01:18:00,99.7386,2714.3061,120.1775,58.5875,40.1771,81.7332,49.4233,77.8556,33.4997,7.5000,139.9157,305.5946,oscillation
5,28,2026-01-02 01:21:00,100.5742,2714.3601,119.7470,57.1618,40.5222,81.1610,49.4233,77.8556,33.4997,7.5000,141.0964,302.7144,oscillation
5,29,2026-01-02 01:24:00,105.1615,2714.7979,119.2973,61.6629,42.1311,80.9225,49.4233,77.8556,33.4997,7.5000,147.2926,306.7142,oscillation
5,30,2026-01-02 01:27:00,108.1299,2724.4171,119.0695,56.8137,43.6217,80.9801,49.4233,77.8556,33.4997,7.5000,151.7516,309.3583,oscillation
5,31,2026-01-02 01:30:00,107.0425,2733.9703,119.1964,49.4370,43.2471,80.0425,49.4233,77.8556,30.6511,7.5000,150.2895,310.8941,oscillation
5,32,2026-01-02 01:33:00,110.2792,2730.2925,119.7510,51.9150,41.6011,79.9133,49.4233,77.8556,30.6511,7.5000,151.8803,318.4809,oscillation
5,33,2026-01-02 01:36:00,107.7288,2738.2728,121.2447,50.8467,39.9846,79.8418,49.4233,77.8556,30.6511,7.5000,147.7135,311.1614,oscillation
5,34,2026-01-02 01:39:00,106.8079,2745.6132,121.2132,49.9164,40.8265,80.2013,49.4233,77.8556,30.6511,7.5000,147.6344,302.0995,oscillation
5,35,2026-01-02 01:42:00,106.4765,2736.9650,121.2472,53.3650,41.5003,81.5106,49.4233,77.8556,30.6511,7.5000,147.9769,310.6198,oscillation
5,36,2026-01-02 01:45:00,109.4365,2735.9033,121.5970,50.9470,40.8942,81.1079,49.4233,77.8556,30.6511,7.5000,150.3307,310.7291,oscillation
5,37,2026-01-02 01:48:00,111.5048,2727.5142,121.6954,47.7366,38.3305,80.7088,49.4233,77.8556,35.1825,7.5000,149.8352,306.8566,oscillation
5,38,2026-01-02 01:51:00,112.1518,2746.8042,121.2719,51.9999,40.0534,81.4987,49.4233,77.8556,35.1825,7.5000,152.2051,296.4657,oscillation
5,39,2026-01-02 01:54:00,110.6523,2752.8067,121.3559,45.3603,40.4465,80.9996,49.4233,77.8556,35.1825,7.5000,151.0988,303.1029,oscillation
5,40,2026-01-02 01:57:00,110.9641,2756.2766,121.5998,46.7109,41.0749,80.9168,49.4233,77.8556,35.1825,7.5000,152.0390,302.8719,oscillation
5,41,2026-01-02 02:00:00,108.4892,2723.6656,121.4155,47.9343,42.8998,80.9576,49.4233,20.5723,35.1825,7.5000,151.3891,300.7449,oscillation
5,42,2026-01-02 02:03:00,107.0196,2723.1396,122.2316,56.8361,40.3372,82.2485,49.4233,20.5723,35.1825,7.5000,147.3567,302.9705,oscillation
5,43,2026-01-02 02:06:00,109.9142,2710.7084,121.8032,58.7257,41.8121,82.2436,49.4233,20.5723,37.1452,7.5000,151.7263,291.4690,oscillation
5,44,2026-01-02 02:09:00,107.8776,2701.9598,122.3190,50.3395,37.5673,81.8603,49.4233,20.5723,37.1452,7.5000,145.4449,298.1670,oscillation
5,45,2026-01-02 02:12:00,102.4431,2709.0248,121.9944,54.4597,37.7994,81.7968,49.4233,20.5723,37.1452,7.5000,140.2424,290.9682,oscillation
5,46,2026-01-02 02:15:00,101.5310,2702.2547,122.0982,53.5687,35.9468,82.0202,49.4233,20.5723,37.1452,7.5000,137.4778,290.1075,oscillation
5,47,2026-01-02 02:18:00,101.2021,2680.6292,123.0315,58.3940,35.6267,82.1152,49.4233,20.5723,37.1452,7.5000,136.8288,276.3046,oscillation
5,48,2026-01-02 02:21:00,101.7747,2670.3115,122.5996,54.8641,33.0350,81.5157,49.4233,20.5723,37.1452,7.5000,134.8097,274.5607,oscillation
5,49,2026-01-02 02:24:00,100.9351,2665.3816,121.8877,54.8439,32.3201,81.8623,49.4233,20.5723,30.2290,7.5000,133.2552,268.6564,oscillation
5,50,2026-01-02 02:27:00,98.0462,2679.0898,122.0506,51.4205,30.5382,81.6322,49.4233,20.5723,30.2290,7.5000,128.5844,260.8798,oscillation
5,51,2026-01-02 02:30:00,101.6782,2674.4626,121.5075,47.9093,33.3962,80.3825,61.1919,20.5723,30.2290,7.5000,135.0744,272.0981,oscillation
5,52,2026-01-02 02:33:00,101.0695,2663.8437,122.0577,42.6349,33.8297,79.9742,61.1919,20.5723,30.2290,7.5000,134.8991,265.8994,oscillation
5,53,2026-01-02 02:36:00,101.1063,2674.3540,121.3149,40.6364,34.6478,79.6975,61.1919,20.5723,30.2290,7.5000,135.7541,265.4633,oscillation
5,54,2026-01-02 02:39:00,100.1424,2670.8950,121.3818,37.3888,34.0786,79.5544,61.1919,20.5723,30.2290,7.5000,134.2210,267.4143,oscillation
5,55,2026-01-02 02:42:00,100.5500,2662.9759,121.4803,41.5967,35.3248,80.1237,61.1919,20.5723,29.6190,7.5000,135.8748,272.0699,oscillation
5,56,2026-01-02 02:45:00,103.1346,2669.8073,121.7053,43.0746,33.0861,79.6874,61.1919,20.5723,29.6190,7.5000,136.2207,266.2804,oscillation
5,57,2026-01-02 02:48:00,105.5270,2678.3688,121.0790,43.1360,34.3077,79.8009,61.1919,20.5723,29.6190,7.5000,139.8348,263.0110,oscillation
5,58,2026-01-02 02:51:00,103.4574,2677.5273,121.0832,44.1370,37.9977,80.2324,61.1919,20.5723,29.6190,7.5000,141.4552,271.8547,oscillation
5,59,2026-01-02 02:54:00,105.2280,2693.8754,120.5232,46.4271,36.9967,79.9474,61.1919,20.5723,29.6190,7.5000,142.2247,280.7523,oscillation
5,60,2026-01-02 02:57:00,103.2369,2698.2742,120.9602,44.1195,37.1392,79.9940,61.1919,20.5723,29.6190,7.5000,140.3761,285.6506,oscillation
5,61,2026-01-02 03:00:00,102.3309,2700.6643,120.8136,44.3024,41.1260,79.6988,61.1919,20.5723,31.5903,7.5000,143.4569,276.6942,oscillation
5,62,2026-01-02 03:03:00,103.7019,2696.2514,120.0206,43.9902,41.2969,79.6496,61.1919,20.5723,31.5903,7.5000,144.9988,297.9191,oscillation
5,63,2026-01-02 03:06:00,104.9196,2687.0805,120.7754,47.4716,41.0029,80.5989,61.1919,20.5723,31.5903,7.5000,145.9225,302.2178,oscillation
5,64,2026-01-02 03:09:00,101.7004,2696.7067,120.7774,49.5529,39.9934,80.1533,61.1919,20.5723,31.5903,7.5000,141.6938,290.5219,oscillation
5,65,2026-01-02 03:12:00,108.0222,2704.0767,120.2172,47.9427,40.3492,80.2534,61.1919,20.5723,31.5903,7.5000,148.3715,287.3089,oscillation
5,66,2026-01-02 03:15:00,104.2458,2688.7621,120.6717,47.8087,40.3836,80.4641,61.1919,20.5723,31.5903,7.5000,144.6294,285.0638,oscillation
5,67,2026-01-02 03:18:00,102.2962,2716.9811,120.7233,54.1134,41.7769,80.5421,61.1919,20.5723,29.8966,7.5000,144.0732,295.3806,oscillation
5,68,2026-01-02 03:21:00,103.9646,2701.2873,119.2296,54.5765,45.3781,80.5856,61.1919,20.5723,29.8966,7.5000,149.3427,296.7852,oscillation
5,69,2026-01-02 03:24:00,106.4148,2698.6267,120.4786,54.3226,43.3539,80.8679,61.1919,20.5723,29.8966,7.5000,149.7686,301.2131,oscillation
5,70,2026-01-02 03:27:00,101.9836,2701.0447,119.7222,51.0761,44.3843,80.0122,61.1919,20.5723,29.8966,7.5000,146.3679,303.4645,oscillation
5,71,2026-01-02 03:30:00,100.2593,2714.4535,119.5673,50.4309,43.9966,80.8786,61.1919,20.5723,29.8966,7.5000,144.2559,310.2654,oscillation
5,72,2026-01-02 03:33:00,99.4966,2700.0677,119.6507,50.9330,44.8950,80.3085,61.1919,20.5723,29.8966,7.5000,144.3916,306.2334,oscillation
5,73,2026-01-02 03:36:00,98.5183,2677.9227,120.1084,49.2830,43.6359,79.9321,61.1919,20.5723,30.0493,7.5000,142.1542,311.8843,oscillation
5,74,2026-01-02 03:39:00,99.6333,2692.1833,119.9525,57.6419,41.2986,80.7162,61.1919,20.5723,30.0493,7.5000,140.9319,302.2369,oscillation
5,75,2026-01-02 03:42:00,99.6382,2693.4295,119.0529,56.8775,43.9524,81.0166,61.1919,20.5723,30.0493,7.5000,143.5906,299.9055,oscillation
5,76,2026-01-02 03:45:00,103.3803,2681.9343,118.8890,56.5728,45.8923,80.3923,67.0837,20.5723,30.0493,7.5000,149.2725,310.5976,oscillation
5,77,2026-01-02 03:48:00,108.5153,2684.2851,119.5225,55.3418,41.7153,80.0542,67.0837,20.5723,30.0493,7.5000,150.2306,308.8960,oscillation
5,78,2026-01-02 03:51:00,105.2189,2693.6981,119.1102,55.0206,42.5903,80.0666,67.0837,20.5723,30.0493,7.5000,147.8093,294.2798,oscillation
5,79,2026-01-02 03:54:00,104.5490,2709.1052,118.9766,55.0515,43.7925,79.8771,67.0837,20.5723,30.5411,7.5000,148.3415,303.7802,oscillation
5,80,2026-01-02 03:57:00,103.9986,2689.5485,119.9616,52.0586,42.5443,80.0300,67.0837,20.5723,30.5411,7.5000,146.5429,299.7999,oscillation
5,81,2026-01-02 04:00:00,105.3417,2715.9905,121.0267,58.0287,40.0547,80.0668,67.0837,44.7957,30.5411,7.5000,145.3964,298.7315,oscillation
5,82,2026-01-02 04:03:00,105.2543,2704.6948,119.7346,54.7160,43.9765,80.1845,67.0837,44.7957,30.5411,7.5000,149.2307,294.6071,oscillation
5,83,2026-01-02 04:06:00,107.2696,2700.6286,120.2793,51.5735,43.5265,80.8495,67.0837,44.7957,30.5411,7.5000,150.7961,305.9645,oscillation
5,84,2026-01-02 04:09:00,109.7059,2709.1000,119.9371,49.5579,42.1612,80.0303,67.0837,44.7957,30.5411,7.5000,151.8672,294.6591,oscillation
5,85,2026-01-02 04:12:00,110.7082,2713.1316,120.1764,55.4499,42.3648,80.6374,67.0837,44.7957,32.3217,7.5000,153.0730,301.3275,oscillation
5,86,2026-01-02 04:15:00,113.7126,2708.7469,120.3844,55.5514,44.0137,80.7526,67.0837,44.7957,32.3217,7.5000,157.7263,301.1477,oscillation
5,87,2026-01-02 04:18:00,108.4496,2709.0757,121.1781,50.5217,40.0619,80.5557,67.0837,44.7957,32.3217,7.5000,148.5116,306.2584,oscillation
5,88,2026-01-02 04:21:00,109.2103,2720.7479,122.1015,48.6921,37.6198,79.9877,67.0837,44.7957,32.3217,7.5000,146.8301,290.3965,oscillation
5,89,2026-01-02 04:24:00,109.4110,2699.2593,122.3811,39.5611,38.1291,80.1301,67.0837,44.7957,32.3217,7.5000,147.5400,284.5514,oscillation
5,90,2026-01-02 04:27:00,111.6171,2708.0923,123.1798,36.9619,36.5394,79.8279,67.0837,44.7957,32.3217,7.5000,148.1565,285.7387,oscillation
5,91,2026-01-02 04:30:00,107.7702,2703.3540,122.3146,44.2486,36.7727,80.8830,67.0837,44.7957,34.1595,7.5000,144.5430,285.7024,oscillation
5,92,2026-01-02 04:33:00,109.3404,2703.6309,122.3423,42.2810,35.1592,81.1952,67.0837,44.7957,34.1595,7.5000,144.4996,277.6651,oscillation
5,93,2026-01-02 04:36:00,110.6363,2707.9213,122.3460,46.1428,35.2974,80.4054,67.0837,44.7957,34.1595,7.5000,145.9337,272.2813,oscillation
5,94,2026-01-02 04:39:00,111.0532,2712.5442,122.2663,47.6157,38.0862,81.2884,67.0837,44.7957,34.1595,7.5000,149.1394,283.1815,oscillation
5,95,2026-01-02 04:42:00,111.5715,2719.5164,121.3576,47.2580,40.0456,80.7403,67.0837,44.7957,34.1595,7.5000,151.6171,286.4393,oscillation
5,96,2026-01-02 04:45:00,114.9454,2722.1707,121.5948,45.2475,40.0781,80.5013,67.0837,44.7957,34.1595,7.5000,155.0235,293.9147,oscillation
5,97,2026-01-02 04:48:00,111.7473,2709.6030,122.6360,44.2162,36.5901,80.3706,67.0837,44.7957,36.1995,7.5000,148.3374,295.1839,oscillation
5,98,2026-01-02 04:51:00,111.2515,2707.4588,123.6744,45.0233,34.3753,80.7649,67.0837,44.7957,36.1995,7.5000,145.6268,280.3186,oscillation
5,99,2026-01-02 04:54:00,110.9766,2698.6063,123.9299,43.6492,32.3036,81.0916,67.0837,44.7957,36.1995,7.5000,143.2802,270.2329,oscillation
5,100,2026-01-02 04:57:00,106.7248,2702.1337,124.2745,45.5808,31.4176,81.6306,67.0837,44.7957,36.1995,7.5000,138.1424,258.3776,oscillation
5,101,2026-01-02 05:00:00,107.6989,2703.6429,123.9197,45.9612,30.6642,81.9890,53.8955,44.7957,36.1995,7.5000,138.3631,261.5434,oscillation
5,102,2026-01-02 05:03:00,109.0992,2689.8787,123.1339,42.3493,32.6914,81.7180,53.8955,44.7957,36.1995,7.5000,141.7906,267.6931,oscillation
5,103,2026-01-02 05:06:00,111.3565,2699.6028,123.0543,44.2485,33.2747,81.0092,53.8955,44.7957,32.9452,7.5000,144.6311,268.4407,oscillation
5,104,2026-01-02 05:09:00,115.7518,2701.0515,122.1105,45.8688,32.6061,81.2180,53.8955,44.7957,32.9452,7.5000,148.3579,277.1067,oscillation
5,105,2026-01-02 05:12:00,118.9623,2710.8972,123.1251,47.2761,30.4624,81.6164,53.8955,44.7957,32.9452,7.5000,149.4248,273.8978,oscillation
5,106,2026-01-02 05:15:00,122.4496,2726.6967,123.4357,47.6852,32.5864,80.5890,53.8955,44.7957,32.9452,7.5000,155.0360,262.0470,oscillation
5,107,2026-01-02 05:18:00,122.7944,2737.7223,123.5920,49.2281,32.7023,81.3621,53.8955,44.7957,32.9452,7.5000,155.4967,267.7511,oscillation
5,108,2026-01-02 05:21:00,125.9054,2739.6929,123.9339,57.8225,33.4078,82.2985,53.8955,44.7957,32.9452,7.5000,159.3132,270.5329,oscillation
5,109,2026-01-02 05:24:00,125.0491,2753.7562,124.7104,52.5290,33.1505,82.0842,53.8955,44.7957,42.5588,7.5000,158.1995,275.0937,oscillation
5,110,2026-01-02 05:27:00,121.4879,2753.0620,125.3280,52.3920,33.3148,82.7699,53.8955,44.7957,42.5588,7.5000,154.8027,270.2257,oscillation
5,111,2026-01-02 05:30:00,122.5868,2757.2906,126.3108,51.7283,30.5522,83.3450,53.8955,44.7957,42.5588,7.5000,153.1390,272.5578,oscillation
5,112,2026-01-02 05:33:00,118.8604,2743.8598,126.3242,51.0387,32.9958,83.1621,53.8955,44.7957,42.5588,7.5000,151.8562,259.3362,oscillation
5,113,2026-01-02 05:36:00,118.9304,2748.3076,126.5988,43.9483,31.3938,83.1481,53.8955,44.7957,42.5588,7.5000,150.3243,274.5694,oscillation
5,114,2026-01-02 05:39:00,117.3061,2741.1339,125.0840,45.1948,34.7679,83.8606,53.8955,44.7957,42.5588,7.5000,152.0740,266.8909,oscillation
5,115,2026-01-02 05:42:00,115.1417,2740.4058,125.0482,40.9286,34.7658,83.0864,53.8955,44.7957,41.2226,7.5000,149.9075,282.6955,oscillation
5,116,2026-01-02 05:45:00,114.2795,2734.9689,124.3746,39.6508,34.5719,82.9495,53.8955,44.7957,41.2226,7.5000,148.8513,276.0179,oscillation
5,117,2026-01-02 05:48:00,114.8905,2726.7708,124.7630,39.6533,35.1909,82.8754,53.8955,44.7957,41.2226,7.5000,150.0815,276.6991,oscillation
5,118,2026-01-02 05:51:00,116.9586,2729.7035,124.3593,42.4357,35.5326,81.9343,53.8955,44.7957,41.2226,7.5000,152.4912,276.0882,oscillation
5,119,2026-01-02 05:54:00,108.9437,2740.1544,123.4563,40.9603,37.7133,82.3319,53.8955,44.7957,41.2226,7.5000,146.6569,282.2747,oscillation
5,120,2026-01-02 05:57:00,105.8683,2739.8622,122.9361,43.0830,39.0579,82.0096,53.8955,44.7957,41.2226,7.5000,144.9262,283.8371,oscillation
5,121,2026-01-02 06:00:00,112.9138,2731.3585,123.0786,41.7511,37.3499,81.4870,53.8955,51.1718,40.6282,7.5000,150.2637,290.8108,oscillation
5,122,2026-01-02 06:03:00,112.7052,2711.5912,123.5402,45.7320,38.6265,81.6638,53.8955,51.1718,40.6282,7.5000,151.3317,292.0308,oscillation
5,123,2026-01-02 06:06:00,112.0611,2730.0770,122.5765,44.9343,37.6847,81.7068,53.8955,51.1718,40.6282,7.5000,149.7458,292.9120,oscillation
5,124,2026-01-02 06:09:00,109.5113,2734.1990,121.0445,42.6338,39.8155,82.1186,53.8955,51.1718,40.6282,7.5000,149.3268,294.6667,oscillation
5,125,2026-01-02 06:12:00,110.0016,2725.5994,122.8875,44.9825,37.0701,81.3291,53.8955,51.1718,40.6282,7.5000,147.0717,303.0369,oscillation
5,126,2026-01-02 06:15:00,112.3028,2721.1599,123.3348,44.4170,35.8359,79.8641,65.3970,51.1718,40.6282,7.5000,148.1386,288.3765,oscillation
5,127,2026-01-02 06:18:00,109.3439,2713.6311,123.0769,44.4379,36.2014,81.6108,65.3970,51.1718,36.1667,7.5000,145.5453,278.4140,oscillation
5,128,2026-01-02 06:21:00,108.4933,2709.3000,122.8619,45.6325,36.9744,81.8459,65.3970,51.1718,36.1667,7.5000,145.4676,283.4692,oscillation
5,129,2026-01-02 06:24:00,107.9630,2714.0853,122.6005,48.6330,37.6746,81.7588,65.3970,51.1718,36.1667,7.5000,145.6376,284.9100,oscillation
5,130,2026-01-02 06:27:00,106.5715,2714.6253,121.9346,48.6817,38.7220,81.6758,65.3970,51.1718,36.1667,7.5000,145.2935,282.3048,oscillation
5,131,2026-01-02 06:30:00,108.9410,2715.9251,121.7815,47.3404,39.9527,80.9235,65.3970,51.1718,36.1667,7.5000,148.8937,290.7934,oscillation
5,132,2026-01-02 06:33:00,111.9152,2706.7881,121.1359,53.0319,40.6186,81.3497,65.3970,51.1718,36.1667,7.5000,152.5338,291.3441,oscillation
5,133,2026-01-02 06:36:00,113.1398,2724.4368,121.3122,51.7809,40.1307,80.7391,65.3970,51.1718,32.8461,7.5000,153.2704,293.7698,oscillation
5,134,2026-01-02 06:39:00,110.5407,2721.3612,120.9593,49.3858,42.5790,80.8922,65.3970,51.1718,32.8461,7.5000,153.1198,294.7243,oscillation
5,135,2026-01-02 06:42:00,109.6918,2719.1227,121.9980,47.4123,39.7502,80.8766,65.3970,51.1718,32.8461,7.5000,149.4420,304.7727,oscillation
5,136,2026-01-02 06:45:00,111.3457,2722.1423,122.6327,48.9690,37.2960,80.4344,65.3970,51.1718,32.8461,7.5000,148.6417,290.5798,oscillation
5,137,2026-01-02 06:48:00,110.7359,2718.2699,122.5944,42.4765,39.4265,80.6356,65.3970,51.1718,32.8461,7.5000,150.1624,282.6206,oscillation
5,138,2026-01-02 06:51:00,108.0506,2719.0141,121.6791,41.7253,39.7263,80.9557,65.3970,51.1718,32.8461,7.5000,147.7769,293.3540,oscillation
5,139,2026-01-02 06:54:00,100.4457,2730.4185,121.7855,43.8207,39.5911,81.0030,65.3970,51.1718,33.9268,7.5000,140.0368,295.6939,oscillation
5,140,2026-01-02 06:57:00,100.3555,2726.6499,121.1202,45.2191,43.7779,81.4694,65.3970,51.1718,33.9268,7.5000,144.1334,293.9612,oscillation
5,141,2026-01-02 07:00:00,101.1086,2704.6465,121.3044,48.2581,44.2681,81.2282,65.3970,51.1718,33.9268,7.5000,145.3767,302.2218,oscillation
5,142,2026-01-02 07:03:00,96.2875,2699.9174,120.3857,49.5603,44.4812,81.0387,65.3970,51.1718,33.9268,7.5000,140.7687,309.1706,oscillation
5,143,2026-01-02 07:06:00,95.2703,2703.3003,119.2044,56.5755,44.4722,81.5400,65.3970,51.1718,33.9268,7.5000,139.7425,307.2581,oscillation
5,144,2026-01-02 07:09:00,96.4060,2692.1167,119.2158,50.2943,45.9572,80.6883,65.3970,51.1718,33.9268,7.5000,142.3632,314.3880,oscillation
5,145,2026-01-02 07:12:00,93.0557,2686.3364,118.8032,53.1865,46.5771,80.0345,65.3970,51.1718,27.1249,7.5000,139.6329,317.1925,oscillation
5,146,2026-01-02 07:15:00,97.2342,2697.1072,118.1002,57.0544,47.1628,80.2935,65.3970,51.1718,27.1249,7.5000,144.3970,316.5816,oscillation
5,147,2026-01-02 07:18:00,92.7563,2690.1160,117.4935,51.0970,46.3178,79.4726,65.3970,51.1718,27.1249,7.5000,139.0741,316.5431,oscillation
5,148,2026-01-02 07:21:00,91.6987,2700.2703,117.8411,52.1600,47.4309,79.0177,65.3970,51.1718,27.1249,7.5000,139.1297,320.6366,oscillation
5,149,2026-01-02 07:24:00,90.6265,2692.0914,117.5186,49.7446,47.2177,78.4071,65.3970,51.1718,27.1249,7.5000,137.8442,323.0167,oscillation
5,150,2026-01-02 07:27:00,93.7624,2689.6846,117.1819,48.3559,49.4435,78.5569,65.3970,51.1718,27.1249,7.5000,143.2059,321.2679,oscillation
5,151,2026-01-02 07:30:00,95.7557,2687.2245,116.6226,48.9663,47.5977,78.3847,54.7054,51.1718,24.5299,7.5000,143.3535,325.9621,oscillation
5,152,2026-01-02 07:33:00,95.1251,2691.8773,116.8424,48.6517,47.9194,78.7075,54.7054,51.1718,24.5299,7.5000,143.0445,329.7731,oscillation
5,153,2026-01-02 07:36:00,92.1761,2701.3940,116.9047,48.2152,46.4091,78.3204,54.7054,51.1718,24.5299,7.5000,138.5852,335.6549,oscillation
5,154,2026-01-02 07:39:00,91.5848,2696.6631,117.0719,42.6256,47.9015,77.6153,54.7054,51.1718,24.5299,7.5000,139.4863,323.4737,oscillation
5,155,2026-01-02 07:42:00,92.1671,2684.6308,117.5542,45.1833,46.2370,77.7982,54.7054,51.1718,24.5299,7.5000,138.4041,333.6426,oscillation
5,156,2026-01-02 07:45:00,87.9233,2680.4221,117.7585,45.3145,46.5327,78.1020,54.7054,51.1718,24.5299,7.5000,134.4561,328.6069,oscillation
5,157,2026-01-02 07:48:00,89.7210,2688.5545,117.2469,47.4841,43.9402,78.3530,54.7054,51.1718,24.0694,7.5000,133.6612,321.1853,oscillation
5,158,2026-01-02 07:51:00,89.5327,2681.8183,117.2339,45.2873,44.4905,78.7053,54.7054,51.1718,24.0694,7.5000,134.0232,313.1854,oscillation
5,159,2026-01-02 07:54:00,90.2050,2686.5238,117.0933,45.3878,47.5143,78.1126,54.7054,51.1718,24.0694,7.5000,137.7193,315.9048,oscillation
5,160,2026-01-02 07:57:00,95.4813,2685.6111,116.7849,46.8115,46.0347,77.9176,54.7054,51.1718,24.0694,7.5000,141.5160,321.0400,oscillation
5,161,2026-01-02 08:00:00,92.1170,2695.3781,116.8134,42.1342,45.7806,77.5891,54.7054,75.3487,24.0694,7.5000,137.8976,328.1138,oscillation
5,162,2026-01-02 08:03:00,95.0402,2709.9166,116.6138,46.0723,46.5312,78.0078,54.7054,75.3487,24.0694,7.5000,141.5714,327.1621,oscillation
5,163,2026-01-02 08:06:00,97.7492,2700.4565,116.2690,43.7890,49.0057,77.5120,54.7054,75.3487,25.5374,7.5000,146.7550,326.4617,oscillation
5,164,2026-01-02 08:09:00,94.5092,2702.9744,117.8052,41.3280,44.8030,76.7480,54.7054,75.3487,25.5374,7.5000,139.3122,335.3172,oscillation
5,165,2026-01-02 08:12:00,91.4268,2703.5645,117.6120,43.6338,43.9616,77.4355,54.7054,75.3487,25.5374,7.5000,135.3884,320.0977,oscillation
5,166,2026-01-02 08:15:00,91.9997,2687.6586,118.7591,40.8460,42.2564,77.9085,54.7054,75.3487,25.5374,7.5000,134.2561,318.0353,oscillation
5,167,2026-01-02 08:18:00,88.5955,2681.6921,119.2647,47.7502,40.5852,77.9017,54.7054,75.3487,25.5374,7.5000,129.1807,308.2103,oscillation
5,168,2026-01-02 08:21:00,90.3593,2698.5437,118.8731,46.9726,40.4708,78.6734,54.7054,75.3487,25.5374,7.5000,130.8301,307.8350,oscillation
5,169,2026-01-02 08:24:00,97.1213,2700.1597,117.9810,52.1230,42.0770,79.5145,54.7054,75.3487,23.9171,7.5000,139.1983,303.2895,oscillation
5,170,2026-01-02 08:27:00,97.1462,2709.5797,117.6717,54.4367,43.3221,79.2897,54.7054,75.3487,23.9171,7.5000,140.4682,311.4819,oscillation
5,171,2026-01-02 08:30:00,96.0767,2722.0661,117.0537,55.7876,44.6496,78.8877,54.7054,75.3487,23.9171,7.5000,140.7263,315.3770,oscillation
5,172,2026-01-02 08:33:00,95.6277,2721.7022,117.1456,49.9988,44.6317,78.3956,54.7054,75.3487,23.9171,7.5000,140.2594,317.8324,oscillation
5,173,2026-01-02 08:36:00,97.9997,2703.8943,118.4100,49.4379,43.1720,78.2017,54.7054,75.3487,23.9171,7.5000,141.1717,320.3295,oscillation
5,174,2026-01-02 08:39:00,99.2926,2692.2857,118.5939,51.4567,44.1694,78.5947,54.7054,75.3487,23.9171,7.5000,143.4620,314.5008,oscillation
5,175,2026-01-02 08:42:00,95.8903,2682.1219,118.8648,50.4350,41.5834,79.4657,54.7054,75.3487,26.8222,7.5000,137.4737,316.3408,oscillation
5,176,2026-01-02 08:45:00,95.9974,2670.2918,119.4848,45.9096,36.7547,79.5073,34.6518,75.3487,26.8222,7.5000,132.7521,307.9424,oscillation
5,177,2026-01-02 08:48:00,95.5476,2676.2205,120.6424,49.0026,33.8295,79.1785,34.6518,75.3487,26.8222,7.5000,129.3771,301.3366,oscillation
5,178,2026-01-02 08:51:00,92.7496,2688.2012,120.5248,46.9898,36.5664,79.1904,34.6518,75.3487,26.8222,7.5000,129.3160,289.8421,oscillation
5,179,2026-01-02 08:54:00,92.1255,2688.8741,120.2248,54.1285,34.9674,79.8832,34.6518,75.3487,26.8222,7.5000,127.0930,296.4014,oscillation
5,180,2026-01-02 08:57:00,96.7254,2700.6991,120.5442,58.4031,34.6481,80.3627,34.6518,75.3487,26.8222,7.5000,131.3735,291.9231,oscillation
5,181,2026-01-02 09:00:00,92.8018,2707.4385,119.1674,59.3162,37.4906,79.7923,34.6518,75.3487,26.9160,7.5000,130.2924,288.9689,oscillation
5,182,2026-01-02 09:03:00,93.7705,2720.4725,118.8711,55.3044,37.0282,79.7474,34.6518,75.3487,26.9160,7.5000,130.7987,306.4146,oscillation
5,183,2026-01-02 09:06:00,96.6412,2712.7984,118.7346,47.7343,39.5909,79.6369,34.6518,75.3487,26.9160,7.5000,136.2320,301.7413,oscillation
5,184,2026-01-02 09:09:00,99.6387,2712.4900,119.4992,48.3645,37.7340,79.1236,34.6518,75.3487,26.9160,7.5000,137.3727,302.3873,oscillation
5,185,2026-01-02 09:12:00,99.5241,2702.3449,118.9786,42.2591,40.0690,78.9539,34.6518,75.3487,26.9160,7.5000,139.5931,300.0796,oscillation
5,186,2026-01-02 09:15:00,100.7959,2709.1761,118.8629,40.7163,40.1423,79.4481,34.6518,75.3487,26.9160,7.5000,140.9382,309.4441,oscillation
5,187,2026-01-02 09:18:00,96.8447,2700.8544,119.3594,46.2786,38.5464,79.5134,34.6518,75.3487,31.4840,7.5000,135.3911,311.8141,oscillation
5,188,2026-01-02 09:21:00,93.7493,2702.4647,120.7228,50.1958,38.6576,79.7417,34.6518,75.3487,31.4840,7.5000,132.4069,301.2200,oscillation
5,189,2026-01-02 09:24:00,96.8920,2693.0118,120.1762,48.2353,39.8658,79.6437,34.6518,75.3487,31.4840,7.5000,136.7577,303.4311,oscillation
5,190,2026-01-02 09:27:00,94.1684,2691.1294,120.6986,52.3920,38.5876,80.2608,34.6518,75.3487,31.4840,7.5000,132.7560,307.8513,oscillation
5,191,2026-01-02 09:30:00,94.0351,2703.2228,119.6401,55.6560,37.7124,80.6123,34.6518,75.3487,31.4840,7.5000,131.7475,300.7782,oscillation
5,192,2026-01-02 09:33:00,92.7594,2713.5773,119.0210,58.8797,39.1490,81.0567,34.6518,75.3487,31.4840,7.5000,131.9085,307.7706,oscillation
5,193,2026-01-02 09:36:00,100.1415,2712.3287,119.0994,58.5597,40.2857,80.5558,34.6518,75.3487,27.6451,7.5000,140.4272,307.5773,oscillation
5,194,2026-01-02 09:39:00,98.2085,2712.8907,119.6020,62.1873,36.4657,80.1800,34.6518,75.3487,27.6451,7.5000,134.6742,307.5255,oscillation
5,195,2026-01-02 09:42:00,99.7120,2728.0921,119.4130,57.5152,37.1005,80.0595,34.6518,75.3487,27.6451,7.5000,136.8125,297.2024,oscillation
5,196,2026-01-02 09:45:00,103.8454,2721.1054,119.1559,49.7937,36.4915,79.6128,34.6518,75.3487,27.6451,7.5000,140.3368,301.2726,oscillation
5,197,2026-01-02 09:48:00,100.6766,2713.9167,120.5079,49.9752,36.6012,79.7124,34.6518,75.3487,27.6451,7.5000,137.2779,302.1554,oscillation
5,198,2026-01-02 09:51:00,106.3917,2715.4257,120.4572,38.0386,36.1852,78.6696,34.6518,75.3487,27.6451,7.5000,142.5769,295.9407,oscillation
5,199,2026-01-02 09:54:00,105.9493,2707.9333,120.7591,43.0566,37.2438,79.9989,34.6518,75.3487,33.6039,7.5000,143.1931,302.0677,oscillation
5,200,2026-01-02 09:57:00,104.4448,2709.1518,120.9821,41.2730,38.8263,79.6930,34.6518,75.3487,33.6039,7.5000,143.2711,295.0819,oscillation
5,201,2026-01-02 10:00:00,105.5907,2700.9489,121.1488,43.1901,39.1746,79.7313,55.1994,30.2404,33.6039,7.5000,144.7654,298.5714,oscillation
5,202,2026-01-02 10:03:00,109.2436,2703.5076,122.0082,43.0253,39.6735,80.2964,55.1994,30.2404,33.6039,7.5000,148.9171,288.5708,oscillation
5,203,2026-01-02 10:06:00,109.4641,2706.8008,121.5428,41.0400,41.3250,79.5393,55.1994,30.2404,33.6039,7.5000,150.7891,289.4885,oscillation
5,204,2026-01-02 10:09:00,110.3867,2733.1040,121.0101,43.5683,41.0526,80.1327,55.1994,30.2404,33.6039,7.5000,151.4393,293.7328,oscillation
5,205,2026-01-02 10:12:00,107.3223,2751.9904,120.2555,45.7780,43.5130,80.5341,55.1994,30.2404,35.0871,7.5000,150.8354,296.6336,oscillation
5,206,2026-01-02 10:15:00,114.0103,2758.1699,120.8848,48.1589,44.3478,80.7632,55.1994,30.2404,35.0871,7.5000,158.3581,313.6345,oscillation
5,207,2026-01-02 10:18:00,115.9847,2740.3591,120.6778,55.2071,44.8908,80.7001,55.1994,30.2404,35.0871,7.5000,160.8755,313.3423,oscillation
5,208,2026-01-02 10:21:00,114.1234,2755.2936,121.2277,44.5442,44.5565,80.6831,55.1994,30.2404,35.0871,7.5000,158.6798,309.5292,oscillation
5,209,2026-01-02 10:24:00,117.5094,2748.1271,120.3594,46.9375,43.7032,81.0210,55.1994,30.2404,35.0871,7.5000,161.2126,311.0684,oscillation
5,210,2026-01-02 10:27:00,114.7240,2735.1250,122.2062,49.1709,43.9941,81.6660,55.1994,30.2404,35.0871,7.5000,158.7181,314.3083,oscillation
5,211,2026-01-02 10:30:00,112.1721,2738.4943,121.8713,51.0678,44.6123,81.1328,55.1994,30.2404,37.6036,7.5000,156.7845,303.9610,oscillation
5,212,2026-01-02 10:33:00,108.2047,2732.6340,120.9875,47.9632,45.4943,82.1666,55.1994,30.2404,37.6036,7.5000,153.6990,314.9935,oscillation
5,213,2026-01-02 10:36:00,106.2907,2724.5336,121.8781,52.7841,45.1857,82.8997,55.1994,30.2404,37.6036,7.5000,151.4764,321.7826,oscillation
5,214,2026-01-02 10:39:00,101.8667,2723.0741,121.4352,56.7924,44.8257,82.0784,55.1994,30.2404,37.6036,7.5000,146.6924,314.7509,oscillation
5,215,2026-01-02 10:42:00,103.0129,2724.7792,121.1119,58.1362,47.5909,82.8783,55.1994,30.2404,37.6036,7.5000,150.6038,319.5741,oscillation
5,216,2026-01-02 10:45:00,106.0517,2713.4502,120.2592,57.3984,47.5372,82.0543,55.1994,30.2404,37.6036,7.5000,153.5889,321.9341,oscillation
5,217,2026-01-02 10:48:00,106.8080,2723.4238,120.0899,56.7227,45.1201,82.0006,55.1994,30.2404,29.5171,7.5000,151.9281,317.0929,oscillation
5,218,2026-01-02 10:51:00,104.0912,2739.6429,119.4419,60.1552,44.1206,81.0448,55.1994,30.2404,29.5171,7.5000,148.2118,317.7056,oscillation
5,219,2026-01-02 10:54:00,111.7676,2733.4790,119.4627,58.2797,45.2633,81.4191,55.1994,30.2404,29.5171,7.5000,157.0309,310.5825,oscillation
5,220,2026-01-02 10:57:00,109.3815,2722.2685,120.7096,52.0311,42.1126,79.9374,55.1994,30.2404,29.5171,7.5000,151.4941,316.5366,oscillation
5,221,2026-01-02 11:00:00,110.1237,2726.4140,121.0642,48.3505,42.0361,80.2221,55.1994,30.2404,29.5171,7.5000,152.1598,305.5903,oscillation
5,222,2026-01-02 11:03:00,110.7178,2710.2931,120.9590,43.4419,41.6832,80.5514,55.1994,30.2404,29.5171,7.5000,152.4010,304.0932,oscillation
5,223,2026-01-02 11:06:00,110.0338,2702.5682,122.0589,36.2494,40.2257,79.9932,55.1994,30.2404,35.5843,7.5000,150.2596,295.4431,oscillation
5,224,2026-01-02 11:09:00,110.5226,2705.9091,122.1208,39.5263,39.0952,80.2446,55.1994,30.2404,35.5843,7.5000,149.6177,291.9758,oscillation
5,225,2026-01-02 11:12:00,114.0378,2702.7583,121.7291,44.3758,41.2291,81.3290,55.1994,30.2404,35.5843,7.5000,155.2669,292.8913,oscillation
5,226,2026-01-02 11:15:00,113.5290,2715.4243,121.9153,40.6958,41.0807,80.1090,65.0494,30.2404,35.5843,7.5000,154.6098,304.8783,oscillation
5,227,2026-01-02 11:18:00,111.9812,2732.2302,121.6149,46.8915,41.8101,80.9775,65.0494,30.2404,35.5843,7.5000,153.7914,294.2399,oscillation
5,228,2026-01-02 11:21:00,108.1847,2736.2809,122.1312,47.7633,42.5837,81.0551,65.0494,30.2404,35.5843,7.5000,150.7684,299.8510,oscillation
5,229,2026-01-02 11:24:00,108.2818,2739.5195,122.3014,53.4815,42.8796,81.0577,65.0494,30.2404,36.3901,7.5000,151.1614,295.4659,oscillation
5,230,2026-01-02 11:27:00,107.7515,2733.7052,122.1493,51.5950,43.0159,81.5339,65.0494,30.2404,36.3901,7.5000,150.7675,301.0897,oscillation
5,231,2026-01-02 11:30:00,107.1265,2728.1497,121.6845,50.3547,42.6334,81.4239,65.0494,30.2404,36.3901,7.5000,149.7599,305.2978,oscillation
5,232,2026-01-02 11:33:00,108.0723,2721.2991,121.1035,48.8105,41.8444,81.3933,65.0494,30.2404,36.3901,7.5000,149.9166,299.2947,oscillation
5,233,2026-01-02 11:36:00,105.0787,2706.8477,120.6692,43.0629,43.3462,80.8594,65.0494,30.2404,36.3901,7.5000,148.4250,304.4606,oscillation
5,234,2026-01-02 11:39:00,107.2020,2701.1005,121.0743,38.7485,40.2545,80.4646,65.0494,30.2404,36.3901,7.5000,147.4565,309.8718,oscillation
5,235,2026-01-02 11:42:00,110.5498,2676.8815,121.0815,41.5699,40.5840,81.0052,65.0494,30.2404,34.7074,7.5000,151.1338,297.3348,oscillation
5,236,2026-01-02 11:45:00,111.0269,2675.7977,121.8405,40.2547,38.1049,80.3182,65.0494,30.2404,34.7074,7.5000,149.1318,300.9773,oscillation
5,237,2026-01-02 11:48:00,107.4865,2683.6862,121.4108,43.5311,37.0183,80.8172,65.0494,30.2404,34.7074,7.5000,144.5048,283.2127,oscillation
5,238,2026-01-02 11:51:00,106.8667,2689.7171,122.3750,47.8080,35.4325,81.0181,65.0494,30.2404,34.7074,7.5000,142.2992,281.0231,oscillation
5,239,2026-01-02 11:54:00,105.1651,2686.6521,122.8010,51.8755,35.0354,80.5481,65.0494,30.2404,34.7074,7.5000,140.2005,272.1864,oscillation
5,240,2026-01-02 11:57:00,103.7172,2696.8436,123.2524,49.5287,34.2167,80.7262,65.0494,30.2404,34.7074,7.5000,137.9340,276.1078,oscillation
5,241,2026-01-02 12:00:00,104.6356,2695.5680,122.3929,42.2564,33.8142,80.2650,65.0494,32.4760,33.1816,7.5000,138.4499,271.2412,oscillation
5,242,2026-01-02 12:03:00,102.9526,2703.6264,122.7159,37.7879,33.4621,80.0848,65.0494,32.4760,33.1816,7.5000,136.4148,267.4421,oscillation
5,243,2026-01-02 12:06:00,99.9417,2705.0197,121.6480,39.7851,35.4203,80.1780,65.0494,32.4760,33.1816,7.5000,135.3620,265.4348,oscillation
5,244,2026-01-02 12:09:00,98.1832,2690.6224,121.1026,42.9161,37.0768,80.2985,65.0494,32.4760,33.1816,7.5000,135.2600,269.2171,oscillation
5,245,2026-01-02 12:12:00,98.9537,2686.7786,120.9386,39.0575,36.6114,80.0643,65.0494,32.4760,33.1816,7.5000,135.5651,281.8573,oscillation
5,246,2026-01-02 12:15:00,101.8115,2669.4666,120.3273,41.2268,40.0701,80.0966,65.0494,32.4760,33.1816,7.5000,141.8816,279.5287,oscillation
5,247,2026-01-02 12:18:00,100.6400,2662.7410,119.8926,37.2793,40.4671,79.7698,65.0494,32.4760,27.9679,7.5000,141.1071,285.5510,oscillation
5,248,2026-01-02 12:21:00,102.3800,2669.8906,119.7561,38.2595,39.0675,79.2600,65.0494,32.4760,27.9679,7.5000,141.4475,295.1341,oscillation
5,249,2026-01-02 12:24:00,102.8105,2670.8074,119.4873,41.8007,42.0413,79.0347,65.0494,32.4760,27.9679,7.5000,144.8518,282.0741,oscillation
5,250,2026-01-02 12:27:00,103.4578,2684.0680,119.6552,44.4348,41.2765,79.1957,65.0494,32.4760,27.9679,7.5000,144.7342,299.1699,oscillation
5,251,2026-01-02 12:30:00,102.4494,2693.1743,119.3982,46.0982,41.7395,79.1865,56.6280,32.4760,27.9679,7.5000,144.1889,296.4281,oscillation
5,252,2026-01-02 12:33:00,99.1796,2706.7129,119.9694,43.8571,40.8920,79.2418,56.6280,32.4760,27.9679,7.5000,140.0716,303.5653,oscillation
5,253,2026-01-02 12:36:00,100.0588,2720.3302,119.7910,50.4801,41.5396,79.5628,56.6280,32.4760,29.9840,7.5000,141.5984,298.1838,oscillation
5,254,2026-01-02 12:39:00,104.3752,2728.4743,119.3089,44.3182,43.7736,79.1916,56.6280,32.4760,29.9840,7.5000,148.1488,298.6297,oscillation
5,255,2026-01-02 12:42:00,107.5013,2723.5393,118.7115,47.2866,47.3620,79.7354,56.6280,32.4760,29.9840,7.5000,154.8633,308.8801,oscillation
5,256,2026-01-02 12:45:00,106.8566,2729.4028,118.9127,46.3196,47.0178,79.8953,56.6280,32.4760,29.9840,7.5000,153.8744,323.1788,oscillation
5,257,2026-01-02 12:48:00,110.2649,2736.4764,118.6742,47.3062,46.5387,80.0980,56.6280,32.4760,29.9840,7.5000,156.8037,319.1783,oscillation
5,258,2026-01-02 12:51:00,104.8698,2724.9890,119.1942,45.3585,47.8220,79.5417,56.6280,32.4760,29.9840,7.5000,152.6917,327.0322,oscillation
5,259,2026-01-02 12:54:00,102.5746,2723.4272,119.6539,47.3901,48.1676,79.6865,56.6280,32.4760,34.2948,7.5000,150.7422,321.9718,oscillation
5,260,2026-01-02 12:57:00,96.2235,2698.5028,119.5021,44.4414,48.2241,79.9719,56.6280,32.4760,34.2948,7.5000,144.4476,326.4726,oscillation
5,261,2026-01-02 13:00:00,96.2004,2688.2139,120.8230,47.7181,44.8239,80.5926,56.6280,32.4760,34.2948,7.5000,141.0243,334.1917,oscillation
5,262,2026-01-02 13:03:00,101.8776,2685.5078,119.4400,57.0925,46.4678,81.5046,56.6280,32.4760,34.2948,7.5000,148.3454,314.6203,oscillation
5,263,2026-01-02 13:06:00,101.3172,2698.0141,118.6742,54.0503,47.5990,81.3105,56.6280,32.4760,34.2948,7.5000,148.9163,316.2478,oscillation
5,264,2026-01-02 13:09:00,103.7037,2718.9251,117.7471,51.2577,47.0917,80.3135,56.6280,32.4760,34.2948,7.5000,150.7954,322.3984,oscillation
5,265,2026-01-02 13:12:00,103.2941,2714.8907,118.2036,56.0186,47.2087,80.0755,56.6280,32.4760,29.9395,7.5000,150.5028,325.6117,oscillation
5,266,2026-01-02 13:15:00,105.1210,2721.4999,119.6354,55.5120,43.8541,79.2777,56.6280,32.4760,29.9395,7.5000,148.9751,319.8856,oscillation
5,267,2026-01-02 13:18:00,100.6847,2725.2947,120.0704,49.7839,41.0775,79.3057,56.6280,32.4760,29.9395,7.5000,141.7623,307.7662,oscillation
5,268,2026-01-02 13:21:00,102.0476,2718.9559,119.7160,45.9403,44.0810,79.5914,56.6280,32.4760,29.9395,7.5000,146.1286,296.3483,oscillation
5,269,2026-01-02 13:24:00,104.0567,2707.6570,119.9262,45.8636,43.9170,79.9579,56.6280,32.4760,29.9395,7.5000,147.9736,310.7186,oscillation
5,270,2026-01-02 13:27:00,103.2384,2699.9394,119.0399,43.1421,46.2284,79.6049,56.6280,32.4760,29.9395,7.5000,149.4668,306.4131,oscillation
5,271,2026-01-02 13:30:00,101.4483,2699.0109,119.4629,38.5183,44.6463,79.5987,56.6280,32.4760,30.3211,7.5000,146.0946,319.5597,oscillation
5,272,2026-01-02 13:33:00,99.3441,2699.7062,118.8739,41.3618,46.0484,79.7722,56.6280,32.4760,30.3211,7.5000,145.3925,311.2666,oscillation
5,273,2026-01-02 13:36:00,102.5232,2694.2019,118.9368,44.0788,45.6633,79.3959,56.6280,32.4760,30.3211,7.5000,148.1865,316.1346,oscillation
5,274,2026-01-02 13:39:00,106.9679,2693.6888,119.2963,52.0546,46.5234,80.1526,56.6280,32.4760,30.3211,7.5000,153.4913,318.5984,oscillation
5,275,2026-01-02 13:42:00,109.4970,2717.7717,118.7939,52.3903,48.1735,79.9706,56.6280,32.4760,30.3211,7.5000,157.6705,322.1815,oscillation
5,276,2026-01-02 13:45:00,107.9877,2742.0970,118.1066,51.5087,45.5287,79.8492,40.9967,32.4760,30.3211,7.5000,153.5164,325.2628,oscillation
5,277,2026-01-02 13:48:00,108.3420,2767.4290,118.7624,53.1587,47.0443,80.0364,40.9967,32.4760,33.4818,7.5000,155.3863,323.5322,oscillation
5,278,2026-01-02 13:51:00,109.3083,2771.8550,118.7302,52.1003,50.0200,79.0930,40.9967,32.4760,33.4818,7.5000,159.3283,325.9914,oscillation
5,279,2026-01-02 13:54:00,110.1595,2759.1426,119.9299,45.8657,49.2953,79.3250,40.9967,32.4760,33.4818,7.5000,159.4547,341.4403,oscillation
5,280,2026-01-02 13:57:00,107.5711,2751.9604,120.1064,50.2190,46.5631,80.1939,40.9967,32.4760,33.4818,7.5000,154.1342,332.5980,oscillation
5,281,2026-01-02 14:00:00,105.5973,2731.7360,120.5449,54.3199,43.8964,81.2523,40.9967,31.5605,33.4818,7.5000,149.4937,324.8580,oscillation
5,282,2026-01-02 14:03:00,103.4086,2703.5193,121.1904,50.9184,42.7416,81.0629,40.9967,31.5605,33.4818,7.5000,146.1501,322.4811,oscillation
5,283,2026-01-02 14:06:00,101.6388,2685.8626,122.1213,50.0006,37.4728,81.5134,40.9967,31.5605,35.0790,7.5000,139.1117,308.3619,oscillation
5,284,2026-01-02 14:09:00,104.6630,2683.0361,122.2943,46.5691,36.0166,81.7875,40.9967,31.5605,35.0790,7.5000,140.6796,294.0050,oscillation
5,285,2026-01-02 14:12:00,108.7867,2675.4193,121.4750,44.1385,37.3539,81.3009,40.9967,31.5605,35.0790,7.5000,146.1406,282.6105,oscillation
5,286,2026-01-02 14:15:00,107.9597,2688.5851,121.2362,47.9820,36.3387,81.1422,40.9967,31.5605,35.0790,7.5000,144.2983,278.3624,oscillation
5,287,2026-01-02 14:18:00,106.6473,2705.1051,121.4191,55.0239,35.1303,81.0993,40.9967,31.5605,35.0790,7.5000,141.7775,287.0501,oscillation
5,288,2026-01-02 14:21:00,111.1730,2715.0260,122.2233,53.1857,32.9620,80.5342,40.9967,31.5605,35.0790,7.5000,144.1350,281.0902,oscillation
5,289,2026-01-02 14:24:00,107.7360,2719.2627,123.0922,51.9496,33.0839,80.5913,40.9967,31.5605,35.6520,7.5000,140.8199,276.9070,oscillation
5,290,2026-01-02 14:27:00,101.5187,2741.1311,122.8954,54.1348,33.3696,81.5267,40.9967,31.5605,35.6520,7.5000,134.8882,275.6326,oscillation
5,291,2026-01-02 14:30:00,101.7122,2722.8481,121.7651,50.1321,35.0183,81.1528,40.9967,31.5605,35.6520,7.5000,136.7305,268.3247,oscillation
5,292,2026-01-02 14:33:00,99.9212,2706.5821,123.0744,49.9508,35.0478,81.5328,40.9967,31.5605,35.6520,7.5000,134.9690,282.7592,oscillation
5,293,2026-01-02 14:36:00,98.3560,2693.3048,122.1514,52.2768,36.6143,81.8184,40.9967,31.5605,35.6520,7.5000,134.9702,281.7078,oscillation
5,294,2026-01-02 14:39:00,96.7607,2678.7998,121.2717,53.2992,36.6441,82.4934,40.9967,31.5605,35.6520,7.5000,133.4048,291.2828,oscillation
5,295,2026-01-02 14:42:00,98.6794,2668.3338,120.9194,50.4991,37.1592,81.6047,40.9967,31.5605,30.7364,7.5000,135.8386,284.1859,oscillation
5,296,2026-01-02 14:45:00,97.8360,2661.6939,120.7723,49.3917,35.6102,81.0777,40.9967,31.5605,30.7364,7.5000,133.4462,286.5022,oscillation
5,297,2026-01-02 14:48:00,102.4040,2674.9584,120.8554,50.9904,34.8146,80.3524,40.9967,31.5605,30.7364,7.5000,137.2186,280.9856,oscillation
5,298,2026-01-02 14:51:00,99.5401,2664.3116,120.3574,55.4189,37.2503,80.9324,40.9967,31.5605,30.7364,7.5000,136.7903,279.8470,oscillation
5,299,2026-01-02 14:54:00,102.2453,2691.6723,121.1618,58.1751,35.3966,80.2811,40.9967,31.5605,30.7364,7.5000,137.6419,292.8792,oscillation
5,300,2026-01-02 14:57:00,99.7909,2699.6530,121.0593,59.3287,33.5279,80.5217,40.9967,31.5605,30.7364,7.5000,133.3188,280.2182,oscillation
6,1,2026-01-02 06:00:00,100.3449,2704.0884,119.6986,50.0758,39.6310,79.9375,51.5364,60.7821,30.2060,7.5000,139.9759,304.5242,noise_burst
6,2,2026-01-02 06:03:00,101.2265,2706.5712,120.1426,45.5877,40.4242,79.5896,51.5364,60.7821,30.2060,7.5000,141.6508,300.8017,noise_burst
6,3,2026-01-02 06:06:00,98.6925,2702.2178,119.9540,46.4305,40.3825,79.4038,51.5364,60.7821,30.2060,7.5000,139.0749,299.8635,noise_burst
6,4,2026-01-02 06:09:00,99.6830,2707.2583,120.4925,44.6444,39.6700,79.1861,51.5364,60.7821,30.2060,7.5000,139.3531,297.0466,noise_burst
6,5,2026-01-02 06:12:00,101.9431,2701.6299,119.6547,47.9527,41.9025,79.5734,51.5364,60.7821,30.2060,7.5000,143.8456,302.6415,noise_burst
6,6,2026-01-02 06:15:00,101.8459,2709.7011,119.7733,53.8162,41.6843,80.5747,51.5364,60.7821,30.2060,7.5000,143.5302,312.6596,noise_burst
6,7,2026-01-02 06:18:00,100.8201,2721.6171,119.2014,56.7615,44.0062,80.6142,51.5364,60.7821,28.3486,7.5000,144.8263,312.4816,noise_burst
6,8,2026-01-02 06:21:00,101.2261,2729.3742,118.5535,59.1222,45.5329,80.5537,51.5364,60.7821,28.3486,7.5000,146.7590,313.2946,noise_burst
6,9,2026-01-02 06:24:00,101.8206,2727.9945,118.7113,60.3885,46.8297,80.4195,51.5364,60.7821,28.3486,7.5000,148.6502,323.2159,noise_burst
6,10,2026-01-02 06:27:00,103.4392,2727.0893,119.0474,57.7768,47.8501,80.1340,51.5364,60.7821,28.3486,7.5000,151.2892,326.7911,noise_burst
6,11,2026-01-02 06:30:00,100.7199,2719.6537,118.9937,54.9057,45.8394,80.5615,51.5364,60.7821,28.3486,7.5000,146.5593,332.3802,noise_burst
6,12,2026-01-02 06:33:00,98.8467,2725.8646,119.5077,59.7593,44.9622,81.0677,51.5364,60.7821,28.3486,7.5000,143.8089,322.9214,noise_burst
6,13,2026-01-02 06:36:00,95.9639,2708.6234,119.5084,55.5348,44.2829,80.2532,51.5364,60.7821,31.6830,7.5000,140.2467,320.1449,noise_burst
6,14,2026-01-02 06:39:00,94.6198,2695.8962,120.3791,47.9574,38.9100,79.8113,51.5364,60.7821,31.6830,7.5000,133.5298,319.9814,noise_burst
6,15,2026-01-02 06:42:00,90.0847,2689.7709,120.3448,43.7496,39.4336,79.2278,51.5364,60.7821,31.6830,7.5000,129.5183,296.1691,noise_burst
6,16,2026-01-02 06:45:00,88.2853,2681.6098,119.7424,45.8100,38.1967,79.8703,51.5364,60.7821,31.6830,7.5000,126.4820,298.2092,noise_burst
6,17,2026-01-02 06:48:00,90.3752,2670.4878,119.6271,47.8168,37.4403,80.1796,51.5364,60.7821,31.6830,7.5000,127.8155,295.3354,noise_burst
6,18,2026-01-02 06:51:00,88.7905,2676.7906,118.7453,49.2052,40.2822,79.6012,51.5364,60.7821,31.6830,7.5000,129.0727,292.8754,noise_burst
6,19,2026-01-02 06:54:00,94.2431,2672.3459,117.4257,48.0425,44.3585,79.1634,51.5364,60.7821,22.9396,7.5000,138.6016,302.9507,noise_burst
6,20,2026-01-02 06:57:00,93.5776,2668.9643,117.2946,48.6961,44.2053,78.8036,51.5364,60.7821,22.9396,7.5000,137.7829,313.9196,noise_burst
6,21,2026-01-02 07:00:00,97.2082,2696.4328,117.7839,46.6689,41.9414,78.4101,51.5364,60.7821,22.9396,7.5000,139.1496,315.3319,noise_burst
6,22,2026-01-02 07:03:00,96.6196,2701.6168,116.8816,47.0619,44.8201,78.0355,51.5364,60.7821,22.9396,7.5000,141.4397,315.5717,noise_burst
6,23,2026-01-02 07:06:00,94.2454,2702.9918,118.2906,45.1254,44.2647,77.6500,51.5364,60.7821,22.9396,7.5000,138.5101,319.5016,noise_burst
6,24,2026-01-02 07:09:00,90.9371,2705.7041,118.2225,45.3082,43.4500,77.6825,51.5364,60.7821,22.9396,7.5000,134.3871,319.4728,noise_burst
6,25,2026-01-02 07:12:00,89.5968,2699.7931,118.3274,46.5207,45.0224,78.4068,51.5364,60.7821,26.7697,7.5000,134.6192,308.5364,noise_burst
6,26,2026-01-02 07:15:00,86.0509,2686.9078,117.8782,46.1213,43.8172,79.0792,30.0952,60.7821,26.7697,7.5000,129.8681,325.3582,noise_burst
6,27,2026-01-02 07:18:00,85.7575,2686.7433,118.6538,43.8591,39.6790,78.8632,30.0952,60.7821,26.7697,7.5000,125.4365,324.4639,noise_burst
6,28,2026-01-02 07:21:00,84.4513,2689.8540,117.2734,45.3588,43.1635,78.6236,30.0952,60.7821,26.7697,7.5000,127.6147,311.2919,noise_burst
6,29,2026-01-02 07:24:00,83.1478,2681.7747,116.7772,47.8162,45.2281,78.9008,30.0952,60.7821,26.7697,7.5000,128.3759,321.6655,noise_burst
6,30,2026-01-02 07:27:00,84.5970,2685.1798,116.8314,48.4190,43.6544,78.4564,30.0952,60.7821,26.7697,7.5000,128.2514,322.2255,noise_burst
6,31,2026-01-02 07:30:00,83.7569,2675.2695,116.9169,52.0083,43.9236,78.1229,30.0952,60.7821,22.0833,7.5000,127.6805,322.1517,noise_burst
6,32,2026-01-02 07:33:00,85.8851,2674.7274,116.2898,54.0951,45.5194,78.7061,30.0952,60.7821,22.0833,7.5000,131.4045,325.1515,noise_burst
6,33,2026-01-02 07:36:00,88.3161,2675.8962,116.3543,51.3495,43.1263,78.3655,30.0952,60.7821,22.0833,7.5000,131.4424,326.7069,noise_burst
6,34,2026-01-02 07:39:00,89.8834,2670.8907,116.5794,59.2048,42.4292,78.7914,30.0952,60.7821,22.0833,7.5000,132.3127,328.1765,noise_burst
6,35,2026-01-02 07:42:00,84.9196,2679.5696,117.1788,57.4536,40.0112,78.2029,30.0952,60.7821,22.0833,7.5000,124.9308,320.1057,noise_burst
6,36,2026-01-02 07:45:00,86.4345,2693.7201,117.5288,57.9471,40.1894,78.9195,30.0952,60.7821,22.0833,7.5000,126.6240,309.0708,noise_burst
6,37,2026-01-02 07:48:00,82.9566,2675.9168,117.7427,49.6152,40.6181,78.0014,30.0952,60.7821,25.8993,7.5000,123.5747,314.7785,noise_burst
6,38,2026-01-02 07:51:00,85.0239,2677.9875,118.2180,47.8780,40.8986,78.0642,30.0952,60.7821,25.8993,7.5000,125.9226,303.5629,noise_burst
6,39,2026-01-02 07:54:00,87.9949,2668.8368,117.1647,48.4635,41.0955,78.2426,30.0952,60.7821,25.8993,7.5000,129.0904,320.5954,noise_burst
6,40,2026-01-02 07:57:00,86.6585,2678.7806,117.9037,50.6584,40.2795,78.9302,30.0952,60.7821,25.8993,7.5000,126.9380,311.8376,noise_burst
6,41,2026-01-02 08:00:00,86.0035,2687.5901,116.4963,51.6639,40.2615,78.3133,30.0952,74.3497,25.8993,7.5000,126.2650,311.4531,noise_burst
6,42,2026-01-02 08:03:00,87.4871,2693.1845,117.0846,47.7796,41.8919,77.9907,30.0952,74.3497,25.8993,7.5000,129.3790,313.2184,noise_burst
6,43,2026-01-02 08:06:00,81.6196,2693.6974,116.8785,45.3963,43.2327,77.2964,30.0952,74.3497,23.8523,7.5000,124.8523,322.6493,noise_burst
6,44,2026-01-02 08:09:00,83.1271,2686.4422,117.4725,46.9364,41.9593,77.9247,30.0952,74.3497,23.8523,7.5000,125.0864,325.6009,noise_burst
6,45,2026-01-02 08:12:00,81.9489,2666.7410,117.7025,51.6987,39.6683,78.4627,30.0952,74.3497,23.8523,7.5000,121.6172,324.5720,noise_burst
6,46,2026-01-02 08:15:00,80.1825,2665.2249,118.1990,52.7403,37.8252,78.5766,30.0952,74.3497,23.8523,7.5000,118.0077,309.5746,noise_burst
6,47,2026-01-02 08:18:00,80.0235,2658.5894,117.2925,56.7448,36.5904,78.6196,30.0952,74.3497,23.8523,7.5000,116.6139,302.0725,noise_burst
6,48,2026-01-02 08:21:00,77.2353,2658.5377,116.8544,55.4129,39.8458,78.9024,30.0952,74.3497,23.8523,7.5000,117.0810,298.9314,noise_burst
6,49,2026-01-02 08:24:00,79.2954,2649.8102,117.2885,48.4261,36.1910,77.5664,30.0952,74.3497,20.4390,7.5000,115.4864,309.8418,noise_burst
6,50,2026-01-02 08:27:00,80.2103,2635.3844,117.8431,50.1289,35.4666,77.9318,30.0952,74.3497,20.4390,7.5000,115.6768,301.8889,noise_burst
6,51,2026-01-02 08:30:00,81.6625,2640.8751,117.5222,43.4898,34.9018,77.0789,48.2283,74.3497,20.4390,7.5000,116.5644,293.3063,noise_burst
6,52,2026-01-02 08:33:00,82.6702,2648.2116,116.9967,42.1425,36.4444,77.3000,48.2283,74.3497,20.4390,7.5000,119.1146,284.9708,noise_burst
6,53,2026-01-02 08:36:00,86.0738,2650.7864,117.4557,40.9731,36.7374,77.1458,48.2283,74.3497,20.4390,7.5000,122.8112,291.6677,noise_burst
6,54,2026-01-02 08:39:00,86.0794,2661.6933,117.1896,38.0036,37.3451,76.1713,48.2283,74.3497,20.4390,7.5000,123.4245,284.6993,noise_burst
6,55,2026-01-02 08:42:00,86.9154,2661.1143,116.5252,42.6042,39.4267,76.9313,48.2283,74.3497,19.2851,7.5000,126.3421,292.5696,noise_burst
6,56,2026-01-02 08:45:00,87.2205,2666.5239,117.3506,41.1594,37.8819,77.1646,48.2283,74.3497,19.2851,7.5000,125.1024,309.1015,noise_burst
6,57,2026-01-02 08:48:00,90.4881,2663.1223,118.2709,47.7183,35.7149,77.4315,48.2283,74.3497,19.2851,7.5000,126.2030,297.5182,noise_burst
6,58,2026-01-02 08:51:00,87.5751,2663.5025,118.0617,51.0292,37.4486,77.6210,48.2283,74.3497,19.2851,7.5000,125.0237,294.6412,noise_burst
6,59,2026-01-02 08:54:00,93.8486,2681.1895,117.8632,54.9337,37.9360,78.2701,48.2283,74.3497,19.2851,7.5000,131.7845,296.8147,noise_burst
6,60,2026-01-02 08:57:00,96.7192,2662.6458,117.9252,61.5544,39.2648,79.0278,48.2283,74.3497,19.2851,7.5000,135.9840,303.7638,noise_burst
6,61,2026-01-02 09:00:00,96.3299,2682.8971,119.1666,57.9422,36.5582,78.8953,48.2283,74.3497,23.5340,7.5000,132.8881,305.3072,noise_burst
6,62,2026-01-02 09:03:00,99.0086,2696.6343,118.5879,57.5955,37.3979,78.9150,48.2283,74.3497,23.5340,7.5000,136.4065,290.7575,noise_burst
6,63,2026-01-02 09:06:00,103.5330,2694.7886,119.5320,55.8896,37.4267,79.3658,48.2283,74.3497,23.5340,7.5000,140.9597,288.6804,noise_burst
6,64,2026-01-02 09:09:00,102.7005,2700.4676,120.2815,50.4151,37.6717,78.2427,48.2283,74.3497,23.5340,7.5000,140.3722,293.4768,noise_burst
6,65,2026-01-02 09:12:00,99.1989,2711.1855,119.4548,48.2806,37.2003,79.0850,48.2283,74.3497,23.5340,7.5000,136.3992,298.8412,noise_burst
6,66,2026-01-02 09:15:00,98.4909,2714.7310,120.3470,40.3002,38.2010,78.9935,48.2283,74.3497,23.5340,7.5000,136.6919,298.6257,noise_burst
6,67,2026-01-02 09:18:00,97.1600,2700.5618,120.9332,38.5140,38.9200,78.8198,48.2283,74.3497,31.8870,7.5000,136.0800,294.0107,noise_burst
6,68,2026-01-02 09:21:00,100.8581,2700.6258,121.5007,41.1781,35.0318,79.4876,48.2283,74.3497,31.8870,7.5000,135.8898,298.4033,noise_burst
6,69,2026-01-02 09:24:00,99.0929,2700.0675,120.5715,45.9845,37.2913,80.2691,48.2283,74.3497,31.8870,7.5000,136.3842,279.8127,noise_burst
6,70,2026-01-02 09:27:00,97.5812,2710.8729,119.9240,45.8720,39.0726,80.2385,48.2283,74.3497,31.8870,7.5000,136.6538,294.9356,noise_burst
6,71,2026-01-02 09:30:00,94.1130,2699.7398,119.9966,43.1285,37.4875,79.4550,48.2283,74.3497,31.8870,7.5000,131.6005,297.2039,noise_burst
6,72,2026-01-02 09:33:00,94.9603,2694.8030,120.5348,41.5812,38.3887,78.9329,48.2283,74.3497,31.8870,7.5000,133.3490,302.7051,noise_burst
6,73,2026-01-02 09:36:00,91.0113,2687.3411,120.2035,43.9882,38.7134,79.2347,48.2283,74.3497,27.7938,7.5000,129.7247,301.5629,noise_burst
6,74,2026-01-02 09:39:00,89.3858,2691.8535,119.6952,41.3703,37.8649,79.6706,48.2283,74.3497,27.7938,7.5000,127.2507,298.8660,noise_burst
6,75,2026-01-02 09:42:00,94.1385,2679.6516,118.8030,47.5858,39.0346,79.9408,48.2283,74.3497,27.7938,7.5000,133.1731,299.0069,noise_burst
6,76,2026-01-02 09:45:00,87.6056,2678.8088,119.0630,43.1963,37.2914,79.4968,38.3031,74.3497,27.7938,7.5000,124.8971,302.2031,noise_burst
6,77,2026-01-02 09:48:00,90.4310,2698.7886,119.0478,46.1652,36.8072,78.7833,38.3031,74.3497,27.7938,7.5000,127.2382,296.3548,noise_burst
6,78,2026-01-02 09:51:00,92.8893,2686.6255,117.8352,49.6630,39.9770,79.3381,38.3031,74.3497,27.7938,7.5000,132.8663,297.1366,noise_burst
6,79,2026-01-02 09:54:00,90.2996,2683.6200,118.5533,52.4905,41.3956,79.2306,38.3031,74.3497,24.1308,7.5000,131.6952,309.6574,noise_burst
6,80,2026-01-02 09:57:00,90.2795,2691.1560,118.0051,55.0393,39.9741,78.8867,38.3031,74.3497,24.1308,7.5000,130.2536,312.0772,noise_burst
6,81,2026-01-02 10:00:00,92.1992,2683.7370,118.5738,54.2478,38.7633,79.2371,38.3031,72.8428,24.1308,7.5000,130.9625,305.0073,noise_burst
6,82,2026-01-02 10:03:00,88.4884,2687.8194,118.7504,48.1113,38.2759,78.3726,38.3031,72.8428,24.1308,7.5000,126.7643,306.2654,noise_burst
6,83,2026-01-02 10:06:00,87.2114,2704.0593,118.2258,46.3777,40.5904,78.4927,38.3031,72.8428,24.1308,7.5000,127.8018,302.1768,noise_burst
6,84,2026-01-02 10:09:00,85.5720,2695.4038,117.7941,44.5641,43.5209,78.2366,38.3031,72.8428,24.1308,7.5000,129.0928,309.1362,noise_burst
6,85,2026-01-02 10:12:00,87.4577,2686.4178,117.8338,41.4621,43.8053,78.0964,38.3031,72.8428,23.7563,7.5000,131.2630,326.4277,noise_burst
6,86,2026-01-02 10:15:00,85.9460,2676.9320,117.5061,51.4440,42.9369,78.4435,38.3031,72.8428,23.7563,7.5000,128.8829,319.8525,noise_burst
6,87,2026-01-02 10:18:00,87.6821,2695.9851,116.8521,53.7048,44.8012,79.6381,38.3031,72.8428,23.7563,7.5000,132.4832,316.5498,noise_burst
6,88,2026-01-02 10:21:00,89.0429,2680.1141,116.4208,54.8228,45.5766,78.5004,38.3031,72.8428,23.7563,7.5000,134.6195,327.4398,noise_burst
6,89,2026-01-02 10:24:00,92.8870,2678.1869,117.1977,56.5275,43.2432,78.2787,38.3031,72.8428,23.7563,7.5000,136.1302,326.7954,noise_burst
6,90,2026-01-02 10:27:00,92.2891,2696.3808,116.9721,55.5063,42.3976,77.9811,38.3031,72.8428,23.7563,7.5000,134.6867,321.2117,noise_burst
6,91,2026-01-02 10:30:00,94.5513,2697.7733,116.8098,57.6503,44.5509,78.9353,38.3031,72.8428,24.3475,7.5000,139.1021,311.0398,noise_burst
6,92,2026-01-02 10:33:00,92.6337,2707.1099,117.8895,54.7659,41.6383,78.0695,38.3031,72.8428,24.3475,7.5000,134.2720,321.2603,noise_burst
6,93,2026-01-02 10:36:00,89.8645,2713.0649,117.9603,54.6551,44.6047,78.2781,38.3031,72.8428,24.3475,7.5000,134.4691,311.5593,noise_burst
6,94,2026-01-02 10:39:00,90.5478,2700.3975,118.1113,53.8532,44.3505,79.0429,38.3031,72.8428,24.3475,7.5000,134.8983,337.6360,noise_burst
6,95,2026-01-02 10:42:00,89.8673,2687.1466,118.7145,59.0400,41.8279,79.8197,38.3031,72.8428,24.3475,7.5000,131.6952,322.9344,noise_burst
6,96,2026-01-02 10:45:00,88.7547,2686.4165,118.7427,60.4160,38.4566,79.5240,38.3031,72.8428,24.3475,7.5000,127.2113,315.0451,noise_burst
6,97,2026-01-02 10:48:00,90.7050,2683.6522,118.2131,56.1394,38.8934,79.7597,38.3031,72.8428,25.3188,7.5000,129.5984,308.1992,noise_burst
6,98,2026-01-02 10:51:00,94.4293,2680.8596,118.2734,58.6657,41.1128,79.7217,38.3031,72.8428,25.3188,7.5000,135.5421,307.2854,noise_burst
6,99,2026-01-02 10:54:00,88.1154,2688.7244,118.0384,57.8969,40.4418,79.5257,38.3031,72.8428,25.3188,7.5000,128.5572,308.8301,noise_burst
6,100,2026-01-02 10:57:00,88.7683,2700.3287,117.6659,57.9758,42.0442,79.5222,38.3031,72.8428,25.3188,7.5000,130.8125,307.4737,noise_burst
6,101,2026-01-02 11:00:00,97.3192,2693.6678,117.9573,62.0677,45.2479,79.7705,63.7428,72.8428,25.3188,7.5000,142.5671,318.4066,noise_burst
6,102,2026-01-02 11:03:00,93.8877,2682.0934,118.0809,62.8596,46.1369,79.7119,63.7428,72.8428,25.3188,7.5000,140.0246,317.3681,noise_burst
6,103,2026-01-02 11:06:00,95.3475,2697.9792,117.6600,63.1986,44.4891,79.8710,63.7428,72.8428,23.9660,7.5000,139.8366,322.1043,noise_burst
6,104,2026-01-02 11:09:00,95.6786,2694.0282,118.0130,63.1334,43.1762,80.2306,63.7428,72.8428,23.9660,7.5000,138.8548,322.5190,noise_burst
6,105,2026-01-02 11:12:00,100.8755,2694.8321,118.2307,52.2524,43.9154,78.9469,63.7428,72.8428,23.9660,7.5000,144.7908,310.3844,noise_burst
6,106,2026-01-02 11:15:00,101.6511,2680.3532,118.4009,54.8089,42.2545,79.0006,63.7428,72.8428,23.9660,7.5000,143.9056,318.5935,noise_burst
6,107,2026-01-02 11:18:00,102.6160,2692.8476,118.8312,56.9396,39.9602,79.5944,63.7428,72.8428,23.9660,7.5000,142.5762,314.9742,noise_burst
6,108,2026-01-02 11:21:00,99.7412,2704.4823,119.2742,63.1395,38.3653,79.9115,63.7428,72.8428,23.9660,7.5000,138.1065,297.2692,noise_burst
6,109,2026-01-02 11:24:00,102.9059,2706.5814,120.1450,60.0504,39.1927,79.8087,63.7428,72.8428,30.0919,7.5000,142.0986,297.0331,noise_burst
6,110,2026-01-02 11:27:00,101.6523,2703.2371,120.2455,60.3043,40.8292,80.1834,63.7428,72.8428,30.0919,7.5000,142.4815,296.9979,noise_burst
6,111,2026-01-02 11:30:00,103.5342,2709.1149,120.1206,60.7500,41.1756,80.1324,63.7428,72.8428,30.0919,7.5000,144.7098,301.7704,noise_burst
6,112,2026-01-02 11:33:00,100.0690,2706.2809,119.4232,55.9794,42.6502,81.1490,63.7428,72.8428,30.0919,7.5000,142.7192,303.7209,noise_burst
6,113,2026-01-02 11:36:00,100.0540,2715.0667,120.0874,57.3711,41.3150,80.5397,63.7428,72.8428,30.0919,7.5000,141.3690,307.6354,noise_burst
6,114,2026-01-02 11:39:00,94.6102,2706.4661,119.7513,58.8969,42.3482,80.6869,63.7428,72.8428,30.0919,7.5000,136.9584,306.7232,noise_burst
6,115,2026-01-02 11:42:00,95.9388,2704.4691,120.1512,50.4896,41.0944,80.0415,63.7428,72.8428,28.9926,7.5000,137.0332,307.9740,noise_burst
6,116,2026-01-02 11:45:00,93.3139,2694.6787,119.6601,51.5614,41.6632,80.0917,63.7428,72.8428,28.9926,7.5000,134.9771,302.2991,noise_burst
6,117,2026-01-02 11:48:00,92.9947,2683.6460,118.9549,49.4986,43.7425,79.8341,63.7428,72.8428,28.9926,7.5000,136.7372,306.1541,noise_burst
6,118,2026-01-02 11:51:00,91.7047,2687.2568,118.6778,52.3582,41.1525,79.9113,63.7428,72.8428,28.9926,7.5000,132.8572,308.5428,noise_burst
6,119,2026-01-02 11:54:00,95.9712,2685.0550,118.1020,50.2435,43.3155,79.7879,63.7428,72.8428,28.9926,7.5000,139.2868,299.5330,noise_burst
6,120,2026-01-02 11:57:00,92.7916,2674.5510,118.1608,49.0777,41.4989,79.0425,63.7428,72.8428,28.9926,7.5000,134.2905,313.4836,noise_burst
6,121,2026-01-02 12:45:00,97.5798,2679.9468,118.4345,47.7645,39.9364,78.5792,63.7428,26.6381,22.8950,7.5000,137.5162,300.7824,noise_burst
6,122,2026-01-02 12:48:00,100.5891,2666.8844,117.1839,42.2467,45.0266,77.6077,63.7428,26.6381,22.8950,7.5000,145.6157,292.5916,noise_burst
6,123,2026-01-02 12:51:00,103.8933,2684.3708,118.0009,37.7480,46.6336,77.5830,63.7428,26.6381,22.8950,7.5000,150.5269,310.9128,noise_burst
6,124,2026-01-02 12:54:00,105.8210,2691.4976,117.8757,49.4792,44.4647,78.1040,63.7428,26.6381,22.8950,7.5000,150.2857,311.3380,noise_burst
6,125,2026-01-02 12:57:00,106.4323,2695.8504,118.5256,55.6593,45.4289,79.5464,63.7428,26.6381,22.8950,7.5000,151.8612,309.0643,noise_burst
6,126,2026-01-02 13:00:00,101.4150,2699.7798,119.6641,49.7303,40.4858,78.7503,69.5800,26.6381,22.8950,7.5000,141.9008,311.8944,noise_burst
6,127,2026-01-02 13:03:00,101.6872,2697.5068,120.2766,49.5969,40.0122,79.4577,69.5800,26.6381,32.2367,7.5000,141.6994,293.6504,noise_burst
6,128,2026-01-02 13:06:00,99.7936,2688.1319,120.9291,49.8503,39.7613,79.8523,69.5800,26.6381,32.2367,7.5000,139.5549,287.2369,noise_burst
6,129,2026-01-02 13:09:00,97.5660,2683.9269,120.6450,53.4522,40.3263,80.7554,69.5800,26.6381,32.2367,7.5000,137.8923,283.6149,noise_burst
6,130,2026-01-02 13:12:00,108.7364,2679.6992,122.1485,47.6617,41.1287,80.1130,69.5800,26.6381,32.2367,7.5000,140.3423,291.1170,noise_burst
6,131,2026-01-02 13:15:00,96.1783,2679.6768,118.7815,49.5843,40.8259,80.9436,69.5800,26.6381,32.2367,7.5000,142.1154,292.0962,noise_burst
6,132,2026-01-02 13:18:00,100.4983,2679.5066,116.1796,46.4666,42.0638,79.5375,69.5800,26.6381,32.2367,7.5000,140.9738,298.6665,noise_burst
6,133,2026-01-02 13:21:00,96.9470,2686.0701,118.4668,46.5075,42.5113,79.4495,69.5800,26.6381,27.5399,7.5000,139.2537,298.6750,noise_burst
6,134,2026-01-02 13:24:00,97.1990,2691.6731,116.5577,51.4764,44.7030,80.0089,69.5800,26.6381,27.5399,7.5000,143.1159,297.8109,noise_burst
6,135,2026-01-02 13:27:00,98.5782,2686.2956,118.7031,56.5128,46.9397,79.5699,69.5800,26.6381,27.5399,7.5000,145.4662,309.1209,noise_burst
6,136,2026-01-02 13:30:00,95.9468,2687.4642,119.8894,56.2699,45.8670,79.6303,69.5800,26.6381,27.5399,7.5000,145.1831,313.5815,noise_burst
6,137,2026-01-02 13:33:00,90.2645,2683.6890,118.9265,59.1224,45.2218,79.9853,69.5800,26.6381,27.5399,7.5000,138.0004,315.4545,noise_burst
6,138,2026-01-02 13:36:00,93.2410,2680.9596,117.4179,59.3685,44.4370,79.7645,69.5800,26.6381,27.5399,7.5000,138.2883,308.5996,noise_burst
6,139,2026-01-02 13:39:00,91.4843,2668.8331,116.2056,57.3138,43.7147,79.4429,69.5800,26.6381,26.4432,7.5000,139.2369,305.1006,noise_burst
6,140,2026-01-02 13:42:00,96.8860,2661.8766,116.1509,58.7342,43.8504,80.0404,69.5800,26.6381,26.4432,7.5000,137.6993,307.7217,noise_burst
6,141,2026-01-02 13:45:00,99.6330,2665.8077,118.2305,52.2211,44.0440,79.2471,69.5800,26.6381,26.4432,7.5000,141.5278,303.5158,noise_burst
6,142,2026-01-02 13:48:00,99.0282,2672.9152,120.6995,51.1204,42.3944,79.4695,69.5800,26.6381,26.4432,7.5000,144.0655,303.4250,noise_burst
6,143,2026-01-02 13:51:00,98.6071,2682.0441,116.7987,53.6354,45.1220,78.8629,69.5800,26.6381,26.4432,7.5000,147.2646,300.7847,noise_burst
6,144,2026-01-02 13:54:00,100.3622,2698.5349,117.6549,53.3758,45.6124,78.7912,69.5800,26.6381,26.4432,7.5000,147.1587,302.6066,noise_burst
6,145,2026-01-02 13:57:00,94.2883,2703.7243,115.0719,54.6595,47.8555,79.0760,69.5800,26.6381,28.5971,7.5000,148.1124,311.8623,noise_burst
6,146,2026-01-02 14:00:00,98.0880,2695.4406,120.0095,52.3133,49.3062,78.8312,69.5800,26.6381,28.5971,7.5000,149.1783,322.3248,noise_burst
6,147,2026-01-02 14:03:00,96.9905,2693.1104,120.2858,58.8192,45.3606,79.4745,69.5800,26.6381,28.5971,7.5000,144.8131,329.4565,noise_burst
6,148,2026-01-02 14:06:00,101.9302,2690.8424,120.5814,56.7663,46.3377,80.1419,69.5800,26.6381,28.5971,7.5000,147.1780,311.9141,noise_burst
6,149,2026-01-02 14:09:00,102.1208,2690.8264,118.2667,55.2371,44.8058,79.6570,69.5800,26.6381,28.5971,7.5000,143.2955,311.7312,noise_burst
6,150,2026-01-02 14:12:00,100.6350,2690.2675,117.8348,52.4483,47.4585,79.7694,69.5800,26.6381,28.5971,7.5000,146.2219,303.1166,noise_burst
6,151,2026-01-02 14:15:00,100.3393,2679.3659,119.1864,53.1985,42.0491,80.0818,38.5678,26.6381,28.9119,7.5000,139.2578,317.7423,noise_burst
6,152,2026-01-02 14:18:00,90.9072,2673.3129,120.4098,55.8325,40.4138,80.0414,38.5678,26.6381,28.9119,7.5000,135.0563,302.4165,noise_burst
6,153,2026-01-02 14:21:00,97.3921,2690.3997,121.1673,52.6262,39.0122,79.4916,38.5678,26.6381,28.9119,7.5000,134.6345,296.8419,noise_burst
6,154,2026-01-02 14:24:00,89.2167,2673.5008,119.3129,57.6733,41.1030,80.6381,38.5678,26.6381,28.9119,7.5000,137.5736,300.7208,noise_burst
6,155,2026-01-02 14:27:00,92.6974,2682.8764,118.6781,57.3661,37.9399,79.8106,38.5678,26.6381,28.9119,7.5000,135.1674,302.9144,noise_burst
6,156,2026-01-02 14:30:00,101.6696,2679.8140,119.5664,60.7345,38.7388,80.4120,38.5678,26.6381,28.9119,7.5000,137.5197,293.2058,noise_burst
6,157,2026-01-02 14:33:00,97.0763,2675.8594,120.1429,57.2749,38.5707,80.2778,38.5678,26.6381,28.1155,7.5000,137.9033,298.8537,noise_burst
6,158,2026-01-02 14:36:00,91.7909,2684.8917,119.1400,54.3400,36.4164,79.8807,38.5678,26.6381,28.1155,7.5000,132.2914,295.0032,noise_burst
6,159,2026-01-02 14:39:00,92.2823,2687.3712,121.9208,49.5941,34.2030,79.7542,38.5678,26.6381,28.1155,7.5000,131.0949,285.4940,noise_burst
6,160,2026-01-02 14:42:00,95.6142,2672.6877,121.3583,48.5741,35.6245,79.6625,38.5678,26.6381,28.1155,7.5000,133.9350,282.9840,noise_burst
6,161,2026-01-02 14:45:00,102.3390,2687.1071,120.2226,49.2096,36.5010,79.7132,38.5678,55.6052,28.1155,7.5000,139.1844,292.6590,noise_burst
6,162,2026-01-02 14:48:00,109.2238,2703.6117,122.0475,48.8423,35.7130,80.2314,38.5678,55.6052,28.1155,7.5000,139.0227,290.5871,noise_burst
6,163,2026-01-02 14:51:00,95.0336,2718.5427,121.0012,46.2468,36.8124,79.8611,38.5678,55.6052,31.0406,7.5000,135.5913,286.8342,noise_burst
6,164,2026-01-02 14:54:00,95.5308,2716.5209,118.8208,42.0930,40.0335,79.0301,38.5678,55.6052,31.0406,7.5000,138.7977,294.5163,noise_burst
6,165,2026-01-02 14:57:00,101.8365,2706.3719,120.2951,44.0005,38.0020,78.9333,38.5678,55.6052,31.0406,7.5000,136.6727,302.0411,noise_burst
6,166,2026-01-02 15:00:00,98.5138,2702.2783,121.1179,46.4122,40.6221,79.8213,38.5678,55.6052,31.0406,7.5000,140.5638,298.4797,noise_burst
6,167,2026-01-02 15:03:00,94.9780,2708.8095,121.8021,52.9075,39.4886,81.1455,38.5678,55.6052,31.0406,7.5000,139.8787,308.3284,noise_burst
6,168,2026-01-02 15:06:00,103.0884,2726.8780,119.3925,49.9790,41.8657,80.6515,38.5678,55.6052,31.0406,7.5000,143.2436,296.2127,noise_burst
6,169,2026-01-02 15:09:00,88.9109,2732.6545,118.8197,48.2946,47.5314,80.1234,38.5678,55.6052,31.2417,7.5000,145.3959,309.7523,noise_burst
6,170,2026-01-02 15:12:00,97.4871,2724.2250,119.0532,54.1187,46.1669,80.3475,38.5678,55.6052,31.2417,7.5000,144.0294,328.1356,noise_burst
6,171,2026-01-02 15:15:00,97.8188,2716.3238,120.0065,55.4500,44.3340,80.1781,38.5678,55.6052,31.2417,7.5000,144.8232,330.0022,noise_burst
6,172,2026-01-02 15:18:00,105.1008,2701.8719,119.3059,49.8157,43.3853,79.8894,38.5678,55.6052,31.2417,7.5000,142.4183,324.1308,noise_burst
6,173,2026-01-02 15:21:00,103.4595,2713.3537,119.7404,50.0269,41.6840,80.0835,38.5678,55.6052,31.2417,7.5000,139.5683,319.5253,noise_burst
6,174,2026-01-02 15:24:00,95.7784,2711.8926,120.4090,48.9486,41.6466,80.1996,38.5678,55.6052,31.2417,7.5000,139.1597,308.1902,noise_burst
6,175,2026-01-02 15:27:00,93.1258,2705.1933,120.5351,50.5080,42.0852,80.2860,38.5678,55.6052,30.9588,7.5000,140.9201,318.0695,noise_burst
6,176,2026-01-02 15:30:00,105.2926,2710.1392,119.3523,53.5497,42.0515,79.9357,39.5577,55.6052,30.9588,7.5000,143.7389,312.9224,noise_burst
6,177,2026-01-02 15:33:00,105.5051,2714.1568,117.4981,52.3124,43.2138,80.6123,39.5577,55.6052,30.9588,7.5000,150.3039,311.3908,noise_burst
6,178,2026-01-02 15:36:00,107.7061,2726.1917,120.9952,52.9885,40.3940,80.4053,39.5577,55.6052,30.9588,7.5000,147.9593,314.6836,noise_burst
6,179,2026-01-02 15:39:00,107.2537,2737.1540,117.5266,52.5546,42.7588,80.2215,39.5577,55.6052,30.9588,7.5000,149.6464,306.8131,noise_burst
6,180,2026-01-02 15:42:00,101.2420,2720.7089,119.3832,48.4241,40.2233,79.8885,39.5577,55.6052,30.9588,7.5000,147.6626,314.8230,noise_burst
6,181,2026-01-02 15:45:00,110.5418,2727.1750,119.2787,51.8274,37.1984,79.8606,39.5577,55.6052,34.7544,7.5000,143.7848,308.5821,noise_burst
6,182,2026-01-02 15:48:00,115.0157,2728.0980,118.1686,52.2014,39.5330,80.8624,39.5577,55.6052,34.7544,7.5000,148.8689,301.7235,noise_burst
6,183,2026-01-02 15:51:00,99.2105,2746.4562,122.3148,53.2473,40.5828,81.7131,39.5577,55.6052,34.7544,7.5000,144.6591,309.8981,noise_burst
6,184,2026-01-02 15:54:00,100.6527,2739.4205,121.1460,56.0792,43.6456,81.4430,39.5577,55.6052,34.7544,7.5000,145.3562,304.0649,noise_burst
6,185,2026-01-02 15:57:00,100.7041,2728.2963,122.7511,55.1413,41.8564,81.6737,39.5577,55.6052,34.7544,7.5000,144.8900,316.3652,noise_burst
6,186,2026-01-02 16:00:00,106.0352,2719.8327,121.3394,57.5887,42.8131,81.8779,39.5577,55.6052,34.7544,7.5000,146.5960,314.0317,noise_burst
6,187,2026-01-02 16:03:00,99.8637,2723.8990,120.6880,56.3325,41.4713,81.7705,39.5577,55.6052,31.9802,7.5000,144.7905,313.5430,noise_burst
6,188,2026-01-02 16:06:00,108.7260,2732.2966,118.2368,50.2744,42.0439,81.8462,39.5577,55.6052,31.9802,7.5000,150.4991,313.2789,noise_burst
6,189,2026-01-02 16:09:00,113.8555,2732.9468,119.8358,50.1760,42.2968,80.9170,39.5577,55.6052,31.9802,7.5000,156.3353,314.1012,noise_burst
6,190,2026-01-02 16:12:00,113.8252,2739.6780,119.5262,46.4847,44.0921,80.2710,39.5577,55.6052,31.9802,7.5000,156.6692,315.3497,noise_burst
6,191,2026-01-02 16:15:00,115.5629,2763.2956,120.9507,51.2987,43.0668,80.4159,39.5577,55.6052,31.9802,7.5000,155.7899,318.3081,noise_burst
6,192,2026-01-02 16:18:00,110.4416,2765.9942,120.4623,57.0989,44.1020,81.2879,39.5577,55.6052,31.9802,7.5000,156.9265,318.1295,noise_burst
6,193,2026-01-02 16:21:00,115.2935,2768.1484,121.9034,55.6471,43.6476,81.2312,39.5577,55.6052,39.7923,7.5000,161.5714,321.7565,noise_burst
6,194,2026-01-02 16:24:00,115.9796,2764.5556,122.8435,54.8340,46.5427,81.9622,39.5577,55.6052,39.7923,7.5000,164.9587,317.4428,noise_burst
6,195,2026-01-02 16:27:00,118.7377,2785.5729,121.8216,53.9265,46.9706,82.4967,39.5577,55.6052,39.7923,7.5000,164.4752,334.1817,noise_burst
6,196,2026-01-02 16:30:00,121.8233,2785.0168,121.5857,54.1527,48.1101,82.4278,39.5577,55.6052,39.7923,7.5000,163.4492,329.5514,noise_burst
6,197,2026-01-02 16:33:00,108.2780,2782.5607,121.5886,56.8827,46.5833,82.3722,39.5577,55.6052,39.7923,7.5000,158.6612,332.8493,noise_burst
6,198,2026-01-02 16:36:00,116.6445,2774.5039,123.1693,54.5823,45.9716,82.4853,39.5577,55.6052,39.7923,7.5000,160.0763,329.9818,noise_burst
6,199,2026-01-02 16:39:00,117.7546,2759.2340,122.5645,57.4999,46.9271,82.9709,39.5577,55.6052,40.3125,7.5000,157.9138,324.5654,noise_burst
6,200,2026-01-02 16:42:00,107.1239,2767.3064,124.0360,55.4502,44.4955,83.2407,39.5577,55.6052,40.3125,7.5000,154.8701,335.5971,noise_burst
6,201,2026-01-02 16:45:00,103.2007,2762.6555,119.7372,53.6695,46.1105,82.9795,49.4734,60.8073,40.3125,7.5000,156.7741,330.4617,noise_burst
6,202,2026-01-02 16:48:00,110.2185,2750.3213,118.8390,52.7804,46.6605,82.4773,49.4734,60.8073,40.3125,7.5000,154.6227,322.0074,noise_burst
6,203,2026-01-02 16:51:00,113.3233,2741.9642,123.9946,51.6354,43.0902,82.1616,49.4734,60.8073,40.3125,7.5000,150.6203,334.5464,noise_burst
6,204,2026-01-02 16:54:00,106.4193,2738.8285,119.9152,55.0653,43.8298,82.3859,49.4734,60.8073,40.3125,7.5000,153.5350,316.5589,noise_burst
6,205,2026-01-02 16:57:00,113.3867,2727.9185,119.4574,55.1690,43.4063,81.8383,49.4734,60.8073,36.3000,7.5000,155.4720,312.9889,noise_burst
6,206,2026-01-02 17:00:00,112.1232,2731.1636,123.7061,57.1606,40.8023,82.5111,49.4734,60.8073,36.3000,7.5000,149.5939,309.4084,noise_burst
6,207,2026-01-02 17:03:00,105.4865,2736.8011,120.4399,57.0237,39.0180,81.8229,49.4734,60.8073,36.3000,7.5000,146.3915,304.6526,noise_burst
6,208,2026-01-02 17:06:00,101.7524,2736.5367,120.0698,57.3336,38.7709,81.9164,49.4734,60.8073,36.3000,7.5000,145.1007,299.0764,noise_burst
6,209,2026-01-02 17:09:00,117.8573,2713.0861,124.8417,52.2541,38.7652,81.2962,49.4734,60.8073,36.3000,7.5000,144.1233,294.6770,noise_burst
6,210,2026-01-02 17:12:00,96.7710,2722.8775,121.0198,47.1577,38.5677,81.2013,49.4734,60.8073,36.3000,7.5000,145.3372,300.0047,noise_burst
6,211,2026-01-02 17:15:00,111.1282,2716.1359,122.6938,46.6207,38.8273,81.1700,49.4734,60.8073,33.8740,7.5000,146.6576,290.3518,noise_burst
6,212,2026-01-02 17:18:00,108.0323,2716.2657,122.4234,39.7934,36.1720,80.6897,49.4734,60.8073,33.8740,7.5000,144.4516,296.9536,noise_burst
6,213,2026-01-02 17:21:00,107.3145,2725.3757,122.0079,44.9511,37.8215,80.6250,49.4734,60.8073,33.8740,7.5000,148.3793,294.4290,noise_burst
6,214,2026-01-02 17:24:00,109.3832,2725.4787,122.0150,44.9018,38.0209,80.5599,49.4734,60.8073,33.8740,7.5000,146.7683,296.0761,noise_burst
6,215,2026-01-02 17:27:00,104.1155,2718.4212,123.7299,55.8962,37.5445,81.0640,49.4734,60.8073,33.8740,7.5000,144.9635,294.3699,noise_burst
6,216,2026-01-02 17:30:00,107.5781,2713.4021,122.4561,54.2397,36.0011,81.4575,49.4734,60.8073,33.8740,7.5000,142.8556,288.4763,noise_burst
6,217,2026-01-02 17:33:00,104.4868,2715.7434,122.3365,53.6561,33.6698,81.8177,49.4734,60.8073,35.2857,7.5000,135.0406,283.3242,noise_burst
6,218,2026-01-02 17:36:00,101.8194,2702.4978,123.4485,45.8850,33.9180,81.1161,49.4734,60.8073,35.2857,7.5000,131.1872,277.3262,noise_burst
6,219,2026-01-02 17:39:00,96.4128,2689.3199,121.5467,41.5102,32.2618,81.4013,49.4734,60.8073,35.2857,7.5000,131.4053,277.5901,noise_burst
6,220,2026-01-02 17:42:00,101.6566,2687.6129,122.9683,39.4355,33.3917,80.5305,49.4734,60.8073,35.2857,7.5000,131.7611,273.0688,noise_burst
6,221,2026-01-02 17:45:00,96.2161,2694.8085,121.0553,42.5247,36.8498,81.0701,49.4734,60.8073,35.2857,7.5000,135.7174,279.3796,noise_burst
6,222,2026-01-02 17:48:00,99.4786,2685.4218,119.2646,43.4656,38.5323,80.8903,49.4734,60.8073,35.2857,7.5000,137.8027,294.3537,noise_burst
6,223,2026-01-02 17:51:00,93.0046,2689.8342,119.7066,47.1796,36.1383,80.0786,49.4734,60.8073,28.4839,7.5000,134.1924,292.0692,noise_burst
6,224,2026-01-02 17:54:00,97.1291,2699.2450,121.0050,51.1493,36.2230,80.0284,49.4734,60.8073,28.4839,7.5000,133.3243,283.9049,noise_burst
6,225,2026-01-02 17:57:00,88.4758,2692.8632,119.1219,52.0996,38.6301,80.4022,49.4734,60.8073,28.4839,7.5000,134.2092,286.0669,noise_burst
6,226,2026-01-02 18:00:00,94.3006,2693.1407,117.2159,53.2969,38.6415,80.0612,48.0204,60.8073,28.4839,7.5000,134.0013,293.7597,noise_burst
6,227,2026-01-02 18:03:00,91.7903,2685.2751,119.5192,55.1266,39.5396,80.3975,48.0204,60.8073,28.4839,7.5000,134.9306,295.8910,noise_burst
6,228,2026-01-02 18:06:00,94.4326,2674.6910,120.3623,56.7382,37.3118,80.4369,48.0204,60.8073,28.4839,7.5000,131.7499,301.3526,noise_burst
6,229,2026-01-02 18:09:00,84.8339,2681.0366,119.4778,58.1257,37.1713,80.0528,48.0204,60.8073,26.5562,7.5000,126.2384,297.2467,noise_burst
6,230,2026-01-02 18:12:00,90.9975,2676.6997,122.6521,57.0452,36.6648,79.9174,48.0204,60.8073,26.5562,7.5000,125.0030,287.6157,noise_burst
6,231,2026-01-02 18:15:00,88.7813,2658.4832,119.2280,52.5226,35.8824,80.2266,48.0204,60.8073,26.5562,7.5000,118.6287,288.3149,noise_burst
6,232,2026-01-02 18:18:00,89.3442,2657.7840,121.2748,56.5822,35.5300,79.6788,48.0204,60.8073,26.5562,7.5000,120.1563,285.2447,noise_burst
6,233,2026-01-02 18:21:00,85.0311,2638.0452,116.8181,61.1651,35.8995,79.8139,48.0204,60.8073,26.5562,7.5000,120.9965,286.4504,noise_burst
6,234,2026-01-02 18:24:00,81.2180,2650.7691,121.0170,57.6168,36.0031,79.9355,48.0204,60.8073,26.5562,7.5000,121.0425,283.0404,noise_burst
6,235,2026-01-02 18:27:00,83.0206,2651.8814,114.5312,55.3561,35.9280,79.1076,48.0204,60.8073,22.0252,7.5000,118.2516,282.6947,noise_burst
6,236,2026-01-02 18:30:00,80.9149,2667.8983,114.6001,48.6606,38.2788,78.2280,48.0204,60.8073,22.0252,7.5000,120.2190,290.5899,noise_burst
6,237,2026-01-02 18:33:00,82.6787,2654.7405,116.7060,50.9819,41.9751,77.4126,48.0204,60.8073,22.0252,7.5000,122.1799,296.3413,noise_burst
6,238,2026-01-02 18:36:00,81.1788,2651.4084,117.5604,53.0201,40.9013,78.5247,48.0204,60.8073,22.0252,7.5000,125.6414,309.6033,noise_burst
6,239,2026-01-02 18:39:00,90.4282,2647.5003,117.2186,55.7520,40.1175,78.0047,48.0204,60.8073,22.0252,7.5000,125.2509,307.5450,noise_burst
6,240,2026-01-02 18:42:00,93.0722,2658.4431,116.5964,58.5676,41.1405,78.5124,48.0204,60.8073,22.0252,7.5000,124.3166,305.5006,noise_burst
6,241,2026-01-02 18:45:00,81.8995,2669.1445,117.0129,51.2434,41.7436,77.8973,48.0204,48.6331,20.1338,7.5000,123.7739,300.4293,noise_burst
6,242,2026-01-02 18:48:00,94.8678,2662.0406,115.1729,45.9142,44.3851,76.9558,48.0204,48.6331,20.1338,7.5000,130.0626,307.2792,noise_burst
6,243,2026-01-02 18:51:00,90.3893,2655.0501,118.0875,54.1107,44.7669,77.5523,48.0204,48.6331,20.1338,7.5000,135.1624,318.8585,noise_burst
6,244,2026-01-02 18:54:00,86.7864,2677.8519,114.5491,58.0058,46.0505,78.1261,48.0204,48.6331,20.1338,7.5000,135.8660,319.4405,noise_burst
6,245,2026-01-02 18:57:00,89.6746,2692.0449,113.0836,57.8232,48.2754,77.9405,48.0204,48.6331,20.1338,7.5000,136.6333,322.6814,noise_burst
6,246,2026-01-02 19:00:00,93.7665,2689.8699,115.6007,58.6270,49.8190,78.3797,48.0204,48.6331,20.1338,7.5000,137.9261,326.6482,noise_burst
6,247,2026-01-02 19:03:00,99.3428,2687.8165,115.5425,53.3443,48.0827,77.2450,48.0204,48.6331,24.0014,7.5000,140.5767,336.4853,noise_burst
6,248,2026-01-02 19:06:00,82.7130,2693.9635,116.4510,49.4798,49.3006,77.4165,48.0204,48.6331,24.0014,7.5000,143.3356,327.5225,noise_burst
6,249,2026-01-02 19:09:00,87.6371,2701.7548,118.8818,45.9928,49.7372,77.8572,48.0204,48.6331,24.0014,7.5000,141.1654,331.8370,noise_burst
6,250,2026-01-02 19:12:00,87.4264,2694.5617,116.1111,48.2852,48.9053,78.2051,48.0204,48.6331,24.0014,7.5000,140.7459,339.2488,noise_burst
6,251,2026-01-02 19:15:00,86.3364,2686.4090,116.8348,50.5775,48.2500,77.9933,55.0933,48.6331,24.0014,7.5000,141.4554,331.4151,noise_burst
6,252,2026-01-02 19:18:00,87.7913,2686.1457,118.3439,50.4165,44.8905,78.0502,55.0933,48.6331,24.0014,7.5000,136.2155,323.5653,noise_burst
6,253,2026-01-02 19:21:00,93.0940,2676.8966,117.8388,50.1919,44.3842,78.9280,55.0933,48.6331,24.9903,7.5000,138.6623,312.2518,noise_burst
6,254,2026-01-02 19:24:00,91.8595,2674.7675,116.7686,49.1345,43.0872,79.1564,55.0933,48.6331,24.9903,7.5000,139.8816,315.3631,noise_burst
6,255,2026-01-02 19:27:00,90.1980,2685.4749,117.3532,47.6718,42.3077,78.1495,55.0933,48.6331,24.9903,7.5000,135.8731,301.7723,noise_burst
6,256,2026-01-02 19:30:00,94.9009,2687.9500,119.1511,46.9401,44.0088,78.0708,55.0933,48.6331,24.9903,7.5000,142.0166,302.6068,noise_burst
6,257,2026-01-02 19:33:00,103.3240,2674.7531,121.5802,42.1552,40.0596,78.1242,55.0933,48.6331,24.9903,7.5000,138.2743,308.5293,noise_burst
6,258,2026-01-02 19:36:00,97.8987,2674.6275,118.6646,46.0924,39.2850,77.8588,55.0933,48.6331,24.9903,7.5000,137.1703,296.4119,noise_burst
6,259,2026-01-02 19:39:00,95.7809,2680.8669,115.6814,42.8605,37.2701,78.7435,55.0933,48.6331,27.4933,7.5000,135.3038,300.8423,noise_burst
6,260,2026-01-02 19:42:00,96.0011,2673.4036,120.2038,42.5434,37.1692,78.7013,55.0933,48.6331,27.4933,7.5000,134.0406,289.3250,noise_burst
6,261,2026-01-02 19:45:00,103.6893,2678.5826,119.9983,42.2662,36.4996,78.6786,55.0933,48.6331,27.4933,7.5000,134.2998,291.5033,noise_burst
6,262,2026-01-02 19:48:00,102.1513,2674.0599,121.9824,41.0762,36.0535,78.6177,55.0933,48.6331,27.4933,7.5000,137.5353,281.7303,noise_burst
6,263,2026-01-02 19:51:00,113.8952,2687.5823,121.0866,41.6362,37.1615,79.1113,55.0933,48.6331,27.4933,7.5000,145.1435,281.0977,noise_burst
6,264,2026-01-02 19:54:00,108.2206,2686.9392,121.9220,42.7177,35.6645,79.2892,55.0933,48.6331,27.4933,7.5000,139.8767,282.1181,noise_burst
6,265,2026-01-02 19:57:00,89.6573,2705.4965,120.3733,43.9605,36.2202,79.0764,55.0933,48.6331,30.3093,7.5000,137.4038,280.2041,noise_burst
6,266,2026-01-02 20:00:00,99.4314,2696.0627,119.4054,43.5439,35.4957,79.1186,55.0933,48.6331,30.3093,7.5000,139.3075,285.8117,noise_burst
6,267,2026-01-02 20:03:00,97.3204,2692.1150,120.3039,43.7302,36.2959,79.4022,55.0933,48.6331,30.3093,7.5000,138.5339,284.7629,noise_burst
6,268,2026-01-02 20:06:00,106.7823,2697.5549,120.7374,44.8386,36.7770,79.9925,55.0933,48.6331,30.3093,7.5000,135.3827,280.9575,noise_burst
6,269,2026-01-02 20:09:00,93.1007,2689.4074,122.6372,44.2580,36.5434,80.5282,55.0933,48.6331,30.3093,7.5000,132.3440,287.3103,noise_burst
6,270,2026-01-02 20:12:00,97.5411,2682.4033,120.3249,47.1311,36.5126,80.5593,55.0933,48.6331,30.3093,7.5000,131.7655,286.1131,noise_burst
6,271,2026-01-02 20:15:00,88.5159,2680.3672,123.8878,45.7347,37.1987,80.0127,55.0933,48.6331,28.9501,7.5000,132.6726,287.2530,noise_burst
6,272,2026-01-02 20:18:00,92.4113,2682.1240,120.9595,44.6819,38.8697,80.3954,55.0933,48.6331,28.9501,7.5000,131.2342,286.9113,noise_burst
6,273,2026-01-02 20:21:00,101.1139,2694.4547,116.0221,44.4631,40.1639,79.6892,55.0933,48.6331,28.9501,7.5000,134.2361,292.8798,noise_burst
6,274,2026-01-02 20:24:00,86.3096,2677.9641,121.5205,43.1892,42.5170,79.0901,55.0933,48.6331,28.9501,7.5000,137.5100,300.5743,noise_burst
6,275,2026-01-02 20:27:00,103.4051,2685.8388,119.1823,45.7545,42.3913,79.4755,55.0933,48.6331,28.9501,7.5000,138.2617,309.7323,noise_burst
6,276,2026-01-02 20:30:00,91.5577,2696.4037,119.5557,48.5983,43.3951,79.1691,40.6016,48.6331,28.9501,7.5000,137.7136,305.3599,noise_burst
6,277,2026-01-02 20:33:00,98.0723,2689.5018,116.6626,46.9252,44.7855,78.9219,40.6016,48.6331,26.1156,7.5000,142.3097,312.8296,noise_burst
6,278,2026-01-02 20:36:00,100.7085,2700.3642,116.6456,42.8014,42.1543,77.9286,40.6016,48.6331,26.1156,7.5000,139.8007,322.5863,noise_burst
6,279,2026-01-02 20:39:00,93.0943,2713.0884,117.7734,46.4400,44.0577,78.2197,40.6016,48.6331,26.1156,7.5000,142.0213,309.8725,noise_burst
6,280,2026-01-02 20:42:00,102.1161,2699.5188,120.1085,45.5170,44.7458,78.8432,40.6016,48.6331,26.1156,7.5000,141.5704,314.8856,noise_burst
6,281,2026-01-02 20:45:00,93.0121,2699.9792,116.8583,50.2298,41.0362,78.9494,40.6016,43.5710,26.1156,7.5000,140.5078,317.7943,noise_burst
6,282,2026-01-02 20:48:00,98.4025,2690.0495,118.5937,51.3474,39.8311,79.1898,40.6016,43.5710,26.1156,7.5000,141.4517,307.6787,noise_burst
6,283,2026-01-02 20:51:00,102.7585,2702.9529,118.8143,46.6711,39.6395,79.3857,40.6016,43.5710,28.7627,7.5000,140.2334,304.3295,noise_burst
6,284,2026-01-02 20:54:00,95.4617,2700.1616,120.1822,45.2433,40.6993,79.3488,40.6016,43.5710,28.7627,7.5000,139.4262,298.7674,noise_burst
6,285,2026-01-02 20:57:00,106.8351,2702.7331,122.6038,43.9626,36.9921,79.0908,40.6016,43.5710,28.7627,7.5000,135.1688,307.2158,noise_burst
6,286,2026-01-02 21:00:00,92.3478,2690.4501,119.9781,42.7508,37.3376,79.1861,40.6016,43.5710,28.7627,7.5000,131.6399,289.4807,noise_burst
6,287,2026-01-02 21:03:00,90.9131,2693.7852,120.8188,43.0959,35.6819,79.5188,40.6016,43.5710,28.7627,7.5000,132.0903,292.5085,noise_burst
6,288,2026-01-02 21:06:00,94.8333,2685.5005,118.4797,42.7470,36.8746,80.3081,40.6016,43.5710,28.7627,7.5000,135.3107,290.4817,noise_burst
6,289,2026-01-02 21:09:00,101.4340,2678.0529,121.4873,44.4276,36.2163,80.1559,40.6016,43.5710,28.8751,7.5000,137.0238,296.8939,noise_burst
6,290,2026-01-02 21:12:00,97.0825,2671.9678,117.9539,46.2547,32.7716,79.8585,40.6016,43.5710,28.8751,7.5000,133.6008,285.1559,noise_burst
6,291,2026-01-02 21:15:00,93.7478,2687.6278,120.1783,42.1868,30.2899,79.4169,40.6016,43.5710,28.8751,7.5000,126.5955,278.1553,noise_burst
6,292,2026-01-02 21:18:00,97.0666,2683.5988,121.1140,43.1036,31.8958,79.5020,40.6016,43.5710,28.8751,7.5000,124.3098,264.8744,noise_burst
6,293,2026-01-02 21:21:00,96.2788,2670.8900,121.3196,42.8849,33.9366,79.4580,40.6016,43.5710,28.8751,7.5000,131.5983,267.7900,noise_burst
6,294,2026-01-02 21:24:00,91.2844,2657.4323,125.1751,42.3368,30.6209,79.4425,40.6016,43.5710,28.8751,7.5000,128.4761,277.4359,noise_burst
6,295,2026-01-02 21:27:00,98.8406,2669.8527,122.3140,41.6778,30.3249,79.4526,40.6016,43.5710,26.7404,7.5000,129.5643,262.5403,noise_burst
6,296,2026-01-02 21:30:00,94.6880,2677.3505,119.9514,45.0965,31.1295,80.5622,40.6016,43.5710,26.7404,7.5000,125.5078,268.5974,noise_burst
6,297,2026-01-02 21:33:00,88.0555,2684.4563,123.2632,43.8270,31.4339,79.5551,40.6016,43.5710,26.7404,7.5000,124.9486,274.2113,noise_burst
6,298,2026-01-02 21:36:00,91.2337,2665.9028,123.4556,50.1270,31.6790,79.5575,40.6016,43.5710,26.7404,7.5000,125.3995,267.5074,noise_burst
6,299,2026-01-02 21:39:00,83.5611,2668.1681,122.3053,51.1638,30.6457,79.9576,40.6016,43.5710,26.7404,7.5000,121.8867,268.8141,noise_burst
6,300,2026-01-02 21:42:00,92.7197,2663.6172,120.0158,47.0913,33.8852,79.7125,40.6016,43.5710,26.7404,7.5000,128.4961,270.5731,noise_burst
7,1,2026-01-02 12:45:00,102.7079,2697.1906,120.0992,50.5836,41.3915,80.0737,66.0933,45.2748,29.7140,7.5000,144.0994,298.1431,normal
7,2,2026-01-02 12:48:00,102.2389,2701.4231,119.9719,51.9687,40.7745,80.4003,66.0933,45.2748,29.7140,7.5000,143.0134,299.5058,normal
7,3,2026-01-02 12:51:00,96.6631,2692.0707,119.6926,51.7948,42.8287,80.3281,66.0933,45.2748,29.7140,7.5000,139.4918,296.9208,normal
7,4,2026-01-02 12:54:00,91.6556,2686.9292,120.7404,53.5296,39.7699,80.0550,66.0933,45.2748,29.7140,7.5000,131.4255,309.5015,normal
7,5,2026-01-02 12:57:00,89.4085,2666.8286,120.8944,58.9198,36.0942,81.0334,66.0933,45.2748,29.7140,7.5000,125.5027,287.6568,normal
7,6,2026-01-02 13:00:00,90.8977,2654.5788,120.9392,57.5561,36.7696,80.6755,66.0933,45.2748,29.7140,7.5000,127.6674,276.3256,normal
7,7,2026-01-02 13:03:00,90.5755,2643.6766,119.8828,54.7920,37.1096,80.7092,66.0933,45.2748,23.1386,7.5000,127.6851,282.9618,normal
7,8,2026-01-02 13:06:00,90.8803,2638.6397,118.9231,52.5173,37.4143,80.5865,66.0933,45.2748,23.1386,7.5000,128.2946,281.1564,normal
7,9,2026-01-02 13:09:00,90.2624,2640.2532,119.4082,47.0220,33.0824,78.9349,66.0933,45.2748,23.1386,7.5000,123.3448,276.0983,normal
7,10,2026-01-02 13:12:00,91.1126,2633.1618,119.4989,46.1956,33.9721,78.2595,66.0933,45.2748,23.1386,7.5000,125.0847,268.7753,normal
7,11,2026-01-02 13:15:00,88.7438,2628.2003,119.4579,45.5156,31.8751,77.9874,66.0933,45.2748,23.1386,7.5000,120.6189,272.6422,normal
7,12,2026-01-02 13:18:00,89.6793,2625.5583,119.9736,46.7437,29.2862,78.2120,66.0933,45.2748,23.1386,7.5000,118.9656,264.8709,normal
7,13,2026-01-02 13:21:00,89.0952,2633.6447,120.0619,46.2452,29.0317,78.0366,66.0933,45.2748,21.9268,7.5000,118.1269,259.1631,normal
7,14,2026-01-02 13:24:00,88.7217,2631.3652,119.7153,46.4752,30.9925,78.2695,66.0933,45.2748,21.9268,7.5000,119.7142,252.9467,normal
7,15,2026-01-02 13:27:00,89.6283,2633.6897,119.4765,39.5139,30.8307,77.7816,66.0933,45.2748,21.9268,7.5000,120.4589,256.8279,normal
7,16,2026-01-02 13:30:00,88.5435,2629.8478,119.3148,40.6755,32.5280,77.9713,66.0933,45.2748,21.9268,7.5000,121.0715,259.6651,normal
7,17,2026-01-02 13:33:00,92.2727,2635.8172,119.4679,43.5228,31.7611,78.0250,66.0933,45.2748,21.9268,7.5000,124.0338,257.6462,normal
7,18,2026-01-02 13:36:00,89.9373,2636.1811,119.5276,46.6984,31.2060,78.2075,66.0933,45.2748,21.9268,7.5000,121.1433,262.2584,normal
7,19,2026-01-02 13:39:00,84.3817,2653.6696,118.9286,48.3649,34.8325,78.6142,66.0933,45.2748,22.3790,7.5000,119.2142,262.5567,normal
7,20,2026-01-02 13:42:00,82.4515,2645.5155,118.6276,48.9742,36.7441,78.1777,66.0933,45.2748,22.3790,7.5000,119.1956,277.7714,normal
7,21,2026-01-02 13:45:00,87.0491,2632.3775,119.3647,52.2131,36.0241,78.8678,66.0933,45.2748,22.3790,7.5000,123.0732,279.0553,normal
7,22,2026-01-02 13:48:00,91.5084,2615.2173,118.9145,52.8117,34.5681,78.9480,66.0933,45.2748,22.3790,7.5000,126.0765,276.4509,normal
7,23,2026-01-02 13:51:00,85.8700,2631.5594,118.4764,53.7384,33.4968,79.0600,66.0933,45.2748,22.3790,7.5000,119.3668,276.5546,normal
7,24,2026-01-02 13:54:00,86.2879,2650.0452,118.1159,51.6858,33.0565,78.4372,66.0933,45.2748,22.3790,7.5000,119.3444,270.3293,normal
7,25,2026-01-02 13:57:00,87.2656,2639.5989,118.5296,61.0943,34.9521,78.6742,66.0933,45.2748,23.7777,7.5000,122.2178,269.5318,normal
7,26,2026-01-02 14:00:00,90.7341,2638.9298,118.8352,58.8163,38.8958,78.0933,69.3075,45.2748,23.7777,7.5000,129.6299,273.5294,normal
7,27,2026-01-02 14:03:00,95.5063,2639.4810,118.0768,56.2347,38.1180,78.6776,69.3075,45.2748,23.7777,7.5000,133.6243,288.1082,normal
7,28,2026-01-02 14:06:00,95.0372,2651.8720,117.5382,56.1206,39.1191,79.0618,69.3075,45.2748,23.7777,7.5000,134.1563,284.5550,normal
7,29,2026-01-02 14:09:00,98.7389,2669.5927,117.4304,52.7615,39.5468,78.2541,69.3075,45.2748,23.7777,7.5000,138.2857,293.1686,normal
7,30,2026-01-02 14:12:00,95.7815,2671.4361,117.9437,53.4698,40.5009,77.7266,69.3075,45.2748,23.7777,7.5000,136.2825,291.1708,normal
7,31,2026-01-02 14:15:00,98.2378,2670.8121,118.5690,52.3620,39.9867,77.6890,69.3075,45.2748,25.5621,7.5000,138.2245,293.2455,normal
7,32,2026-01-02 14:18:00,98.4886,2667.3541,119.2560,45.7867,38.7275,77.2786,69.3075,45.2748,25.5621,7.5000,137.2161,298.8336,normal
7,33,2026-01-02 14:21:00,102.8850,2677.4812,119.1899,44.9554,40.1774,78.9458,69.3075,45.2748,25.5621,7.5000,143.0624,290.1007,normal
7,34,2026-01-02 14:24:00,101.0272,2678.5283,119.2192,47.5025,38.9105,78.5185,69.3075,45.2748,25.5621,7.5000,139.9378,293.4144,normal
7,35,2026-01-02 14:27:00,102.1203,2688.9976,119.5603,47.9809,40.1870,79.0372,69.3075,45.2748,25.5621,7.5000,142.3073,286.1472,normal
7,36,2026-01-02 14:30:00,100.4385,2685.2004,119.7294,50.4325,39.7165,79.0680,69.3075,45.2748,25.5621,7.5000,140.1550,293.7779,normal
7,37,2026-01-02 14:33:00,102.5522,2700.8258,120.1142,48.0896,40.0377,79.3901,69.3075,45.2748,29.1117,7.5000,142.5900,290.5763,normal
7,38,2026-01-02 14:36:00,103.9091,2686.7954,119.8280,49.6916,40.9339,79.2875,69.3075,45.2748,29.1117,7.5000,144.8430,283.4179,normal
7,39,2026-01-02 14:39:00,103.7934,2695.0551,120.2134,45.2951,40.0482,79.6034,69.3075,45.2748,29.1117,7.5000,143.8416,296.2225,normal
7,40,2026-01-02 14:42:00,98.9452,2695.5051,120.4618,43.1299,38.6659,79.4819,69.3075,45.2748,29.1117,7.5000,137.6111,294.4675,normal
7,41,2026-01-02 14:45:00,99.1012,2699.3710,120.4664,42.4684,40.2748,79.1196,69.3075,71.8855,29.1117,7.5000,139.3759,291.6232,normal
7,42,2026-01-02 14:48:00,102.0775,2683.7708,120.8240,41.3811,39.0891,79.4077,69.3075,71.8855,29.1117,7.5000,141.1666,290.9573,normal
7,43,2026-01-02 14:51:00,101.3141,2678.8482,121.1618,46.9630,35.8161,80.0030,69.3075,71.8855,28.1292,7.5000,137.1302,297.2553,normal
7,44,2026-01-02 14:54:00,96.7898,2689.6531,120.5893,48.9376,36.4168,79.8153,69.3075,71.8855,28.1292,7.5000,133.2066,286.8603,normal
7,45,2026-01-02 14:57:00,95.7402,2692.4865,120.3996,47.5709,36.1605,79.4100,69.3075,71.8855,28.1292,7.5000,131.9008,278.1485,normal
7,46,2026-01-02 15:00:00,95.7941,2680.9621,120.7879,44.7160,37.3569,79.5588,69.3075,71.8855,28.1292,7.5000,133.1510,289.1840,normal
7,47,2026-01-02 15:03:00,95.8488,2678.0579,120.0933,47.0691,39.8782,79.1719,69.3075,71.8855,28.1292,7.5000,135.7270,286.6445,normal
7,48,2026-01-02 15:06:00,95.0396,2676.9908,119.3580,53.3602,39.7462,80.4821,69.3075,71.8855,28.1292,7.5000,134.7858,297.6672,normal
7,49,2026-01-02 15:09:00,97.9354,2674.3554,119.6725,55.2052,37.0437,80.6688,69.3075,71.8855,25.9146,7.5000,134.9790,287.2192,normal
7,50,2026-01-02 15:12:00,100.4976,2667.6740,120.2034,56.0179,35.1146,79.9516,69.3075,71.8855,25.9146,7.5000,135.6122,279.0095,normal
7,51,2026-01-02 15:15:00,93.4794,2680.5803,120.6317,53.0599,32.1215,79.4211,36.0073,71.8855,25.9146,7.5000,125.6009,273.1442,normal
7,52,2026-01-02 15:18:00,91.9218,2687.2354,119.8306,51.2226,33.4431,79.5260,36.0073,71.8855,25.9146,7.5000,125.3650,277.6376,normal
7,53,2026-01-02 15:21:00,91.4944,2681.9412,119.8272,50.5202,35.3615,79.4370,36.0073,71.8855,25.9146,7.5000,126.8559,282.3236,normal
7,54,2026-01-02 15:24:00,90.2190,2684.9460,120.6371,47.4241,32.7958,79.3282,36.0073,71.8855,25.9146,7.5000,123.0148,293.6805,normal
7,55,2026-01-02 15:27:00,96.2235,2685.0941,119.7576,48.2239,35.6969,79.1380,36.0073,71.8855,26.2956,7.5000,131.9204,284.1995,normal
7,56,2026-01-02 15:30:00,97.3356,2686.9764,119.2829,46.6233,36.9975,78.9660,36.0073,71.8855,26.2956,7.5000,134.3331,295.9574,normal
7,57,2026-01-02 15:33:00,97.0466,2698.2642,119.0270,47.0745,37.9286,79.0777,36.0073,71.8855,26.2956,7.5000,134.9752,301.6965,normal
7,58,2026-01-02 15:36:00,94.9875,2707.2330,119.1041,49.2777,37.6436,78.6869,36.0073,71.8855,26.2956,7.5000,132.6311,302.3065,normal
7,59,2026-01-02 15:39:00,91.9157,2701.0817,119.4514,47.1456,38.9490,79.1896,36.0073,71.8855,26.2956,7.5000,130.8648,295.4033,normal
7,60,2026-01-02 15:42:00,97.1624,2701.4153,120.0460,45.4239,38.7818,79.0209,36.0073,71.8855,26.2956,7.5000,135.9442,309.3008,normal
7,61,2026-01-02 15:45:00,96.8492,2701.8832,119.3497,48.4696,40.4980,80.0639,36.0073,71.8855,28.2120,7.5000,137.3472,302.8650,normal
7,62,2026-01-02 15:48:00,98.2843,2719.1352,118.9966,50.3269,41.2669,79.7587,36.0073,71.8855,28.2120,7.5000,139.5512,310.8137,normal
7,63,2026-01-02 15:51:00,101.3756,2709.2814,118.2712,51.4533,43.7315,79.6395,36.0073,71.8855,28.2120,7.5000,145.1071,310.6907,normal
7,64,2026-01-02 15:54:00,99.4544,2720.9541,119.3438,52.8985,41.1595,79.4407,36.0073,71.8855,28.2120,7.5000,140.6140,325.3822,normal
7,65,2026-01-02 15:57:00,98.0328,2733.3785,119.1061,52.7847,41.7013,79.4196,36.0073,71.8855,28.2120,7.5000,139.7341,317.7933,normal
7,66,2026-01-02 16:00:00,103.2916,2722.3131,118.8571,47.4443,44.6429,79.8586,36.0073,71.8855,28.2120,7.5000,147.9345,313.6907,normal
7,67,2026-01-02 16:03:00,100.5356,2715.6039,119.5266,48.7758,42.4841,79.9364,36.0073,71.8855,30.7677,7.5000,143.0198,330.3995,normal
7,68,2026-01-02 16:06:00,100.0797,2736.2113,119.5570,48.6168,42.0862,80.0997,36.0073,71.8855,30.7677,7.5000,142.1659,320.4046,normal
7,69,2026-01-02 16:09:00,99.7549,2730.3646,118.8776,49.5268,44.3540,80.3968,36.0073,71.8855,30.7677,7.5000,144.1089,317.1627,normal
7,70,2026-01-02 16:12:00,106.1968,2735.2974,119.8717,46.0243,43.8873,79.6073,36.0073,71.8855,30.7677,7.5000,150.0840,328.6217,normal
7,71,2026-01-02 16:15:00,109.4924,2723.7818,119.3169,44.4983,43.6191,79.4598,36.0073,71.8855,30.7677,7.5000,153.1115,319.3018,normal
7,72,2026-01-02 16:18:00,107.1808,2740.7507,119.8822,49.0782,43.5641,80.1791,36.0073,71.8855,30.7677,7.5000,150.7449,320.6389,normal
7,73,2026-01-02 16:21:00,110.8379,2762.7092,119.5089,54.6059,42.9736,80.1530,36.0073,71.8855,33.9608,7.5000,153.8115,322.9488,normal
7,74,2026-01-02 16:24:00,105.7791,2757.0377,119.8127,46.9992,45.0355,80.3377,36.0073,71.8855,33.9608,7.5000,150.8146,325.5003,normal
7,75,2026-01-02 16:27:00,108.2696,2764.1894,120.7400,49.2731,46.5417,79.9720,36.0073,71.8855,33.9608,7.5000,154.8113,326.7811,normal
7,76,2026-01-02 16:30:00,112.2518,2756.3576,120.0513,48.8985,45.8718,80.8308,38.5127,71.8855,33.9608,7.5000,158.1236,339.7376,normal
7,77,2026-01-02 16:33:00,111.9822,2756.4700,120.8883,48.8540,47.8215,80.9775,38.5127,71.8855,33.9608,7.5000,159.8037,333.0135,normal
7,78,2026-01-02 16:36:00,111.9369,2771.9504,120.0722,50.7649,45.8099,81.0265,38.5127,71.8855,33.9608,7.5000,157.7467,338.5707,normal
7,79,2026-01-02 16:39:00,111.1550,2759.6501,120.4349,53.3041,45.9019,81.9162,38.5127,71.8855,38.1248,7.5000,157.0569,327.6266,normal
7,80,2026-01-02 16:42:00,110.8948,2781.0593,121.5884,50.0299,45.1740,81.2570,38.5127,71.8855,38.1248,7.5000,156.0688,333.6886,normal
7,81,2026-01-02 16:45:00,114.7172,2776.6711,119.9534,55.1446,50.0837,81.3210,38.5127,62.9017,38.1248,7.5000,164.8009,324.4540,normal
7,82,2026-01-02 16:48:00,113.9179,2769.4265,120.2080,55.6405,50.6864,82.2787,38.5127,62.9017,38.1248,7.5000,164.6042,343.0210,normal
7,83,2026-01-02 16:51:00,113.8692,2777.4152,120.2601,53.7978,48.8631,81.5028,38.5127,62.9017,38.1248,7.5000,162.7322,353.2374,normal
7,84,2026-01-02 16:54:00,108.5669,2774.6738,119.9254,55.4819,49.7142,82.0728,38.5127,62.9017,38.1248,7.5000,158.2812,344.8673,normal
7,85,2026-01-02 16:57:00,112.8545,2775.1582,121.1960,56.2282,48.7941,82.3192,38.5127,62.9017,40.2855,7.5000,161.6487,339.9435,normal
7,86,2026-01-02 17:00:00,114.9509,2763.8101,120.9420,54.8249,49.7019,82.1045,38.5127,62.9017,40.2855,7.5000,164.6528,336.4874,normal
7,87,2026-01-02 17:03:00,112.8657,2772.8221,120.5770,52.5198,49.7104,82.5260,38.5127,62.9017,40.2855,7.5000,162.5761,343.7509,normal
7,88,2026-01-02 17:06:00,113.3927,2776.5806,120.2355,49.8032,48.2053,81.9090,38.5127,62.9017,40.2855,7.5000,161.5980,341.8356,normal
7,89,2026-01-02 17:09:00,111.2746,2772.8386,120.8758,50.1071,48.0236,82.3815,38.5127,62.9017,40.2855,7.5000,159.2982,335.8477,normal
7,90,2026-01-02 17:12:00,114.4285,2777.7063,121.2378,49.6255,47.8165,80.9924,38.5127,62.9017,40.2855,7.5000,162.2450,336.8327,normal
7,91,2026-01-02 17:15:00,111.8709,2766.6375,120.7034,51.8235,49.5984,81.8561,38.5127,62.9017,40.0958,7.5000,161.4693,337.6992,normal
7,92,2026-01-02 17:18:00,108.8762,2762.8550,121.6099,47.5108,44.5447,81.9363,38.5127,62.9017,40.0958,7.5000,153.4209,339.6995,normal
7,93,2026-01-02 17:21:00,105.4835,2748.8297,122.0407,49.6816,42.3072,82.1138,38.5127,62.9017,40.0958,7.5000,147.7906,326.8021,normal
7,94,2026-01-02 17:24:00,104.2939,2737.0348,122.8204,48.0936,38.9606,82.0839,38.5127,62.9017,40.0958,7.5000,143.2545,305.4978,normal
7,95,2026-01-02 17:27:00,105.7912,2725.0478,122.4641,45.4680,39.2978,81.9242,38.5127,62.9017,40.0958,7.5000,145.0890,308.6092,normal
7,96,2026-01-02 17:30:00,101.2170,2723.7567,122.3502,43.3834,37.0053,81.5941,38.5127,62.9017,40.0958,7.5000,138.2223,298.9539,normal
7,97,2026-01-02 17:33:00,105.3496,2721.6866,121.2367,42.9976,39.3408,81.1263,38.5127,62.9017,33.5569,7.5000,144.6904,293.8884,normal
7,98,2026-01-02 17:36:00,102.2070,2717.9894,121.0998,45.1786,38.2521,81.3093,38.5127,62.9017,33.5569,7.5000,140.4591,299.3897,normal
7,99,2026-01-02 17:39:00,105.3367,2729.4374,120.9876,51.7360,40.5867,81.1373,38.5127,62.9017,33.5569,7.5000,145.9234,306.2296,normal
7,100,2026-01-02 17:42:00,104.6449,2723.7123,120.3641,55.8722,41.2798,81.1906,38.5127,62.9017,33.5569,7.5000,145.9246,307.3702,normal
7,101,2026-01-02 17:45:00,110.7587,2725.7570,121.3474,56.8101,41.0030,81.4535,51.7141,62.9017,33.5569,7.5000,151.7617,311.5478,normal
7,102,2026-01-02 17:48:00,111.1566,2718.1863,121.2523,55.2023,39.6367,80.7127,51.7141,62.9017,33.5569,7.5000,150.7933,306.5292,normal
7,103,2026-01-02 17:51:00,109.1194,2728.0996,122.0060,54.2450,36.3807,81.2202,51.7141,62.9017,34.0249,7.5000,145.5001,301.3329,normal
7,104,2026-01-02 17:54:00,109.4847,2733.5200,121.9986,48.6419,36.2962,80.6308,51.7141,62.9017,34.0249,7.5000,145.7809,284.5030,normal
7,105,2026-01-02 17:57:00,112.5533,2739.8520,122.5738,48.5118,36.4649,81.2632,51.7141,62.9017,34.0249,7.5000,149.0182,288.9086,normal
7,106,2026-01-02 18:00:00,111.5918,2733.8243,122.2116,49.9517,39.6391,81.4314,51.7141,62.9017,34.0249,7.5000,151.2309,288.1006,normal
7,107,2026-01-02 18:03:00,109.9273,2747.9479,121.9868,48.4838,40.1947,81.7729,51.7141,62.9017,34.0249,7.5000,150.1221,299.3123,normal
7,108,2026-01-02 18:06:00,107.4541,2736.9183,121.6377,56.5703,39.3900,82.0683,51.7141,62.9017,34.0249,7.5000,146.8441,297.8102,normal
7,109,2026-01-02 18:09:00,111.1187,2730.9186,122.2158,58.3187,40.3086,82.1366,51.7141,62.9017,36.5659,7.5000,151.4272,307.8116,normal
7,110,2026-01-02 18:12:00,111.2852,2735.4606,121.9675,64.2493,39.2726,82.6822,51.7141,62.9017,36.5659,7.5000,150.5579,298.6158,normal
7,111,2026-01-02 18:15:00,115.2650,2736.4639,121.4852,60.7466,40.2030,82.2503,51.7141,62.9017,36.5659,7.5000,155.4680,296.5248,normal
7,112,2026-01-02 18:18:00,115.2451,2740.3165,121.5204,59.6566,41.5279,82.3030,51.7141,62.9017,36.5659,7.5000,156.7730,299.6480,normal
7,113,2026-01-02 18:21:00,115.8198,2749.0817,121.4753,56.0861,40.1231,81.8397,51.7141,62.9017,36.5659,7.5000,155.9429,306.9288,normal
7,114,2026-01-02 18:24:00,115.9631,2757.2649,122.2073,49.1703,40.4729,80.8356,51.7141,62.9017,36.5659,7.5000,156.4360,310.8885,normal
7,115,2026-01-02 18:27:00,114.3732,2756.0366,122.0972,44.5497,41.4842,80.8390,51.7141,62.9017,38.7498,7.5000,155.8574,298.7415,normal
7,116,2026-01-02 18:30:00,113.2127,2754.4926,122.7388,42.9556,40.7566,81.3842,51.7141,62.9017,38.7498,7.5000,153.9694,309.1705,normal
7,117,2026-01-02 18:33:00,115.2355,2765.6722,122.0653,43.7485,42.1446,81.5732,51.7141,62.9017,38.7498,7.5000,157.3801,304.6975,normal
7,118,2026-01-02 18:36:00,113.9005,2774.2711,121.4568,41.1101,46.1832,81.1975,51.7141,62.9017,38.7498,7.5000,160.0837,311.4564,normal
7,119,2026-01-02 18:39:00,107.5179,2775.0014,121.1703,40.6544,48.3390,81.4166,51.7141,62.9017,38.7498,7.5000,155.8570,325.5051,normal
7,120,2026-01-02 18:42:00,108.9625,2764.9914,121.0652,45.1329,48.5019,81.4985,51.7141,62.9017,38.7498,7.5000,157.4644,329.4135,normal
7,121,2026-01-02 18:45:00,105.5172,2725.9422,121.1068,47.7302,48.8354,81.8573,51.7141,31.8983,37.4830,7.5000,154.3525,324.1676,normal
7,122,2026-01-02 18:48:00,103.1198,2723.3500,121.5744,50.5685,43.1310,82.2974,51.7141,31.8983,37.4830,7.5000,146.2508,329.7459,normal
7,123,2026-01-02 18:51:00,102.2116,2709.6313,120.9236,51.6504,42.3627,82.2586,51.7141,31.8983,37.4830,7.5000,144.5743,307.9959,normal
7,124,2026-01-02 18:54:00,104.9672,2706.0373,121.0849,48.6063,41.9297,81.7649,51.7141,31.8983,37.4830,7.5000,146.8969,305.5971,normal
7,125,2026-01-02 18:57:00,103.7509,2697.2979,120.0158,49.2641,43.3287,81.3945,51.7141,31.8983,37.4830,7.5000,147.0796,297.3184,normal
7,126,2026-01-02 19:00:00,103.3530,2712.0183,120.2570,53.5168,42.2875,81.4145,52.4134,31.8983,37.4830,7.5000,145.6405,305.9869,normal
7,127,2026-01-02 19:03:00,103.8556,2712.0518,120.3917,51.3415,41.0735,80.7127,52.4134,31.8983,32.9466,7.5000,144.9291,307.3670,normal
7,128,2026-01-02 19:06:00,104.2571,2711.2821,120.3615,52.6377,42.3394,80.6132,52.4134,31.8983,32.9466,7.5000,146.5965,301.6518,normal
7,129,2026-01-02 19:09:00,101.1548,2714.7615,119.9974,54.9121,43.1513,80.4242,52.4134,31.8983,32.9466,7.5000,144.3061,306.5734,normal
7,130,2026-01-02 19:12:00,101.4806,2711.7837,120.0997,53.2008,44.1257,80.8754,52.4134,31.8983,32.9466,7.5000,145.6063,316.4140,normal
7,131,2026-01-02 19:15:00,97.5111,2707.8371,120.1885,49.6003,42.3096,80.1772,52.4134,31.8983,32.9466,7.5000,139.8207,311.8794,normal
7,132,2026-01-02 19:18:00,96.5265,2710.2721,120.0329,53.8841,43.0674,80.7854,52.4134,31.8983,32.9466,7.5000,139.5938,304.3382,normal
7,133,2026-01-02 19:21:00,93.9302,2700.2189,118.9853,55.0519,46.8780,80.8571,52.4134,31.8983,30.6085,7.5000,140.8082,315.0016,normal
7,134,2026-01-02 19:24:00,93.9924,2692.2093,119.0101,59.6983,45.9042,81.8565,52.4134,31.8983,30.6085,7.5000,139.8967,322.2210,normal
7,135,2026-01-02 19:27:00,88.6090,2686.3328,118.4564,57.9309,46.0068,80.9596,52.4134,31.8983,30.6085,7.5000,134.6158,319.8232,normal
7,136,2026-01-02 19:30:00,90.8681,2692.7100,117.4858,54.0478,47.6872,79.9856,52.4134,31.8983,30.6085,7.5000,138.5554,318.4704,normal
7,137,2026-01-02 19:33:00,94.9926,2674.1483,117.1754,55.5306,46.3877,79.6411,52.4134,31.8983,30.6085,7.5000,141.3804,328.6883,normal
7,138,2026-01-02 19:36:00,92.1829,2676.8257,117.4109,55.4823,46.5423,79.1693,52.4134,31.8983,30.6085,7.5000,138.7252,326.8337,normal
7,139,2026-01-02 19:39:00,92.9193,2677.9815,116.9214,55.4616,45.7248,78.7822,52.4134,31.8983,24.5109,7.5000,138.6441,317.6266,normal
7,140,2026-01-02 19:42:00,88.9926,2670.5560,117.9190,54.7138,41.3766,78.8765,52.4134,31.8983,24.5109,7.5000,130.3692,310.7522,normal
7,141,2026-01-02 19:45:00,92.8106,2681.4017,118.4693,52.4049,42.8034,78.7363,52.4134,31.8983,24.5109,7.5000,135.6140,303.2863,normal
7,142,2026-01-02 19:48:00,92.3964,2670.0309,117.4907,52.8244,46.2522,79.0356,52.4134,31.8983,24.5109,7.5000,138.6486,307.0125,normal
7,143,2026-01-02 19:51:00,94.4210,2673.8917,117.6784,51.6352,44.4570,78.9108,52.4134,31.8983,24.5109,7.5000,138.8780,318.0488,normal
7,144,2026-01-02 19:54:00,93.3867,2678.9191,116.9696,56.4415,44.5800,78.8900,52.4134,31.8983,24.5109,7.5000,137.9667,310.4250,normal
7,145,2026-01-02 19:57:00,96.0354,2681.1582,117.5481,56.4631,43.4888,79.1848,52.4134,31.8983,25.9215,7.5000,139.5241,311.2550,normal
7,146,2026-01-02 20:00:00,97.1319,2681.8950,117.9990,56.6403,43.3911,78.7254,52.4134,31.8983,25.9215,7.5000,140.5230,315.8481,normal
7,147,2026-01-02 20:03:00,99.5148,2687.6279,118.6258,52.8615,43.3865,78.6541,52.4134,31.8983,25.9215,7.5000,142.9013,308.2082,normal
7,148,2026-01-02 20:06:00,101.3129,2686.8506,118.1649,50.0291,45.3433,79.0277,52.4134,31.8983,25.9215,7.5000,146.6562,310.1319,normal
7,149,2026-01-02 20:09:00,101.4557,2702.2071,118.8304,55.3819,41.1752,79.5642,52.4134,31.8983,25.9215,7.5000,142.6309,316.4640,normal
7,150,2026-01-02 20:12:00,95.3416,2708.1793,118.4443,54.1987,43.3264,79.1236,52.4134,31.8983,25.9215,7.5000,138.6681,308.9835,normal
7,151,2026-01-02 20:15:00,98.5306,2702.0435,119.3775,53.2386,44.0004,79.4800,57.1289,31.8983,30.3640,7.5000,142.5310,308.6468,normal
7,152,2026-01-02 20:18:00,97.7783,2693.1642,119.2563,48.0115,44.9184,78.7090,57.1289,31.8983,30.3640,7.5000,142.6967,319.1172,normal
7,153,2026-01-02 20:21:00,99.1173,2688.9775,119.0507,46.9231,45.5123,79.7369,57.1289,31.8983,30.3640,7.5000,144.6297,316.8209,normal
7,154,2026-01-02 20:24:00,96.7517,2688.4631,117.9531,51.1768,43.8390,79.9285,57.1289,31.8983,30.3640,7.5000,140.5907,310.0908,normal
7,155,2026-01-02 20:27:00,94.8547,2693.6187,118.7164,50.3083,44.2744,79.6999,57.1289,31.8983,30.3640,7.5000,139.1291,312.5445,normal
7,156,2026-01-02 20:30:00,99.0983,2680.3402,118.4157,49.8199,43.7548,79.1898,57.1289,31.8983,30.3640,7.5000,142.8532,313.2051,normal
7,157,2026-01-02 20:33:00,100.6043,2676.8080,118.8373,53.7513,43.4749,79.8011,57.1289,31.8983,26.8667,7.5000,144.0791,307.0339,normal
7,158,2026-01-02 20:36:00,102.6840,2696.7399,118.6145,54.1673,43.0545,79.6696,57.1289,31.8983,26.8667,7.5000,145.7385,307.0552,normal
7,159,2026-01-02 20:39:00,98.8823,2691.0491,118.6777,55.0837,41.6261,79.9650,57.1289,31.8983,26.8667,7.5000,140.5084,302.6014,normal
7,160,2026-01-02 20:42:00,96.1184,2696.4283,119.5644,57.1359,40.8078,79.7227,57.1289,31.8983,26.8667,7.5000,136.9262,299.6625,normal
7,161,2026-01-02 20:45:00,98.0866,2694.8831,119.7375,60.8528,41.8917,80.0761,57.1289,31.1083,26.8667,7.5000,139.9783,304.1376,normal
7,162,2026-01-02 20:48:00,96.1607,2675.9246,119.7345,55.6070,43.4426,80.3466,57.1289,31.1083,26.8667,7.5000,139.6033,297.9734,normal
7,163,2026-01-02 20:51:00,101.1828,2674.0743,119.4821,52.3528,40.7530,79.8124,57.1289,31.1083,27.3808,7.5000,141.9359,307.3762,normal
7,164,2026-01-02 20:54:00,103.6069,2670.8578,119.6145,54.7192,37.7266,80.5882,57.1289,31.1083,27.3808,7.5000,141.3336,291.9462,normal
7,165,2026-01-02 20:57:00,102.9173,2693.4065,119.6719,48.9326,37.9423,79.7797,57.1289,31.1083,27.3808,7.5000,140.8596,285.2401,normal
7,166,2026-01-02 21:00:00,105.1062,2698.1711,119.3173,47.2074,39.9211,79.3397,57.1289,31.1083,27.3808,7.5000,145.0274,289.6337,normal
7,167,2026-01-02 21:03:00,104.1144,2703.7518,120.4348,49.9290,41.1029,79.4719,57.1289,31.1083,27.3808,7.5000,145.2174,296.3841,normal
7,168,2026-01-02 21:06:00,102.2860,2719.0885,120.6022,48.0408,40.9269,79.2577,57.1289,31.1083,27.3808,7.5000,143.2130,297.8471,normal
7,169,2026-01-02 21:09:00,106.2605,2706.2185,119.8893,53.7321,44.4655,80.2024,57.1289,31.1083,32.2990,7.5000,150.7260,298.4140,normal
7,170,2026-01-02 21:12:00,103.2614,2705.2920,120.1128,49.7006,43.8312,80.6002,57.1289,31.1083,32.2990,7.5000,147.0927,305.9889,normal
7,171,2026-01-02 21:15:00,102.1982,2712.8837,120.3620,48.6372,41.3899,80.1625,57.1289,31.1083,32.2990,7.5000,143.5881,304.0465,normal
7,172,2026-01-02 21:18:00,105.5892,2705.6980,120.5019,56.2416,41.3077,80.5889,57.1289,31.1083,32.2990,7.5000,146.8969,301.0434,normal
7,173,2026-01-02 21:21:00,106.3789,2704.8133,120.4902,54.3947,42.5783,80.7662,57.1289,31.1083,32.2990,7.5000,148.9572,297.0773,normal
7,174,2026-01-02 21:24:00,103.4694,2709.3806,119.6824,52.8756,42.5710,80.6213,57.1289,31.1083,32.2990,7.5000,146.0403,305.2799,normal
7,175,2026-01-02 21:27:00,105.1198,2715.5094,120.3674,56.0888,40.9168,80.8731,57.1289,31.1083,32.9613,7.5000,146.0366,308.2391,normal
7,176,2026-01-02 21:30:00,104.9029,2710.2968,120.6271,55.5822,40.5573,80.9752,39.0343,31.1083,32.9613,7.5000,145.4602,296.1877,normal
7,177,2026-01-02 21:33:00,104.4354,2716.4314,120.5931,55.9140,40.8931,80.8804,39.0343,31.1083,32.9613,7.5000,145.3284,302.4404,normal
7,178,2026-01-02 21:36:00,100.8933,2715.0711,119.5963,58.7424,41.8844,81.4984,39.0343,31.1083,32.9613,7.5000,142.7777,305.5025,normal
7,179,2026-01-02 21:39:00,99.8484,2716.6848,119.8534,56.2857,41.6082,81.2536,39.0343,31.1083,32.9613,7.5000,141.4566,305.7538,normal
7,180,2026-01-02 21:42:00,99.6675,2703.1916,120.7654,55.5353,40.8294,80.6291,39.0343,31.1083,32.9613,7.5000,140.4970,307.1491,normal
7,181,2026-01-02 21:45:00,101.6436,2711.1104,120.9561,53.6680,40.9793,80.8621,39.0343,31.1083,32.4283,7.5000,142.6229,303.8082,normal
7,182,2026-01-02 21:48:00,101.6436,2715.5408,119.8842,52.1912,41.4517,81.0041,39.0343,31.1083,32.4283,7.5000,146.6032,309.0855,normal
7,183,2026-01-02 21:51:00,101.6436,2729.1557,119.1278,49.9299,44.4233,80.6302,39.0343,31.1083,32.4283,7.5000,145.6957,314.3923,normal
7,184,2026-01-02 21:54:00,101.6436,2728.6238,118.6406,50.0489,47.5598,80.1818,39.0343,31.1083,32.4283,7.5000,147.3460,317.4035,normal
7,185,2026-01-02 21:57:00,101.6436,2724.2480,119.0805,49.4566,47.6047,80.5173,39.0343,31.1083,32.4283,7.5000,147.9784,325.8969,normal
7,186,2026-01-02 22:00:00,101.6436,2706.9152,119.5505,50.3786,46.7757,79.9123,39.0343,31.1083,32.4283,7.5000,148.7565,332.1024,normal
7,187,2026-01-02 22:03:00,101.6436,2710.5330,119.7660,55.2643,41.7626,80.4671,39.0343,31.1083,30.8965,7.5000,140.1972,325.9290,normal
7,188,2026-01-02 22:06:00,101.6436,2714.6508,119.3494,54.8640,42.1183,81.0812,39.0343,31.1083,30.8965,7.5000,139.9869,311.8715,normal
7,189,2026-01-02 22:09:00,101.6436,2696.6478,119.3554,53.3574,41.6879,80.6274,39.0343,31.1083,30.8965,7.5000,144.0112,313.9956,normal
7,190,2026-01-02 22:12:00,101.6436,2698.2795,120.1670,53.3832,41.0758,79.9859,39.0343,31.1083,30.8965,7.5000,142.0727,310.8180,normal
7,191,2026-01-02 22:15:00,101.6436,2696.3465,119.8128,55.0791,39.2708,80.6059,39.0343,31.1083,30.8965,7.5000,137.6177,306.1368,normal
7,192,2026-01-02 22:18:00,101.6436,2691.6736,120.2157,57.5458,38.8464,81.1131,39.0343,31.1083,30.8965,7.5000,138.3577,300.9559,normal
7,193,2026-01-02 22:21:00,101.6436,2682.6858,120.9696,53.9537,35.5791,80.2108,39.0343,31.1083,31.3391,7.5000,137.2171,295.7479,normal
7,194,2026-01-02 22:24:00,101.6436,2683.4517,120.9864,52.3867,35.2517,79.9697,39.0343,31.1083,31.3391,7.5000,138.6979,284.0606,normal
7,195,2026-01-02 22:27:00,101.6436,2699.6543,121.2785,45.3084,33.9601,79.7134,39.0343,31.1083,31.3391,7.5000,137.2165,286.0194,normal
7,196,2026-01-02 22:30:00,101.6436,2703.2781,120.7446,44.9181,37.0148,79.9964,39.0343,31.1083,31.3391,7.5000,137.6687,284.2707,normal
7,197,2026-01-02 22:33:00,101.6436,2703.3019,121.1174,46.4981,35.8038,80.2600,39.0343,31.1083,31.3391,7.5000,133.3050,283.0339,normal
7,198,2026-01-02 22:36:00,101.6436,2692.1637,121.5291,49.9154,35.7510,79.9860,39.0343,31.1083,31.3391,7.5000,131.3427,280.5211,normal
7,199,2026-01-02 22:39:00,101.6436,2681.9359,121.9347,50.3962,35.6250,80.4350,39.0343,31.1083,31.6917,7.5000,129.1878,287.4613,normal
7,200,2026-01-02 22:42:00,101.6436,2675.8328,121.0454,51.8262,36.9953,81.4227,39.0343,31.1083,31.6917,7.5000,134.7242,283.8965,normal
7,201,2026-01-02 22:45:00,101.6436,2699.9254,120.4229,52.9025,36.9010,81.1444,41.1917,77.5025,31.6917,7.5000,132.3992,294.1693,normal
7,202,2026-01-02 22:48:00,101.6436,2699.6263,119.2715,52.5937,38.8208,80.6777,41.1917,77.5025,31.6917,7.5000,132.9437,295.7865,normal
7,203,2026-01-02 22:51:00,101.6436,2710.7364,119.4700,50.8210,37.5700,79.9185,41.1917,77.5025,31.6917,7.5000,136.5659,300.4685,normal
7,204,2026-01-02 22:54:00,101.6436,2697.9847,118.9849,49.4429,40.7075,79.5284,41.1917,77.5025,31.6917,7.5000,137.8267,297.1598,normal
7,205,2026-01-02 22:57:00,101.6436,2711.6619,119.0899,46.7869,40.1070,79.5195,41.1917,77.5025,28.0179,7.5000,135.4496,312.9810,normal
7,206,2026-01-02 23:00:00,101.6436,2723.4338,119.0892,50.6358,39.2986,79.5292,41.1917,77.5025,28.0179,7.5000,129.5569,314.8707,normal
7,207,2026-01-02 23:03:00,101.6436,2716.7651,119.2307,52.4713,42.5569,79.4429,41.1917,77.5025,28.0179,7.5000,135.6875,305.3554,normal
7,208,2026-01-02 23:06:00,101.6436,2692.9390,118.8967,44.6975,42.9082,79.0129,41.1917,77.5025,28.0179,7.5000,137.3468,318.8601,normal
7,209,2026-01-02 23:09:00,101.6436,2700.4355,118.9920,43.9206,41.4850,79.1187,41.1917,77.5025,28.0179,7.5000,140.1527,317.5802,normal
7,210,2026-01-02 23:12:00,101.6436,2699.2662,118.4139,45.1331,39.8018,79.8031,41.1917,77.5025,28.0179,7.5000,143.1291,313.5743,normal
7,211,2026-01-02 23:15:00,101.6436,2710.4361,119.1002,50.2879,40.0178,79.3703,41.1917,77.5025,28.0924,7.5000,140.4257,314.1733,normal
7,212,2026-01-02 23:18:00,101.6436,2724.4300,119.0091,53.5041,41.0059,79.2375,41.1917,77.5025,28.0924,7.5000,144.5359,310.7665,normal
7,213,2026-01-02 23:21:00,101.6436,2723.9413,119.6975,51.9513,41.2049,79.4492,41.1917,77.5025,28.0924,7.5000,139.0147,308.9094,normal
7,214,2026-01-02 23:24:00,101.6436,2734.8019,120.6544,52.6656,39.6158,79.5501,41.1917,77.5025,28.0924,7.5000,136.3811,311.1854,normal
7,215,2026-01-02 23:27:00,101.6436,2703.4087,120.3637,52.9000,39.6673,80.5264,41.1917,77.5025,28.0924,7.5000,133.2809,304.6325,normal
7,216,2026-01-02 23:30:00,101.6436,2701.8145,121.0394,49.7438,38.5072,80.4969,41.1917,77.5025,28.0924,7.5000,130.1224,304.6089,normal
7,217,2026-01-02 23:33:00,101.6436,2699.8004,119.8714,47.5007,40.2162,80.3551,41.1917,77.5025,28.4715,7.5000,134.0929,305.7675,normal
7,218,2026-01-02 23:36:00,101.6436,2695.3205,119.2164,47.7954,40.8565,80.7178,41.1917,77.5025,28.4715,7.5000,134.3346,311.2626,normal
7,219,2026-01-02 23:39:00,101.6436,2698.2646,118.6202,53.1099,42.6214,80.1334,41.1917,77.5025,28.4715,7.5000,139.9961,314.3677,normal
7,220,2026-01-02 23:42:00,101.6436,2699.1659,118.4202,50.5077,39.8406,79.9532,41.1917,77.5025,28.4715,7.5000,137.4359,309.0843,normal
7,221,2026-01-02 23:45:00,101.6436,2715.3497,118.8141,52.6920,39.9977,79.8124,41.1917,77.5025,28.4715,7.5000,140.3941,304.1670,normal
7,222,2026-01-02 23:48:00,101.6436,2713.7540,118.7934,53.2123,41.2307,79.2086,41.1917,77.5025,28.4715,7.5000,137.8063,307.3287,normal
7,223,2026-01-02 23:51:00,101.6436,2718.3513,119.2826,52.9102,43.3843,79.1423,41.1917,77.5025,28.7364,7.5000,139.5067,312.2554,normal
7,224,2026-01-02 23:54:00,101.6436,2694.9601,119.5162,47.8859,39.2851,79.1122,41.1917,77.5025,28.7364,7.5000,139.4130,321.3941,normal
7,225,2026-01-02 23:57:00,101.6436,2696.6796,120.3865,44.1158,37.7214,79.4100,41.1917,77.5025,28.7364,7.5000,136.1232,310.0730,normal
7,226,2026-01-03 00:00:00,101.6436,2703.4287,120.4092,42.5221,36.2286,79.1042,60.8297,77.5025,28.7364,7.5000,136.8562,297.7898,normal
7,227,2026-01-03 00:03:00,101.6436,2705.3698,120.5867,46.4820,38.0884,80.2419,60.8297,77.5025,28.7364,7.5000,139.8191,286.9579,normal
7,228,2026-01-03 00:06:00,101.6436,2707.3598,120.5552,46.6720,38.5147,79.4521,60.8297,77.5025,28.7364,7.5000,137.3390,284.9018,normal
7,229,2026-01-03 00:09:00,101.6436,2702.3232,120.3190,41.9614,37.6998,79.4487,60.8297,77.5025,30.2384,7.5000,137.7642,293.2113,normal
7,230,2026-01-03 00:12:00,101.6436,2698.8072,120.8197,46.1367,37.2058,79.8853,60.8297,77.5025,30.2384,7.5000,138.0397,290.1370,normal
7,231,2026-01-03 00:15:00,101.6436,2706.1807,119.8977,42.3395,40.3242,79.9557,60.8297,77.5025,30.2384,7.5000,139.1181,293.1379,normal
7,232,2026-01-03 00:18:00,101.6436,2708.0601,119.6695,44.7509,39.8419,79.8227,60.8297,77.5025,30.2384,7.5000,136.5451,300.1493,normal
7,233,2026-01-03 00:21:00,101.6436,2701.7388,119.8329,37.5269,41.4103,78.7660,60.8297,77.5025,30.2384,7.5000,140.5171,301.3570,normal
7,234,2026-01-03 00:24:00,101.6436,2707.1272,119.9825,37.5517,43.0700,78.3316,60.8297,77.5025,30.2384,7.5000,143.8846,301.1603,normal
7,235,2026-01-03 00:27:00,101.6436,2716.5196,119.1098,36.0665,43.6956,78.3497,60.8297,77.5025,27.9913,7.5000,143.2861,312.4521,normal
7,236,2026-01-03 00:30:00,101.6436,2702.5081,118.8218,40.3181,43.8576,78.9856,60.8297,77.5025,27.9913,7.5000,138.8651,316.0851,normal
7,237,2026-01-03 00:33:00,101.6436,2701.8325,119.9270,39.1230,39.9884,78.5371,60.8297,77.5025,27.9913,7.5000,134.2898,312.8914,normal
7,238,2026-01-03 00:36:00,101.6436,2692.1425,119.9496,39.7384,40.4564,78.6059,60.8297,77.5025,27.9913,7.5000,138.8718,301.0778,normal
7,239,2026-01-03 00:39:00,101.6436,2691.5448,119.3550,39.1419,41.2371,78.5761,60.8297,77.5025,27.9913,7.5000,135.9156,301.8487,normal
7,240,2026-01-03 00:42:00,101.6436,2707.8259,119.1532,44.4066,41.7222,79.2110,60.8297,77.5025,27.9913,7.5000,137.5958,302.6436,normal
7,241,2026-01-03 00:45:00,101.6436,2681.2764,118.2686,44.5314,41.8882,79.1053,60.8297,41.9832,28.6146,7.5000,138.2314,302.9702,normal
7,242,2026-01-03 00:48:00,101.6436,2679.7034,118.9767,42.9075,43.8117,78.7481,60.8297,41.9832,28.6146,7.5000,141.1942,302.1212,normal
7,243,2026-01-03 00:51:00,101.6436,2679.9077,118.4908,39.0671,41.5614,78.1535,60.8297,41.9832,28.6146,7.5000,137.8851,312.8294,normal
7,244,2026-01-03 00:54:00,101.6436,2684.2608,119.0160,38.0593,41.5905,78.3196,60.8297,41.9832,28.6146,7.5000,141.0988,306.9649,normal
7,245,2026-01-03 00:57:00,101.6436,2686.4063,118.7615,32.4463,40.6883,77.3553,60.8297,41.9832,28.6146,7.5000,143.6176,300.5043,normal
7,246,2026-01-03 01:00:00,101.6436,2695.1788,118.6863,37.4971,43.8898,78.2176,60.8297,41.9832,28.6146,7.5000,144.6853,301.0035,normal
7,247,2026-01-03 01:03:00,101.6436,2707.8159,118.4139,39.5150,43.0639,78.4110,60.8297,41.9832,28.2995,7.5000,145.9008,309.4327,normal
7,248,2026-01-03 01:06:00,101.6436,2710.0848,118.7912,44.4930,43.6344,78.8057,60.8297,41.9832,28.2995,7.5000,145.9499,303.2568,normal
7,249,2026-01-03 01:09:00,101.6436,2721.9674,119.1217,43.1115,46.3552,78.7477,60.8297,41.9832,28.2995,7.5000,151.5195,317.6116,normal
7,250,2026-01-03 01:12:00,101.6436,2725.1845,118.4778,44.4105,47.4061,78.7359,60.8297,41.9832,28.2995,7.5000,152.0656,317.2938,normal
7,251,2026-01-03 01:15:00,101.6436,2724.2055,118.6949,51.9999,46.1582,80.0757,34.7073,41.9832,28.2995,7.5000,144.3681,322.2822,normal
7,252,2026-01-03 01:18:00,101.6436,2716.1052,119.2193,48.1428,45.2643,79.3278,34.7073,41.9832,28.2995,7.5000,145.0360,324.1706,normal
7,253,2026-01-03 01:21:00,101.6436,2723.0720,119.6813,49.1136,44.0694,79.9454,34.7073,41.9832,31.5251,7.5000,142.8457,322.9786,normal
7,254,2026-01-03 01:24:00,101.6436,2711.0490,119.2368,43.7679,44.4694,79.5858,34.7073,41.9832,31.5251,7.5000,144.9368,320.7143,normal
7,255,2026-01-03 01:27:00,101.6436,2712.8498,119.4390,47.6729,42.5068,80.4910,34.7073,41.9832,31.5251,7.5000,142.7945,323.7703,normal
7,256,2026-01-03 01:30:00,101.6436,2721.5610,119.1588,51.1799,44.3990,80.3002,34.7073,41.9832,31.5251,7.5000,146.8722,312.5029,normal
7,257,2026-01-03 01:33:00,101.6436,2720.2738,119.2834,50.8854,43.5218,80.1723,34.7073,41.9832,31.5251,7.5000,148.2610,322.8094,normal
7,258,2026-01-03 01:36:00,101.6436,2725.5696,119.1146,49.2675,45.6696,80.0783,34.7073,41.9832,31.5251,7.5000,151.8241,323.8338,normal
7,259,2026-01-03 01:39:00,101.6436,2723.0493,119.4217,51.4075,44.3741,80.2095,34.7073,41.9832,33.3381,7.5000,148.5203,322.3504,normal
7,260,2026-01-03 01:42:00,101.6436,2727.4428,120.3030,51.0106,40.9497,80.4824,34.7073,41.9832,33.3381,7.5000,142.8858,321.0599,normal
7,261,2026-01-03 01:45:00,101.6436,2716.7328,121.1581,52.8085,38.3432,80.9368,34.7073,41.9832,33.3381,7.5000,140.7491,310.8674,normal
7,262,2026-01-03 01:48:00,101.7679,2711.7273,121.4603,52.5145,39.3235,80.9018,34.7073,41.9832,33.3381,7.5000,141.0913,299.6495,normal
7,263,2026-01-03 01:51:00,103.3351,2701.8917,120.5120,50.6587,41.1894,81.4828,34.7073,41.9832,33.3381,7.5000,144.5245,301.7578,normal
7,264,2026-01-03 01:54:00,102.3128,2698.4724,121.0431,51.6040,35.6923,81.4433,34.7073,41.9832,33.3381,7.5000,138.0052,305.9999,normal
7,265,2026-01-03 01:57:00,99.2083,2709.9022,121.3437,48.4113,34.2979,80.7122,34.7073,41.9832,33.2202,7.5000,133.5062,286.1740,normal
7,266,2026-01-03 02:00:00,99.6528,2710.9788,121.1543,50.5600,37.1215,80.4064,34.7073,41.9832,33.2202,7.5000,136.7743,292.3896,normal
7,267,2026-01-03 02:03:00,99.5355,2703.7630,120.8764,49.9375,40.0628,81.0864,34.7073,41.9832,33.2202,7.5000,139.5984,297.7351,normal
7,268,2026-01-03 02:06:00,96.2622,2705.3509,120.8377,51.2357,37.7722,80.8475,34.7073,41.9832,33.2202,7.5000,134.0344,306.4360,normal
7,269,2026-01-03 02:09:00,92.6747,2703.5859,120.5507,51.0922,38.3734,80.5363,34.7073,41.9832,33.2202,7.5000,131.0481,297.4297,normal
7,270,2026-01-03 02:12:00,93.4229,2690.4230,120.7850,45.0228,39.2471,80.5384,34.7073,41.9832,33.2202,7.5000,132.6700,303.8397,normal
7,271,2026-01-03 02:15:00,99.3696,2683.7445,120.6526,45.1911,37.9630,79.7973,34.7073,41.9832,29.8202,7.5000,137.3326,301.1497,normal
7,272,2026-01-03 02:18:00,101.5419,2672.4842,120.1222,47.6586,38.6963,79.8075,34.7073,41.9832,29.8202,7.5000,140.2383,295.5046,normal
7,273,2026-01-03 02:21:00,100.5282,2694.9420,119.9399,46.7707,34.7085,79.6980,34.7073,41.9832,29.8202,7.5000,135.2367,295.8667,normal
7,274,2026-01-03 02:24:00,99.9830,2704.7193,119.5549,49.7943,36.3869,80.1550,34.7073,41.9832,29.8202,7.5000,136.3699,280.3367,normal
7,275,2026-01-03 02:27:00,97.6954,2714.7764,120.0317,46.0268,38.5536,79.3853,34.7073,41.9832,29.8202,7.5000,136.2490,292.8463,normal
7,276,2026-01-03 02:30:00,103.8603,2716.2203,120.2260,43.1089,42.7360,78.4663,56.4530,41.9832,29.8202,7.5000,146.5963,304.1402,normal
7,277,2026-01-03 02:33:00,97.5214,2709.1575,119.8465,46.3195,43.5270,79.5722,56.4530,41.9832,31.9734,7.5000,141.0484,303.2876,normal
7,278,2026-01-03 02:36:00,100.7183,2711.3331,119.6313,47.9265,44.7440,79.9938,56.4530,41.9832,31.9734,7.5000,145.4623,310.2571,normal
7,279,2026-01-03 02:39:00,94.2746,2693.6206,119.2780,48.5489,42.9366,80.0102,56.4530,41.9832,31.9734,7.5000,137.2112,313.8513,normal
7,280,2026-01-03 02:42:00,95.9724,2708.5003,120.1634,53.6029,42.0864,80.5741,56.4530,41.9832,31.9734,7.5000,138.0588,313.4356,normal
7,281,2026-01-03 02:45:00,94.8744,2678.4518,118.8868,50.1381,43.3432,79.8728,56.4530,32.4806,31.9734,7.5000,138.2176,299.3255,normal
7,282,2026-01-03 02:48:00,99.1109,2689.6891,119.2277,44.7489,44.4922,79.7420,56.4530,32.4806,31.9734,7.5000,143.6030,311.0072,normal
7,283,2026-01-03 02:51:00,98.6696,2680.9437,117.9332,48.0731,43.7927,79.2777,56.4530,32.4806,26.4847,7.5000,142.4623,311.9768,normal
7,284,2026-01-03 02:54:00,94.4861,2698.8346,118.4661,48.3925,41.8004,79.3967,56.4530,32.4806,26.4847,7.5000,136.2866,311.4153,normal
7,285,2026-01-03 02:57:00,91.6411,2683.6260,118.2939,46.4225,43.5733,78.4079,56.4530,32.4806,26.4847,7.5000,135.2144,299.8823,normal
7,286,2026-01-03 03:00:00,95.1913,2679.9311,120.1132,50.8354,39.7830,78.9445,56.4530,32.4806,26.4847,7.5000,134.9743,310.9127,normal
7,287,2026-01-03 03:03:00,98.9718,2668.4437,119.2632,53.5675,42.5757,78.9594,56.4530,32.4806,26.4847,7.5000,141.5476,295.3026,normal
7,288,2026-01-03 03:06:00,95.5130,2684.3053,118.8138,55.5780,41.0123,80.2054,56.4530,32.4806,26.4847,7.5000,136.5253,306.0473,normal
7,289,2026-01-03 03:09:00,99.2741,2682.9143,117.8423,54.6704,44.0054,80.3549,56.4530,32.4806,26.0723,7.5000,143.2795,300.0552,normal
7,290,2026-01-03 03:12:00,99.0418,2680.1418,118.6130,55.3306,43.3376,79.5655,56.4530,32.4806,26.0723,7.5000,142.3794,310.4282,normal
7,291,2026-01-03 03:15:00,95.9987,2698.6378,118.6786,51.4357,44.0432,78.8631,56.4530,32.4806,26.0723,7.5000,140.0418,302.4361,normal
7,292,2026-01-03 03:18:00,94.1884,2700.8223,118.5752,47.1011,44.0341,78.7154,56.4530,32.4806,26.0723,7.5000,138.2225,312.4299,normal
7,293,2026-01-03 03:21:00,98.2551,2686.3377,118.8357,48.7963,45.5934,79.6389,56.4530,32.4806,26.0723,7.5000,143.8485,303.7869,normal
7,294,2026-01-03 03:24:00,95.4459,2690.4509,118.9108,45.4796,42.3472,78.4346,56.4530,32.4806,26.0723,7.5000,137.7931,314.4041,normal
7,295,2026-01-03 03:27:00,101.3370,2691.2641,118.1616,48.9193,45.4829,79.8293,56.4530,32.4806,26.5181,7.5000,146.8199,308.1429,normal
7,296,2026-01-03 03:30:00,103.6058,2687.9481,118.1007,51.1374,45.4198,79.4105,56.4530,32.4806,26.5181,7.5000,149.0256,317.5948,normal
7,297,2026-01-03 03:33:00,101.8735,2704.4918,118.4123,52.1761,44.3544,79.4478,56.4530,32.4806,26.5181,7.5000,146.2280,312.0544,normal
7,298,2026-01-03 03:36:00,99.9135,2704.5471,118.2052,53.8666,46.1091,79.3864,56.4530,32.4806,26.5181,7.5000,146.0225,309.5836,normal
7,299,2026-01-03 03:39:00,102.6922,2713.5525,118.8591,54.0653,45.3490,79.7144,56.4530,32.4806,26.5181,7.5000,148.0413,308.4882,normal
7,300,2026-01-03 03:42:00,104.5933,2717.2326,119.1980,53.2072,47.1958,79.4700,56.4530,32.4806,26.5181,7.5000,151.7891,316.4080,normal
8,1,2026-01-02 18:45:00,102.4871,2686.1545,120.3472,49.7475,41.6955,80.2353,66.0374,25.1311,29.8654,7.5000,144.1826,297.9021,ramp
8,2,2026-01-02 18:48:00,100.8046,2686.5593,120.2038,55.6862,41.7538,80.6163,66.0374,25.1311,29.8654,7.5000,142.5583,295.6193,ramp
8,3,2026-01-02 18:51:00,100.3949,2686.2934,119.9925,53.5716,40.4688,80.3267,66.0374,25.1311,29.8654,7.5000,140.8637,298.4981,ramp
8,4,2026-01-02 18:54:00,100.6578,2672.2114,119.9607,57.5287,40.7076,80.3455,66.0374,25.1311,29.8654,7.5000,141.3655,289.2626,ramp
8,5,2026-01-02 18:57:00,98.1453,2681.8239,120.8285,57.0687,37.3498,80.8885,66.0374,25.1311,29.8654,7.5000,135.4952,294.4241,ramp
8,6,2026-01-02 19:00:00,97.3922,2673.0375,119.5618,56.1706,41.0560,80.6164,66.0374,25.1311,29.8654,7.5000,138.4482,282.0637,ramp
8,7,2026-01-02 19:03:00,99.0009,2668.4023,120.2305,50.8338,39.1913,80.2773,66.0374,25.1311,27.6201,7.5000,138.1922,292.3058,ramp
8,8,2026-01-02 19:06:00,104.7697,2672.7077,120.2465,53.8610,37.5192,79.6700,66.0374,25.1311,27.6201,7.5000,142.2888,286.8055,ramp
8,9,2026-01-02 19:09:00,108.6000,2678.7426,119.3707,51.2061,40.8514,80.1670,66.0374,25.1311,27.6201,7.5000,149.4514,278.8538,ramp
8,10,2026-01-02 19:12:00,116.0397,2688.2216,119.3710,46.8024,41.1063,79.2780,66.0374,25.1311,27.6201,7.5000,157.1460,293.4516,ramp
8,11,2026-01-02 19:15:00,109.9131,2708.5217,119.7842,50.7009,39.2143,79.8225,66.0374,25.1311,27.6201,7.5000,149.1275,292.9414,ramp
8,12,2026-01-02 19:18:00,110.2806,2730.2869,120.6349,48.5414,39.6807,79.3410,66.0374,25.1311,27.6201,7.5000,149.9613,282.7813,ramp
8,13,2026-01-02 19:21:00,110.7867,2710.4059,121.2918,44.5063,40.6045,79.6557,66.0374,25.1311,38.5486,7.5000,151.3913,291.2109,ramp
8,14,2026-01-02 19:24:00,109.7340,2714.3853,122.8038,47.7777,40.9530,80.2416,66.0374,25.1311,38.5486,7.5000,150.6869,291.7663,ramp
8,15,2026-01-02 19:27:00,110.0072,2720.7795,121.9216,49.6721,40.9977,80.6117,66.0374,25.1311,38.5486,7.5000,151.0049,294.0462,ramp
8,16,2026-01-02 19:30:00,108.0461,2724.4945,121.2640,45.8245,42.7377,81.6305,66.0374,25.1311,38.5486,7.5000,150.7837,293.3708,ramp
8,17,2026-01-02 19:33:00,107.1155,2717.4178,120.8977,52.7543,45.5551,81.1334,66.0374,25.1311,38.5486,7.5000,152.6707,303.2892,ramp
8,18,2026-01-02 19:36:00,104.7573,2715.6556,121.1993,50.7896,43.9225,81.3074,66.0374,25.1311,38.5486,7.5000,148.6797,307.1135,ramp
8,19,2026-01-02 19:39:00,104.6830,2712.6746,120.7121,48.8921,45.2408,81.2713,66.0374,25.1311,33.8736,7.5000,149.9238,309.6231,ramp
8,20,2026-01-02 19:42:00,102.5662,2705.8281,119.9792,44.6242,45.9366,80.6393,66.0374,25.1311,33.8736,7.5000,148.5028,305.3025,ramp
8,21,2026-01-02 19:45:00,97.5391,2703.5903,119.7599,41.2850,44.8012,80.0128,66.0374,25.1311,33.8736,7.5000,142.3403,311.0746,ramp
8,22,2026-01-02 19:48:00,97.5404,2698.6708,119.7129,46.2816,45.7211,80.0265,66.0374,25.1311,33.8736,7.5000,143.2615,311.6151,ramp
8,23,2026-01-02 19:51:00,99.3975,2688.2884,119.3506,46.0533,45.9840,80.0502,66.0374,25.1311,33.8736,7.5000,145.3816,308.5853,ramp
8,24,2026-01-02 19:54:00,97.4733,2682.9268,119.2430,44.8479,46.7465,79.9413,66.0374,25.1311,33.8736,7.5000,144.2198,311.4558,ramp
8,25,2026-01-02 19:57:00,94.9646,2695.6277,118.3658,47.4024,46.7134,79.6138,66.0374,25.1311,26.5405,7.5000,141.6781,315.8948,ramp
8,26,2026-01-02 20:00:00,91.9663,2692.3244,117.9215,42.3570,45.1382,79.4690,31.3907,25.1311,26.5405,7.5000,137.1045,316.7824,ramp
8,27,2026-01-02 20:03:00,86.6636,2675.1162,117.5385,39.4110,46.0463,78.5016,31.3907,25.1311,26.5405,7.5000,132.7099,322.5739,ramp
8,28,2026-01-02 20:06:00,87.4361,2674.9434,118.3885,41.9480,40.2371,78.0464,31.3907,25.1311,26.5405,7.5000,127.6732,325.6912,ramp
8,29,2026-01-02 20:09:00,93.0037,2665.1209,117.8723,47.0790,40.4149,78.7538,31.3907,25.1311,26.5405,7.5000,133.4185,299.6934,ramp
8,30,2026-01-02 20:12:00,93.5885,2675.6571,117.8739,48.6051,40.2151,78.8720,31.3907,25.1311,26.5405,7.5000,133.8036,307.4974,ramp
8,31,2026-01-02 20:15:00,92.9765,2683.5252,117.4923,48.9079,42.9687,78.8509,31.3907,25.1311,24.8404,7.5000,135.9452,315.3228,ramp
8,32,2026-01-02 20:18:00,88.7126,2683.8646,118.1117,49.2795,39.4351,78.8785,31.3907,25.1311,24.8404,7.5000,128.1477,314.9565,ramp
8,33,2026-01-02 20:21:00,91.4863,2680.3375,119.0268,51.5250,39.3391,78.7194,31.3907,25.1311,24.8404,7.5000,130.8254,296.4195,ramp
8,34,2026-01-02 20:24:00,93.7343,2674.5829,118.8707,45.3886,40.3870,78.3757,31.3907,25.1311,24.8404,7.5000,134.1214,300.2825,ramp
8,35,2026-01-02 20:27:00,94.3917,2683.6188,117.9367,43.1934,43.1991,78.8992,31.3907,25.1311,24.8404,7.5000,137.5907,307.0931,ramp
8,36,2026-01-02 20:30:00,88.9570,2685.0964,117.3999,44.8275,43.0594,78.8485,31.3907,25.1311,24.8404,7.5000,132.0164,315.8974,ramp
8,37,2026-01-02 20:33:00,87.3535,2678.6763,118.8951,48.6046,39.6950,79.1335,31.3907,25.1311,28.1373,7.5000,127.0484,312.3405,ramp
8,38,2026-01-02 20:36:00,85.1991,2671.2087,118.9756,45.7234,39.7364,78.1057,31.3907,25.1311,28.1373,7.5000,124.9355,301.3101,ramp
8,39,2026-01-02 20:39:00,90.8596,2661.7372,118.6162,45.3795,40.3565,78.5709,31.3907,25.1311,28.1373,7.5000,131.2161,301.5740,ramp
8,40,2026-01-02 20:42:00,92.8169,2650.8358,118.5801,42.3259,37.8115,78.2964,31.3907,25.1311,28.1373,7.5000,130.6284,303.9710,ramp
8,41,2026-01-02 20:45:00,89.3370,2695.9632,118.4071,42.0397,35.9189,78.7576,31.3907,71.6150,28.1373,7.5000,125.2558,299.6985,ramp
8,42,2026-01-02 20:48:00,94.2599,2700.5078,118.0716,42.0689,38.1104,78.6208,31.3907,71.6150,28.1373,7.5000,132.3703,297.6198,ramp
8,43,2026-01-02 20:51:00,96.3338,2702.0702,118.7990,47.0683,41.0866,77.9709,31.3907,71.6150,26.7272,7.5000,137.4204,303.8761,ramp
8,44,2026-01-02 20:54:00,94.0542,2709.6250,118.1794,52.1500,43.9460,78.7517,31.3907,71.6150,26.7272,7.5000,138.0002,313.7012,ramp
8,45,2026-01-02 20:57:00,95.8137,2718.7102,117.6281,53.1565,43.3052,79.6677,31.3907,71.6150,26.7272,7.5000,139.1189,327.1763,ramp
8,46,2026-01-02 21:00:00,92.6972,2700.7678,118.5871,56.8858,42.3689,79.5126,31.3907,71.6150,26.7272,7.5000,135.0661,316.0054,ramp
8,47,2026-01-02 21:03:00,94.2151,2703.5853,119.7772,58.1342,39.8806,79.2827,31.3907,71.6150,26.7272,7.5000,134.0957,318.5208,ramp
8,48,2026-01-02 21:06:00,91.6923,2698.1832,119.1721,59.2154,38.4479,79.5828,31.3907,71.6150,26.7272,7.5000,130.1402,307.5343,ramp
8,49,2026-01-02 21:09:00,96.0003,2699.7914,119.6515,58.1018,38.3016,80.7673,31.3907,71.6150,28.0253,7.5000,134.3019,302.6902,ramp
8,50,2026-01-02 21:12:00,97.0644,2683.9516,119.3325,53.5164,37.9455,79.6088,31.3907,71.6150,28.0253,7.5000,135.0099,303.6636,ramp
8,51,2026-01-02 21:15:00,101.4430,2698.3038,119.9378,56.9782,37.4118,80.1850,39.1254,71.6150,28.0253,7.5000,138.8547,305.9751,ramp
8,52,2026-01-02 21:18:00,101.5195,2704.7408,119.5114,53.9148,36.9409,79.6415,39.1254,71.6150,28.0253,7.5000,138.4603,290.2047,ramp
8,53,2026-01-02 21:21:00,104.1420,2713.1123,120.1964,45.1664,39.4040,78.9154,39.1254,71.6150,28.0253,7.5000,143.5461,299.5279,ramp
8,54,2026-01-02 21:24:00,103.9354,2716.1133,120.5388,46.8427,38.1924,78.9597,39.1254,71.6150,28.0253,7.5000,142.1278,302.5042,ramp
8,55,2026-01-02 21:27:00,101.5211,2717.2993,120.8848,50.1712,36.6068,80.1654,39.1254,71.6150,32.0332,7.5000,138.1279,298.7941,ramp
8,56,2026-01-02 21:30:00,106.0629,2720.4019,120.9045,47.7609,36.4428,80.2447,39.1254,71.6150,32.0332,7.5000,142.5057,297.8626,ramp
8,57,2026-01-02 21:33:00,111.7116,2706.7343,121.5795,50.9364,35.8693,80.2802,39.1254,71.6150,32.0332,7.5000,147.5809,295.2012,ramp
8,58,2026-01-02 21:36:00,111.7344,2731.6103,121.6678,51.5558,34.1889,80.7793,39.1254,71.6150,32.0332,7.5000,145.9234,292.1679,ramp
8,59,2026-01-02 21:39:00,110.2656,2738.0660,120.9272,55.0081,38.5993,81.0616,39.1254,71.6150,32.0332,7.5000,148.8649,285.2778,ramp
8,60,2026-01-02 21:42:00,106.6028,2743.0452,121.7808,53.7167,36.0524,81.4289,39.1254,71.6150,32.0332,7.5000,142.6552,301.5107,ramp
8,61,2026-01-02 21:45:00,106.2151,2733.9539,123.0659,49.5178,35.4488,80.5189,39.1254,71.6150,38.3311,7.5000,141.6639,292.2668,ramp
8,62,2026-01-02 21:48:00,99.9202,2723.4395,123.7259,46.1273,33.9356,80.7382,39.1254,71.6150,38.3311,7.5000,133.8558,286.8000,ramp
8,63,2026-01-02 21:51:00,98.2041,2718.8174,123.2294,42.7742,34.7684,81.0663,39.1254,71.6150,38.3311,7.5000,132.9725,284.6185,ramp
8,64,2026-01-02 21:54:00,101.7057,2714.2077,121.9824,44.9557,35.4624,82.1047,39.1254,71.6150,38.3311,7.5000,137.1682,285.7938,ramp
8,65,2026-01-02 21:57:00,100.9404,2702.1548,121.5906,46.5994,38.6830,81.9579,39.1254,71.6150,38.3311,7.5000,139.6234,296.6181,ramp
8,66,2026-01-02 22:00:00,102.9772,2719.5243,120.5189,43.7773,36.9986,80.7889,39.1254,71.6150,38.3311,7.5000,139.9758,302.3601,ramp
8,67,2026-01-02 22:03:00,99.7569,2708.5930,120.3482,45.2793,38.0357,80.8312,39.1254,71.6150,32.6453,7.5000,137.7926,298.9785,ramp
8,68,2026-01-02 22:06:00,94.1461,2705.9262,121.2364,48.5445,35.8763,79.9685,39.1254,71.6150,32.6453,7.5000,130.0224,301.6784,ramp
8,69,2026-01-02 22:09:00,98.0153,2705.6614,121.1945,48.5223,34.3642,79.9329,39.1254,71.6150,32.6453,7.5000,132.3795,291.3564,ramp
8,70,2026-01-02 22:12:00,101.2728,2691.9039,120.8909,44.5373,37.7595,80.1694,39.1254,71.6150,32.6453,7.5000,139.0323,287.2599,ramp
8,71,2026-01-02 22:15:00,98.9255,2706.5014,120.7270,43.0285,36.3144,79.7771,39.1254,71.6150,32.6453,7.5000,135.2399,291.8361,ramp
8,72,2026-01-02 22:18:00,98.8122,2714.3499,119.7832,44.7907,36.5994,80.0162,39.1254,71.6150,32.6453,7.5000,135.4116,297.1372,ramp
8,73,2026-01-02 22:21:00,100.9307,2709.0827,120.4520,41.6472,37.0674,79.5576,39.1254,71.6150,31.5225,7.5000,137.9980,293.2138,ramp
8,74,2026-01-02 22:24:00,94.0850,2710.7732,120.3234,42.8607,39.4367,79.0276,39.1254,71.6150,31.5225,7.5000,133.5217,295.0381,ramp
8,75,2026-01-02 22:27:00,92.9916,2713.7037,119.7644,41.7722,39.9834,79.6072,39.1254,71.6150,31.5225,7.5000,132.9749,306.7989,ramp
8,76,2026-01-02 22:30:00,86.7636,2698.9876,120.0924,42.7008,39.3321,79.8953,50.3624,71.6150,31.5225,7.5000,126.0957,306.6062,ramp
8,77,2026-01-02 22:33:00,89.8013,2685.8644,120.1169,42.3791,40.7071,79.0060,50.3624,71.6150,31.5225,7.5000,130.5084,302.9601,ramp
8,78,2026-01-02 22:36:00,90.0272,2673.0265,119.4441,43.3625,39.6562,79.3726,50.3624,71.6150,31.5225,7.5000,129.6834,308.7944,ramp
8,79,2026-01-02 22:39:00,94.1956,2674.6037,118.6728,47.2713,39.5799,79.8038,50.3624,71.6150,23.1992,7.5000,133.7755,302.8645,ramp
8,80,2026-01-02 22:42:00,94.6254,2679.0244,117.8852,50.1285,38.0915,79.4840,50.3624,71.6150,23.1992,7.5000,132.7169,301.8991,ramp
8,81,2026-01-02 22:45:00,92.8961,2667.8461,118.6063,47.1735,37.6683,79.1107,50.3624,32.4242,23.1992,7.5000,130.5644,292.0261,ramp
8,82,2026-01-02 22:48:00,91.5468,2663.4651,119.1537,55.6665,35.9898,78.5503,50.3624,32.4242,23.1992,7.5000,127.5366,287.5753,ramp
8,83,2026-01-02 22:51:00,94.9404,2662.3835,119.9524,55.6413,33.9137,79.0706,50.3624,32.4242,23.1992,7.5000,128.8541,280.4038,ramp
8,84,2026-01-02 22:54:00,95.1826,2651.4672,119.9571,54.6682,36.9501,79.2114,50.3624,32.4242,23.1992,7.5000,132.1327,278.3688,ramp
8,85,2026-01-02 22:57:00,93.7161,2670.5990,119.8486,48.9168,35.5742,79.1943,50.3624,32.4242,24.5010,7.5000,129.2903,286.4829,ramp
8,86,2026-01-02 23:00:00,93.2761,2667.0139,118.9194,50.6550,35.3217,79.7271,50.3624,32.4242,24.5010,7.5000,128.5978,282.4622,ramp
8,87,2026-01-02 23:03:00,95.4491,2663.0610,119.7827,43.9336,37.1465,78.6568,50.3624,32.4242,24.5010,7.5000,132.5957,280.5103,ramp
8,88,2026-01-02 23:06:00,95.5838,2664.2650,120.0269,44.8042,36.4759,78.3302,50.3624,32.4242,24.5010,7.5000,132.0597,287.5806,ramp
8,89,2026-01-02 23:09:00,95.6861,2658.9986,119.7021,47.5119,35.8753,79.4921,50.3624,32.4242,24.5010,7.5000,131.5614,285.3389,ramp
8,90,2026-01-02 23:12:00,91.9819,2660.4170,120.3194,50.6124,33.0755,79.6494,50.3624,32.4242,24.5010,7.5000,125.0573,278.2917,ramp
8,91,2026-01-02 23:15:00,92.5780,2674.5008,120.2329,54.3456,34.5989,79.5390,50.3624,32.4242,27.3666,7.5000,127.1768,270.4153,ramp
8,92,2026-01-02 23:18:00,94.5456,2667.2239,119.7014,46.7128,37.1509,79.2826,50.3624,32.4242,27.3666,7.5000,131.6965,275.7197,ramp
8,93,2026-01-02 23:21:00,98.1478,2666.5872,119.1312,46.8168,40.1528,79.8995,50.3624,32.4242,27.3666,7.5000,138.3006,285.1697,ramp
8,94,2026-01-02 23:24:00,96.0202,2679.5087,119.0450,49.7588,38.5351,79.1621,50.3624,32.4242,27.3666,7.5000,134.5553,294.5320,ramp
8,95,2026-01-02 23:27:00,94.1982,2687.5542,118.8808,57.0651,39.8266,79.6308,50.3624,32.4242,27.3666,7.5000,134.0248,294.5992,ramp
8,96,2026-01-02 23:30:00,92.9671,2683.8260,118.9833,55.9778,40.7296,79.2832,50.3624,32.4242,27.3666,7.5000,133.6968,292.5945,ramp
8,97,2026-01-02 23:33:00,93.9954,2680.7796,119.0708,54.9079,41.2351,79.1497,50.3624,32.4242,27.5012,7.5000,135.2305,300.0500,ramp
8,98,2026-01-02 23:36:00,95.5428,2681.4684,118.7059,55.8928,42.9174,79.5844,50.3624,32.4242,27.5012,7.5000,138.4602,301.8341,ramp
8,99,2026-01-02 23:39:00,93.9722,2680.1508,118.2492,52.8148,41.8011,79.8799,50.3624,32.4242,27.5012,7.5000,135.7734,305.9360,ramp
8,100,2026-01-02 23:42:00,95.3537,2690.9145,117.9967,52.3117,43.4931,79.5229,50.3624,32.4242,27.5012,7.5000,138.8468,307.6678,ramp
8,101,2026-01-02 23:45:00,94.8852,2676.0644,118.1771,53.2501,45.7722,78.8155,68.1008,32.4242,27.5012,7.5000,140.6574,309.7577,ramp
8,102,2026-01-02 23:48:00,92.1144,2681.4707,118.9731,52.0651,44.7718,79.1345,68.1008,32.4242,27.5012,7.5000,136.8862,307.2682,ramp
8,103,2026-01-02 23:51:00,92.0802,2662.3239,118.5092,46.9696,43.3604,78.5721,68.1008,32.4242,26.9569,7.5000,135.4407,307.3940,ramp
8,104,2026-01-02 23:54:00,94.2909,2652.7436,118.8290,45.2910,41.8825,79.1648,68.1008,32.4242,26.9569,7.5000,136.1734,299.8320,ramp
8,105,2026-01-02 23:57:00,93.5895,2656.5395,118.5910,48.3641,39.8594,78.9740,68.1008,32.4242,26.9569,7.5000,133.4489,302.7179,ramp
8,106,2026-01-03 00:00:00,96.3340,2663.5363,118.2072,50.7640,39.6086,79.3822,68.1008,32.4242,26.9569,7.5000,135.9426,291.4791,ramp
8,107,2026-01-03 00:03:00,98.1236,2658.4098,118.9837,53.2087,38.6152,78.8625,68.1008,32.4242,26.9569,7.5000,136.7388,288.2418,ramp
8,108,2026-01-03 00:06:00,98.2335,2670.1747,119.0485,50.4436,37.2769,78.2484,68.1008,32.4242,26.9569,7.5000,135.5104,284.1839,ramp
8,109,2026-01-03 00:09:00,101.9829,2671.4619,118.5582,53.9576,39.3881,79.3340,68.1008,32.4242,26.6706,7.5000,141.3710,278.7700,ramp
8,110,2026-01-03 00:12:00,99.8153,2679.5811,119.1880,52.4282,38.3052,79.2992,68.1008,32.4242,26.6706,7.5000,138.1205,285.8124,ramp
8,111,2026-01-03 00:15:00,96.1583,2684.0712,119.6879,54.9233,40.4733,79.3095,68.1008,32.4242,26.6706,7.5000,136.6316,287.0792,ramp
8,112,2026-01-03 00:18:00,94.5872,2676.7599,119.5049,54.5772,40.2844,79.5123,68.1008,32.4242,26.6706,7.5000,134.8716,292.4951,ramp
8,113,2026-01-03 00:21:00,96.9353,2667.4840,120.2777,54.7442,39.9933,79.8836,68.1008,32.4242,26.6706,7.5000,136.9286,293.2227,ramp
8,114,2026-01-03 00:24:00,93.4174,2674.9034,119.5072,52.1757,41.4303,80.0315,68.1008,32.4242,26.6706,7.5000,134.8477,288.9792,ramp
8,115,2026-01-03 00:27:00,93.3946,2670.4925,118.5756,45.2642,43.0746,79.4079,68.1008,32.4242,24.2938,7.5000,136.4692,300.5884,ramp
8,116,2026-01-03 00:30:00,92.2218,2657.5901,119.0013,46.6586,39.4183,79.4021,68.1008,32.4242,24.2938,7.5000,131.6401,306.6309,ramp
8,117,2026-01-03 00:33:00,98.6021,2655.8357,119.4637,52.8690,39.6494,79.3091,68.1008,32.4242,24.2938,7.5000,138.2516,293.7524,ramp
8,118,2026-01-03 00:36:00,100.0445,2649.6334,118.9154,52.8567,39.1796,79.1451,68.1008,32.4242,24.2938,7.5000,139.2241,289.1521,ramp
8,119,2026-01-03 00:39:00,98.1610,2669.3776,119.2556,50.2274,36.4319,79.0361,68.1008,32.4242,24.2938,7.5000,134.5929,286.9808,ramp
8,120,2026-01-03 00:42:00,99.2714,2679.9694,119.1711,48.7220,37.5706,78.6937,68.1008,32.4242,24.2938,7.5000,136.8420,280.9201,ramp
8,121,2026-01-03 00:45:00,98.1501,2680.3348,119.9049,47.2977,38.8080,78.7222,68.1008,32.9632,29.6059,7.5000,136.9582,269.6904,ramp
8,122,2026-01-03 00:48:00,98.6868,2676.5550,119.5208,45.9846,41.2801,78.4956,68.1008,32.9632,29.6059,7.5000,139.9669,284.0146,ramp
8,123,2026-01-03 00:51:00,98.0489,2681.8932,120.2261,51.2094,39.7793,79.4991,68.1008,32.9632,29.6059,7.5000,137.8282,293.5261,ramp
8,124,2026-01-03 00:54:00,99.1446,2688.0562,119.3963,52.7545,41.9708,80.2574,68.1008,32.9632,29.6059,7.5000,141.1154,291.6024,ramp
8,125,2026-01-03 00:57:00,97.1647,2682.2398,119.2683,57.2777,41.5159,80.3276,68.1008,32.9632,29.6059,7.5000,138.6806,300.3892,ramp
8,126,2026-01-03 01:00:00,88.4923,2691.3337,119.2949,58.6353,39.0395,80.5773,32.2663,32.9632,29.6059,7.5000,127.5318,297.6985,ramp
8,127,2026-01-03 01:03:00,90.6581,2673.1395,119.4870,54.2672,38.0041,79.8010,32.2663,32.9632,27.2501,7.5000,128.6622,302.3452,ramp
8,128,2026-01-03 01:06:00,84.5847,2664.7734,119.9736,57.4123,38.4156,80.2246,32.2663,32.9632,27.2501,7.5000,123.0003,301.0235,ramp
8,129,2026-01-03 01:09:00,79.5139,2667.1509,119.3483,60.6271,36.5634,80.6566,32.2663,32.9632,27.2501,7.5000,116.0773,293.7745,ramp
8,130,2026-01-03 01:12:00,81.9594,2653.1094,119.0213,60.5561,35.8186,80.4247,32.2663,32.9632,27.2501,7.5000,117.7780,289.9314,ramp
8,131,2026-01-03 01:15:00,81.2013,2628.2342,119.5569,56.3163,34.6924,79.7583,32.2663,32.9632,27.2501,7.5000,115.8937,292.6435,ramp
8,132,2026-01-03 01:18:00,83.6631,2640.9133,118.8898,56.5111,33.4805,79.8386,32.2663,32.9632,27.2501,7.5000,117.1436,286.3610,ramp
8,133,2026-01-03 01:21:00,84.0489,2647.7629,117.3638,58.4407,35.3747,80.1040,32.2663,32.9632,19.9953,7.5000,119.4236,277.4202,ramp
8,134,2026-01-03 01:24:00,81.2325,2642.4501,117.7310,62.1148,36.0474,79.6826,32.2663,32.9632,19.9953,7.5000,117.2799,286.6580,ramp
8,135,2026-01-03 01:27:00,82.6343,2652.9327,118.2539,57.6126,33.7424,78.0250,32.2663,32.9632,19.9953,7.5000,116.3767,289.8056,ramp
8,136,2026-01-03 01:30:00,85.2773,2644.0420,117.8576,57.7053,36.3341,78.6349,32.2663,32.9632,19.9953,7.5000,121.6114,284.3127,ramp
8,137,2026-01-03 01:33:00,88.2010,2652.5360,118.6428,54.6215,33.8908,78.7703,32.2663,32.9632,19.9953,7.5000,122.0918,293.0715,ramp
8,138,2026-01-03 01:36:00,92.0509,2659.8550,117.7688,50.7536,38.7833,78.5830,32.2663,32.9632,19.9953,7.5000,130.8341,283.1715,ramp
8,139,2026-01-03 01:39:00,89.3619,2664.1728,118.0657,48.4749,36.3518,78.3563,32.2663,32.9632,22.8705,7.5000,125.7137,290.9938,ramp
8,140,2026-01-03 01:42:00,91.0566,2676.3772,118.7938,49.8139,36.2183,78.3476,32.2663,32.9632,22.8705,7.5000,127.2748,291.7942,ramp
8,141,2026-01-03 01:45:00,95.7379,2668.8009,119.6140,53.9951,33.2448,78.4923,32.2663,32.9632,22.8705,7.5000,128.9827,291.6079,ramp
8,142,2026-01-03 01:48:00,92.5696,2674.9922,120.0462,46.1582,33.1965,78.6610,32.2663,32.9632,22.8705,7.5000,125.7661,277.4582,ramp
8,143,2026-01-03 01:51:00,92.6552,2695.1004,119.2621,44.5115,36.7683,78.3825,32.2663,32.9632,22.8705,7.5000,129.4235,281.0264,ramp
8,144,2026-01-03 01:54:00,94.7252,2687.3904,119.1269,48.8583,36.5936,79.2828,32.2663,32.9632,22.8705,7.5000,131.3188,289.5995,ramp
8,145,2026-01-03 01:57:00,92.4785,2688.4557,119.7412,48.8393,39.5771,78.7744,32.2663,32.9632,27.4531,7.5000,132.0556,287.9164,ramp
8,146,2026-01-03 02:00:00,93.4611,2690.3146,119.3418,43.6272,39.5552,78.7949,32.2663,32.9632,27.4531,7.5000,133.0163,307.1496,ramp
8,147,2026-01-03 02:03:00,93.7947,2690.8057,119.6977,47.5935,36.3417,79.6312,32.2663,32.9632,27.4531,7.5000,130.1363,299.2986,ramp
8,148,2026-01-03 02:06:00,93.2943,2692.1768,120.5449,47.0091,35.5323,79.5553,32.2663,32.9632,27.4531,7.5000,128.8266,289.4989,ramp
8,149,2026-01-03 02:09:00,90.4510,2684.2354,120.3347,45.5124,35.8976,79.4121,32.2663,32.9632,27.4531,7.5000,126.3486,287.3705,ramp
8,150,2026-01-03 02:12:00,84.8697,2692.8663,120.5764,45.4094,36.1550,79.4028,32.2663,32.9632,27.4531,7.5000,121.0247,290.8743,ramp
8,151,2026-01-03 02:15:00,87.5277,2677.5913,119.9542,51.1096,38.6239,79.7409,35.2008,32.9632,27.7935,7.5000,126.1516,284.5874,ramp
8,152,2026-01-03 02:18:00,86.5754,2664.1317,119.9331,52.8839,36.8303,80.4011,35.2008,32.9632,27.7935,7.5000,123.4057,293.4381,ramp
8,153,2026-01-03 02:21:00,84.9718,2672.0469,119.2918,51.6890,36.8600,79.9842,35.2008,32.9632,27.7935,7.5000,121.8318,292.9908,ramp
8,154,2026-01-03 02:24:00,89.4050,2664.8861,118.6963,47.9631,38.0244,79.6961,35.2008,32.9632,27.7935,7.5000,127.4294,284.5702,ramp
8,155,2026-01-03 02:27:00,89.6887,2669.0306,119.0689,49.7884,38.7176,79.2760,35.2008,32.9632,27.7935,7.5000,128.4063,292.4952,ramp
8,156,2026-01-03 02:30:00,86.8200,2684.8144,118.7611,51.6913,39.0869,78.5430,35.2008,32.9632,27.7935,7.5000,125.9069,294.0392,ramp
8,157,2026-01-03 02:33:00,91.1078,2680.5879,117.6511,53.9534,40.9726,79.3850,35.2008,32.9632,24.0950,7.5000,132.0804,297.5460,ramp
8,158,2026-01-03 02:36:00,88.8345,2681.4440,118.6126,57.1105,40.1989,79.6247,35.2008,32.9632,24.0950,7.5000,129.0334,308.2769,ramp
8,159,2026-01-03 02:39:00,89.6555,2694.1377,118.5907,53.8237,41.8002,78.8909,35.2008,32.9632,24.0950,7.5000,131.4557,304.5406,ramp
8,160,2026-01-03 02:42:00,89.6416,2693.4449,117.7680,47.8634,43.0640,78.5809,35.2008,32.9632,24.0950,7.5000,132.7056,304.8333,ramp
8,161,2026-01-03 02:45:00,89.1285,2703.5691,118.6223,52.0226,42.5254,79.0352,35.2008,43.0244,24.0950,7.5000,131.6539,314.8443,ramp
8,162,2026-01-03 02:48:00,90.1641,2703.3510,117.7997,54.8798,44.5976,78.8400,35.2008,43.0244,24.0950,7.5000,134.7617,316.1353,ramp
8,163,2026-01-03 02:51:00,89.1201,2695.9750,118.2960,54.9924,44.7957,79.6319,35.2008,43.0244,25.3835,7.5000,133.9157,320.1512,ramp
8,164,2026-01-03 02:54:00,89.5643,2694.2443,118.8203,56.8365,42.2823,79.6877,35.2008,43.0244,25.3835,7.5000,131.8466,322.4667,ramp
8,165,2026-01-03 02:57:00,90.6109,2701.0208,118.5530,54.1804,42.1988,79.6076,35.2008,43.0244,25.3835,7.5000,132.8098,309.3902,ramp
8,166,2026-01-03 03:00:00,93.6410,2703.5945,118.6273,58.6874,41.9336,79.8422,35.2008,43.0244,25.3835,7.5000,135.5746,315.0575,ramp
8,167,2026-01-03 03:03:00,94.7325,2704.1805,118.3990,58.1159,44.6269,80.0840,35.2008,43.0244,25.3835,7.5000,139.3595,307.1999,ramp
8,168,2026-01-03 03:06:00,95.5139,2711.4517,118.2959,63.9183,43.5511,80.1805,35.2008,43.0244,25.3835,7.5000,139.0650,324.3623,ramp
8,169,2026-01-03 03:09:00,95.6572,2719.0405,119.2795,63.4285,41.9750,80.1453,35.2008,43.0244,27.5378,7.5000,137.6322,314.2647,ramp
8,170,2026-01-03 03:12:00,94.7713,2724.3026,119.1839,67.2978,43.2897,80.4314,35.2008,43.0244,27.5378,7.5000,138.0610,312.8523,ramp
8,171,2026-01-03 03:15:00,97.7787,2720.6836,119.0414,62.7522,44.4602,80.4089,35.2008,43.0244,27.5378,7.5000,142.2389,313.7268,ramp
8,172,2026-01-03 03:18:00,99.3666,2721.1279,119.9815,62.3359,42.7012,80.9198,35.2008,43.0244,27.5378,7.5000,142.0679,323.3980,ramp
8,173,2026-01-03 03:21:00,99.8983,2727.0634,119.1083,68.4842,44.7151,81.4147,35.2008,43.0244,27.5378,7.5000,144.6135,314.7939,ramp
8,174,2026-01-03 03:24:00,102.8834,2733.5096,119.2228,58.2336,44.6257,81.0035,35.2008,43.0244,27.5378,7.5000,147.5092,321.0114,ramp
8,175,2026-01-03 03:27:00,102.2847,2735.9382,120.3130,51.7368,43.0248,80.2819,35.2008,43.0244,31.8829,7.5000,145.3096,317.5125,ramp
8,176,2026-01-03 03:30:00,99.5975,2740.2679,120.1538,52.4249,45.9222,80.4901,42.7972,43.0244,31.8829,7.5000,145.5197,311.3842,ramp
8,177,2026-01-03 03:33:00,99.1847,2746.6430,120.2447,51.8757,46.0873,80.6203,42.7972,43.0244,31.8829,7.5000,145.2721,324.1462,ramp
8,178,2026-01-03 03:36:00,99.9430,2735.4396,120.3275,52.3962,47.4305,81.2349,42.7972,43.0244,31.8829,7.5000,147.3736,321.0692,ramp
8,179,2026-01-03 03:39:00,97.4120,2738.6303,120.5593,51.2526,45.8757,81.3085,42.7972,43.0244,31.8829,7.5000,143.2876,325.1270,ramp
8,180,2026-01-03 03:42:00,102.7355,2732.5553,119.8297,50.7733,46.6770,81.3921,42.7972,43.0244,31.8829,7.5000,149.4126,319.4792,ramp
8,181,2026-01-03 03:45:00,97.6411,2719.9613,120.0606,53.2721,44.4257,81.4973,42.7972,43.0244,30.0137,7.5000,142.0668,323.7260,ramp
8,182,2026-01-03 03:48:00,98.9383,2738.0656,120.1871,48.8358,43.6867,80.1207,42.7972,43.0244,30.0137,7.5000,142.6250,316.2379,ramp
8,183,2026-01-03 03:51:00,96.2027,2715.9869,120.3685,46.1571,42.2493,80.7344,42.7972,43.0244,30.0137,7.5000,138.4520,310.9501,ramp
8,184,2026-01-03 03:54:00,94.9525,2720.9603,121.1902,49.0108,41.3248,80.7243,42.7972,43.0244,30.0137,7.5000,136.2773,307.7199,ramp
8,185,2026-01-03 03:57:00,95.3595,2713.6315,120.4962,52.9199,41.5571,80.3212,42.7972,43.0244,30.0137,7.5000,136.9165,307.5150,ramp
8,186,2026-01-03 04:00:00,96.9510,2721.5534,120.8468,50.4288,40.2832,81.0557,42.7972,43.0244,30.0137,7.5000,137.2342,304.4479,ramp
8,187,2026-01-03 04:03:00,99.4043,2717.5174,119.7453,48.9219,43.3704,80.2685,42.7972,43.0244,27.4231,7.5000,142.7747,296.6203,ramp
8,188,2026-01-03 04:06:00,96.2664,2724.0713,119.8512,43.2750,42.4460,80.0612,42.7972,43.0244,27.4231,7.5000,138.7124,316.2211,ramp
8,189,2026-01-03 04:09:00,95.0704,2729.0885,119.7311,44.9514,43.7422,79.8927,42.7972,43.0244,27.4231,7.5000,138.8127,302.6019,ramp
8,190,2026-01-03 04:12:00,93.3023,2722.2924,120.0288,38.3520,43.4843,79.4261,42.7972,43.0244,27.4231,7.5000,136.7865,322.0532,ramp
8,191,2026-01-03 04:15:00,93.0907,2715.6750,120.3818,39.2203,43.5871,79.4171,42.7972,43.0244,27.4231,7.5000,136.6777,318.2363,ramp
8,192,2026-01-03 04:18:00,91.3780,2706.3603,119.9947,42.0314,42.9438,79.2692,42.7972,43.0244,27.4231,7.5000,134.3217,309.4552,ramp
8,193,2026-01-03 04:21:00,93.6516,2706.2523,119.7553,45.5607,41.5702,80.1342,42.7972,43.0244,25.2741,7.5000,135.2218,314.6636,ramp
8,194,2026-01-03 04:24:00,92.9954,2699.8757,119.5840,49.6124,41.2358,80.4655,42.7972,43.0244,25.2741,7.5000,134.2312,307.2110,ramp
8,195,2026-01-03 04:27:00,92.3508,2700.9238,119.9294,52.9115,39.9741,80.2481,42.7972,43.0244,25.2741,7.5000,132.3249,305.7198,ramp
8,196,2026-01-03 04:30:00,95.6216,2697.9556,119.8624,50.4154,39.0445,79.6664,42.7972,43.0244,25.2741,7.5000,134.6661,304.3633,ramp
8,197,2026-01-03 04:33:00,98.3060,2695.9031,120.5902,45.9832,37.8953,79.6188,42.7972,43.0244,25.2741,7.5000,136.2013,294.1318,ramp
8,198,2026-01-03 04:36:00,96.0634,2711.6520,120.8070,47.3757,37.2967,79.2302,42.7972,43.0244,25.2741,7.5000,133.3601,292.8079,ramp
8,199,2026-01-03 04:39:00,96.7138,2726.2205,120.6681,45.2205,37.5710,79.3325,42.7972,43.0244,27.8402,7.5000,134.2847,297.8846,ramp
8,200,2026-01-03 04:42:00,93.0693,2716.1802,120.7720,47.8592,40.0498,79.7039,42.7972,43.0244,27.8402,7.5000,133.1191,295.1097,ramp
8,201,2026-01-03 04:45:00,96.3201,2713.5868,120.8765,51.8836,42.6369,80.2853,63.2215,21.5833,27.8402,7.5000,138.9570,295.9672,ramp
8,202,2026-01-03 04:48:00,99.4709,2710.8327,120.0007,55.8712,43.2755,80.7713,63.2215,21.5833,27.8402,7.5000,142.7464,293.1052,ramp
8,203,2026-01-03 04:51:00,95.1206,2708.3872,120.0911,53.1752,45.7735,81.3101,63.2215,21.5833,27.8402,7.5000,140.8942,305.8047,ramp
8,204,2026-01-03 04:54:00,93.5997,2714.4803,119.9514,51.4051,44.4363,80.3978,63.2215,21.5833,27.8402,7.5000,138.0360,307.7380,ramp
8,205,2026-01-03 04:57:00,91.0626,2698.4565,120.0804,47.8591,43.2438,80.3606,63.2215,21.5833,27.4434,7.5000,134.3065,302.2924,ramp
8,206,2026-01-03 05:00:00,94.8636,2699.4702,120.0702,51.0370,44.2843,80.0140,63.2215,21.5833,27.4434,7.5000,139.1480,305.3503,ramp
8,207,2026-01-03 05:03:00,92.1428,2690.0628,119.3901,46.5344,43.4232,79.7999,63.2215,21.5833,27.4434,7.5000,135.5659,302.1238,ramp
8,208,2026-01-03 05:06:00,94.0691,2703.5318,119.4860,45.7356,43.3364,80.0735,63.2215,21.5833,27.4434,7.5000,137.4055,309.2521,ramp
8,209,2026-01-03 05:09:00,89.7561,2691.5411,118.9163,43.4509,44.2951,79.2863,63.2215,21.5833,27.4434,7.5000,134.0512,304.2974,ramp
8,210,2026-01-03 05:12:00,90.5982,2704.5172,119.5493,45.7796,43.8964,78.9174,63.2215,21.5833,27.4434,7.5000,134.4946,307.5482,ramp
8,211,2026-01-03 05:15:00,90.9825,2681.0562,119.0720,46.1979,45.0261,78.9520,63.2215,21.5833,24.3081,7.5000,136.0086,303.8760,ramp
8,212,2026-01-03 05:18:00,87.0699,2675.4990,119.6111,48.9999,41.6274,79.7308,63.2215,21.5833,24.3081,7.5000,128.6973,300.4396,ramp
8,213,2026-01-03 05:21:00,87.5562,2690.2820,119.6647,51.4223,38.9031,79.6818,63.2215,21.5833,24.3081,7.5000,126.4592,295.5706,ramp
8,214,2026-01-03 05:24:00,86.3481,2674.1324,119.0459,47.7902,42.9798,79.8106,63.2215,21.5833,24.3081,7.5000,129.3280,287.0452,ramp
8,215,2026-01-03 05:27:00,90.5946,2671.8491,119.8227,47.1189,39.1444,79.1319,63.2215,21.5833,24.3081,7.5000,129.7390,304.3097,ramp
8,216,2026-01-03 05:30:00,92.4023,2665.9062,119.8085,47.2280,38.3794,78.8666,63.2215,21.5833,24.3081,7.5000,130.7817,292.6668,ramp
8,217,2026-01-03 05:33:00,97.3247,2681.9841,119.8416,50.4349,37.8357,79.4149,63.2215,21.5833,20.0490,7.5000,135.1605,283.9995,ramp
8,218,2026-01-03 05:36:00,96.7219,2681.2496,119.6374,49.0291,40.5859,79.1929,63.2215,21.5833,20.0490,7.5000,137.3078,285.6992,ramp
8,219,2026-01-03 05:39:00,96.4384,2697.6992,120.2108,49.8659,37.2535,79.0294,63.2215,21.5833,20.0490,7.5000,133.6919,296.9051,ramp
8,220,2026-01-03 05:42:00,96.9933,2695.5895,120.3981,53.8331,39.0306,79.3455,63.2215,21.5833,20.0490,7.5000,136.0239,282.3130,ramp
8,221,2026-01-03 05:45:00,96.5783,2695.6915,121.3711,52.3665,36.9971,79.3192,63.2215,21.5833,20.0490,7.5000,133.5753,287.1404,ramp
8,222,2026-01-03 05:48:00,98.0658,2688.0398,121.9424,50.0606,35.2340,79.8186,63.2215,21.5833,20.0490,7.5000,133.2997,278.7962,ramp
8,223,2026-01-03 05:51:00,97.1260,2688.6331,121.8713,48.9273,34.9032,80.3340,63.2215,21.5833,26.4540,7.5000,132.0292,274.4762,ramp
8,224,2026-01-03 05:54:00,101.6426,2698.3625,121.9727,47.0520,35.9176,80.1893,63.2215,21.5833,26.4540,7.5000,137.5603,272.4704,ramp
8,225,2026-01-03 05:57:00,103.7499,2697.3582,121.7644,43.9637,36.4442,80.3915,63.2215,21.5833,26.4540,7.5000,140.1940,269.5500,ramp
8,226,2026-01-03 06:00:00,99.2040,2714.7784,122.2844,44.4971,33.4055,80.3668,46.4098,21.5833,26.4540,7.5000,132.6095,275.0607,ramp
8,227,2026-01-03 06:03:00,103.1798,2724.6827,122.0285,41.1538,35.6566,80.1566,46.4098,21.5833,26.4540,7.5000,138.8363,274.2507,ramp
8,228,2026-01-03 06:06:00,101.3385,2726.6704,122.0239,39.5006,38.4543,80.1118,46.4098,21.5833,26.4540,7.5000,139.7928,277.2672,ramp
8,229,2026-01-03 06:09:00,102.5796,2742.1781,121.8842,37.3360,40.3600,79.6537,46.4098,21.5833,30.0145,7.5000,142.9397,287.4781,ramp
8,230,2026-01-03 06:12:00,100.6405,2736.7489,121.4612,38.9703,41.5705,80.3695,46.4098,21.5833,30.0145,7.5000,142.2109,300.5742,ramp
8,231,2026-01-03 06:15:00,102.4605,2740.7386,122.3695,47.9331,41.1347,81.1335,46.4098,21.5833,30.0145,7.5000,143.5952,301.1062,ramp
8,232,2026-01-03 06:18:00,100.4683,2737.1418,122.3246,50.5066,41.0093,81.2518,46.4098,21.5833,30.0145,7.5000,141.4776,301.7248,ramp
8,233,2026-01-03 06:21:00,106.3015,2733.1670,122.5344,43.8931,40.3164,81.2966,46.4098,21.5833,30.0145,7.5000,146.6179,299.9224,ramp
8,234,2026-01-03 06:24:00,105.9045,2739.9699,122.4357,43.5828,39.0092,80.9885,46.4098,21.5833,30.0145,7.5000,144.9136,293.1931,ramp
8,235,2026-01-03 06:27:00,108.0934,2757.0093,121.8694,47.1209,40.1040,81.2347,46.4098,21.5833,30.9373,7.5000,148.1974,298.2317,ramp
8,236,2026-01-03 06:30:00,104.0473,2748.4509,122.3652,44.7846,41.8650,81.4801,46.4098,21.5833,30.9373,7.5000,145.9123,303.6822,ramp
8,237,2026-01-03 06:33:00,103.9873,2759.9359,123.5047,49.7922,38.9673,81.7461,46.4098,21.5833,30.9373,7.5000,142.9545,300.4272,ramp
8,238,2026-01-03 06:36:00,105.9585,2749.8845,122.5748,48.2367,41.4321,81.2507,46.4098,21.5833,30.9373,7.5000,147.3906,288.8885,ramp
8,239,2026-01-03 06:39:00,108.6380,2753.2185,122.8197,49.9477,42.3618,82.7146,46.4098,21.5833,30.9373,7.5000,150.9998,302.7939,ramp
8,240,2026-01-03 06:42:00,107.4034,2753.9266,122.8150,52.3824,40.9671,82.2644,46.4098,21.5833,30.9373,7.5000,148.3705,308.8076,ramp
8,241,2026-01-03 06:45:00,101.2316,2779.0064,123.0333,50.7834,40.3058,83.1487,46.4098,77.9282,34.6213,7.5000,141.5374,309.0127,ramp
8,242,2026-01-03 06:48:00,95.9827,2766.7019,123.0295,51.3083,41.0603,82.0040,46.4098,77.9282,34.6213,7.5000,137.0430,309.0451,ramp
8,243,2026-01-03 06:51:00,101.4982,2764.2507,123.7896,56.6866,39.0626,82.5617,46.4098,77.9282,34.6213,7.5000,140.5609,318.0945,ramp
8,244,2026-01-03 06:54:00,98.0443,2737.2004,122.7942,55.6544,40.4300,82.7136,46.4098,77.9282,34.6213,7.5000,138.4744,300.8514,ramp
8,245,2026-01-03 06:57:00,100.8762,2748.9473,122.7665,55.5211,39.7686,83.4158,46.4098,77.9282,34.6213,7.5000,140.6448,301.5295,ramp
8,246,2026-01-03 07:00:00,95.3981,2743.2393,121.8678,47.7636,37.2364,81.9957,46.4098,77.9282,34.6213,7.5000,132.6345,304.2074,ramp
8,247,2026-01-03 07:03:00,93.7158,2749.2549,122.6422,46.2691,36.8205,81.7964,46.4098,77.9282,29.5425,7.5000,130.5363,298.5092,ramp
8,248,2026-01-03 07:06:00,95.5537,2731.7769,122.2821,47.7314,37.8147,80.6528,46.4098,77.9282,29.5425,7.5000,133.3684,294.4062,ramp
8,249,2026-01-03 07:09:00,93.4226,2721.2911,122.7683,51.3983,36.9210,81.4025,46.4098,77.9282,29.5425,7.5000,130.3436,296.5653,ramp
8,250,2026-01-03 07:12:00,94.4306,2721.4806,122.0687,49.2535,35.5500,81.3240,46.4098,77.9282,29.5425,7.5000,129.9806,288.4751,ramp
8,251,2026-01-03 07:15:00,94.5072,2723.9382,122.6987,52.3190,32.8352,81.9379,51.1647,77.9282,29.5425,7.5000,127.3424,288.1110,ramp
8,252,2026-01-03 07:18:00,94.2302,2733.5918,122.6750,54.4182,34.4158,81.2945,51.1647,77.9282,29.5425,7.5000,128.6460,276.9321,ramp
8,253,2026-01-03 07:21:00,93.5746,2720.9049,121.9969,47.8130,35.3580,80.7975,51.1647,77.9282,27.9188,7.5000,128.9326,281.8810,ramp
8,254,2026-01-03 07:24:00,95.4899,2723.8887,123.3518,46.4115,32.7360,81.1252,51.1647,77.9282,27.9188,7.5000,128.2258,286.5299,ramp
8,255,2026-01-03 07:27:00,98.0017,2721.3896,122.4527,51.1183,34.3342,81.4803,51.1647,77.9282,27.9188,7.5000,132.3358,278.0655,ramp
8,256,2026-01-03 07:30:00,97.1512,2725.9972,122.2651,57.9720,35.4806,81.8722,51.1647,77.9282,27.9188,7.5000,132.6319,282.8651,ramp
8,257,2026-01-03 07:33:00,95.8127,2738.6867,122.1127,58.3576,35.6236,81.7217,51.1647,77.9282,27.9188,7.5000,131.4363,283.9766,ramp
8,258,2026-01-03 07:36:00,93.1128,2734.6347,122.1473,57.5024,35.9538,81.3468,51.1647,77.9282,27.9188,7.5000,129.0666,285.7101,ramp
8,259,2026-01-03 07:39:00,95.1523,2728.3814,122.8370,60.1897,35.5031,81.5033,51.1647,77.9282,28.2766,7.5000,130.6554,289.9488,ramp
8,260,2026-01-03 07:42:00,93.4313,2722.8980,122.6851,62.2856,35.2963,81.6538,51.1647,77.9282,28.2766,7.5000,128.7276,295.0342,ramp
8,261,2026-01-03 07:45:00,93.4299,2737.2041,122.2284,58.4091,35.8399,81.9462,51.1647,77.9282,28.2766,7.5000,129.2698,286.2021,ramp
8,262,2026-01-03 07:48:00,89.2769,2730.7299,121.5053,58.7056,37.8029,82.1976,51.1647,77.9282,28.2766,7.5000,127.0798,285.8755,ramp
8,263,2026-01-03 07:51:00,86.2481,2732.6412,121.7608,60.6322,37.2386,81.8009,51.1647,77.9282,28.2766,7.5000,123.4867,289.2978,ramp
8,264,2026-01-03 07:54:00,83.1320,2721.3351,121.6621,58.7584,37.6596,81.2559,51.1647,77.9282,28.2766,7.5000,120.7916,289.9977,ramp
8,265,2026-01-03 07:57:00,83.6369,2711.6751,121.1484,49.7267,40.1736,81.0699,51.1647,77.9282,23.3069,7.5000,123.8105,300.6977,ramp
8,266,2026-01-03 08:00:00,85.4509,2705.1416,120.7405,50.7514,38.8282,80.8709,51.1647,77.9282,23.3069,7.5000,124.2791,298.7231,ramp
8,267,2026-01-03 08:03:00,86.0847,2711.5417,119.7225,49.5457,40.7101,80.7446,51.1647,77.9282,23.3069,7.5000,126.7948,302.9271,ramp
8,268,2026-01-03 08:06:00,85.4415,2711.0440,118.9887,51.3624,40.2362,79.8455,51.1647,77.9282,23.3069,7.5000,125.6778,309.8243,ramp
8,269,2026-01-03 08:09:00,84.5311,2708.3798,120.4574,56.1898,36.9017,79.8751,51.1647,77.9282,23.3069,7.5000,121.4329,302.8076,ramp
8,270,2026-01-03 08:12:00,86.4483,2704.7473,120.2903,50.0491,37.6979,79.3309,51.1647,77.9282,23.3069,7.5000,124.1461,294.2919,ramp
8,271,2026-01-03 08:15:00,84.5930,2710.6622,120.3140,53.0958,38.1593,79.8296,51.1647,77.9282,20.8972,7.5000,122.7522,293.4114,ramp
8,272,2026-01-03 08:18:00,87.8118,2723.5811,119.7383,54.3874,41.0387,80.2315,51.1647,77.9282,20.8972,7.5000,128.8505,293.3793,ramp
8,273,2026-01-03 08:21:00,85.2111,2717.7283,119.4174,54.6124,41.3588,79.7656,51.1647,77.9282,20.8972,7.5000,126.5699,308.4323,ramp
8,274,2026-01-03 08:24:00,87.9450,2719.8896,119.6388,51.2051,41.2652,79.3738,51.1647,77.9282,20.8972,7.5000,129.2103,309.3146,ramp
8,275,2026-01-03 08:27:00,90.4053,2722.8595,119.8082,45.6753,40.5660,78.9802,51.1647,77.9282,20.8972,7.5000,130.9713,305.3473,ramp
8,276,2026-01-03 08:30:00,87.7786,2741.5341,119.3535,47.9363,44.2371,79.5306,52.7167,77.9282,20.8972,7.5000,132.0158,305.2431,ramp
8,277,2026-01-03 08:33:00,84.1341,2740.7099,118.9285,49.4469,43.9554,79.4721,52.7167,77.9282,22.4675,7.5000,128.0895,314.5792,ramp
8,278,2026-01-03 08:36:00,83.7383,2737.6007,119.5230,45.5397,44.6277,79.3158,52.7167,77.9282,22.4675,7.5000,128.3661,316.0930,ramp
8,279,2026-01-03 08:39:00,84.6078,2720.4301,119.7659,46.9736,45.6869,79.3600,52.7167,77.9282,22.4675,7.5000,130.2947,317.2773,ramp
8,280,2026-01-03 08:42:00,83.7281,2718.7896,119.6707,42.0368,43.6923,78.9630,52.7167,77.9282,22.4675,7.5000,127.4205,324.8208,ramp
8,281,2026-01-03 08:45:00,84.7137,2715.2231,118.9704,45.0956,44.1192,79.8371,52.7167,53.3617,22.4675,7.5000,128.8329,311.0634,ramp
8,282,2026-01-03 08:48:00,83.8314,2713.2060,118.9159,46.5764,42.4556,79.3662,52.7167,53.3617,22.4675,7.5000,126.2870,317.1011,ramp
8,283,2026-01-03 08:51:00,80.2164,2716.1040,119.4693,45.3075,43.3267,78.4335,52.7167,53.3617,19.8476,7.5000,123.5431,310.7157,ramp
8,284,2026-01-03 08:54:00,78.6513,2714.7020,119.3377,44.4954,42.3362,78.7801,52.7167,53.3617,19.8476,7.5000,120.9876,315.0762,ramp
8,285,2026-01-03 08:57:00,82.0720,2705.6714,119.2283,50.0725,43.7157,79.7117,52.7167,53.3617,19.8476,7.5000,125.7877,309.8585,ramp
8,286,2026-01-03 09:00:00,85.7967,2694.3674,119.0611,51.4758,44.1015,79.2653,52.7167,53.3617,19.8476,7.5000,129.8982,309.5833,ramp
8,287,2026-01-03 09:03:00,84.1523,2700.8795,118.7474,50.9505,40.9677,79.4496,52.7167,53.3617,19.8476,7.5000,125.1200,309.4969,ramp
8,288,2026-01-03 09:06:00,83.6287,2715.0408,118.5710,56.4723,41.3339,79.6751,52.7167,53.3617,19.8476,7.5000,124.9626,307.0428,ramp
8,289,2026-01-03 09:09:00,83.0027,2718.4883,118.6108,55.3114,42.4368,79.2058,52.7167,53.3617,20.2504,7.5000,125.4395,304.3785,ramp
8,290,2026-01-03 09:12:00,83.4136,2715.9084,119.2856,51.3926,43.5577,79.0137,52.7167,53.3617,20.2504,7.5000,126.9714,316.0523,ramp
8,291,2026-01-03 09:15:00,87.1046,2707.8722,119.0999,52.9601,44.0617,79.2770,52.7167,53.3617,20.2504,7.5000,131.1663,311.6600,ramp
8,292,2026-01-03 09:18:00,88.9448,2710.7341,119.4239,53.5276,40.6959,79.3558,52.7167,53.3617,20.2504,7.5000,129.6408,315.0319,ramp
8,293,2026-01-03 09:21:00,93.3946,2728.0172,119.6528,59.3894,41.8662,80.2706,52.7167,53.3617,20.2504,7.5000,135.2609,307.4697,ramp
8,294,2026-01-03 09:24:00,91.1589,2738.1353,118.8575,55.8333,44.7209,79.8047,52.7167,53.3617,20.2504,7.5000,135.8798,308.2231,ramp
8,295,2026-01-03 09:27:00,92.5401,2751.7497,119.0913,56.3889,45.6803,80.3554,52.7167,53.3617,22.6598,7.5000,138.2204,314.2505,ramp
8,296,2026-01-03 09:30:00,92.2499,2749.2840,119.5897,60.1454,46.9701,79.9652,52.7167,53.3617,22.6598,7.5000,139.2200,324.3174,ramp
8,297,2026-01-03 09:33:00,93.6970,2751.8824,120.2138,56.9306,46.7146,80.4659,52.7167,53.3617,22.6598,7.5000,140.4117,327.4466,ramp
8,298,2026-01-03 09:36:00,98.1868,2749.8956,120.1112,57.4481,47.1770,80.0233,52.7167,53.3617,22.6598,7.5000,145.3638,320.1027,ramp
8,299,2026-01-03 09:39:00,98.7924,2754.5225,120.2906,53.8049,47.2817,80.9052,52.7167,53.3617,22.6598,7.5000,146.0741,329.6511,ramp
8,300,2026-01-03 09:42:00,94.4426,2770.8110,119.6528,54.1163,46.9627,80.7115,52.7167,53.3617,22.6598,7.5000,141.4052,333.2054,ramp
9,1,2026-01-03 00:45:00,100.1217,2689.1114,120.0798,49.8406,41.1303,80.1728,53.8705,20.6429,30.1786,7.5000,141.2520,293.4167,normal
9,2,2026-01-03 00:48:00,93.7293,2682.3017,119.9045,42.3406,40.9478,79.1689,53.8705,20.6429,30.1786,7.5000,134.6771,294.7550,normal
9,3,2026-01-03 00:51:00,89.8641,2678.7731,120.4740,41.3258,37.5835,79.5285,53.8705,20.6429,30.1786,7.5000,127.4476,296.6310,normal
9,4,2026-01-03 00:54:00,93.2156,2659.4051,120.5856,45.3877,38.2154,79.7196,53.8705,20.6429,30.1786,7.5000,131.4310,287.8832,normal
9,5,2026-01-03 00:57:00,92.8421,2637.3260,121.1386,46.2481,34.0609,79.9534,53.8705,20.6429,30.1786,7.5000,126.9030,279.1087,normal
9,6,2026-01-03 01:00:00,94.2185,2657.1007,119.8932,48.6340,34.2770,80.1803,53.8705,20.6429,30.1786,7.5000,128.4955,272.9269,normal
9,7,2026-01-03 01:03:00,93.1515,2644.1199,118.9335,47.7457,36.8228,80.1731,53.8705,20.6429,25.0186,7.5000,129.9743,279.1279,normal
9,8,2026-01-03 01:06:00,94.3098,2645.1525,119.5609,48.4544,33.8438,79.2370,53.8705,20.6429,25.0186,7.5000,128.1535,278.6629,normal
9,9,2026-01-03 01:09:00,95.8042,2655.9178,119.8140,51.4699,32.6272,78.3173,53.8705,20.6429,25.0186,7.5000,128.4314,265.8307,normal
9,10,2026-01-03 01:12:00,97.3299,2655.6563,119.8309,44.8748,33.7341,78.8703,53.8705,20.6429,25.0186,7.5000,131.0640,267.3126,normal
9,11,2026-01-03 01:15:00,101.2123,2673.1846,119.9743,44.5813,36.4190,78.5197,53.8705,20.6429,25.0186,7.5000,137.6312,268.1149,normal
9,12,2026-01-03 01:18:00,103.5871,2672.4830,118.7305,43.5033,39.3963,78.3784,53.8705,20.6429,25.0186,7.5000,142.9833,277.9093,normal
9,13,2026-01-03 01:21:00,101.3571,2691.6463,119.3707,43.6781,40.0164,78.4307,53.8705,20.6429,28.4611,7.5000,141.3735,286.9036,normal
9,14,2026-01-03 01:24:00,101.1747,2705.0463,119.0520,44.2452,42.6474,78.4778,53.8705,20.6429,28.4611,7.5000,143.8221,294.9313,normal
9,15,2026-01-03 01:27:00,101.5938,2699.0076,119.1575,45.3821,43.5525,79.3484,53.8705,20.6429,28.4611,7.5000,145.1463,304.5599,normal
9,16,2026-01-03 01:30:00,101.7390,2697.1298,119.6752,44.1115,43.0354,78.7169,53.8705,20.6429,28.4611,7.5000,144.7744,308.5123,normal
9,17,2026-01-03 01:33:00,98.3482,2696.2150,119.9096,48.4756,42.0606,79.6729,53.8705,20.6429,28.4611,7.5000,140.4088,302.6400,normal
9,18,2026-01-03 01:36:00,93.1764,2692.4790,119.8787,50.7424,42.5633,80.3465,53.8705,20.6429,28.4611,7.5000,135.7398,299.9875,normal
9,19,2026-01-03 01:39:00,92.0082,2681.8385,119.6781,50.3601,41.9505,80.0961,53.8705,20.6429,30.0399,7.5000,133.9587,301.0008,normal
9,20,2026-01-03 01:42:00,90.1431,2661.0749,120.0144,49.3421,40.1436,79.8344,53.8705,20.6429,30.0399,7.5000,130.2867,303.0994,normal
9,21,2026-01-03 01:45:00,88.5314,2662.3516,119.8475,47.9703,39.5000,80.2207,53.8705,20.6429,30.0399,7.5000,128.0315,292.3799,normal
9,22,2026-01-03 01:48:00,93.3130,2655.4436,118.4031,54.7393,41.3458,80.2340,53.8705,20.6429,30.0399,7.5000,134.6589,290.1833,normal
9,23,2026-01-03 01:51:00,93.5920,2657.2457,118.3896,51.5063,41.3166,79.8109,53.8705,20.6429,30.0399,7.5000,134.9086,300.6278,normal
9,24,2026-01-03 01:54:00,94.5391,2668.4609,117.7161,51.6554,42.0026,79.3466,53.8705,20.6429,30.0399,7.5000,136.5417,296.5786,normal
9,25,2026-01-03 01:57:00,94.7732,2678.8156,117.4285,51.8950,42.3798,78.4975,53.8705,20.6429,25.0266,7.5000,137.1530,298.1779,normal
9,26,2026-01-03 02:00:00,93.5221,2677.0497,117.5662,55.2068,44.4049,79.1374,43.0677,20.6429,25.0266,7.5000,137.9270,300.1048,normal
9,27,2026-01-03 02:03:00,94.0513,2675.2284,117.8303,56.0999,41.2460,78.8545,43.0677,20.6429,25.0266,7.5000,135.2973,318.4834,normal
9,28,2026-01-03 02:06:00,91.2306,2678.6987,118.4829,55.4576,41.7683,78.7750,43.0677,20.6429,25.0266,7.5000,132.9989,310.5247,normal
9,29,2026-01-03 02:09:00,90.7006,2684.7384,118.2481,53.5802,42.5630,79.0614,43.0677,20.6429,25.0266,7.5000,133.2636,308.8094,normal
9,30,2026-01-03 02:12:00,96.0454,2670.9572,117.9680,53.5511,42.9499,79.3148,43.0677,20.6429,25.0266,7.5000,138.9953,301.7706,normal
9,31,2026-01-03 02:15:00,93.1081,2676.2723,118.2147,49.8531,43.9021,79.1096,43.0677,20.6429,24.3739,7.5000,137.0102,308.1713,normal
9,32,2026-01-03 02:18:00,96.2433,2688.7929,117.3666,47.4399,44.1334,78.8104,43.0677,20.6429,24.3739,7.5000,140.3767,314.5056,normal
9,33,2026-01-03 02:21:00,92.2988,2686.3692,117.4499,41.6668,43.9752,78.3985,43.0677,20.6429,24.3739,7.5000,136.2741,311.6074,normal
9,34,2026-01-03 02:24:00,91.3837,2687.2186,118.3134,38.7408,44.3370,77.5194,43.0677,20.6429,24.3739,7.5000,135.7206,308.4748,normal
9,35,2026-01-03 02:27:00,90.6269,2676.3556,118.2487,39.1676,40.9463,77.2295,43.0677,20.6429,24.3739,7.5000,131.5732,310.5663,normal
9,36,2026-01-03 02:30:00,91.8644,2664.6668,119.2674,37.6954,41.3029,78.0431,43.0677,20.6429,24.3739,7.5000,133.1673,300.0704,normal
9,37,2026-01-03 02:33:00,91.7208,2662.0805,118.4934,37.8644,40.2824,77.7711,43.0677,20.6429,24.9192,7.5000,132.0032,299.4973,normal
9,38,2026-01-03 02:36:00,91.7880,2670.2341,118.3179,40.6801,39.4299,78.8407,43.0677,20.6429,24.9192,7.5000,131.2179,295.7086,normal
9,39,2026-01-03 02:39:00,92.6111,2668.2282,117.9985,46.3802,41.1459,78.5141,43.0677,20.6429,24.9192,7.5000,133.7570,290.0957,normal
9,40,2026-01-03 02:42:00,92.2556,2675.7815,118.0833,51.9916,41.2773,79.0522,43.0677,20.6429,24.9192,7.5000,133.5329,302.9314,normal
9,41,2026-01-03 02:45:00,95.0037,2693.2945,117.7685,47.6276,43.2038,78.3196,43.0677,24.5153,24.9192,7.5000,138.2075,301.9996,normal
9,42,2026-01-03 02:48:00,91.5512,2696.2317,117.2864,48.2214,45.1684,78.3719,43.0677,24.5153,24.9192,7.5000,136.7196,311.5739,normal
9,43,2026-01-03 02:51:00,91.7358,2692.6054,117.0118,52.3731,48.7371,79.0288,43.0677,24.5153,26.2326,7.5000,140.4729,319.7978,normal
9,44,2026-01-03 02:54:00,93.5388,2687.0012,117.2226,57.8961,47.5636,79.7630,43.0677,24.5153,26.2326,7.5000,141.1024,333.2124,normal
9,45,2026-01-03 02:57:00,92.3355,2684.6577,117.1605,59.7053,49.6274,79.7351,43.0677,24.5153,26.2326,7.5000,141.9629,327.8411,normal
9,46,2026-01-03 03:00:00,94.2160,2680.0508,117.4101,56.1258,46.6234,79.3049,43.0677,24.5153,26.2326,7.5000,140.8394,328.3422,normal
9,47,2026-01-03 03:03:00,94.8215,2680.1853,118.0533,56.4867,42.4462,79.8152,43.0677,24.5153,26.2326,7.5000,137.2678,323.1945,normal
9,48,2026-01-03 03:06:00,94.0051,2689.3447,118.2651,49.3852,43.3504,78.4467,43.0677,24.5153,26.2326,7.5000,137.3555,313.1732,normal
9,49,2026-01-03 03:09:00,92.8812,2692.6537,117.4447,45.6474,45.7025,78.6059,43.0677,24.5153,26.6090,7.5000,138.5837,312.1763,normal
9,50,2026-01-03 03:12:00,96.2302,2684.4000,117.6238,49.8836,45.3467,79.5924,43.0677,24.5153,26.6090,7.5000,141.5769,314.2443,normal
9,51,2026-01-03 03:15:00,95.4885,2680.5563,118.0235,54.0575,44.3120,79.2821,41.4087,24.5153,26.6090,7.5000,139.8005,319.6623,normal
9,52,2026-01-03 03:18:00,96.2042,2689.7829,118.3017,54.4549,42.5070,79.0860,41.4087,24.5153,26.6090,7.5000,138.7112,314.0091,normal
9,53,2026-01-03 03:21:00,94.5573,2683.8083,117.8997,50.9140,43.0744,79.1275,41.4087,24.5153,26.6090,7.5000,137.6317,306.8946,normal
9,54,2026-01-03 03:24:00,96.2555,2683.4749,118.7680,47.5887,42.2225,78.4314,41.4087,24.5153,26.6090,7.5000,138.4780,313.3512,normal
9,55,2026-01-03 03:27:00,99.6045,2687.4715,118.7188,44.3903,41.8474,78.4913,41.4087,24.5153,28.3971,7.5000,141.4518,305.5517,normal
9,56,2026-01-03 03:30:00,98.2785,2692.3569,118.9461,43.5912,42.4288,78.9266,41.4087,24.5153,28.3971,7.5000,140.7073,306.7208,normal
9,57,2026-01-03 03:33:00,99.7738,2693.0895,118.4942,45.9541,42.3003,78.9906,41.4087,24.5153,28.3971,7.5000,142.0741,311.0093,normal
9,58,2026-01-03 03:36:00,99.9203,2693.6155,119.6012,49.4653,40.2841,79.1726,41.4087,24.5153,28.3971,7.5000,140.2044,299.9436,normal
9,59,2026-01-03 03:39:00,101.3949,2699.3573,118.9822,49.1119,43.9621,78.7048,41.4087,24.5153,28.3971,7.5000,145.3570,298.1218,normal
9,60,2026-01-03 03:42:00,100.6475,2702.9336,119.0424,52.2170,43.6852,79.8555,41.4087,24.5153,28.3971,7.5000,144.3327,310.8620,normal
9,61,2026-01-03 03:45:00,100.7141,2699.8921,119.1924,51.9719,42.7648,79.9635,41.4087,24.5153,31.7449,7.5000,143.4788,307.8614,normal
9,62,2026-01-03 03:48:00,97.0914,2707.4974,119.9126,53.3511,41.0449,80.1780,41.4087,24.5153,31.7449,7.5000,138.1363,310.0934,normal
9,63,2026-01-03 03:51:00,100.4655,2696.8649,119.3225,51.8258,41.9850,80.1647,41.4087,24.5153,31.7449,7.5000,142.4505,303.0606,normal
9,64,2026-01-03 03:54:00,100.3794,2694.0398,120.1767,51.1145,41.0088,80.5210,41.4087,24.5153,31.7449,7.5000,141.3882,306.4442,normal
9,65,2026-01-03 03:57:00,99.2694,2699.9980,119.5213,54.2184,43.0568,80.5311,41.4087,24.5153,31.7449,7.5000,142.3262,301.4599,normal
9,66,2026-01-03 04:00:00,104.4138,2695.1893,119.2630,51.5431,41.8833,80.2907,41.4087,24.5153,31.7449,7.5000,146.2972,311.1609,normal
9,67,2026-01-03 04:03:00,99.6663,2696.4096,119.7547,51.2064,39.3875,80.3340,41.4087,24.5153,31.0237,7.5000,139.0538,306.4465,normal
9,68,2026-01-03 04:06:00,100.7269,2703.2525,119.8107,50.9538,40.3584,79.8190,41.4087,24.5153,31.0237,7.5000,141.0853,300.7057,normal
9,69,2026-01-03 04:09:00,97.4409,2695.9248,119.9839,52.5106,38.9471,80.5088,41.4087,24.5153,31.0237,7.5000,136.3880,295.8417,normal
9,70,2026-01-03 04:12:00,96.1085,2701.5523,121.0913,60.8337,39.1587,81.0354,41.4087,24.5153,31.0237,7.5000,135.2673,297.0358,normal
9,71,2026-01-03 04:15:00,95.3998,2693.8761,120.3587,59.9127,40.1158,81.1254,41.4087,24.5153,31.0237,7.5000,135.5155,302.5566,normal
9,72,2026-01-03 04:18:00,98.5020,2688.8302,119.4815,58.5289,43.1689,81.5310,41.4087,24.5153,31.0237,7.5000,141.6709,303.2364,normal
9,73,2026-01-03 04:21:00,94.6690,2688.1781,119.1240,57.4753,42.5513,80.6966,41.4087,24.5153,27.8990,7.5000,137.2203,302.9289,normal
9,74,2026-01-03 04:24:00,86.1942,2697.0297,118.8118,59.7202,43.1726,80.7347,41.4087,24.5153,27.8990,7.5000,129.3668,304.2057,normal
9,75,2026-01-03 04:27:00,91.2840,2680.5647,118.8333,60.6740,42.7255,80.7580,41.4087,24.5153,27.8990,7.5000,134.0096,306.1700,normal
9,76,2026-01-03 04:30:00,92.5096,2656.3977,119.0863,63.5421,43.8966,80.2740,57.5899,24.5153,27.8990,7.5000,136.4062,311.3075,normal
9,77,2026-01-03 04:33:00,93.0653,2669.9929,118.7830,60.4135,43.8037,79.9839,57.5899,24.5153,27.8990,7.5000,136.8690,304.8188,normal
9,78,2026-01-03 04:36:00,95.1318,2664.2181,117.5303,59.0591,41.7902,80.8166,57.5899,24.5153,27.8990,7.5000,136.9220,308.7245,normal
9,79,2026-01-03 04:39:00,93.2856,2668.1181,118.2305,61.7321,42.3708,79.8400,57.5899,24.5153,24.1037,7.5000,135.6565,297.8180,normal
9,80,2026-01-03 04:42:00,93.0956,2674.7007,117.8041,55.6068,42.0914,78.6931,57.5899,24.5153,24.1037,7.5000,135.1869,304.1701,normal
9,81,2026-01-03 04:45:00,89.1277,2672.2648,118.3283,58.1754,42.1455,79.5638,57.5899,35.6500,24.1037,7.5000,131.2732,301.0222,normal
9,82,2026-01-03 04:48:00,93.4790,2667.6798,118.8133,59.8849,41.7857,79.3910,57.5899,35.6500,24.1037,7.5000,135.2647,301.1169,normal
9,83,2026-01-03 04:51:00,91.3919,2663.9602,118.5652,57.6006,42.8068,79.2534,57.5899,35.6500,24.1037,7.5000,134.1987,299.3171,normal
9,84,2026-01-03 04:54:00,90.7140,2674.6040,117.8353,49.0917,42.7153,78.9117,57.5899,35.6500,24.1037,7.5000,133.4292,300.0904,normal
9,85,2026-01-03 04:57:00,89.2248,2674.1296,117.1371,48.1453,44.5602,78.4050,57.5899,35.6500,25.0319,7.5000,133.7850,308.5860,normal
9,86,2026-01-03 05:00:00,89.9927,2662.6420,118.0598,49.4959,44.2290,78.7758,57.5899,35.6500,25.0319,7.5000,134.2218,310.6545,normal
9,87,2026-01-03 05:03:00,88.2002,2663.0251,117.9787,50.1255,41.7681,78.1480,57.5899,35.6500,25.0319,7.5000,129.9682,305.8965,normal
9,88,2026-01-03 05:06:00,90.4442,2650.5750,117.9812,54.3619,41.6102,79.0933,57.5899,35.6500,25.0319,7.5000,132.0544,301.1377,normal
9,89,2026-01-03 05:09:00,89.2360,2649.6431,118.5369,51.5579,37.7472,78.8446,57.5899,35.6500,25.0319,7.5000,126.9832,299.8077,normal
9,90,2026-01-03 05:12:00,89.3438,2654.3436,118.4380,52.4615,38.0840,78.4706,57.5899,35.6500,25.0319,7.5000,127.4279,286.5119,normal
9,91,2026-01-03 05:15:00,87.9460,2647.7666,118.0231,48.2626,38.2608,78.4504,57.5899,35.6500,22.8175,7.5000,126.2068,288.6756,normal
9,92,2026-01-03 05:18:00,86.1911,2644.6838,118.6248,47.8520,37.3391,77.9001,57.5899,35.6500,22.8175,7.5000,123.5302,293.4607,normal
9,93,2026-01-03 05:21:00,87.5551,2637.1233,118.5321,44.2365,35.5377,77.9730,57.5899,35.6500,22.8175,7.5000,123.0928,286.9837,normal
9,94,2026-01-03 05:24:00,86.0782,2636.8706,118.2312,47.0543,36.1511,78.0497,57.5899,35.6500,22.8175,7.5000,122.2293,286.2537,normal
9,95,2026-01-03 05:27:00,86.9499,2639.2081,118.2336,45.1294,35.5167,78.2437,57.5899,35.6500,22.8175,7.5000,122.4665,279.1379,normal
9,96,2026-01-03 05:30:00,86.9938,2641.4722,117.7828,44.9703,38.0907,77.6818,57.5899,35.6500,22.8175,7.5000,125.0845,284.5494,normal
9,97,2026-01-03 05:33:00,85.7155,2642.5736,118.5325,43.5588,36.0356,77.6150,57.5899,35.6500,20.8669,7.5000,121.7511,286.0045,normal
9,98,2026-01-03 05:36:00,85.1414,2643.8435,117.9270,40.9610,35.7030,77.3806,57.5899,35.6500,20.8669,7.5000,120.8444,281.9824,normal
9,99,2026-01-03 05:39:00,90.3539,2643.9731,117.9613,43.3243,38.5474,77.5511,57.5899,35.6500,20.8669,7.5000,128.9013,281.5832,normal
9,100,2026-01-03 05:42:00,92.1904,2648.9538,117.5801,42.8903,40.6190,77.2776,57.5899,35.6500,20.8669,7.5000,132.8094,290.1736,normal
9,101,2026-01-03 05:45:00,93.8517,2662.9956,117.4557,43.8583,37.4251,77.6569,31.0894,35.6500,20.8669,7.5000,131.2768,299.0241,normal
9,102,2026-01-03 05:48:00,96.8961,2669.5661,117.1675,49.6635,37.9465,77.8942,31.0894,35.6500,20.8669,7.5000,134.8426,293.5434,normal
9,103,2026-01-03 05:51:00,95.5655,2689.0688,118.3323,48.1575,37.5863,77.3605,31.0894,35.6500,24.6682,7.5000,133.1518,295.1233,normal
9,104,2026-01-03 05:54:00,94.9945,2696.4679,119.4261,44.1670,35.1348,77.2581,31.0894,35.6500,24.6682,7.5000,130.1293,292.8031,normal
9,105,2026-01-03 05:57:00,97.5456,2693.9483,119.2874,42.8414,39.0088,77.7342,31.0894,35.6500,24.6682,7.5000,136.5544,288.8395,normal
9,106,2026-01-03 06:00:00,96.8885,2686.4722,119.6600,41.3435,39.3538,78.3818,31.0894,35.6500,24.6682,7.5000,136.2423,303.9010,normal
9,107,2026-01-03 06:03:00,95.4207,2701.5483,119.7280,48.4624,37.5864,79.4298,31.0894,35.6500,24.6682,7.5000,133.0071,305.8786,normal
9,108,2026-01-03 06:06:00,95.1593,2695.2562,119.0778,53.9047,41.0768,80.0901,31.0894,35.6500,24.6682,7.5000,136.2361,296.1708,normal
9,109,2026-01-03 06:09:00,100.1143,2691.6383,120.0190,52.7976,39.4495,80.2746,31.0894,35.6500,30.7940,7.5000,139.5637,308.2544,normal
9,110,2026-01-03 06:12:00,97.3480,2690.6234,119.7607,50.2856,40.4460,79.7607,31.0894,35.6500,30.7940,7.5000,137.7940,302.3639,normal
9,111,2026-01-03 06:15:00,98.5158,2703.5228,119.3377,48.0207,39.1272,80.1427,31.0894,35.6500,30.7940,7.5000,137.6429,300.9466,normal
9,112,2026-01-03 06:18:00,94.7516,2693.9973,119.6748,50.2683,39.2097,79.8582,31.0894,35.6500,30.7940,7.5000,133.9613,305.0690,normal
9,113,2026-01-03 06:21:00,91.3305,2700.5882,119.9438,52.3410,41.2026,79.9227,31.0894,35.6500,30.7940,7.5000,132.5331,302.5306,normal
9,114,2026-01-03 06:24:00,90.5148,2692.3459,119.3944,47.8522,39.1449,79.4655,31.0894,35.6500,30.7940,7.5000,129.6598,305.6779,normal
9,115,2026-01-03 06:27:00,94.7141,2681.3606,120.2906,50.2512,38.8979,80.1741,31.0894,35.6500,29.9382,7.5000,133.6120,300.9593,normal
9,116,2026-01-03 06:30:00,97.2240,2666.8611,119.6141,55.6367,38.4087,80.2313,31.0894,35.6500,29.9382,7.5000,135.6326,300.6819,normal
9,117,2026-01-03 06:33:00,97.5790,2676.2910,119.6798,55.1248,35.5103,80.3138,31.0894,35.6500,29.9382,7.5000,133.0893,298.6749,normal
9,118,2026-01-03 06:36:00,95.3297,2685.5530,119.2697,57.9563,35.8969,80.5878,31.0894,35.6500,29.9382,7.5000,131.2266,290.3653,normal
9,119,2026-01-03 06:39:00,96.2248,2667.5610,120.0204,54.6978,34.0896,80.0399,31.0894,35.6500,29.9382,7.5000,130.3144,288.9265,normal
9,120,2026-01-03 06:42:00,97.4208,2669.5770,121.6662,52.2514,30.8289,79.4111,31.0894,35.6500,29.9382,7.5000,128.2497,280.8016,normal
9,121,2026-01-03 06:45:00,100.6184,2675.8740,120.9947,46.1758,32.9866,79.2343,31.0894,20.4182,28.1933,7.5000,133.6051,264.9391,normal
9,122,2026-01-03 06:48:00,98.1200,2681.7804,120.0867,45.8155,34.1730,80.3592,31.0894,20.4182,28.1933,7.5000,132.2930,277.6015,normal
9,123,2026-01-03 06:51:00,99.3225,2685.1752,120.0665,44.4950,36.9175,79.3651,31.0894,20.4182,28.1933,7.5000,136.2400,278.9453,normal
9,124,2026-01-03 06:54:00,99.5292,2688.4214,120.6034,48.9465,34.2919,79.9299,31.0894,20.4182,28.1933,7.5000,133.8210,285.4623,normal
9,125,2026-01-03 06:57:00,102.1567,2693.5091,121.0824,44.9542,35.6695,79.5387,31.0894,20.4182,28.1933,7.5000,137.8261,282.1477,normal
9,126,2026-01-03 07:00:00,101.8350,2696.5871,120.4416,47.1029,38.1287,80.0118,45.2742,20.4182,28.1933,7.5000,139.9637,282.4612,normal
9,127,2026-01-03 07:03:00,102.8266,2701.2096,120.7187,45.1413,38.7816,80.2122,45.2742,20.4182,32.1736,7.5000,141.6082,291.8059,normal
9,128,2026-01-03 07:06:00,103.1254,2691.0022,120.9841,45.6076,38.2896,79.7348,45.2742,20.4182,32.1736,7.5000,141.4151,290.2928,normal
9,129,2026-01-03 07:09:00,100.0385,2695.5327,121.4669,46.0813,37.1031,79.9115,45.2742,20.4182,32.1736,7.5000,137.1416,288.7728,normal
9,130,2026-01-03 07:12:00,100.6348,2701.6227,120.5491,46.2024,38.4716,80.4531,45.2742,20.4182,32.1736,7.5000,139.1064,288.4476,normal
9,131,2026-01-03 07:15:00,98.7382,2684.9907,120.5959,45.2605,37.9844,80.4462,45.2742,20.4182,32.1736,7.5000,136.7226,291.5015,normal
9,132,2026-01-03 07:18:00,99.9705,2693.9193,120.8239,42.1924,38.6246,79.7089,45.2742,20.4182,32.1736,7.5000,138.5951,292.2065,normal
9,133,2026-01-03 07:21:00,106.0766,2685.3278,119.7830,42.4309,39.4193,79.6456,45.2742,20.4182,30.6170,7.5000,145.4959,293.5279,normal
9,134,2026-01-03 07:24:00,108.1977,2692.4882,120.1737,45.6060,38.8647,80.3884,45.2742,20.4182,30.6170,7.5000,147.0625,297.3933,normal
9,135,2026-01-03 07:27:00,104.3969,2719.5913,120.2050,46.2286,38.2638,79.4582,45.2742,20.4182,30.6170,7.5000,142.6607,294.8587,normal
9,136,2026-01-03 07:30:00,100.8808,2726.0247,119.8541,44.2197,41.2923,79.5463,45.2742,20.4182,30.6170,7.5000,142.1732,295.6041,normal
9,137,2026-01-03 07:33:00,105.8601,2708.3837,120.3413,43.0914,42.6618,79.3690,45.2742,20.4182,30.6170,7.5000,148.5219,305.7273,normal
9,138,2026-01-03 07:36:00,107.0995,2700.4648,120.8640,43.6195,43.7034,79.3693,45.2742,20.4182,30.6170,7.5000,150.8030,309.4480,normal
9,139,2026-01-03 07:39:00,106.2644,2722.4422,120.0569,44.5861,43.2718,80.2597,45.2742,20.4182,31.2190,7.5000,149.5362,311.3871,normal
9,140,2026-01-03 07:42:00,108.7099,2713.4753,119.5337,51.4323,44.6442,81.2425,45.2742,20.4182,31.2190,7.5000,153.3541,310.9160,normal
9,141,2026-01-03 07:45:00,106.5413,2702.9698,121.0573,51.9318,39.9328,80.9194,45.2742,20.4182,31.2190,7.5000,146.4742,316.7808,normal
9,142,2026-01-03 07:48:00,107.2955,2716.6372,121.5730,51.4230,40.0035,79.9677,45.2742,20.4182,31.2190,7.5000,147.2989,294.7394,normal
9,143,2026-01-03 07:51:00,108.1703,2706.8322,121.0894,49.9594,40.4555,81.3587,45.2742,20.4182,31.2190,7.5000,148.6258,300.2711,normal
9,144,2026-01-03 07:54:00,106.3348,2720.1053,121.3487,45.1196,40.4728,80.5721,45.2742,20.4182,31.2190,7.5000,146.8076,297.5493,normal
9,145,2026-01-03 07:57:00,106.2693,2717.6977,120.9117,43.6558,40.4232,80.3900,45.2742,20.4182,34.5486,7.5000,146.6925,297.0930,normal
9,146,2026-01-03 08:00:00,102.4397,2705.3648,121.4199,38.5255,40.2329,80.5152,45.2742,20.4182,34.5486,7.5000,142.6725,297.7024,normal
9,147,2026-01-03 08:03:00,100.5764,2702.8894,122.4619,43.0413,37.2977,80.6225,45.2742,20.4182,34.5486,7.5000,137.8741,293.0962,normal
9,148,2026-01-03 08:06:00,104.1062,2700.1078,122.1039,44.5876,36.8229,80.5332,45.2742,20.4182,34.5486,7.5000,140.9291,283.5293,normal
9,149,2026-01-03 08:09:00,103.5356,2692.2474,121.5978,47.9286,38.9619,80.9905,45.2742,20.4182,34.5486,7.5000,142.4975,285.2163,normal
9,150,2026-01-03 08:12:00,103.9284,2697.7229,121.2674,51.7291,39.6667,81.6867,45.2742,20.4182,34.5486,7.5000,143.5950,288.8156,normal
9,151,2026-01-03 08:15:00,103.9653,2697.9193,120.3710,57.9788,39.1550,81.9094,42.1213,20.4182,32.4757,7.5000,143.1204,288.3273,normal
9,152,2026-01-03 08:18:00,101.4104,2702.1456,121.2047,47.9019,36.6788,80.6461,42.1213,20.4182,32.4757,7.5000,138.0892,296.2539,normal
9,153,2026-01-03 08:21:00,99.9215,2707.2140,121.3886,51.2480,37.6482,80.6350,42.1213,20.4182,32.4757,7.5000,137.5696,291.6770,normal
9,154,2026-01-03 08:24:00,100.1698,2708.1473,120.8918,54.6794,38.7233,81.3120,42.1213,20.4182,32.4757,7.5000,138.8930,290.6178,normal
9,155,2026-01-03 08:27:00,100.6865,2696.7031,120.6401,53.2369,41.4291,81.0297,42.1213,20.4182,32.4757,7.5000,142.1156,293.3327,normal
9,156,2026-01-03 08:30:00,101.9842,2708.2197,120.3192,53.7057,41.4966,81.3314,42.1213,20.4182,32.4757,7.5000,143.4807,309.5378,normal
9,157,2026-01-03 08:33:00,100.7676,2702.6780,119.4735,60.3401,42.9040,81.7106,42.1213,20.4182,31.1320,7.5000,143.6716,304.1676,normal
9,158,2026-01-03 08:36:00,101.8938,2699.6958,120.1320,61.3224,42.1870,81.3470,42.1213,20.4182,31.1320,7.5000,144.0808,317.4892,normal
9,159,2026-01-03 08:39:00,96.2714,2698.2416,120.4652,59.6667,39.3089,81.0779,42.1213,20.4182,31.1320,7.5000,135.5804,310.7939,normal
9,160,2026-01-03 08:42:00,99.9551,2698.0831,120.4206,56.6246,40.2169,80.8055,42.1213,20.4182,31.1320,7.5000,140.1719,292.8438,normal
9,161,2026-01-03 08:45:00,104.3582,2706.1838,120.0849,55.2519,39.5967,80.3850,42.1213,68.5611,31.1320,7.5000,143.9549,309.6514,normal
9,162,2026-01-03 08:48:00,107.3009,2719.9076,120.5058,56.6029,39.7884,81.0779,42.1213,68.5611,31.1320,7.5000,147.0893,304.2409,normal
9,163,2026-01-03 08:51:00,103.4329,2724.5780,119.5604,56.2037,40.8641,80.8889,42.1213,68.5611,30.8876,7.5000,144.2971,303.8941,normal
9,164,2026-01-03 08:54:00,105.5088,2737.3658,120.5590,55.6329,38.7162,80.5645,42.1213,68.5611,30.8876,7.5000,144.2250,309.2029,normal
9,165,2026-01-03 08:57:00,106.3619,2726.6060,120.6225,57.3691,41.6614,80.5921,42.1213,68.5611,30.8876,7.5000,148.0233,305.7950,normal
9,166,2026-01-03 09:00:00,110.4486,2729.4747,120.6765,56.2124,40.5801,80.9500,42.1213,68.5611,30.8876,7.5000,151.0287,309.8058,normal
9,167,2026-01-03 09:03:00,109.9735,2730.7157,121.0157,53.7002,38.3672,80.9970,42.1213,68.5611,30.8876,7.5000,148.3408,301.8618,normal
9,168,2026-01-03 09:06:00,111.2526,2745.5529,121.4959,51.8773,39.3827,81.0989,42.1213,68.5611,30.8876,7.5000,150.6353,294.5095,normal
9,169,2026-01-03 09:09:00,105.6151,2744.0083,121.5652,50.4568,39.8094,80.5010,42.1213,68.5611,37.4177,7.5000,145.4245,306.6576,normal
9,170,2026-01-03 09:12:00,106.2454,2743.7770,122.0826,51.1464,41.2233,81.2608,42.1213,68.5611,37.4177,7.5000,147.4687,300.2174,normal
9,171,2026-01-03 09:15:00,104.3249,2725.2882,122.0693,51.3165,38.6587,81.3655,42.1213,68.5611,37.4177,7.5000,142.9836,308.3093,normal
9,172,2026-01-03 09:18:00,103.8511,2730.2788,122.6970,51.0389,37.9688,82.0040,42.1213,68.5611,37.4177,7.5000,141.8199,299.7998,normal
9,173,2026-01-03 09:21:00,101.6402,2725.6625,121.2509,54.9091,40.0463,81.8120,42.1213,68.5611,37.4177,7.5000,141.6865,295.7532,normal
9,174,2026-01-03 09:24:00,99.3469,2719.9018,121.3497,50.4896,37.7704,81.9210,42.1213,68.5611,37.4177,7.5000,137.1173,300.8773,normal
9,175,2026-01-03 09:27:00,96.6393,2712.8819,121.3079,55.9401,37.9806,81.1721,42.1213,68.5611,32.7237,7.5000,134.6199,293.5322,normal
9,176,2026-01-03 09:30:00,101.1669,2714.5808,120.9678,53.1618,39.1521,81.4986,47.7612,68.5611,32.7237,7.5000,140.3190,301.1019,normal
9,177,2026-01-03 09:33:00,102.2646,2708.2860,119.7424,52.3566,41.9168,81.4497,47.7612,68.5611,32.7237,7.5000,144.1814,301.5199,normal
9,178,2026-01-03 09:36:00,105.9700,2729.1508,119.2814,49.4999,43.1000,80.5386,47.7612,68.5611,32.7237,7.5000,149.0700,319.0871,normal
9,179,2026-01-03 09:39:00,105.5670,2727.8007,117.9460,56.2786,47.2178,80.9230,47.7612,68.5611,32.7237,7.5000,152.7849,317.9058,normal
9,180,2026-01-03 09:42:00,104.5182,2730.6137,118.9140,54.5760,46.0606,80.5578,47.7612,68.5611,32.7237,7.5000,150.5788,332.1144,normal
9,181,2026-01-03 09:45:00,105.6973,2731.0204,119.5628,61.9210,44.6198,80.3421,47.7612,68.5611,33.4436,7.5000,150.3171,328.8247,normal
9,182,2026-01-03 09:48:00,107.4178,2726.0416,120.3311,55.8917,42.7393,80.2414,47.7612,68.5611,33.4436,7.5000,150.1571,319.7343,normal
9,183,2026-01-03 09:51:00,104.1552,2728.6766,120.5959,57.6324,42.4186,80.4173,47.7612,68.5611,33.4436,7.5000,146.5738,313.9560,normal
9,184,2026-01-03 09:54:00,104.8206,2737.9246,120.7385,60.7434,40.3489,81.6425,47.7612,68.5611,33.4436,7.5000,145.1695,312.7094,normal
9,185,2026-01-03 09:57:00,104.6399,2722.6679,120.9687,60.7638,42.3997,81.3309,47.7612,68.5611,33.4436,7.5000,147.0396,307.1116,normal
9,186,2026-01-03 10:00:00,105.9895,2719.0638,121.6081,57.0948,39.7560,81.0707,47.7612,68.5611,33.4436,7.5000,145.7455,310.2646,normal
9,187,2026-01-03 10:03:00,112.0905,2715.0717,121.0442,57.6673,39.6735,81.2752,47.7612,68.5611,32.7673,7.5000,151.7641,300.6685,normal
9,188,2026-01-03 10:06:00,107.5711,2713.8606,121.6344,59.1115,36.7834,81.6403,47.7612,68.5611,32.7673,7.5000,144.3545,298.6808,normal
9,189,2026-01-03 10:09:00,107.8028,2727.9438,122.3511,57.6167,33.1142,81.4129,47.7612,68.5611,32.7673,7.5000,140.9170,284.8126,normal
9,190,2026-01-03 10:12:00,104.4078,2726.7092,122.1428,53.9624,34.5518,81.4308,47.7612,68.5611,32.7673,7.5000,138.9596,278.7697,normal
9,191,2026-01-03 10:15:00,105.0928,2713.1178,122.8994,50.8818,35.9968,81.4487,47.7612,68.5611,32.7673,7.5000,141.0896,279.2848,normal
9,192,2026-01-03 10:18:00,108.0221,2713.8047,122.9802,53.6769,32.3047,81.6722,47.7612,68.5611,32.7673,7.5000,140.3269,293.4819,normal
9,193,2026-01-03 10:21:00,103.6545,2716.4039,122.2165,51.9282,35.2711,81.5409,47.7612,68.5611,33.5070,7.5000,138.9255,273729.7839,normal
9,194,2026-01-03 10:24:00,109.0133,2723.8363,121.6379,55.0572,36.2211,82.2779,47.7612,68.5611,33.5070,7.5000,145.2344,288212.3537,normal
9,195,2026-01-03 10:27:00,111.1033,2717.1543,121.1142,62.0343,38.5343,82.4887,47.7612,68.5611,33.5070,7.5000,149.6376,289045.5597,normal
9,196,2026-01-03 10:30:00,109.2695,2729.0123,121.9023,62.0076,37.5821,81.8751,47.7612,68.5611,33.5070,7.5000,146.8516,296106.8124,normal
9,197,2026-01-03 10:33:00,106.7365,2741.1504,121.6016,61.4606,37.0330,81.6029,47.7612,68.5611,33.5070,7.5000,143.7694,293289.2080,normal
9,198,2026-01-03 10:36:00,101.8821,2731.2345,121.3399,58.9924,39.8487,81.8882,47.7612,68.5611,33.5070,7.5000,141.7308,296236.1959,normal
9,199,2026-01-03 10:39:00,100.4437,2718.0857,122.3511,53.5347,37.6533,81.0477,47.7612,68.5611,36.0996,7.5000,138.0970,294909.6806,normal
9,200,2026-01-03 10:42:00,101.4260,2714.0647,122.4537,47.7652,36.7160,81.0899,47.7612,68.5611,36.0996,7.5000,138.1419,295305.3625,normal
9,201,2026-01-03 10:45:00,101.0684,2712.0833,121.1805,47.6685,40.9733,81.5530,68.4964,54.1046,36.0996,7.5000,142.0416,293087.5520,normal
9,202,2026-01-03 10:48:00,101.3154,2713.1110,119.6199,46.6818,46.6084,81.3754,68.4964,54.1046,36.0996,7.5000,147.9238,306615.7948,normal
9,203,2026-01-03 10:51:00,99.7607,2709.2706,119.6373,50.5610,44.1766,80.7207,68.4964,54.1046,36.0996,7.5000,143.9373,313317.1309,normal
9,204,2026-01-03 10:54:00,98.6599,2705.6317,119.5145,54.6612,45.4426,80.4262,68.4964,54.1046,36.0996,7.5000,144.1024,314429.6997,normal
9,205,2026-01-03 10:57:00,98.5925,2700.1695,119.1122,51.4060,45.3735,79.8826,68.4964,54.1046,28.8801,7.5000,143.9660,319323.0597,normal
9,206,2026-01-03 11:00:00,95.3329,2693.6759,119.2831,55.8890,44.2037,80.5016,68.4964,54.1046,28.8801,7.5000,139.5366,311474.0556,normal
9,207,2026-01-03 11:03:00,96.9402,2692.6647,118.5088,57.0411,44.4722,80.3028,68.4964,54.1046,28.8801,7.5000,141.4124,310936.6759,normal
9,208,2026-01-03 11:06:00,100.7889,2687.1753,118.8989,54.0469,44.4678,79.6824,68.4964,54.1046,28.8801,7.5000,145.2568,308661.3283,normal
9,209,2026-01-03 11:09:00,104.2713,2685.7409,119.1622,51.7261,41.6271,79.7248,68.4964,54.1046,28.8801,7.5000,145.8983,311851.1448,normal
9,210,2026-01-03 11:12:00,105.0143,2703.7757,118.5445,48.6722,42.3544,79.3261,68.4964,54.1046,28.8801,7.5000,147.3687,301281.4561,normal
9,211,2026-01-03 11:15:00,105.5038,2692.9664,118.5226,51.2049,42.4203,79.7873,68.4964,54.1046,29.7140,7.5000,147.9241,303241.1792,normal
9,212,2026-01-03 11:18:00,103.4730,2702.1581,120.2353,46.1450,38.8178,78.4942,68.4964,54.1046,29.7140,7.5000,142.2909,305509.5367,normal
9,213,2026-01-03 11:21:00,108.1564,2708.5828,120.7117,44.3959,38.8416,78.3535,68.4964,54.1046,29.7140,7.5000,146.9981,288788.1490,normal
9,214,2026-01-03 11:24:00,107.3930,2702.6682,120.8053,45.4785,40.2998,79.2727,68.4964,54.1046,29.7140,7.5000,147.6928,286481.7265,normal
9,215,2026-01-03 11:27:00,108.0094,2713.4695,120.6470,49.8154,39.7372,79.8017,68.4964,54.1046,29.7140,7.5000,147.7466,297348.1299,normal
9,216,2026-01-03 11:30:00,109.3663,2714.1108,120.8969,43.4516,39.6263,80.1074,68.4964,54.1046,29.7140,7.5000,148.9926,293124.5937,normal
9,217,2026-01-03 11:33:00,108.5796,2707.4730,121.4545,47.7161,40.9222,80.3361,68.4964,54.1046,33.2390,7.5000,149.5019,292081.0849,normal
9,218,2026-01-03 11:36:00,113.3602,2717.7747,121.3947,46.6433,39.8372,80.1443,68.4964,54.1046,33.2390,7.5000,153.1974,296766.1284,normal
9,219,2026-01-03 11:39:00,112.3924,2717.5132,121.1692,50.2698,40.0608,80.9555,68.4964,54.1046,33.2390,7.5000,152.4532,293274.7475,normal
9,220,2026-01-03 11:42:00,113.9755,2735.6144,121.3799,45.7150,41.1452,80.2990,68.4964,54.1046,33.2390,7.5000,155.1207,295704.4866,normal
9,221,2026-01-03 11:45:00,112.3671,2726.3252,121.6501,49.7759,40.6214,80.6436,68.4964,54.1046,33.2390,7.5000,152.9885,301428.9760,normal
9,222,2026-01-03 11:48:00,107.5845,2734.5501,122.4662,49.4110,39.4772,81.5781,68.4964,54.1046,33.2390,7.5000,147.0616,300328.6402,normal
9,223,2026-01-03 11:51:00,107.1409,2738.7664,122.0299,46.2287,40.4219,80.9375,68.4964,54.1046,36.9587,7.5000,147.5628,291581.0114,normal
9,224,2026-01-03 11:54:00,107.1444,2727.0453,121.4453,44.0373,43.1728,81.2839,68.4964,54.1046,36.9587,7.5000,150.3172,294177.9470,normal
9,225,2026-01-03 11:57:00,106.5446,2721.1524,120.9546,44.7203,46.8555,81.4575,68.4964,54.1046,36.9587,7.5000,153.4001,309628.6612,normal
9,226,2026-01-03 12:00:00,104.7403,2716.5920,120.4087,48.8924,41.3893,81.4186,32.2135,54.1046,36.9587,7.5000,146.1297,320103.6019,normal
9,227,2026-01-03 12:03:00,103.6572,2714.5167,120.3978,49.8527,39.3763,81.5190,32.2135,54.1046,36.9587,7.5000,143.0336,310974.9511,normal
9,228,2026-01-03 12:06:00,103.5706,2726.6362,121.4403,49.6595,37.2958,80.4440,32.2135,54.1046,36.9587,7.5000,140.8664,310160.6217,normal
9,229,2026-01-03 12:09:00,104.7254,2719.7883,120.5381,50.3407,39.9871,80.5681,32.2135,54.1046,35.0944,7.5000,144.7125,296802.8559,normal
9,230,2026-01-03 12:12:00,103.1450,2716.0117,121.6731,49.6620,38.3072,80.4682,32.2135,54.1046,35.0944,7.5000,141.4522,306191.2294,normal
9,231,2026-01-03 12:15:00,104.9204,2712.8591,121.7943,58.6814,34.8129,81.2954,32.2135,54.1046,35.0944,7.5000,139.7333,296166.6601,normal
9,232,2026-01-03 12:18:00,104.4894,2709.8342,121.8397,58.1014,32.9805,81.8541,32.2135,54.1046,35.0944,7.5000,137.4699,285972.2306,normal
9,233,2026-01-03 12:21:00,107.1802,2718.0825,122.4134,59.3024,33.3280,82.1879,32.2135,54.1046,35.0944,7.5000,140.5082,286863.9372,normal
9,234,2026-01-03 12:24:00,103.3902,2720.4129,121.3193,53.0213,36.1776,81.2708,32.2135,54.1046,35.0944,7.5000,139.5678,282506.9776,normal
9,235,2026-01-03 12:27:00,97.3489,2736.0908,122.0017,54.3765,34.4527,81.4821,32.2135,54.1046,34.8843,7.5000,131.8016,288978.8266,normal
9,236,2026-01-03 12:30:00,96.6707,2723.9574,121.6240,55.3816,38.0806,81.4761,32.2135,54.1046,34.8843,7.5000,134.7513,282976.3345,normal
9,237,2026-01-03 12:33:00,97.9442,2707.6510,121.5851,49.9949,39.6554,81.9896,32.2135,54.1046,34.8843,7.5000,137.5996,294973.7305,normal
9,238,2026-01-03 12:36:00,102.4015,2710.4389,121.0297,51.3044,38.8297,81.1095,32.2135,54.1046,34.8843,7.5000,141.2312,303232.9129,normal
9,239,2026-01-03 12:39:00,101.6061,2706.9024,119.4173,50.9796,40.1549,81.2989,32.2135,54.1046,34.8843,7.5000,141.7610,305908.0417,normal
9,240,2026-01-03 12:42:00,94.8427,2721.6158,119.4122,51.2137,40.9837,81.4148,32.2135,54.1046,34.8843,7.5000,135.8263,306844.3598,normal
9,241,2026-01-03 12:45:00,95.1233,2724.7429,119.6894,56.2321,39.9065,80.2756,32.2135,65.3178,33.7425,7.5000,135.0298,313213.7524,normal
9,242,2026-01-03 12:48:00,96.9801,2698.2404,120.6536,53.2923,40.8157,80.4186,32.2135,65.3178,33.7425,7.5000,137.7958,306132.9320,normal
9,243,2026-01-03 12:51:00,97.7096,2700.7737,120.5659,58.3011,38.9221,80.6028,32.2135,65.3178,33.7425,7.5000,136.6318,314745.8035,normal
9,244,2026-01-03 12:54:00,99.6660,2717.6192,119.7061,51.4581,36.8344,80.7098,32.2135,65.3178,33.7425,7.5000,136.5005,301.9592,normal
9,245,2026-01-03 12:57:00,99.3870,2714.7607,119.2061,48.1349,40.4670,80.5980,32.2135,65.3178,33.7425,7.5000,139.8541,305.3060,normal
9,246,2026-01-03 13:00:00,99.1778,2722.6107,119.3622,49.6914,42.0609,79.3700,32.2135,65.3178,33.7425,7.5000,141.2387,309.7914,normal
9,247,2026-01-03 13:03:00,91.8281,2721.8961,119.3386,46.8088,41.6802,79.3316,32.2135,65.3178,31.0107,7.5000,133.5083,311.2275,normal
9,248,2026-01-03 13:06:00,86.0894,2719.1574,119.6518,45.8674,41.2998,79.7860,32.2135,65.3178,31.0107,7.5000,127.3893,308.9528,normal
9,249,2026-01-03 13:09:00,89.2780,2693.1750,119.9626,46.3539,40.9722,79.4917,32.2135,65.3178,31.0107,7.5000,130.2502,311.5789,normal
9,250,2026-01-03 13:12:00,91.7703,2680.5007,120.0399,44.4157,39.9780,79.7337,32.2135,65.3178,31.0107,7.5000,131.7483,312.2974,normal
9,251,2026-01-03 13:15:00,92.8458,2688.7827,118.8040,49.9538,43.2777,80.2007,67.5568,65.3178,31.0107,7.5000,136.1235,304.2904,normal
9,252,2026-01-03 13:18:00,97.5517,2699.9773,117.6722,52.3832,44.2637,80.4745,67.5568,65.3178,31.0107,7.5000,141.8155,310.7677,normal
9,253,2026-01-03 13:21:00,93.4321,2685.2956,117.0491,50.0728,46.3472,78.8981,67.5568,65.3178,26.9843,7.5000,139.7794,313.0761,normal
9,254,2026-01-03 13:24:00,97.1367,2687.0691,118.5650,51.2768,43.6733,78.6974,67.5568,65.3178,26.9843,7.5000,140.8100,319.4027,normal
9,255,2026-01-03 13:27:00,97.8028,2685.5273,117.9833,52.0057,42.2615,78.7552,67.5568,65.3178,26.9843,7.5000,140.0643,307.4102,normal
9,256,2026-01-03 13:30:00,98.4827,2702.5288,118.7534,53.4919,42.6051,79.3767,67.5568,65.3178,26.9843,7.5000,141.0877,305.3431,normal
9,257,2026-01-03 13:33:00,92.8691,2711.7721,118.0087,53.8337,45.6677,79.0411,67.5568,65.3178,26.9843,7.5000,138.5368,307.3613,normal
9,258,2026-01-03 13:36:00,93.6780,2733.0797,117.7570,53.2666,46.9687,79.3743,67.5568,65.3178,26.9843,7.5000,140.6467,314.1011,normal
9,259,2026-01-03 13:39:00,93.8176,2698.2434,116.8992,60.6889,54.2154,79.1074,67.5568,65.3178,29.0015,7.5000,148.0329,326.8657,normal
9,260,2026-01-03 13:42:00,94.2679,2705.3152,117.7938,64.5838,49.4990,80.0133,67.5568,65.3178,29.0015,7.5000,143.7669,343.2849,normal
9,261,2026-01-03 13:45:00,94.9324,2695.3490,116.5225,66.5517,51.4163,80.1325,67.5568,65.3178,29.0015,7.5000,146.3488,335.7881,normal
9,262,2026-01-03 13:48:00,94.8565,2693.8761,116.7123,65.1463,48.4764,80.7673,67.5568,65.3178,29.0015,7.5000,143.3329,337.7631,normal
9,263,2026-01-03 13:51:00,93.1695,2697.4992,117.2404,64.4656,47.2505,79.8375,67.5568,65.3178,29.0015,7.5000,140.4201,331.1150,normal
9,264,2026-01-03 13:54:00,95.0616,2680.8960,117.7157,64.8775,43.9115,79.0090,67.5568,65.3178,29.0015,7.5000,138.9731,323.8574,normal
9,265,2026-01-03 13:57:00,93.5503,2681.2968,118.0388,58.4814,44.0325,79.2390,67.5568,65.3178,24.3814,7.5000,137.5828,309.9807,normal
9,266,2026-01-03 14:00:00,94.0238,2683.0200,117.8055,57.2213,43.9548,79.2500,67.5568,65.3178,24.3814,7.5000,137.9786,304.6923,normal
9,267,2026-01-03 14:03:00,95.3207,2680.9158,118.0088,58.6448,40.4409,79.4316,67.5568,65.3178,24.3814,7.5000,135.7616,316.8447,normal
9,268,2026-01-03 14:06:00,101.2038,2683.1505,118.6918,52.4723,42.0184,78.8955,67.5568,65.3178,24.3814,7.5000,143.2222,303.0436,normal
9,269,2026-01-03 14:09:00,98.3114,2670.3217,118.1617,55.0012,41.6673,79.0103,67.5568,65.3178,24.3814,7.5000,139.9787,299.6172,normal
9,270,2026-01-03 14:12:00,97.4257,2690.9716,119.3807,55.2709,37.2048,79.1741,67.5568,65.3178,24.3814,7.5000,134.6305,304.8789,normal
9,271,2026-01-03 14:15:00,95.3358,2686.7105,119.2106,52.8255,38.5249,78.9777,67.5568,65.3178,28.9023,7.5000,133.8607,283.6389,normal
9,272,2026-01-03 14:18:00,94.6264,2688.6177,120.0542,47.7533,40.0182,78.7410,67.5568,65.3178,28.9023,7.5000,134.6446,290.7713,normal
9,273,2026-01-03 14:21:00,94.3443,2680.4251,119.0472,51.4946,42.1090,79.0790,67.5568,65.3178,28.9023,7.5000,136.4533,295.9758,normal
9,274,2026-01-03 14:24:00,97.4526,2681.8196,118.9530,49.6528,39.8835,79.7549,67.5568,65.3178,28.9023,7.5000,137.3361,304.2496,normal
9,275,2026-01-03 14:27:00,100.3544,2683.6573,118.5890,46.7020,43.5524,79.1417,67.5568,65.3178,28.9023,7.5000,143.9068,302.4267,normal
9,276,2026-01-03 14:30:00,95.9667,2690.0706,118.5387,50.4884,41.0450,78.9834,52.8170,65.3178,28.9023,7.5000,137.0116,304.6176,normal
9,277,2026-01-03 14:33:00,91.6655,2706.8178,118.0006,50.4590,42.0516,79.1345,52.8170,65.3178,25.9250,7.5000,133.7172,299.5652,normal
9,278,2026-01-03 14:36:00,92.3379,2698.8832,118.4983,44.7530,42.9970,78.6243,52.8170,65.3178,25.9250,7.5000,135.3350,308.0157,normal
9,279,2026-01-03 14:39:00,91.3978,2672.6351,119.6019,44.6022,41.8759,78.0950,52.8170,65.3178,25.9250,7.5000,133.2736,310.5997,normal
9,280,2026-01-03 14:42:00,90.8163,2661.6237,119.6253,44.2149,38.7002,78.7358,52.8170,65.3178,25.9250,7.5000,129.5165,302.5564,normal
9,281,2026-01-03 14:45:00,89.2295,2679.3816,119.1933,39.8115,34.6654,79.1065,52.8170,74.1696,25.9250,7.5000,123.8949,299.1179,normal
9,282,2026-01-03 14:48:00,89.0892,2671.7806,119.4272,38.5960,35.8415,78.6458,52.8170,74.1696,25.9250,7.5000,124.9308,288.1294,normal
9,283,2026-01-03 14:51:00,90.5896,2673.0249,119.4763,41.4753,35.6909,78.1148,52.8170,74.1696,24.4706,7.5000,126.2804,282.8203,normal
9,284,2026-01-03 14:54:00,89.3832,2673.0532,118.2590,42.6210,39.5121,78.0655,52.8170,74.1696,24.4706,7.5000,128.8953,290.4239,normal
9,285,2026-01-03 14:57:00,90.1595,2679.1710,118.1112,43.3369,39.3801,78.8869,52.8170,74.1696,24.4706,7.5000,129.5396,304.2567,normal
9,286,2026-01-03 15:00:00,88.8767,2675.6131,117.9743,46.1504,40.9474,77.9684,52.8170,74.1696,24.4706,7.5000,129.8241,299.6537,normal
9,287,2026-01-03 15:03:00,88.2742,2677.2690,118.5295,45.0402,40.1487,78.2183,52.8170,74.1696,24.4706,7.5000,128.4228,301.4247,normal
9,288,2026-01-03 15:06:00,87.7187,2679.4329,117.5651,48.0065,41.7434,77.9201,52.8170,74.1696,24.4706,7.5000,129.4621,299.6618,normal
9,289,2026-01-03 15:09:00,86.7830,2685.6550,117.7049,46.5463,42.4640,78.3418,52.8170,74.1696,22.9397,7.5000,129.2471,316.0174,normal
9,290,2026-01-03 15:12:00,86.0372,2680.9464,116.8244,46.8242,45.0271,78.1986,52.8170,74.1696,22.9397,7.5000,131.0643,310.5573,normal
9,291,2026-01-03 15:15:00,89.1064,2676.6018,117.2619,46.1024,44.6746,77.5752,52.8170,74.1696,22.9397,7.5000,133.7810,321.9638,normal
9,292,2026-01-03 15:18:00,92.2292,2662.7892,116.8028,49.3667,44.6179,78.1037,52.8170,74.1696,22.9397,7.5000,136.8471,320.1178,normal
9,293,2026-01-03 15:21:00,93.3889,2675.7909,117.4231,51.2376,38.6085,77.9556,52.8170,74.1696,22.9397,7.5000,131.9974,315.5269,normal
9,294,2026-01-03 15:24:00,94.2724,2683.3310,117.1865,53.6882,41.6432,78.2985,52.8170,74.1696,22.9397,7.5000,135.9156,302.0667,normal
9,295,2026-01-03 15:27:00,93.3261,2699.4318,117.1174,50.6809,43.4614,77.9405,52.8170,74.1696,24.5492,7.5000,136.7876,308.3624,normal
9,296,2026-01-03 15:30:00,97.9924,2696.5540,117.5190,50.3584,43.1707,77.8050,52.8170,74.1696,24.5492,7.5000,141.1632,308.9753,normal
9,297,2026-01-03 15:33:00,100.8083,2683.5802,118.3977,53.9397,41.6574,78.5012,52.8170,74.1696,24.5492,7.5000,142.4658,319.7112,normal
9,298,2026-01-03 15:36:00,97.1633,2701.8242,118.7524,56.2724,40.7146,78.8313,52.8170,74.1696,24.5492,7.5000,137.8780,309.9976,normal
9,299,2026-01-03 15:39:00,100.1930,2710.8482,118.4984,57.0230,40.7687,79.5385,52.8170,74.1696,24.5492,7.5000,140.9618,304.6434,normal
9,300,2026-01-03 15:42:00,107.4218,2707.2645,119.3164,52.8673,41.8630,79.6906,52.8170,74.1696,24.5492,7.5000,149.2848,309.8097,normal
10,1,2026-01-03 06:45:00,101.5019,2703.6786,119.9210,49.7717,41.8284,80.0649,61.5785,44.7705,29.5634,7.5000,143.3303,301.7220,normal
10,2,2026-01-03 06:48:00,101.5156,2695.4809,120.0856,48.4687,41.2243,80.1203,61.5785,44.7705,29.5634,7.5000,142.7399,306.8368,normal
10,3,2026-01-03 06:51:00,98.8389,2689.3240,120.4882,48.2624,40.1286,79.9079,61.5785,44.7705,29.5634,7.5000,138.9675,301.3563,normal
10,4,2026-01-03 06:54:00,98.5774,2695.9206,120.2752,50.7768,37.9651,80.0014,61.5785,44.7705,29.5634,7.5000,136.5424,292.9999,normal
10,5,2026-01-03 06:57:00,99.4497,2671.6231,120.7174,48.0676,36.5074,79.9113,61.5785,44.7705,29.5634,7.5000,135.9571,291.4677,normal
10,6,2026-01-03 07:00:00,102.1629,2677.1473,121.8355,44.2288,34.7389,79.5883,61.5785,44.7705,29.5634,7.5000,136.9018,280.1032,normal
10,7,2026-01-03 07:03:00,100.0508,2679.5791,120.6241,46.8136,34.4491,79.9447,61.5785,44.7705,27.4845,7.5000,134.4999,275.4970,normal
10,8,2026-01-03 07:06:00,101.9153,2682.2573,120.8094,45.0080,33.5500,80.2758,61.5785,44.7705,27.4845,7.5000,135.4653,277.3881,normal
10,9,2026-01-03 07:09:00,103.2980,2684.5619,120.6730,43.6188,36.9653,79.4867,61.5785,44.7705,27.4845,7.5000,140.2632,275.4032,normal
10,10,2026-01-03 07:12:00,100.0445,2686.2926,120.7251,45.9029,38.6651,79.2134,61.5785,44.7705,27.4845,7.5000,138.7096,280.2571,normal
10,11,2026-01-03 07:15:00,98.5739,2690.6547,120.1966,47.4389,39.5534,79.8538,61.5785,44.7705,27.4845,7.5000,138.1273,290.0506,normal
10,12,2026-01-03 07:18:00,95.2633,2687.5068,120.5018,45.3435,38.4841,79.9927,61.5785,44.7705,27.4845,7.5000,133.7474,291.4066,normal
10,13,2026-01-03 07:21:00,95.4411,2676.7962,121.2046,41.1128,37.0444,79.1301,61.5785,44.7705,29.6058,7.5000,132.4855,289.6399,normal
10,14,2026-01-03 07:24:00,92.0305,2672.1430,120.6906,43.6180,36.8168,79.4578,61.5785,44.7705,29.6058,7.5000,128.8473,283.3224,normal
10,15,2026-01-03 07:27:00,98.1156,2667.2218,119.9056,42.1201,39.3966,79.3831,61.5785,44.7705,29.6058,7.5000,137.5123,284.7766,normal
10,16,2026-01-03 07:30:00,99.6421,2666.3027,119.1752,38.4372,41.1028,79.2451,61.5785,44.7705,29.6058,7.5000,140.7449,295.4494,normal
10,17,2026-01-03 07:33:00,97.0537,2686.9778,119.1021,44.1094,40.0823,79.0844,61.5785,44.7705,29.6058,7.5000,137.1360,295.5232,normal
10,18,2026-01-03 07:36:00,99.6689,2685.9636,118.2537,48.9482,40.0480,79.2363,61.5785,44.7705,29.6058,7.5000,139.7169,295.2080,normal
10,19,2026-01-03 07:39:00,100.8754,2672.9316,119.8000,48.7154,38.5952,79.1073,61.5785,44.7705,29.0995,7.5000,139.4705,294.0938,normal
10,20,2026-01-03 07:42:00,100.5716,2684.3200,120.3968,45.5584,38.1619,78.4931,61.5785,44.7705,29.0995,7.5000,138.7336,291.0389,normal
10,21,2026-01-03 07:45:00,100.6188,2685.0673,119.7341,43.2612,37.6142,79.3477,61.5785,44.7705,29.0995,7.5000,138.2329,287.1086,normal
10,22,2026-01-03 07:48:00,100.6121,2682.6249,120.4781,42.9292,36.8261,79.0092,61.5785,44.7705,29.0995,7.5000,137.4381,290.8875,normal
10,23,2026-01-03 07:51:00,99.9181,2683.4308,120.8070,42.1693,36.7223,78.8257,61.5785,44.7705,29.0995,7.5000,136.6404,284.3049,normal
10,24,2026-01-03 07:54:00,96.7983,2690.2018,120.7614,40.1974,36.0265,79.1648,61.5785,44.7705,29.0995,7.5000,132.8247,288.5638,normal
10,25,2026-01-03 07:57:00,98.3849,2682.7733,120.7533,41.6097,36.3875,79.0095,61.5785,44.7705,29.5141,7.5000,134.7724,285.2655,normal
10,26,2026-01-03 08:00:00,95.9892,2679.9183,121.0763,42.7086,35.5968,79.4044,48.8005,44.7705,29.5141,7.5000,131.5860,281.3161,normal
10,27,2026-01-03 08:03:00,94.7130,2688.1181,120.3165,45.6692,36.8270,79.6176,48.8005,44.7705,29.5141,7.5000,131.5400,282.7324,normal
10,28,2026-01-03 08:06:00,92.8261,2686.2066,118.5297,46.5643,41.5753,79.9369,48.8005,44.7705,29.5141,7.5000,134.4015,286.3498,normal
10,29,2026-01-03 08:09:00,90.9275,2687.3392,119.2734,48.0989,39.7201,79.4266,48.8005,44.7705,29.5141,7.5000,130.6476,299.2665,normal
10,30,2026-01-03 08:12:00,95.5785,2670.7523,118.9341,53.0003,41.3108,79.6757,48.8005,44.7705,29.5141,7.5000,136.8893,299.9430,normal
10,31,2026-01-03 08:15:00,93.8885,2666.3625,118.9755,50.5722,39.8073,79.3875,48.8005,44.7705,24.4269,7.5000,133.6958,302.3022,normal
10,32,2026-01-03 08:18:00,92.0744,2681.7513,118.9334,53.8627,38.0344,79.8133,48.8005,44.7705,24.4269,7.5000,130.1088,297.3417,normal
10,33,2026-01-03 08:21:00,89.6132,2675.7906,118.6411,56.0774,38.3603,79.5016,48.8005,44.7705,24.4269,7.5000,127.9735,296.4619,normal
10,34,2026-01-03 08:24:00,90.0488,2666.9696,119.2966,58.6698,39.3985,79.4567,48.8005,44.7705,24.4269,7.5000,129.4472,299.6202,normal
10,35,2026-01-03 08:27:00,87.9279,2663.8454,119.6809,58.9678,37.4583,79.1166,48.8005,44.7705,24.4269,7.5000,125.3862,294.8570,normal
10,36,2026-01-03 08:30:00,85.6471,2659.9938,118.5526,58.0779,38.7786,80.4276,48.8005,44.7705,24.4269,7.5000,124.4257,291.0941,normal
10,37,2026-01-03 08:33:00,86.8487,2654.6178,118.7960,53.6336,36.5182,79.1637,48.8005,44.7705,23.3584,7.5000,123.3669,296.9846,normal
10,38,2026-01-03 08:36:00,87.4751,2642.5150,118.7457,49.7226,37.0255,78.9033,48.8005,44.7705,23.3584,7.5000,124.5006,284.6616,normal
10,39,2026-01-03 08:39:00,85.8664,2647.8251,119.1644,47.3808,35.7258,78.6787,48.8005,44.7705,23.3584,7.5000,121.5922,287.9365,normal
10,40,2026-01-03 08:42:00,86.6091,2651.3472,117.9269,43.6057,38.1382,78.1531,48.8005,44.7705,23.3584,7.5000,124.7474,285.7393,normal
10,41,2026-01-03 08:45:00,89.9108,2656.4978,118.2872,40.3652,37.6047,77.7556,48.8005,66.9670,23.3584,7.5000,127.5155,295.4444,normal
10,42,2026-01-03 08:48:00,89.7266,2665.1236,117.5166,37.9604,39.9640,77.3189,48.8005,66.9670,23.3584,7.5000,129.6905,295.9897,normal
10,43,2026-01-03 08:51:00,91.6780,2671.9666,117.6159,35.6173,38.5059,76.7487,48.8005,66.9670,21.9885,7.5000,130.1839,300.4236,normal
10,44,2026-01-03 08:54:00,92.8872,2681.5299,117.8831,34.1578,38.9569,76.5648,48.8005,66.9670,21.9885,7.5000,131.8441,293.5044,normal
10,45,2026-01-03 08:57:00,94.8143,2682.3682,118.3597,31.4244,39.3063,76.3841,48.8005,66.9670,21.9885,7.5000,134.1207,301.1256,normal
10,46,2026-01-03 09:00:00,96.9677,2686.4478,118.4944,40.3417,38.6932,77.4658,48.8005,66.9670,21.9885,7.5000,135.6610,302.0782,normal
10,47,2026-01-03 09:03:00,96.9644,2694.2514,118.8275,43.5127,39.6153,77.7972,48.8005,66.9670,21.9885,7.5000,136.5796,304.4185,normal
10,48,2026-01-03 09:06:00,97.6807,2696.8168,118.3851,48.5903,38.0538,78.5190,48.8005,66.9670,21.9885,7.5000,135.7346,303.0041,normal
10,49,2026-01-03 09:09:00,99.1377,2700.1537,119.7325,41.2833,38.0039,78.3476,48.8005,66.9670,28.5724,7.5000,137.1415,298.1871,normal
10,50,2026-01-03 09:12:00,104.4831,2694.5078,119.5846,47.3840,40.2315,78.4927,48.8005,66.9670,28.5724,7.5000,144.7146,298.2828,normal
10,51,2026-01-03 09:15:00,105.4151,2698.1264,119.6625,45.5180,41.0820,78.8819,63.4061,66.9670,28.5724,7.5000,146.4971,307.9719,normal
10,52,2026-01-03 09:18:00,102.8814,2722.7493,120.0470,48.5209,38.3509,79.3338,63.4061,66.9670,28.5724,7.5000,141.2323,300.6271,normal
10,53,2026-01-03 09:21:00,101.3505,2709.4053,120.0444,53.3442,40.3361,79.7678,63.4061,66.9670,28.5724,7.5000,141.6866,295.2167,normal
10,54,2026-01-03 09:24:00,103.6615,2696.4942,121.3933,53.8392,39.3483,80.2138,63.4061,66.9670,28.5724,7.5000,143.0098,291.3698,normal
10,55,2026-01-03 09:27:00,101.7124,2689.2166,121.0757,52.5014,39.1704,80.7213,63.4061,66.9670,30.7064,7.5000,140.8828,299.6776,normal
10,56,2026-01-03 09:30:00,99.4489,2695.3320,121.1861,48.4557,35.5501,80.3859,63.4061,66.9670,30.7064,7.5000,134.9990,288.7770,normal
10,57,2026-01-03 09:33:00,98.3769,2697.4816,121.1661,49.3638,36.0594,80.2761,63.4061,66.9670,30.7064,7.5000,134.4363,283.8343,normal
10,58,2026-01-03 09:36:00,95.5267,2687.3805,121.1133,48.2552,36.3672,79.9608,63.4061,66.9670,30.7064,7.5000,131.8939,285.2191,normal
10,59,2026-01-03 09:39:00,90.2597,2678.6320,120.7862,48.0299,37.5236,79.8475,63.4061,66.9670,30.7064,7.5000,127.7833,291.7153,normal
10,60,2026-01-03 09:42:00,92.2956,2663.6690,120.5001,50.3849,34.9934,80.2521,63.4061,66.9670,30.7064,7.5000,127.2890,288.0115,normal
10,61,2026-01-03 09:45:00,89.1703,2654.3699,120.7277,50.1367,34.6178,80.1420,63.4061,66.9670,24.9944,7.5000,123.7881,279.3345,normal
10,62,2026-01-03 09:48:00,94.2786,2659.2173,119.5949,45.2587,35.0961,79.2435,63.4061,66.9670,24.9944,7.5000,129.3747,275.7875,normal
10,63,2026-01-03 09:51:00,96.6664,2663.6173,119.0059,48.8857,36.5407,79.7636,63.4061,66.9670,24.9944,7.5000,133.2071,277.3295,normal
10,64,2026-01-03 09:54:00,99.1610,2679.2242,118.4512,47.3161,39.0542,78.6684,63.4061,66.9670,24.9944,7.5000,138.2152,280.2048,normal
10,65,2026-01-03 09:57:00,95.4490,2681.6653,118.3324,47.5158,39.8266,78.0606,63.4061,66.9670,24.9944,7.5000,135.2756,288.2762,normal
10,66,2026-01-03 10:00:00,93.0894,2688.1563,119.1125,47.8664,37.6728,78.1684,63.4061,66.9670,24.9944,7.5000,130.7622,294.1006,normal
10,67,2026-01-03 10:03:00,96.4650,2681.7409,119.5093,41.5323,37.2963,77.3957,63.4061,66.9670,28.0709,7.5000,133.7613,293.1142,normal
10,68,2026-01-03 10:06:00,96.7085,2675.9238,120.2390,48.7392,38.7065,78.7670,63.4061,66.9670,28.0709,7.5000,135.4150,295.7533,normal
10,69,2026-01-03 10:09:00,92.8291,2679.4742,119.2062,48.5824,41.4554,79.0587,63.4061,66.9670,28.0709,7.5000,134.2846,290.8097,normal
10,70,2026-01-03 10:12:00,88.1482,2692.6054,118.4069,47.7723,40.9862,79.4314,63.4061,66.9670,28.0709,7.5000,129.1343,298.9011,normal
10,71,2026-01-03 10:15:00,85.0069,2686.7157,118.4467,49.8533,42.8864,79.0698,63.4061,66.9670,28.0709,7.5000,127.8933,296.6368,normal
10,72,2026-01-03 10:18:00,84.8662,2674.3713,118.0793,44.4428,45.6727,78.1705,63.4061,66.9670,28.0709,7.5000,130.5389,307.2643,normal
10,73,2026-01-03 10:21:00,84.9303,2659.2426,117.3681,45.5793,46.2689,78.4169,63.4061,66.9670,20.8849,7.5000,131.1993,319.5897,normal
10,74,2026-01-03 10:24:00,88.4284,2658.0327,116.9873,47.7000,45.0917,79.0312,63.4061,66.9670,20.8849,7.5000,133.5202,319.2949,normal
10,75,2026-01-03 10:27:00,91.3163,2660.6165,116.5932,47.7595,42.0197,77.8811,63.4061,66.9670,20.8849,7.5000,133.3360,311.7605,normal
10,76,2026-01-03 10:30:00,90.4936,2670.8229,116.2319,50.9235,41.4734,77.8117,45.4978,66.9670,20.8849,7.5000,131.9670,302.1453,normal
10,77,2026-01-03 10:33:00,91.7148,2669.6306,116.7950,52.5010,39.5943,77.8115,45.4978,66.9670,20.8849,7.5000,131.3091,314.2258,normal
10,78,2026-01-03 10:36:00,93.8752,2675.2878,117.7656,57.3822,39.7255,77.9879,45.4978,66.9670,20.8849,7.5000,133.6007,299.2876,normal
10,79,2026-01-03 10:39:00,90.8945,2678.5735,118.1696,50.5664,37.8873,77.4187,45.4978,66.9670,24.1025,7.5000,128.7818,301.6596,normal
10,80,2026-01-03 10:42:00,92.9321,2680.4173,118.8098,46.9143,37.4779,77.9657,45.4978,66.9670,24.1025,7.5000,130.4100,299.2968,normal
10,81,2026-01-03 10:45:00,90.2686,2670.4880,118.7821,43.5699,38.6107,78.1093,45.4978,61.2451,24.1025,7.5000,128.8792,291.1417,normal
10,82,2026-01-03 10:48:00,90.9491,2666.9543,119.6415,47.7914,36.6572,78.7829,45.4978,61.2451,24.1025,7.5000,127.6063,302.0644,normal
10,83,2026-01-03 10:51:00,89.7134,2679.3302,119.1163,49.9862,36.3513,78.5245,45.4978,61.2451,24.1025,7.5000,126.0647,288.4445,normal
10,84,2026-01-03 10:54:00,92.8796,2683.2070,118.2318,48.1279,40.2603,79.1949,45.4978,61.2451,24.1025,7.5000,133.1399,293.2737,normal
10,85,2026-01-03 10:57:00,93.1668,2681.5813,118.1166,48.7225,40.1488,78.7759,45.4978,61.2451,25.1420,7.5000,133.3156,300.9826,normal
10,86,2026-01-03 11:00:00,88.9468,2686.8334,118.2001,48.4257,41.6517,78.5458,45.4978,61.2451,25.1420,7.5000,130.5986,305.8514,normal
10,87,2026-01-03 11:03:00,88.8315,2693.1756,117.8344,51.0692,42.2500,78.5521,45.4978,61.2451,25.1420,7.5000,131.0815,304.8271,normal
10,88,2026-01-03 11:06:00,88.8445,2686.6346,117.4620,52.7343,43.5517,78.7105,45.4978,61.2451,25.1420,7.5000,132.3962,311.3529,normal
10,89,2026-01-03 11:09:00,87.3256,2678.1385,118.2808,50.2444,43.4298,78.8212,45.4978,61.2451,25.1420,7.5000,130.7555,318.1472,normal
10,90,2026-01-03 11:12:00,89.6663,2677.6601,117.5945,56.0382,41.9945,79.4666,45.4978,61.2451,25.1420,7.5000,131.6609,314.1901,normal
10,91,2026-01-03 11:15:00,91.3906,2667.6288,117.7210,50.3800,41.6160,78.6326,45.4978,61.2451,24.0165,7.5000,133.0067,308.3480,normal
10,92,2026-01-03 11:18:00,93.8422,2677.3657,117.8637,45.9657,39.5877,78.0709,45.4978,61.2451,24.0165,7.5000,133.4299,312.9375,normal
10,93,2026-01-03 11:21:00,98.4417,2691.1899,117.3686,44.7364,41.0145,78.1529,45.4978,61.2451,24.0165,7.5000,139.4562,302.5850,normal
10,94,2026-01-03 11:24:00,93.8743,2695.1461,117.4550,46.0530,43.1534,78.5028,45.4978,61.2451,24.0165,7.5000,137.0277,313.3162,normal
10,95,2026-01-03 11:27:00,97.1980,2700.6957,118.0824,54.7943,41.8747,78.2861,45.4978,61.2451,24.0165,7.5000,139.0728,318.4721,normal
10,96,2026-01-03 11:30:00,96.4326,2693.1547,118.5897,59.0193,42.7101,79.7995,45.4978,61.2451,24.0165,7.5000,139.1427,317.7180,normal
10,97,2026-01-03 11:33:00,100.0077,2698.9177,119.4240,59.8442,39.4331,79.4157,45.4978,61.2451,27.0398,7.5000,139.4407,311.3862,normal
10,98,2026-01-03 11:36:00,98.6470,2701.3082,118.8335,57.2110,40.4198,79.8025,45.4978,61.2451,27.0398,7.5000,139.0668,296.8215,normal
10,99,2026-01-03 11:39:00,101.7458,2717.1779,119.2996,49.7666,41.1577,79.5382,45.4978,61.2451,27.0398,7.5000,142.9036,303.8559,normal
10,100,2026-01-03 11:42:00,100.9936,2710.6580,118.8982,51.0556,42.9632,78.9374,45.4978,61.2451,27.0398,7.5000,143.9568,311.5616,normal
10,101,2026-01-03 11:45:00,99.5819,2718.8207,119.6899,53.5189,46.1245,80.0371,65.6888,61.2451,27.0398,7.5000,145.7063,317.1440,normal
10,102,2026-01-03 11:48:00,94.7574,2723.9630,119.3474,44.3168,44.7527,79.1447,65.6888,61.2451,27.0398,7.5000,139.5101,312.4966,normal
10,103,2026-01-03 11:51:00,96.3612,2707.1860,119.3754,48.9177,45.3322,79.9332,65.6888,61.2451,30.8220,7.5000,141.6935,315.2691,normal
10,104,2026-01-03 11:54:00,97.1410,2690.4248,119.7000,51.3704,44.9586,80.0304,65.6888,61.2451,30.8220,7.5000,142.0996,320.3052,normal
10,105,2026-01-03 11:57:00,97.9169,2683.1026,119.0833,59.4255,42.5437,80.9272,65.6888,61.2451,30.8220,7.5000,140.4606,311.8431,normal
10,106,2026-01-03 12:00:00,97.4085,2686.4163,118.7833,56.7268,41.5723,80.7115,65.6888,61.2451,30.8220,7.5000,138.9809,302.8863,normal
10,107,2026-01-03 12:03:00,97.6333,2691.8278,119.1808,58.1880,40.6867,80.5005,65.6888,61.2451,30.8220,7.5000,138.3200,304.7803,normal
10,108,2026-01-03 12:06:00,100.8586,2698.2991,119.3990,51.5716,40.7742,79.0770,65.6888,61.2451,30.8220,7.5000,141.6328,300.0399,normal
10,109,2026-01-03 12:09:00,101.3598,2699.6262,118.7756,47.1928,43.1407,79.1528,65.6888,61.2451,27.2270,7.5000,144.5006,292.0870,normal
10,110,2026-01-03 12:12:00,98.4415,2717.3763,118.7568,45.8803,45.6496,79.3190,65.6888,61.2451,27.2270,7.5000,144.0911,309.4937,normal
10,111,2026-01-03 12:15:00,101.1025,2709.3895,117.9918,48.9655,46.8780,78.9349,65.6888,61.2451,27.2270,7.5000,147.9805,313.7294,normal
10,112,2026-01-03 12:18:00,102.2148,2703.5322,119.0247,45.2308,44.9909,78.8474,65.6888,61.2451,27.2270,7.5000,147.2056,326.3614,normal
10,113,2026-01-03 12:21:00,103.8068,2707.8025,119.2832,50.5694,44.7108,79.2208,65.6888,61.2451,27.2270,7.5000,148.5176,314.7377,normal
10,114,2026-01-03 12:24:00,105.2211,2707.1112,118.4777,51.1726,45.4131,79.7157,65.6888,61.2451,27.2270,7.5000,150.6342,314.5299,normal
10,115,2026-01-03 12:27:00,108.5111,2717.8878,118.7797,51.3432,45.3710,80.0303,65.6888,61.2451,30.5750,7.5000,153.8822,315.1427,normal
10,116,2026-01-03 12:30:00,108.6155,2728.6009,119.0885,55.5642,47.0573,79.4499,65.6888,61.2451,30.5750,7.5000,155.6727,320.6523,normal
10,117,2026-01-03 12:33:00,105.5351,2740.1380,118.4682,60.0808,47.9592,80.3957,65.6888,61.2451,30.5750,7.5000,153.4942,316.5180,normal
10,118,2026-01-03 12:36:00,105.7883,2739.6268,119.0379,61.8946,49.1456,81.1437,65.6888,61.2451,30.5750,7.5000,154.9338,330.6771,normal
10,119,2026-01-03 12:39:00,106.2098,2728.2130,119.6258,57.2796,49.1466,80.1888,65.6888,61.2451,30.5750,7.5000,155.3564,332.3284,normal
10,120,2026-01-03 12:42:00,106.4593,2728.4305,119.7432,61.0428,48.4509,81.3532,65.6888,61.2451,30.5750,7.5000,154.9102,327.4371,normal
10,121,2026-01-03 12:45:00,102.6732,2731.7755,119.1636,57.3435,47.7164,80.9665,65.6888,68.9441,31.9709,7.5000,150.3896,327.0551,normal
10,122,2026-01-03 12:48:00,105.6603,2728.7241,119.6899,50.7727,45.9713,80.6443,65.6888,68.9441,31.9709,7.5000,151.6316,323.1287,normal
10,123,2026-01-03 12:51:00,106.1010,2718.5781,119.5016,47.8091,46.5597,79.8353,65.6888,68.9441,31.9709,7.5000,152.6607,319.7412,normal
10,124,2026-01-03 12:54:00,103.7435,2733.1391,119.6323,51.0105,45.9154,80.7980,65.6888,68.9441,31.9709,7.5000,149.6589,326.1398,normal
10,125,2026-01-03 12:57:00,104.0211,2722.5355,119.6020,49.8599,46.3168,80.5074,65.6888,68.9441,31.9709,7.5000,150.3379,320.8869,normal
10,126,2026-01-03 13:00:00,97.8826,2711.2954,120.5169,52.4165,40.5268,80.2888,43.9951,68.9441,31.9709,7.5000,138.4094,312.9235,normal
10,127,2026-01-03 13:03:00,100.8388,2707.2688,121.2024,53.4787,37.5724,80.5004,43.9951,68.9441,30.6140,7.5000,138.4113,301.0788,normal
10,128,2026-01-03 13:06:00,101.7914,2696.2040,121.0932,52.7704,35.5533,80.7782,43.9951,68.9441,30.6140,7.5000,137.3447,301.3607,normal
10,129,2026-01-03 13:09:00,97.7521,2705.1819,120.6289,51.7622,36.9563,81.3151,43.9951,68.9441,30.6140,7.5000,134.7084,293.6518,normal
10,130,2026-01-03 13:12:00,97.6489,2694.5800,120.3933,44.9124,36.7385,80.0844,43.9951,68.9441,30.6140,7.5000,134.3873,291.2596,normal
10,131,2026-01-03 13:15:00,94.2905,2685.9997,121.1829,50.6022,33.8464,80.5721,43.9951,68.9441,30.6140,7.5000,128.1369,296.0063,normal
10,132,2026-01-03 13:18:00,91.6078,2684.4801,121.7358,51.5466,31.2164,80.0766,43.9951,68.9441,30.6140,7.5000,122.8242,282.2679,normal
10,133,2026-01-03 13:21:00,91.6834,2676.2543,121.5298,51.6286,29.1352,80.5729,43.9951,68.9441,29.3910,7.5000,120.8186,274.6881,normal
10,134,2026-01-03 13:24:00,93.4557,2672.6936,121.1626,54.7656,33.5080,80.9877,43.9951,68.9441,29.3910,7.5000,126.9637,272.6726,normal
10,135,2026-01-03 13:27:00,95.2784,2676.0202,120.2044,47.6304,33.7485,80.0794,43.9951,68.9441,29.3910,7.5000,129.0270,285.0004,normal
10,136,2026-01-03 13:30:00,99.2339,2677.9818,119.5108,50.1826,36.1442,80.2286,43.9951,68.9441,29.3910,7.5000,135.3781,283.6897,normal
10,137,2026-01-03 13:33:00,105.3067,2689.7817,119.2524,49.8346,36.2856,79.7476,43.9951,68.9441,29.3910,7.5000,141.5923,293.6815,normal
10,138,2026-01-03 13:36:00,100.2498,2699.4980,119.3428,50.5001,36.7992,79.1941,43.9951,68.9441,29.3910,7.5000,137.0491,291.9893,normal
10,139,2026-01-03 13:39:00,101.5558,2728.9564,119.7342,51.2718,36.5202,79.3291,43.9951,68.9441,29.9604,7.5000,138.0760,293.7151,normal
10,140,2026-01-03 13:42:00,101.2768,2712.5645,120.0842,52.0221,39.3419,79.2467,43.9951,68.9441,29.9604,7.5000,140.6187,300.3214,normal
10,141,2026-01-03 13:45:00,101.2457,2715.7865,121.0433,50.7219,39.0595,79.4687,43.9951,68.9441,29.9604,7.5000,140.3052,297.7829,normal
10,142,2026-01-03 13:48:00,98.1285,2723.6104,120.6979,54.2889,39.4735,80.6115,43.9951,68.9441,29.9604,7.5000,137.6019,301.8089,normal
10,143,2026-01-03 13:51:00,97.5355,2723.1505,120.0027,58.5024,42.2556,81.6754,43.9951,68.9441,29.9604,7.5000,139.7910,297.4330,normal
10,144,2026-01-03 13:54:00,97.9307,2718.6798,119.5653,57.6007,43.0061,80.5773,43.9951,68.9441,29.9604,7.5000,140.9369,314.3702,normal
10,145,2026-01-03 13:57:00,95.2481,2721.2852,119.7226,55.0883,45.2159,80.8097,43.9951,68.9441,28.8458,7.5000,140.4641,327.7900,normal
10,146,2026-01-03 14:00:00,96.2842,2719.1196,118.6590,50.3756,46.2806,80.3443,43.9951,68.9441,28.8458,7.5000,142.5648,319.3390,normal
10,147,2026-01-03 14:03:00,97.9510,2709.8160,118.7302,56.2231,43.2962,81.0757,43.9951,68.9441,28.8458,7.5000,141.2471,328.8962,normal
10,148,2026-01-03 14:06:00,101.6513,2715.9081,119.1637,60.6399,44.0091,80.3354,43.9951,68.9441,28.8458,7.5000,145.6604,319.0471,normal
10,149,2026-01-03 14:09:00,99.3503,2719.5011,118.2491,57.5547,44.8791,79.7824,43.9951,68.9441,28.8458,7.5000,144.2295,319.4183,normal
10,150,2026-01-03 14:12:00,100.2974,2729.3300,118.1840,59.5490,46.0445,80.5769,43.9951,68.9441,28.8458,7.5000,146.3419,317.0789,normal
10,151,2026-01-03 14:15:00,101.0542,2724.1521,118.5575,61.9607,46.3560,80.1535,49.8141,68.9441,30.9815,7.5000,147.4102,332.2605,normal
10,152,2026-01-03 14:18:00,99.6449,2733.7039,119.0338,60.2668,47.9547,79.9462,49.8141,68.9441,30.9815,7.5000,147.5996,326.2790,normal
10,153,2026-01-03 14:21:00,96.7209,2724.8741,118.4910,61.8460,48.4759,80.3043,49.8141,68.9441,30.9815,7.5000,145.1968,331.6084,normal
10,154,2026-01-03 14:24:00,91.6662,2730.6381,118.3607,63.3086,49.0261,81.1378,49.8141,68.9441,30.9815,7.5000,140.6923,331.0398,normal
10,155,2026-01-03 14:27:00,90.9939,2719.1866,117.9820,65.2345,49.6365,81.0160,49.8141,68.9441,30.9815,7.5000,140.6304,338.1720,normal
10,156,2026-01-03 14:30:00,92.9246,2707.7924,118.1687,63.2768,49.2801,81.0441,49.8141,68.9441,30.9815,7.5000,142.2047,337.7618,normal
10,157,2026-01-03 14:33:00,94.5566,2698.3671,117.6879,59.0578,47.3723,80.7482,49.8141,68.9441,25.4124,7.5000,141.9288,337.5666,normal
10,158,2026-01-03 14:36:00,96.1173,2693.9101,117.5045,51.9112,45.9743,79.9249,49.8141,68.9441,25.4124,7.5000,142.0916,339.2452,normal
10,159,2026-01-03 14:39:00,95.4567,2699.5099,117.6820,51.4739,44.1014,79.2962,49.8141,68.9441,25.4124,7.5000,139.5581,327.3531,normal
10,160,2026-01-03 14:42:00,96.3895,2705.9461,117.8687,51.1541,43.1816,78.6797,49.8141,68.9441,25.4124,7.5000,139.5711,317.2273,normal
10,161,2026-01-03 14:45:00,92.5671,2705.3964,117.8879,49.3827,44.9660,78.6296,49.8141,52.7590,25.4124,7.5000,137.5331,312.9833,normal
10,162,2026-01-03 14:48:00,94.2731,2699.7874,118.4058,51.7199,45.5601,78.9596,49.8141,52.7590,25.4124,7.5000,139.8332,320.6958,normal
10,163,2026-01-03 14:51:00,99.6147,2697.5773,118.2462,54.0497,44.9271,79.3521,49.8141,52.7590,27.5931,7.5000,144.5418,322.2731,normal
10,164,2026-01-03 14:54:00,95.5074,2691.1698,118.0935,55.5969,45.2940,79.8096,49.8141,52.7590,27.5931,7.5000,140.8014,320.4171,normal
10,165,2026-01-03 14:57:00,102.6181,2705.3765,118.1088,49.2211,42.6984,78.9675,49.8141,52.7590,27.5931,7.5000,145.3165,320.5692,normal
10,166,2026-01-03 15:00:00,104.3686,2697.9415,118.8507,53.3567,42.2502,79.8682,49.8141,52.7590,27.5931,7.5000,146.6188,315.1339,normal
10,167,2026-01-03 15:03:00,99.3494,2720.3440,119.5519,55.8800,42.5531,79.3862,49.8141,52.7590,27.5931,7.5000,141.9025,310.0702,normal
10,168,2026-01-03 15:06:00,95.7044,2712.8684,118.5263,57.7343,44.4553,80.0812,49.8141,52.7590,27.5931,7.5000,140.1597,308.4222,normal
10,169,2026-01-03 15:09:00,94.3341,2705.5099,120.3486,50.9007,42.2508,79.7416,49.8141,52.7590,32.3157,7.5000,136.5849,320.9288,normal
10,170,2026-01-03 15:12:00,101.4941,2687.4918,120.7332,49.7055,40.8324,79.3051,49.8141,52.7590,32.3157,7.5000,142.3265,304.1508,normal
10,171,2026-01-03 15:15:00,103.6027,2695.1479,119.5256,46.3669,41.0600,79.9648,49.8141,52.7590,32.3157,7.5000,144.6628,300.5111,normal
10,172,2026-01-03 15:18:00,105.3630,2712.2598,118.5000,51.0821,43.9875,80.5363,49.8141,52.7590,32.3157,7.5000,149.3505,303.9482,normal
10,173,2026-01-03 15:21:00,107.9968,2721.0698,118.5878,46.6903,42.1875,79.5772,49.8141,52.7590,32.3157,7.5000,150.1843,319.4633,normal
10,174,2026-01-03 15:24:00,104.7266,2721.3264,119.9426,47.1481,42.4728,78.9693,49.8141,52.7590,32.3157,7.5000,147.1993,311.6644,normal
10,175,2026-01-03 15:27:00,102.3572,2728.1120,120.1960,47.8929,43.6667,78.9349,49.8141,52.7590,33.0936,7.5000,146.0240,310.8457,normal
10,176,2026-01-03 15:30:00,97.1181,2719.7233,120.3989,49.3454,41.5707,80.1560,50.9036,52.7590,33.0936,7.5000,138.6888,307.2484,normal
10,177,2026-01-03 15:33:00,98.2229,2719.6768,120.8772,50.8013,43.5982,80.3234,50.9036,52.7590,33.0936,7.5000,141.8211,308.2711,normal
10,178,2026-01-03 15:36:00,94.6857,2705.2776,119.6663,50.3807,45.7291,80.7618,50.9036,52.7590,33.0936,7.5000,140.4148,318.9195,normal
10,179,2026-01-03 15:39:00,97.0425,2717.3189,119.4797,51.6663,46.2476,80.9303,50.9036,52.7590,33.0936,7.5000,143.2901,321.2695,normal
10,180,2026-01-03 15:42:00,96.2679,2703.7424,117.9317,56.7396,47.7467,80.4949,50.9036,52.7590,33.0936,7.5000,144.0147,317.4580,normal
10,181,2026-01-03 15:45:00,104.0908,2697.8648,118.9101,57.6176,45.9361,81.1733,50.9036,52.7590,27.8379,7.5000,150.0269,325.8859,normal
10,182,2026-01-03 15:48:00,103.8053,2706.4894,118.5428,58.9876,44.4122,79.7236,50.9036,52.7590,27.8379,7.5000,148.2175,320.3158,normal
10,183,2026-01-03 15:51:00,105.9160,2722.2228,118.2560,57.7849,45.9814,79.9988,50.9036,52.7590,27.8379,7.5000,151.8974,315.1347,normal
10,184,2026-01-03 15:54:00,102.2530,2718.2707,118.7687,56.2565,43.3560,80.2329,50.9036,52.7590,27.8379,7.5000,145.6090,318.4332,normal
10,185,2026-01-03 15:57:00,101.5770,2725.2940,120.2679,51.3977,42.0387,79.2768,50.9036,52.7590,27.8379,7.5000,143.6157,316.5499,normal
10,186,2026-01-03 16:00:00,97.5375,2717.0843,120.4087,48.8803,41.8906,79.3681,50.9036,52.7590,27.8379,7.5000,139.4281,310.0460,normal
10,187,2026-01-03 16:03:00,99.6947,2700.7369,120.6614,50.3781,43.1015,80.0850,50.9036,52.7590,32.0514,7.5000,142.7963,305.8125,normal
10,188,2026-01-03 16:06:00,96.8655,2690.1398,120.6353,54.7884,40.0967,81.1832,50.9036,52.7590,32.0514,7.5000,136.9622,308.5980,normal
10,189,2026-01-03 16:09:00,91.0769,2696.0631,120.5346,65.8642,38.7275,81.9584,50.9036,52.7590,32.0514,7.5000,129.8044,301.5592,normal
10,190,2026-01-03 16:12:00,92.0828,2696.7056,119.4614,61.1080,40.8871,81.4498,50.9036,52.7590,32.0514,7.5000,132.9700,297.7837,normal
10,191,2026-01-03 16:15:00,93.3997,2677.3940,119.3294,60.2584,43.0683,81.2881,50.9036,52.7590,32.0514,7.5000,136.4680,303.9977,normal
10,192,2026-01-03 16:18:00,94.3984,2682.9946,119.0018,59.3554,42.6536,80.2646,50.9036,52.7590,32.0514,7.5000,137.0519,310.0117,normal
10,193,2026-01-03 16:21:00,99.8584,2686.0946,118.2415,56.1626,41.3726,80.3501,50.9036,52.7590,25.5682,7.5000,141.2310,303.6880,normal
10,194,2026-01-03 16:24:00,100.3039,2680.0051,118.6718,52.6699,40.2230,79.7557,50.9036,52.7590,25.5682,7.5000,140.5270,306.5485,normal
10,195,2026-01-03 16:27:00,107.6762,2697.3378,119.2379,52.7882,38.6320,78.8159,50.9036,52.7590,25.5682,7.5000,146.3082,299.9970,normal
10,196,2026-01-03 16:30:00,107.4534,2699.8466,119.1092,55.4937,39.4640,79.4184,50.9036,52.7590,25.5682,7.5000,146.9175,295.9941,normal
10,197,2026-01-03 16:33:00,106.5937,2719.3881,120.1042,55.8045,40.2799,79.7375,50.9036,52.7590,25.5682,7.5000,146.8735,297.0855,normal
10,198,2026-01-03 16:36:00,107.7873,2716.0537,120.7897,55.8262,37.3380,80.0734,50.9036,52.7590,25.5682,7.5000,145.1253,298.5398,normal
10,199,2026-01-03 16:39:00,107.1765,2714.8796,121.5260,53.7162,38.1150,80.6392,50.9036,52.7590,34.2939,7.5000,145.2915,290.0785,normal
10,200,2026-01-03 16:42:00,107.7902,2722.5749,121.4823,51.2979,38.5476,80.1405,50.9036,52.7590,34.2939,7.5000,146.3378,293.3241,normal
10,201,2026-01-03 16:45:00,110.0528,2721.5527,121.1980,44.7782,37.7624,81.1378,41.7391,59.9550,34.2939,7.5000,147.8152,301.0262,normal
10,202,2026-01-03 16:48:00,107.2837,2720.5230,121.7994,46.2527,38.0757,80.9269,41.7391,59.9550,34.2939,7.5000,145.3594,294.0652,normal
10,203,2026-01-03 16:51:00,113.2158,2734.8407,122.0128,44.8015,35.9764,80.4502,41.7391,59.9550,34.2939,7.5000,149.1921,301.1609,normal
10,204,2026-01-03 16:54:00,114.0928,2739.4932,121.3347,43.1926,38.5194,80.9947,41.7391,59.9550,34.2939,7.5000,152.6123,293.5565,normal
10,205,2026-01-03 16:57:00,111.9940,2761.1643,121.3549,41.8077,42.1189,80.8679,41.7391,59.9550,34.9192,7.5000,154.1128,298.8424,normal
10,206,2026-01-03 17:00:00,111.4092,2764.2348,120.9243,43.1602,41.9881,80.5236,41.7391,59.9550,34.9192,7.5000,153.3972,313.0647,normal
10,207,2026-01-03 17:03:00,107.8751,2761.0729,122.0148,48.0178,43.4651,81.2499,41.7391,59.9550,34.9192,7.5000,151.3402,315.3330,normal
10,208,2026-01-03 17:06:00,109.0424,2754.4606,122.0818,51.6389,43.8279,80.8345,41.7391,59.9550,34.9192,7.5000,152.8703,316.8094,normal
10,209,2026-01-03 17:09:00,104.1523,2740.8630,121.7484,52.3367,44.8424,81.9675,41.7391,59.9550,34.9192,7.5000,148.9947,317.4333,normal
10,210,2026-01-03 17:12:00,104.2493,2739.2573,121.4128,54.0312,43.4066,82.3780,41.7391,59.9550,34.9192,7.5000,147.6559,320.3506,normal
10,211,2026-01-03 17:15:00,98.0792,2738.3389,120.6346,51.8574,42.8425,82.4548,41.7391,59.9550,34.6975,7.5000,140.9217,310.4373,normal
10,212,2026-01-03 17:18:00,102.1939,2724.6710,120.4238,53.0358,44.3273,81.9457,41.7391,59.9550,34.6975,7.5000,146.5212,313.8960,normal
10,213,2026-01-03 17:21:00,104.7841,2710.0600,120.2529,53.1605,41.2621,81.7164,41.7391,59.9550,34.6975,7.5000,146.0462,318.8532,normal
10,214,2026-01-03 17:24:00,102.1422,2720.7374,120.3006,56.1716,43.0955,81.6050,41.7391,59.9550,34.6975,7.5000,145.2377,312.3635,normal
10,215,2026-01-03 17:27:00,100.2770,2728.1536,118.7571,50.4024,43.3830,80.8411,41.7391,59.9550,34.6975,7.5000,143.6601,315.9499,normal
10,216,2026-01-03 17:30:00,97.2046,2726.3100,119.7070,50.5564,42.8829,80.8820,41.7391,59.9550,34.6975,7.5000,140.0875,316.8387,normal
10,217,2026-01-03 17:33:00,103.1853,2720.9438,120.3228,50.3315,42.2168,79.6757,41.7391,59.9550,32.1808,7.5000,145.4022,315.4780,normal
10,218,2026-01-03 17:36:00,101.9374,2714.7383,119.4988,47.6336,44.5700,79.4396,41.7391,59.9550,32.1808,7.5000,146.5074,317.6651,normal
10,219,2026-01-03 17:39:00,104.1950,2729.7330,119.3506,48.1997,44.2764,80.5008,41.7391,59.9550,32.1808,7.5000,148.4714,320.4013,normal
10,220,2026-01-03 17:42:00,103.3961,2732.4900,118.9529,47.7117,43.9411,80.1493,41.7391,59.9550,32.1808,7.5000,147.3372,320.9451,normal
10,221,2026-01-03 17:45:00,103.6197,2743.2084,118.9669,48.0840,46.6755,79.7847,41.7391,59.9550,32.1808,7.5000,150.2952,324.7892,normal
10,222,2026-01-03 17:48:00,105.3645,2740.0633,119.0979,47.0228,45.7880,79.3794,41.7391,59.9550,32.1808,7.5000,151.1525,333.7612,normal
10,223,2026-01-03 17:51:00,103.1992,2743.7923,119.6898,52.9260,46.9876,80.4136,41.7391,59.9550,33.8419,7.5000,150.1867,324.5594,normal
10,224,2026-01-03 17:54:00,100.9932,2738.3967,118.7774,53.3431,48.8130,80.3635,41.7391,59.9550,33.8419,7.5000,149.8062,333.1458,normal
10,225,2026-01-03 17:57:00,100.1623,2724.8581,120.0205,56.6802,44.4332,81.0442,41.7391,59.9550,33.8419,7.5000,144.5955,333.8361,normal
10,226,2026-01-03 18:00:00,97.4102,2723.9988,120.2194,51.1682,42.8244,80.6771,31.9908,59.9550,33.8419,7.5000,140.2345,323.4679,normal
10,227,2026-01-03 18:03:00,98.1979,2725.4396,120.2842,51.0069,41.8994,80.8170,31.9908,59.9550,33.8419,7.5000,140.0973,316.1201,normal
10,228,2026-01-03 18:06:00,93.8915,2711.5572,119.7302,52.5952,43.2390,81.3837,31.9908,59.9550,33.8419,7.5000,137.1305,308.1533,normal
10,229,2026-01-03 18:09:00,95.4968,2718.1534,119.2567,57.0840,43.8006,81.0188,31.9908,59.9550,28.4223,7.5000,139.2974,320.8111,normal
10,230,2026-01-03 18:12:00,99.5288,2705.6081,119.0577,57.5414,41.6696,81.1098,31.9908,59.9550,28.4223,7.5000,141.1984,323.7322,normal
10,231,2026-01-03 18:15:00,100.6000,2710.9791,119.0006,58.5156,42.6534,80.3569,31.9908,59.9550,28.4223,7.5000,143.2535,312.7403,normal
10,232,2026-01-03 18:18:00,99.2513,2711.0683,118.0977,57.2534,43.4198,80.1763,31.9908,59.9550,28.4223,7.5000,142.6711,319.0045,normal
10,233,2026-01-03 18:21:00,100.1505,2707.6050,119.7394,54.8615,39.5136,80.2683,31.9908,59.9550,28.4223,7.5000,139.6641,318.4714,normal
10,234,2026-01-03 18:24:00,101.5456,2709.9392,120.2180,50.0981,38.6330,79.0799,31.9908,59.9550,28.4223,7.5000,140.1786,306.0073,normal
10,235,2026-01-03 18:27:00,103.2418,2707.2452,120.8326,48.6206,36.3011,79.6018,31.9908,59.9550,31.9402,7.5000,139.5429,304.1491,normal
10,236,2026-01-03 18:30:00,99.9610,2705.2884,121.1957,45.8075,35.7477,79.9164,31.9908,59.9550,31.9402,7.5000,135.7087,292.4372,normal
10,237,2026-01-03 18:33:00,98.2868,2712.0993,121.6305,41.4441,34.5201,79.9587,31.9908,59.9550,31.9402,7.5000,132.8070,295.8786,normal
10,238,2026-01-03 18:36:00,98.1322,2692.5695,121.3852,44.7408,34.5623,80.2264,31.9908,59.9550,31.9402,7.5000,132.6946,286.8619,normal
10,239,2026-01-03 18:39:00,97.2751,2691.2894,122.8162,44.6859,30.4592,80.7093,31.9908,59.9550,31.9402,7.5000,127.7343,284.7954,normal
10,240,2026-01-03 18:42:00,95.8363,2697.9146,121.2943,42.7491,33.2923,80.1328,31.9908,59.9550,31.9402,7.5000,129.1285,268.6592,normal
10,241,2026-01-03 18:45:00,92.9692,2694.1159,120.6265,42.4704,33.9629,80.8074,31.9908,69.6196,30.9228,7.5000,126.9320,283.8232,normal
10,242,2026-01-03 18:48:00,95.9084,2699.4242,121.4684,46.4141,33.0737,80.1582,31.9908,69.6196,30.9228,7.5000,128.9821,290.0655,normal
10,243,2026-01-03 18:51:00,95.0874,2689.5338,120.3810,46.7897,34.8178,80.1492,31.9908,69.6196,30.9228,7.5000,129.9052,285.2449,normal
10,244,2026-01-03 18:54:00,91.8805,2690.6465,120.1486,52.0176,35.1079,80.3080,31.9908,69.6196,30.9228,7.5000,126.9884,290.4308,normal
10,245,2026-01-03 18:57:00,91.9599,2692.8953,120.3130,52.8921,34.6491,80.2263,31.9908,69.6196,30.9228,7.5000,126.6091,295.0756,normal
10,246,2026-01-03 19:00:00,90.8387,2675.2346,120.2724,58.1483,35.9357,80.3355,31.9908,69.6196,30.9228,7.5000,126.7744,288.3004,normal
10,247,2026-01-03 19:03:00,84.5562,2682.1764,119.5804,52.0322,36.8518,79.4714,31.9908,69.6196,25.6777,7.5000,121.4081,294.2853,normal
10,248,2026-01-03 19:06:00,84.6583,2675.3934,119.4141,51.8756,33.9714,79.9018,31.9908,69.6196,25.6777,7.5000,118.6298,300.0417,normal
10,249,2026-01-03 19:09:00,85.5684,2658.0795,120.2521,53.3652,33.5195,79.9060,31.9908,69.6196,25.6777,7.5000,119.0879,291.4410,normal
10,250,2026-01-03 19:12:00,87.8597,2660.5718,119.2917,50.1195,34.9412,79.2538,31.9908,69.6196,25.6777,7.5000,122.8009,285.0980,normal
10,251,2026-01-03 19:15:00,89.9464,2657.5540,118.6057,54.4406,35.1837,79.8227,50.7707,69.6196,25.6777,7.5000,125.1301,292.0277,normal
10,252,2026-01-03 19:18:00,88.1532,2675.0686,118.9567,55.3619,35.0320,79.6198,50.7707,69.6196,25.6777,7.5000,123.1852,288.2301,normal
10,253,2026-01-03 19:21:00,88.2708,2668.4259,118.3071,55.9392,37.8292,78.9303,50.7707,69.6196,23.8204,7.5000,126.1000,282.2136,normal
10,254,2026-01-03 19:24:00,87.1001,2661.5033,119.1218,58.0919,35.2290,79.4438,50.7707,69.6196,23.8204,7.5000,122.3291,296.5705,normal
10,255,2026-01-03 19:27:00,85.6090,2660.2878,118.7368,59.4929,37.6269,79.0265,50.7707,69.6196,23.8204,7.5000,123.2359,287.2650,normal
10,256,2026-01-03 19:30:00,92.5925,2661.3469,118.1785,52.2445,37.4478,78.7174,50.7707,69.6196,23.8204,7.5000,130.0403,288.0631,normal
10,257,2026-01-03 19:33:00,91.9540,2662.8718,117.6424,50.4330,38.7329,78.4697,50.7707,69.6196,23.8204,7.5000,130.6869,293.8980,normal
10,258,2026-01-03 19:36:00,88.8225,2683.0449,117.7632,48.4456,38.3697,77.8625,50.7707,69.6196,23.8204,7.5000,127.1922,304.0080,normal
10,259,2026-01-03 19:39:00,87.2848,2675.0151,117.7200,49.7852,38.0707,77.9851,50.7707,69.6196,25.3661,7.5000,125.3556,294.2307,normal
10,260,2026-01-03 19:42:00,87.1767,2665.9345,119.4903,47.1844,37.6696,77.8904,50.7707,69.6196,25.3661,7.5000,124.8463,300.1144,normal
10,261,2026-01-03 19:45:00,90.6742,2652.8251,118.6613,57.8452,36.6341,78.3296,50.7707,69.6196,25.3661,7.5000,127.3083,300.2643,normal
10,262,2026-01-03 19:48:00,89.6476,2660.4056,118.6009,58.7027,34.8179,80.0094,50.7707,69.6196,25.3661,7.5000,124.4655,287.7466,normal
10,263,2026-01-03 19:51:00,90.1539,2669.5698,118.0371,61.4250,35.9894,80.2132,50.7707,69.6196,25.3661,7.5000,126.1433,285.6429,normal
10,264,2026-01-03 19:54:00,86.1356,2661.2180,118.5020,57.4469,36.5860,79.0626,50.7707,69.6196,25.3661,7.5000,122.7216,287.7821,normal
10,265,2026-01-03 19:57:00,87.4260,2673.1351,119.2443,49.6260,33.8499,78.5326,50.7707,69.6196,23.5137,7.5000,121.2759,296.7885,normal
10,266,2026-01-03 20:00:00,88.3861,2654.4159,118.5167,46.2951,37.3785,78.2461,50.7707,69.6196,23.5137,7.5000,125.7646,281.8809,normal
10,267,2026-01-03 20:03:00,85.5635,2666.1845,118.6546,41.8872,36.6958,78.2341,50.7707,69.6196,23.5137,7.5000,122.2594,296.6639,normal
10,268,2026-01-03 20:06:00,85.0850,2666.2809,117.9086,43.7374,37.5074,77.9906,50.7707,69.6196,23.5137,7.5000,122.5923,290.5891,normal
10,269,2026-01-03 20:09:00,87.9529,2661.3273,117.7333,40.8851,39.3061,77.7031,50.7707,69.6196,23.5137,7.5000,127.2590,292.6830,normal
10,270,2026-01-03 20:12:00,88.1322,2658.6690,117.8498,40.9698,39.5118,77.4762,50.7707,69.6196,23.5137,7.5000,127.6441,296.9294,normal
10,271,2026-01-03 20:15:00,89.9406,2674.2026,117.6857,45.7947,37.5281,77.6413,50.7707,69.6196,20.7024,7.5000,127.4687,297.4565,normal
10,272,2026-01-03 20:18:00,90.0340,2677.4903,117.1249,53.1384,40.3293,78.5180,50.7707,69.6196,20.7024,7.5000,130.3633,299.1854,normal
10,273,2026-01-03 20:21:00,96.0678,2695.5575,117.0366,52.5795,42.7123,78.5141,50.7707,69.6196,20.7024,7.5000,138.7801,312.9002,normal
10,274,2026-01-03 20:24:00,95.2598,2696.1554,116.5369,53.3056,46.1086,77.6845,50.7707,69.6196,20.7024,7.5000,141.3684,308.2179,normal
10,275,2026-01-03 20:27:00,95.8295,2711.7325,116.2143,55.4154,48.6173,78.3662,50.7707,69.6196,20.7024,7.5000,144.4468,320.6533,normal
10,276,2026-01-03 20:30:00,94.8812,2715.3823,116.3513,55.2903,48.8311,78.3237,46.7783,69.6196,20.7024,7.5000,143.7123,335.1404,normal
10,277,2026-01-03 20:33:00,95.9297,2712.3194,117.6292,57.1221,47.7644,78.9327,46.7783,69.6196,27.9580,7.5000,143.6941,331.6643,normal
10,278,2026-01-03 20:36:00,93.9108,2707.9393,117.7835,57.4438,47.1523,79.0823,46.7783,69.6196,27.9580,7.5000,141.0631,330.9015,normal
10,279,2026-01-03 20:39:00,94.1116,2702.5074,117.6798,58.5002,45.1136,79.6590,46.7783,69.6196,27.9580,7.5000,139.2251,330.4843,normal
10,280,2026-01-03 20:42:00,97.8536,2698.4639,118.6077,61.2533,43.7283,79.6966,46.7783,69.6196,27.9580,7.5000,141.5818,329.2275,normal
10,281,2026-01-03 20:45:00,96.3936,2690.3364,118.4096,61.7717,43.9699,80.1332,46.7783,25.0662,27.9580,7.5000,140.3635,314.9596,normal
10,282,2026-01-03 20:48:00,96.6612,2690.0543,117.8451,60.0777,43.2554,80.4717,46.7783,25.0662,27.9580,7.5000,139.9166,313.1477,normal
10,283,2026-01-03 20:51:00,97.5843,2692.1632,118.7144,60.8460,42.8702,79.9229,46.7783,25.0662,28.6297,7.5000,140.4544,311.8251,normal
10,284,2026-01-03 20:54:00,97.1984,2705.2132,118.4933,59.6445,45.7172,79.8556,46.7783,25.0662,28.6297,7.5000,142.9155,304.1521,normal
10,285,2026-01-03 20:57:00,104.4328,2698.2692,118.1473,55.1584,46.5608,80.0380,46.7783,25.0662,28.6297,7.5000,150.9936,316.0350,normal
10,286,2026-01-03 21:00:00,107.6854,2695.0279,118.6222,56.5879,45.2500,80.0903,46.7783,25.0662,28.6297,7.5000,152.9354,319.7112,normal
10,287,2026-01-03 21:03:00,103.4042,2713.3330,118.5068,52.3368,45.4408,79.2875,46.7783,25.0662,28.6297,7.5000,148.8450,317.0816,normal
10,288,2026-01-03 21:06:00,104.4521,2717.8729,118.9687,52.8724,43.6140,80.0678,46.7783,25.0662,28.6297,7.5000,148.0662,315.7656,normal
10,289,2026-01-03 21:09:00,103.1097,2718.6235,120.1106,52.6441,42.8344,79.7542,46.7783,25.0662,34.8062,7.5000,145.9441,313.7257,normal
10,290,2026-01-03 21:12:00,105.2539,2727.0139,119.9779,50.7047,47.0192,79.9965,46.7783,25.0662,34.8062,7.5000,152.2731,305.7421,normal
10,291,2026-01-03 21:15:00,104.4411,2724.2310,119.4548,49.1132,46.7662,80.4285,46.7783,25.0662,34.8062,7.5000,151.2073,320.8667,normal
10,292,2026-01-03 21:18:00,101.8957,2726.1116,118.8853,51.5238,49.0871,80.7804,46.7783,25.0662,34.8062,7.5000,150.9827,325.2973,normal
10,293,2026-01-03 21:21:00,102.9932,2723.2686,118.6438,53.4889,48.5288,80.5049,46.7783,25.0662,34.8062,7.5000,151.5219,329.5169,normal
10,294,2026-01-03 21:24:00,102.7079,2713.2784,119.6806,50.2490,45.1409,80.5165,46.7783,25.0662,34.8062,7.5000,147.8488,329.2886,normal
10,295,2026-01-03 21:27:00,102.8410,2709.6410,120.0958,49.2225,44.8359,79.8947,46.7783,25.0662,31.3929,7.5000,147.6769,314.7004,normal
10,296,2026-01-03 21:30:00,105.7300,2702.5740,119.9056,44.6200,42.8901,80.1773,46.7783,25.0662,31.3929,7.5000,148.6200,313.1452,normal
10,297,2026-01-03 21:33:00,103.9724,2713.5420,119.9840,45.3534,43.2405,80.2453,46.7783,25.0662,31.3929,7.5000,147.2129,314.2027,normal
10,298,2026-01-03 21:36:00,102.4304,2726.2976,119.4380,42.7704,42.7486,79.5642,46.7783,25.0662,31.3929,7.5000,145.1790,307.0406,normal
10,299,2026-01-03 21:39:00,103.3655,2725.2362,119.9042,42.8638,44.4116,79.9270,46.7783,25.0662,31.3929,7.5000,147.7771,310.7296,normal
10,300,2026-01-03 21:42:00,108.4402,2715.9285,119.8731,43.9474,47.2958,79.5118,46.7783,25.0662,31.3929,7.5000,155.7360,312.1421,normal
11,1,2026-01-03 12:45:00,103.0587,2706.3848,119.8141,50.5586,41.7014,80.2174,65.6661,64.7573,30.5456,7.5000,144.7601,301.2936,oscillation
11,2,2026-01-03 12:48:00,104.5151,2708.3085,120.0539,55.8364,41.4074,80.2999,65.6661,64.7573,30.5456,7.5000,145.9225,302.9393,oscillation
11,3,2026-01-03 12:51:00,99.7333,2704.8744,119.6113,56.7965,44.0800,80.6878,65.6661,64.7573,30.5456,7.5000,143.8134,303.4694,oscillation
11,4,2026-01-03 12:54:00,101.6326,2712.1840,119.5656,54.1580,43.6102,80.3782,65.6661,64.7573,30.5456,7.5000,145.2428,315.7434,oscillation
11,5,2026-01-03 12:57:00,99.7932,2698.7399,119.6376,57.3689,42.2102,80.4800,65.6661,64.7573,30.5456,7.5000,142.0035,305.9656,oscillation
11,6,2026-01-03 13:00:00,97.2238,2711.3324,119.6231,56.7025,44.8601,80.4621,65.6661,64.7573,30.5456,7.5000,142.0839,308.6672,oscillation
11,7,2026-01-03 13:03:00,101.4874,2700.5834,118.8533,55.8995,44.0029,80.1689,65.6661,64.7573,29.6343,7.5000,145.4904,311.5615,oscillation
11,8,2026-01-03 13:06:00,99.3765,2699.6997,119.1235,56.0894,45.1842,80.6492,65.6661,64.7573,29.6343,7.5000,144.5606,312.2734,oscillation
11,9,2026-01-03 13:09:00,103.7496,2709.9153,118.5236,59.3236,45.7279,80.5622,65.6661,64.7573,29.6343,7.5000,149.4775,317.7872,oscillation
11,10,2026-01-03 13:12:00,103.5607,2712.8331,118.1093,59.5013,45.8544,80.5114,65.6661,64.7573,29.6343,7.5000,149.4151,317.1723,oscillation
11,11,2026-01-03 13:15:00,102.6348,2721.6562,118.5884,60.4352,47.2635,80.7748,65.6661,64.7573,29.6343,7.5000,149.8982,326.0239,oscillation
11,12,2026-01-03 13:18:00,102.1333,2728.9550,118.4631,62.0387,48.6730,80.3169,65.6661,64.7573,29.6343,7.5000,150.8063,322.8107,oscillation
11,13,2026-01-03 13:21:00,105.1979,2717.3259,118.6568,61.0331,48.7612,80.5571,65.6661,64.7573,30.8362,7.5000,153.9591,322.3946,oscillation
11,14,2026-01-03 13:24:00,103.0186,2727.6470,119.1287,56.2315,45.4639,80.0683,65.6661,64.7573,30.8362,7.5000,148.4824,322.5857,oscillation
11,15,2026-01-03 13:27:00,103.5073,2726.1903,118.8407,56.7984,47.3085,80.0869,65.6661,64.7573,30.8362,7.5000,150.8158,320.5686,oscillation
11,16,2026-01-03 13:30:00,99.1115,2724.1704,119.2232,56.0029,46.2106,80.2162,65.6661,64.7573,30.8362,7.5000,145.3221,328.5330,oscillation
11,17,2026-01-03 13:33:00,99.8300,2719.0969,119.6846,54.9500,45.5972,80.0925,65.6661,64.7573,30.8362,7.5000,145.4272,318.2469,oscillation
11,18,2026-01-03 13:36:00,97.0141,2709.4084,119.6281,55.8733,45.1634,80.4374,65.6661,64.7573,30.8362,7.5000,142.1775,319.5166,oscillation
11,19,2026-01-03 13:39:00,99.0266,2714.8307,119.0767,55.9777,45.8383,81.3217,65.6661,64.7573,28.6371,7.5000,144.8648,316.4804,oscillation
11,20,2026-01-03 13:42:00,95.9978,2699.7552,118.6748,52.8916,46.5894,80.2881,65.6661,64.7573,28.6371,7.5000,142.5872,310.2445,oscillation
11,21,2026-01-03 13:45:00,96.5886,2693.3285,118.6338,52.6278,45.5926,79.9508,65.6661,64.7573,28.6371,7.5000,142.1811,322.7331,oscillation
11,22,2026-01-03 13:48:00,99.4791,2693.7402,118.5446,55.8961,42.6711,79.9769,65.6661,64.7573,28.6371,7.5000,142.1502,315.0185,oscillation
11,23,2026-01-03 13:51:00,97.5086,2691.3336,118.8437,49.2176,43.4466,79.5340,65.6661,64.7573,28.6371,7.5000,140.9553,307.7448,oscillation
11,24,2026-01-03 13:54:00,97.9886,2695.7163,118.5347,51.6027,43.8997,79.4694,65.6661,64.7573,28.6371,7.5000,141.8883,305.6134,oscillation
11,25,2026-01-03 13:57:00,95.9729,2684.7599,118.5107,48.6906,42.8570,79.0722,65.6661,64.7573,27.1892,7.5000,138.8299,313.5046,oscillation
11,26,2026-01-03 14:00:00,97.5080,2696.0443,119.2149,45.8620,40.1658,78.6542,54.3421,64.7573,27.1892,7.5000,137.6738,309.6595,oscillation
11,27,2026-01-03 14:03:00,102.2989,2691.6258,118.8480,42.6182,43.1838,78.4194,54.3421,64.7573,27.1892,7.5000,145.4827,304.0612,oscillation
11,28,2026-01-03 14:06:00,102.3036,2695.3844,119.1198,44.9967,41.6284,78.7531,54.3421,64.7573,27.1892,7.5000,143.9320,309.5991,oscillation
11,29,2026-01-03 14:09:00,100.7001,2715.1695,118.8103,49.6073,41.6320,78.8053,54.3421,64.7573,27.1892,7.5000,142.3320,307.4325,oscillation
11,30,2026-01-03 14:12:00,103.2194,2713.1461,118.8739,54.4940,42.1988,79.3419,54.3421,64.7573,27.1892,7.5000,145.4182,309.1443,oscillation
11,31,2026-01-03 14:15:00,98.0781,2714.2121,120.1591,52.6739,40.5915,79.4874,54.3421,64.7573,31.0522,7.5000,138.6696,309.3747,oscillation
11,32,2026-01-03 14:18:00,102.8368,2722.6607,119.4818,56.0070,43.6237,80.2229,54.3421,64.7573,31.0522,7.5000,146.4604,300.1784,oscillation
11,33,2026-01-03 14:21:00,103.9964,2704.2257,119.5486,52.6301,43.2923,80.1343,54.3421,64.7573,31.0522,7.5000,147.2887,315.4351,oscillation
11,34,2026-01-03 14:24:00,104.0994,2720.9579,119.9004,53.3829,43.8983,80.1551,54.3421,64.7573,31.0522,7.5000,147.9978,316.4849,oscillation
11,35,2026-01-03 14:27:00,103.4732,2720.2699,119.1929,56.2377,41.2291,80.1123,54.3421,64.7573,31.0522,7.5000,144.7023,310.4184,oscillation
11,36,2026-01-03 14:30:00,102.0036,2717.5994,120.1505,54.2661,42.1309,80.7554,54.3421,64.7573,31.0522,7.5000,144.1345,311.7888,oscillation
11,37,2026-01-03 14:33:00,98.2047,2715.2060,120.6784,58.8626,41.1066,80.2043,54.3421,64.7573,32.1095,7.5000,139.3113,306.4261,oscillation
11,38,2026-01-03 14:36:00,102.3436,2707.9349,120.5830,56.0539,38.9227,80.9626,54.3421,64.7573,32.1095,7.5000,141.2663,300.5475,oscillation
11,39,2026-01-03 14:39:00,98.8317,2708.4319,120.2005,55.5245,41.7658,80.9464,54.3421,64.7573,32.1095,7.5000,140.5975,295.7322,oscillation
11,40,2026-01-03 14:42:00,96.0811,2712.7382,119.9009,55.1808,42.4489,80.7197,54.3421,64.7573,32.1095,7.5000,138.5300,306.9549,oscillation
11,41,2026-01-03 14:45:00,98.8026,2693.9014,119.0326,53.3238,43.6052,80.4983,54.3421,36.9239,32.1095,7.5000,142.4078,303.5486,oscillation
11,42,2026-01-03 14:48:00,97.7461,2683.7413,119.4247,54.7732,42.4916,80.7435,54.3421,36.9239,32.1095,7.5000,140.2377,309.2244,oscillation
11,43,2026-01-03 14:51:00,92.5412,2692.3312,119.4458,53.3311,41.9550,80.1912,54.3421,36.9239,26.9660,7.5000,134.4962,306.3277,oscillation
11,44,2026-01-03 14:54:00,92.0440,2695.9189,118.6203,53.2263,42.9632,80.3049,54.3421,36.9239,26.9660,7.5000,135.0072,306.2684,oscillation
11,45,2026-01-03 14:57:00,95.4480,2681.0088,118.9248,51.8540,42.5441,79.7382,54.3421,36.9239,26.9660,7.5000,137.9922,306.9423,oscillation
11,46,2026-01-03 15:00:00,93.6630,2675.9154,119.0378,53.8934,44.6196,79.2100,54.3421,36.9239,26.9660,7.5000,138.2826,310.3625,oscillation
11,47,2026-01-03 15:03:00,89.2890,2673.2142,118.1196,51.9468,42.3679,79.3911,54.3421,36.9239,26.9660,7.5000,131.6569,307.6341,oscillation
11,48,2026-01-03 15:06:00,87.6426,2675.0684,118.3031,48.1628,43.0647,79.6872,54.3421,36.9239,26.9660,7.5000,130.7073,309.1301,oscillation
11,49,2026-01-03 15:09:00,91.8588,2654.4491,118.5759,51.2547,39.6905,78.7303,54.3421,36.9239,26.1222,7.5000,131.5493,303.5051,oscillation
11,50,2026-01-03 15:12:00,87.5269,2649.0947,119.2763,52.0409,38.2412,78.9080,54.3421,36.9239,26.1222,7.5000,125.7681,290.2748,oscillation
11,51,2026-01-03 15:15:00,81.1347,2660.0706,118.4291,47.7401,36.8947,78.6515,40.5778,36.9239,26.1222,7.5000,118.0293,290.9608,oscillation
11,52,2026-01-03 15:18:00,77.9717,2648.4441,118.3661,46.4991,34.6776,79.0400,40.5778,36.9239,26.1222,7.5000,112.6493,290.8061,oscillation
11,53,2026-01-03 15:21:00,77.2068,2633.6517,119.0230,48.8457,34.8747,78.7011,40.5778,36.9239,26.1222,7.5000,112.0814,278.8051,oscillation
11,54,2026-01-03 15:24:00,77.7806,2625.0580,118.1248,48.2017,37.7390,77.8337,40.5778,36.9239,26.1222,7.5000,115.5197,286.0768,oscillation
11,55,2026-01-03 15:27:00,73.0972,2633.4910,117.1262,50.0249,35.9433,78.6565,40.5778,36.9239,17.0370,7.5000,109.0406,289.7038,oscillation
11,56,2026-01-03 15:30:00,75.1478,2632.4201,116.0244,49.5638,40.3947,77.8896,40.5778,36.9239,17.0370,7.5000,115.5425,285.5171,oscillation
11,57,2026-01-03 15:33:00,76.1003,2613.2086,116.1957,51.3289,38.0314,77.6290,40.5778,36.9239,17.0370,7.5000,114.1317,300.9978,oscillation
11,58,2026-01-03 15:36:00,76.2477,2618.7917,115.5863,46.7431,40.4714,76.6352,40.5778,36.9239,17.0370,7.5000,116.7190,298.7471,oscillation
11,59,2026-01-03 15:39:00,82.4208,2629.0335,115.0200,43.9764,38.5603,76.2888,40.5778,36.9239,17.0370,7.5000,120.9811,300.9797,oscillation
11,60,2026-01-03 15:42:00,86.5415,2627.7419,115.2041,47.6864,40.6648,77.0594,40.5778,36.9239,17.0370,7.5000,127.2063,296.8784,oscillation
11,61,2026-01-03 15:45:00,86.6144,2646.0079,115.6512,45.4139,39.6498,75.3414,40.5778,36.9239,16.4212,7.5000,126.2641,298.8072,oscillation
11,62,2026-01-03 15:48:00,86.1489,2656.6681,115.9926,44.8959,38.3486,76.0068,40.5778,36.9239,16.4212,7.5000,124.4975,299.8914,oscillation
11,63,2026-01-03 15:51:00,91.3620,2649.1723,117.1070,43.5684,39.6610,75.8931,40.5778,36.9239,16.4212,7.5000,131.0230,296.9476,oscillation
11,64,2026-01-03 15:54:00,91.1321,2656.7638,117.8687,48.7975,36.7557,76.7186,40.5778,36.9239,16.4212,7.5000,127.8878,298.5894,oscillation
11,65,2026-01-03 15:57:00,90.3564,2673.2504,117.5529,46.8120,40.0139,77.1083,40.5778,36.9239,16.4212,7.5000,130.3702,289.7233,oscillation
11,61,2026-01-03 15:45:00,86.6144,2646.0079,115.6512,45.4139,39.6498,75.3414,40.5778,36.9239,16.4212,7.5000,126.2641,298.8072,oscillation
11,62,2026-01-03 15:48:00,86.1489,2656.6681,115.9926,44.8959,38.3486,76.0068,40.5778,36.9239,16.4212,7.5000,124.4975,299.8914,oscillation
11,63,2026-01-03 15:51:00,91.3620,2649.1723,117.1070,43.5684,39.6610,75.8931,40.5778,36.9239,16.4212,7.5000,131.0230,296.9476,oscillation
11,64,2026-01-03 15:54:00,91.1321,2656.7638,117.8687,48.7975,36.7557,76.7186,40.5778,36.9239,16.4212,7.5000,127.8878,298.5894,oscillation
11,65,2026-01-03 15:57:00,90.3564,2673.2504,117.5529,46.8120,40.0139,77.1083,40.5778,36.9239,16.4212,7.5000,130.3702,289.7233,oscillation
11,66,2026-01-03 16:00:00,89.8939,2664.2671,118.0019,45.4913,38.1392,77.4638,40.5778,36.9239,16.4212,7.5000,128.0330,302.9679,oscillation
11,67,2026-01-03 16:03:00,89.0338,2662.3505,119.0431,45.8197,37.7553,77.4241,40.5778,36.9239,24.5723,7.5000,126.7891,290.0129,oscillation
11,68,2026-01-03 16:06:00,86.1214,2664.0553,118.4354,48.1490,36.9199,78.2408,40.5778,36.9239,24.5723,7.5000,123.0414,293.4087,oscillation
11,69,2026-01-03 16:09:00,81.7511,2655.1960,118.5461,52.9030,38.0620,79.6284,40.5778,36.9239,24.5723,7.5000,119.8131,299.2842,oscillation
11,70,2026-01-03 16:12:00,86.1695,2654.6136,118.6959,55.0105,36.9015,79.4422,40.5778,36.9239,24.5723,7.5000,123.0710,293.9543,oscillation
11,71,2026-01-03 16:15:00,88.9457,2642.7639,118.0665,56.0070,39.5764,79.1164,40.5778,36.9239,24.5723,7.5000,128.5221,289.8626,oscillation
11,72,2026-01-03 16:18:00,92.5550,2657.0547,117.6682,53.2879,39.6336,78.8306,40.5778,36.9239,24.5723,7.5000,132.1886,298.4003,oscillation
11,73,2026-01-03 16:21:00,91.8067,2667.4682,116.5576,52.8386,38.7803,78.8220,40.5778,36.9239,21.6971,7.5000,130.5870,288.4964,oscillation
11,74,2026-01-03 16:24:00,91.3345,2678.4294,117.5439,55.0083,38.9081,78.7400,40.5778,36.9239,21.6971,7.5000,130.2426,298.8684,oscillation
11,75,2026-01-03 16:27:00,92.7119,2676.7417,117.8799,50.0913,39.1276,77.5113,40.5778,36.9239,21.6971,7.5000,131.8395,298.9171,oscillation
11,76,2026-01-03 16:30:00,93.0490,2677.5993,118.4330,48.8749,38.8766,77.8123,33.8665,36.9239,21.6971,7.5000,131.9256,300.5103,oscillation
11,77,2026-01-03 16:33:00,91.9201,2677.7768,118.7222,50.6786,38.5971,78.4954,33.8665,36.9239,21.6971,7.5000,130.5172,303.2895,oscillation
11,78,2026-01-03 16:36:00,96.2001,2677.4657,118.6473,58.4075,37.2748,79.4734,33.8665,36.9239,21.6971,7.5000,133.4749,298.6546,oscillation
11,79,2026-01-03 16:39:00,93.6673,2670.2321,119.4011,61.1865,36.3265,79.7314,33.8665,36.9239,27.4006,7.5000,129.9937,295.8891,oscillation
11,80,2026-01-03 16:42:00,92.0059,2689.2505,120.0687,56.4449,36.3805,79.6105,33.8665,36.9239,27.4006,7.5000,128.3865,289.3522,oscillation
11,81,2026-01-03 16:45:00,97.4003,2689.0676,119.0360,52.4551,37.2294,79.6175,33.8665,58.1564,27.4006,7.5000,134.6297,289.6978,oscillation
11,82,2026-01-03 16:48:00,98.9781,2685.6855,120.0873,51.2524,36.4421,79.7710,33.8665,58.1564,27.4006,7.5000,135.4201,300.3754,oscillation
11,83,2026-01-03 16:51:00,99.0958,2690.3981,119.3816,48.7313,37.8338,78.9637,33.8665,58.1564,27.4006,7.5000,136.9296,295.5241,oscillation
11,84,2026-01-03 16:54:00,101.9207,2702.1005,119.2286,43.5671,35.9633,79.5517,33.8665,58.1564,27.4006,7.5000,137.8840,296.0397,oscillation
11,85,2026-01-03 16:57:00,100.2885,2701.9690,120.2258,44.7873,36.2036,79.0217,33.8665,58.1564,30.1692,7.5000,136.4921,295.4493,oscillation
11,86,2026-01-03 17:00:00,98.5205,2717.0092,121.0764,45.4172,35.3342,78.6887,33.8665,58.1564,30.1692,7.5000,133.8547,293.9741,oscillation
11,87,2026-01-03 17:03:00,94.5813,2705.5910,120.6788,44.6586,37.7349,79.1767,33.8665,58.1564,30.1692,7.5000,132.3163,285.5159,oscillation
11,88,2026-01-03 17:06:00,95.2303,2695.8898,120.8889,43.1569,37.2812,79.8209,33.8665,58.1564,30.1692,7.5000,132.5115,295.2606,oscillation
11,89,2026-01-03 17:09:00,97.5161,2702.3107,121.5071,43.5083,35.5152,79.8175,33.8665,58.1564,30.1692,7.5000,133.0313,297.9631,oscillation
11,90,2026-01-03 17:12:00,96.1184,2699.7812,120.2916,46.8759,39.4478,80.1284,33.8665,58.1564,30.1692,7.5000,135.5662,290.7528,oscillation
11,91,2026-01-03 17:15:00,100.5036,2703.2305,118.8328,46.0139,41.3700,80.2155,33.8665,58.1564,28.6953,7.5000,141.8736,306.5335,oscillation
11,92,2026-01-03 17:18:00,99.7500,2717.8127,119.0321,60.5448,41.0495,81.1682,33.8665,58.1564,28.6953,7.5000,140.7995,312.7539,oscillation
11,93,2026-01-03 17:21:00,97.1635,2726.4994,118.8625,60.1074,44.1331,80.3638,33.8665,58.1564,28.6953,7.5000,141.2966,314.6835,oscillation
11,94,2026-01-03 17:24:00,98.8103,2705.1769,119.2558,63.1178,42.1648,80.4913,33.8665,58.1564,28.6953,7.5000,140.9751,317.7360,oscillation
11,95,2026-01-03 17:27:00,96.8782,2713.4905,120.1846,64.5741,38.4087,80.7558,33.8665,58.1564,28.6953,7.5000,135.2869,321.4568,oscillation
11,96,2026-01-03 17:30:00,101.1510,2707.6907,119.4837,61.9572,41.6440,81.0837,33.8665,58.1564,28.6953,7.5000,142.7950,305.8537,oscillation
11,97,2026-01-03 17:33:00,101.2684,2692.6791,119.6695,55.6029,40.0741,80.6926,33.8665,58.1564,30.7971,7.5000,141.3424,314.4732,oscillation
11,98,2026-01-03 17:36:00,102.4204,2709.9096,120.4060,55.4256,37.5792,80.8918,33.8665,58.1564,30.7971,7.5000,139.9996,309.0605,oscillation
11,99,2026-01-03 17:39:00,103.8391,2713.1408,120.1328,52.2841,36.5144,79.9815,33.8665,58.1564,30.7971,7.5000,140.3535,298.8734,oscillation
11,100,2026-01-03 17:42:00,102.0570,2721.8503,121.2011,48.7708,35.8921,79.8255,33.8665,58.1564,30.7971,7.5000,137.9490,292.4547,oscillation
11,101,2026-01-03 17:45:00,102.4737,2724.4796,120.7968,54.8887,40.2575,80.1203,51.4087,58.1564,30.7971,7.5000,142.7312,295.2597,oscillation
11,102,2026-01-03 17:48:00,98.3366,2721.1891,120.9398,55.7974,39.7668,81.3348,51.4087,58.1564,30.7971,7.5000,138.1033,303.9277,oscillation
11,103,2026-01-03 17:51:00,97.8199,2708.4661,121.4676,58.1480,39.9337,81.4890,51.4087,58.1564,32.5966,7.5000,137.7536,297.7439,oscillation
11,104,2026-01-03 17:54:00,98.2377,2698.3903,120.8904,57.4092,38.5495,81.0491,51.4087,58.1564,32.5966,7.5000,136.7872,301.7313,oscillation
11,105,2026-01-03 17:57:00,94.9287,2697.0856,120.6536,57.6646,39.9995,81.3206,51.4087,58.1564,32.5966,7.5000,134.9283,292.2553,oscillation
11,106,2026-01-03 18:00:00,92.5995,2695.3240,120.0174,59.0247,40.4019,81.7246,51.4087,58.1564,32.5966,7.5000,133.0014,297.2465,oscillation
11,107,2026-01-03 18:03:00,90.6966,2687.7634,119.4553,60.2371,40.4706,81.1309,51.4087,58.1564,32.5966,7.5000,131.1673,302.7593,oscillation
11,108,2026-01-03 18:06:00,89.9594,2675.3501,119.4112,56.5033,40.1011,80.2562,51.4087,58.1564,32.5966,7.5000,130.0605,305.5247,oscillation
11,109,2026-01-03 18:09:00,92.3549,2678.6175,119.3781,47.4353,39.9400,78.9802,51.4087,58.1564,24.9475,7.5000,132.2950,297.4089,oscillation
11,110,2026-01-03 18:12:00,90.4060,2664.8961,118.4338,53.9374,40.9116,79.9487,51.4087,58.1564,24.9475,7.5000,131.3176,298.0415,oscillation
11,111,2026-01-03 18:15:00,92.6858,2678.8362,118.2000,52.4670,39.0531,79.4885,51.4087,58.1564,24.9475,7.5000,131.7389,306.3141,oscillation
11,112,2026-01-03 18:18:00,91.0914,2672.8343,118.0131,52.3499,39.9482,78.8171,51.4087,58.1564,24.9475,7.5000,131.0396,301.9553,oscillation
11,113,2026-01-03 18:21:00,92.0196,2684.1627,118.8307,52.8210,39.0742,79.0136,51.4087,58.1564,24.9475,7.5000,131.0938,304.5152,oscillation
11,114,2026-01-03 18:24:00,91.6757,2677.9286,117.7446,51.4731,41.0854,78.5352,51.4087,58.1564,24.9475,7.5000,132.7611,299.3790,oscillation
11,115,2026-01-03 18:27:00,91.0506,2662.8265,118.6807,52.9079,40.4230,79.4461,51.4087,58.1564,23.9875,7.5000,131.4736,303.4931,oscillation
11,116,2026-01-03 18:30:00,94.1734,2661.7171,119.1866,55.2235,37.4704,78.9181,51.4087,58.1564,23.9875,7.5000,131.6438,301.7056,oscillation
11,117,2026-01-03 18:33:00,91.0559,2670.4710,119.2637,55.0074,34.0318,79.2714,51.4087,58.1564,23.9875,7.5000,125.0876,286.9153,oscillation
11,118,2026-01-03 18:36:00,93.7328,2685.9115,119.6941,56.7201,34.4627,78.7167,51.4087,58.1564,23.9875,7.5000,128.1955,282.9147,oscillation
11,119,2026-01-03 18:39:00,98.6673,2679.9800,119.1737,54.9082,34.8776,78.7209,51.4087,58.1564,23.9875,7.5000,133.5450,281.6412,oscillation
11,120,2026-01-03 18:42:00,95.8152,2695.0378,120.1284,45.1152,32.9538,78.5524,51.4087,58.1564,23.9875,7.5000,128.7690,275.6910,oscillation
11,121,2026-01-03 18:45:00,92.0949,2673.0297,119.2847,43.7983,35.5788,78.3748,51.4087,26.9651,25.7300,7.5000,127.6737,267.3525,oscillation
11,122,2026-01-03 18:48:00,94.2800,2672.3252,119.7546,45.9485,35.2514,79.3774,51.4087,26.9651,25.7300,7.5000,129.5314,280.9686,oscillation
11,123,2026-01-03 18:51:00,94.3220,2646.2226,119.8926,44.5373,36.5898,79.0407,51.4087,26.9651,25.7300,7.5000,130.9118,278.6937,oscillation
11,124,2026-01-03 18:54:00,92.4491,2649.4231,119.7987,50.9396,37.3482,79.6496,51.4087,26.9651,25.7300,7.5000,129.7974,280.7387,oscillation
11,125,2026-01-03 18:57:00,92.3335,2645.0546,119.0571,46.9652,36.7327,79.4455,51.4087,26.9651,25.7300,7.5000,129.0662,288.2432,oscillation
11,126,2026-01-03 19:00:00,96.7773,2641.1468,119.3667,52.0056,39.5316,79.9006,65.0398,26.9651,25.7300,7.5000,136.3089,284.6352,oscillation
11,127,2026-01-03 19:03:00,95.1465,2646.8904,119.4764,55.4011,38.7385,79.3959,65.0398,26.9651,25.6049,7.5000,133.8850,285.3391,oscillation
11,128,2026-01-03 19:06:00,92.9685,2664.4745,119.4638,54.1586,38.9830,79.4061,65.0398,26.9651,25.6049,7.5000,131.9515,287.3475,oscillation
11,129,2026-01-03 19:09:00,92.6747,2675.9286,118.5760,54.8858,39.1713,79.3985,65.0398,26.9651,25.6049,7.5000,131.8460,281.4899,oscillation
11,130,2026-01-03 19:12:00,90.6005,2687.0067,118.8530,57.2813,40.3100,79.5726,65.0398,26.9651,25.6049,7.5000,130.9104,286.9456,oscillation
11,131,2026-01-03 19:15:00,92.2277,2687.1768,118.4922,58.9430,42.7465,79.4759,65.0398,26.9651,25.6049,7.5000,134.9742,292.2095,oscillation
11,132,2026-01-03 19:18:00,87.6453,2670.5833,118.1806,63.8628,42.9911,79.9745,65.0398,26.9651,25.6049,7.5000,130.6364,296.3020,oscillation
11,133,2026-01-03 19:21:00,89.6094,2666.7415,118.1715,59.5442,42.2531,79.7904,65.0398,26.9651,22.0337,7.5000,131.8625,304.7719,oscillation
11,134,2026-01-03 19:24:00,89.7246,2645.9132,117.4156,57.5468,42.7854,79.3332,65.0398,26.9651,22.0337,7.5000,132.5100,294.5769,oscillation
11,135,2026-01-03 19:27:00,93.5381,2644.8961,117.6574,49.8681,41.4775,78.7791,65.0398,26.9651,22.0337,7.5000,135.0157,307.1345,oscillation
11,136,2026-01-03 19:30:00,93.3480,2637.1035,117.2302,41.7005,42.4735,77.9338,65.0398,26.9651,22.0337,7.5000,135.8216,295.7269,oscillation
11,137,2026-01-03 19:33:00,96.0280,2641.9335,118.1537,46.9391,39.1078,78.5332,65.0398,26.9651,22.0337,7.5000,135.1358,295.4875,oscillation
11,138,2026-01-03 19:36:00,98.0889,2639.1779,117.9868,47.3814,40.8162,77.8889,65.0398,26.9651,22.0337,7.5000,138.9051,290.7642,oscillation
11,139,2026-01-03 19:39:00,100.6588,2649.6147,119.0160,49.2867,38.3512,78.2348,65.0398,26.9651,24.7421,7.5000,139.0100,292.1982,oscillation
11,140,2026-01-03 19:42:00,99.5133,2668.1337,118.9950,52.3914,38.8942,78.1262,65.0398,26.9651,24.7421,7.5000,138.4074,291.3681,oscillation
11,141,2026-01-03 19:45:00,99.4572,2684.9235,118.8761,56.6118,38.5872,79.0268,65.0398,26.9651,24.7421,7.5000,138.0444,288.0526,oscillation
11,142,2026-01-03 19:48:00,100.9489,2692.5006,119.7603,57.1687,39.1861,79.0739,65.0398,26.9651,24.7421,7.5000,140.1350,288.1981,oscillation
11,143,2026-01-03 19:51:00,99.8811,2709.2490,119.9855,56.0486,38.2053,79.1919,65.0398,26.9651,24.7421,7.5000,138.0864,281.1635,oscillation
11,144,2026-01-03 19:54:00,103.7670,2709.3053,119.2715,52.8101,40.1219,79.2791,65.0398,26.9651,24.7421,7.5000,143.8888,287.4683,oscillation
11,145,2026-01-03 19:57:00,104.7412,2690.3673,119.8659,45.1671,41.7735,79.4490,65.0398,26.9651,28.6312,7.5000,146.5146,295.4717,oscillation
11,146,2026-01-03 20:00:00,104.3608,2692.3943,119.7832,42.9210,41.3160,79.0581,65.0398,26.9651,28.6312,7.5000,145.6768,301.7256,oscillation
11,147,2026-01-03 20:03:00,105.5541,2692.1902,119.2459,39.3227,42.7209,79.0996,65.0398,26.9651,28.6312,7.5000,148.2750,298.2563,oscillation
11,148,2026-01-03 20:06:00,110.5823,2674.6129,119.9239,40.0994,43.6099,78.7780,65.0398,26.9651,28.6312,7.5000,154.1922,299.5081,oscillation
11,149,2026-01-03 20:09:00,107.5522,2675.4852,121.0080,39.7888,39.9540,79.2615,65.0398,26.9651,28.6312,7.5000,147.5062,304.6740,oscillation
11,150,2026-01-03 20:12:00,104.0409,2694.2996,121.0471,38.4749,37.6642,79.0789,65.0398,26.9651,28.6312,7.5000,141.7051,286.9501,oscillation
11,151,2026-01-03 20:15:00,103.0367,2687.1426,121.0364,34.6815,39.6305,79.1237,56.4820,26.9651,35.0773,7.5000,142.6672,284.4740,oscillation
11,152,2026-01-03 20:18:00,102.2461,2696.3608,122.0077,33.8085,38.6166,79.0937,56.4820,26.9651,35.0773,7.5000,140.8627,291.3136,oscillation
11,153,2026-01-03 20:21:00,99.6266,2698.1651,121.1066,32.4101,38.6657,79.1245,56.4820,26.9651,35.0773,7.5000,138.2923,282.5871,oscillation
11,154,2026-01-03 20:24:00,98.0704,2710.1872,121.2548,38.4125,37.2869,79.6210,56.4820,26.9651,35.0773,7.5000,135.3573,291.1284,oscillation
11,155,2026-01-03 20:27:00,94.5095,2696.0796,120.6445,41.4861,40.1119,79.9946,56.4820,26.9651,35.0773,7.5000,134.6214,281.9715,oscillation
11,156,2026-01-03 20:30:00,99.4407,2698.9539,121.5289,39.8627,35.1799,79.6756,56.4820,26.9651,35.0773,7.5000,134.6206,295.5196,oscillation
11,157,2026-01-03 20:33:00,98.1892,2664.7964,120.3187,41.8729,39.3496,79.6634,56.4820,26.9651,28.5729,7.5000,137.5387,269.2660,oscillation
11,158,2026-01-03 20:36:00,97.6863,2662.2232,120.5414,35.4836,34.4808,79.9057,56.4820,26.9651,28.5729,7.5000,132.1671,287.0996,oscillation
11,159,2026-01-03 20:39:00,93.9983,2673.9557,119.8113,38.7862,34.3425,79.3608,56.4820,26.9651,28.5729,7.5000,128.3408,273.5280,oscillation
11,160,2026-01-03 20:42:00,92.4446,2665.2996,119.6530,40.2773,40.1637,79.6965,56.4820,26.9651,28.5729,7.5000,132.6083,272.0015,oscillation
11,161,2026-01-03 20:45:00,91.1803,2668.5168,119.7742,47.9082,38.5330,79.3080,56.4820,76.4285,28.5729,7.5000,129.7134,313.3878,oscillation
11,162,2026-01-03 20:48:00,92.4436,2662.7632,119.0026,50.7616,42.6848,79.6237,56.4820,76.4285,28.5729,7.5000,135.1284,297.6093,oscillation
11,163,2026-01-03 20:51:00,89.1058,2669.6583,118.5095,49.8369,41.4993,79.5067,56.4820,76.4285,24.7732,7.5000,130.6051,308.4902,oscillation
11,164,2026-01-03 20:54:00,87.8599,2684.4045,118.9736,52.1643,37.9839,79.3639,56.4820,76.4285,24.7732,7.5000,125.8438,309.8534,oscillation
11,165,2026-01-03 20:57:00,89.1102,2683.1072,118.5977,47.7538,40.2072,78.1816,56.4820,76.4285,24.7732,7.5000,129.3174,290.0545,oscillation
11,166,2026-01-03 21:00:00,89.9454,2681.3004,118.5812,47.9081,39.8361,78.5600,56.4820,76.4285,24.7732,7.5000,129.7815,303.6290,oscillation
11,167,2026-01-03 21:03:00,91.4670,2684.0212,118.4131,47.9070,38.0254,77.9992,56.4820,76.4285,24.7732,7.5000,129.4923,303.1521,oscillation
11,168,2026-01-03 21:06:00,89.2134,2686.1839,118.4566,51.3813,37.4936,78.5990,56.4820,76.4285,24.7732,7.5000,126.7070,294.0948,oscillation
11,169,2026-01-03 21:09:00,89.6965,2672.6241,118.8006,45.9208,36.6273,78.4666,56.4820,76.4285,23.2352,7.5000,126.3238,295.2050,oscillation
11,170,2026-01-03 21:12:00,88.4141,2660.5290,118.7917,45.5269,36.3219,78.1097,56.4820,76.4285,23.2352,7.5000,124.7360,286.6059,oscillation
11,171,2026-01-03 21:15:00,91.6812,2659.6977,118.5780,45.6568,36.2590,78.6567,56.4820,76.4285,23.2352,7.5000,127.9402,289.7094,oscillation
11,172,2026-01-03 21:18:00,86.8463,2643.0710,118.4840,45.9929,37.7244,78.1181,56.4820,76.4285,23.2352,7.5000,124.5707,290.5663,oscillation
11,173,2026-01-03 21:21:00,89.9734,2643.7432,118.7080,45.4253,37.4537,78.2505,56.4820,76.4285,23.2352,7.5000,127.4271,294.7838,oscillation
11,174,2026-01-03 21:24:00,93.4109,2640.3561,118.6805,41.7429,35.8142,77.6692,56.4820,76.4285,23.2352,7.5000,129.2251,291.6892,oscillation
11,175,2026-01-03 21:27:00,93.6301,2659.6707,118.6634,46.8844,38.3897,78.0296,56.4820,76.4285,21.5768,7.5000,132.0199,286.0993,oscillation
11,176,2026-01-03 21:30:00,94.6806,2685.5021,118.0079,52.3555,35.6382,78.6643,42.2537,76.4285,21.5768,7.5000,130.3188,293.4536,oscillation
11,177,2026-01-03 21:33:00,93.7157,2696.8291,118.5484,52.9484,36.3226,78.5095,42.2537,76.4285,21.5768,7.5000,130.0382,291.0605,oscillation
11,178,2026-01-03 21:36:00,93.1896,2710.5902,118.7615,53.0133,38.1787,77.9959,42.2537,76.4285,21.5768,7.5000,131.3684,296.5054,oscillation
11,179,2026-01-03 21:39:00,95.3111,2703.4982,119.0492,53.3571,38.1537,78.5857,42.2537,76.4285,21.5768,7.5000,133.4648,294.5293,oscillation
11,180,2026-01-03 21:42:00,92.8841,2690.7638,120.0894,55.7564,34.1914,79.3251,42.2537,76.4285,21.5768,7.5000,127.0755,301.9321,oscillation
11,181,2026-01-03 21:45:00,92.5264,2693.9803,120.5514,53.6645,33.3328,79.5814,42.2537,76.4285,25.8204,7.5000,125.8591,282.9975,oscillation
11,182,2026-01-03 21:48:00,93.5549,2679.8538,119.7946,51.9471,32.7333,79.9081,42.2537,76.4285,25.8204,7.5000,126.2882,286.1774,oscillation
11,183,2026-01-03 21:51:00,95.6498,2675.8546,120.1578,49.0403,35.3691,79.8507,42.2537,76.4285,25.8204,7.5000,131.0189,289.4385,oscillation
11,184,2026-01-03 21:54:00,95.6378,2681.6076,118.9738,50.1181,37.7252,79.5218,42.2537,76.4285,25.8204,7.5000,133.3630,291.0500,oscillation
11,185,2026-01-03 21:57:00,98.7953,2681.2878,118.8227,53.0388,37.9507,80.3029,42.2537,76.4285,25.8204,7.5000,136.7460,295.0125,oscillation
11,186,2026-01-03 22:00:00,98.6212,2690.9711,119.1678,54.2630,39.7709,79.8117,42.2537,76.4285,25.8204,7.5000,138.3922,302.8754,oscillation
11,187,2026-01-03 22:03:00,101.9027,2704.6809,118.6745,57.6814,42.4941,79.4066,42.2537,76.4285,28.1270,7.5000,144.3967,304.5453,oscillation
11,188,2026-01-03 22:06:00,101.1765,2718.1571,119.5350,57.2999,40.2289,79.7266,42.2537,76.4285,28.1270,7.5000,141.4054,317.4308,oscillation
11,189,2026-01-03 22:09:00,97.1983,2730.1528,119.6544,55.3326,40.5927,79.7799,42.2537,76.4285,28.1270,7.5000,137.7910,308.0850,oscillation
11,190,2026-01-03 22:12:00,97.4250,2739.5396,119.6782,56.4254,41.2840,79.6788,42.2537,76.4285,28.1270,7.5000,138.7090,311.1712,oscillation
11,191,2026-01-03 22:15:00,99.7653,2729.2644,119.9161,54.9538,41.9270,79.7999,42.2537,76.4285,28.1270,7.5000,141.6923,311.5780,oscillation
11,192,2026-01-03 22:18:00,98.9665,2735.0013,120.0741,53.1367,41.6883,79.8324,42.2537,76.4285,28.1270,7.5000,140.6548,314.4862,oscillation
11,193,2026-01-03 22:21:00,92.4983,2733.5240,119.5483,47.7343,41.3487,80.2195,42.2537,76.4285,29.9147,7.5000,133.8470,307.4347,oscillation
11,194,2026-01-03 22:24:00,93.2284,2707.9288,119.3753,44.6245,42.1143,79.9458,42.2537,76.4285,29.9147,7.5000,135.3426,312.7131,oscillation
11,195,2026-01-03 22:27:00,97.9215,2690.2579,120.3209,40.8808,41.0561,79.0596,42.2537,76.4285,29.9147,7.5000,138.9777,308.4291,oscillation
11,196,2026-01-03 22:30:00,95.5623,2688.2578,119.0089,37.9355,42.2295,79.0630,42.2537,76.4285,29.9147,7.5000,137.7918,308.2980,oscillation
11,197,2026-01-03 22:33:00,94.9963,2691.2206,117.7093,41.3918,44.9319,79.8348,42.2537,76.4285,29.9147,7.5000,139.9282,313.9650,oscillation
11,198,2026-01-03 22:36:00,91.4040,2700.6222,118.4636,41.6619,41.6855,79.2564,42.2537,76.4285,29.9147,7.5000,133.0896,321.6600,oscillation
11,199,2026-01-03 22:39:00,92.3872,2694.1835,118.7208,49.7615,42.9587,78.5838,42.2537,76.4285,28.7764,7.5000,135.3460,312.2585,oscillation
11,200,2026-01-03 22:42:00,95.3679,2685.4416,120.0142,49.6745,40.2050,79.0432,42.2537,76.4285,28.7764,7.5000,135.5729,313.2597,oscillation
11,201,2026-01-03 22:45:00,92.6294,2687.4654,119.4288,52.1989,38.0677,79.4180,31.1108,58.8889,28.7764,7.5000,130.6971,306.9929,oscillation
11,202,2026-01-03 22:48:00,91.8389,2711.0807,118.9480,53.7780,36.4394,79.4200,31.1108,58.8889,28.7764,7.5000,128.2783,298.4083,oscillation
11,203,2026-01-03 22:51:00,85.5724,2714.3596,119.1935,54.8007,38.0061,79.5755,31.1108,58.8889,28.7764,7.5000,123.5785,301.1613,oscillation
11,204,2026-01-03 22:54:00,84.4470,2714.7161,119.0549,50.8163,40.1772,79.0035,31.1108,58.8889,28.7764,7.5000,124.6243,298.7105,oscillation
11,205,2026-01-03 22:57:00,83.4923,2690.0714,118.4018,45.0426,42.0893,78.7682,31.1108,58.8889,27.1524,7.5000,125.5816,314.0493,oscillation
11,206,2026-01-03 23:00:00,84.8852,2668.4091,118.3793,44.6917,41.2903,79.3135,31.1108,58.8889,27.1524,7.5000,126.1755,317.9984,oscillation
11,207,2026-01-03 23:03:00,82.1638,2661.6890,117.2858,45.6069,40.1120,79.0808,31.1108,58.8889,27.1524,7.5000,122.2758,317.1082,oscillation
11,208,2026-01-03 23:06:00,84.5053,2653.7976,117.0268,41.5381,40.9699,78.9987,31.1108,58.8889,27.1524,7.5000,125.4752,306.9691,oscillation
11,209,2026-01-03 23:09:00,87.4962,2642.9914,116.5655,41.5994,41.8041,78.0431,31.1108,58.8889,27.1524,7.5000,129.3003,311.9426,oscillation
11,210,2026-01-03 23:12:00,87.2748,2654.3243,116.7770,43.5156,40.6166,77.7097,31.1108,58.8889,27.1524,7.5000,127.8914,315.0202,oscillation
11,211,2026-01-03 23:15:00,88.3767,2671.1927,116.6310,55.6969,41.3018,78.3046,31.1108,58.8889,21.7840,7.5000,129.6784,314.0982,oscillation
11,212,2026-01-03 23:18:00,89.7224,2674.1392,116.9882,53.7191,43.1191,77.8092,31.1108,58.8889,21.7840,7.5000,132.8414,315.5340,oscillation
11,213,2026-01-03 23:21:00,89.8836,2687.9553,117.6496,51.9864,39.1321,77.6640,31.1108,58.8889,21.7840,7.5000,129.0157,313.4644,oscillation
11,214,2026-01-03 23:24:00,88.8727,2692.6581,118.3167,49.0243,37.5361,77.4945,31.1108,58.8889,21.7840,7.5000,126.4087,304.8420,oscillation
11,215,2026-01-03 23:27:00,89.7263,2701.1265,118.8734,47.3085,36.6024,78.0543,31.1108,58.8889,21.7840,7.5000,126.3287,300.6438,oscillation
11,216,2026-01-03 23:30:00,93.6803,2711.4431,118.2723,42.0843,39.4214,77.6171,31.1108,58.8889,21.7840,7.5000,133.1018,296.2899,oscillation
11,217,2026-01-03 23:33:00,92.4898,2700.0919,117.4888,36.7721,43.1257,78.1900,31.1108,58.8889,25.4649,7.5000,135.6155,307.7548,oscillation
11,218,2026-01-03 23:36:00,91.9666,2691.1232,118.0925,34.1338,39.9053,77.9353,31.1108,58.8889,25.4649,7.5000,131.8718,318.5615,oscillation
11,219,2026-01-03 23:39:00,92.1226,2679.2606,118.6049,39.5205,38.2088,77.8196,31.1108,58.8889,25.4649,7.5000,130.3314,314.5455,oscillation
11,220,2026-01-03 23:42:00,94.8452,2674.8114,118.9904,41.9214,38.0547,78.3196,31.1108,58.8889,25.4649,7.5000,132.8999,301.8623,oscillation
11,221,2026-01-03 23:45:00,98.0378,2679.5482,118.5182,45.5122,38.8957,78.9483,31.1108,58.8889,25.4649,7.5000,136.9334,301.3595,oscillation
11,222,2026-01-03 23:48:00,95.5997,2688.5591,118.1612,45.8628,42.9916,78.8910,31.1108,58.8889,25.4649,7.5000,138.5913,308.8440,oscillation
11,223,2026-01-03 23:51:00,97.3709,2699.9365,118.4593,46.5364,42.1403,78.4198,31.1108,58.8889,28.4060,7.5000,139.5112,313.7171,oscillation
11,224,2026-01-03 23:54:00,98.7245,2706.7437,119.2473,50.3369,40.7538,79.0546,31.1108,58.8889,28.4060,7.5000,139.4783,311.2969,oscillation
11,225,2026-01-03 23:57:00,93.4523,2709.5673,119.3928,50.0190,39.6686,79.1043,31.1108,58.8889,28.4060,7.5000,133.1209,309.3362,oscillation
11,226,2026-01-04 00:00:00,97.9760,2721.1755,120.1287,52.3977,39.7482,79.4627,48.5998,58.8889,28.4060,7.5000,137.7243,308.2840,oscillation
11,227,2026-01-04 00:03:00,96.1673,2710.0627,120.0044,55.1661,40.3956,80.0866,48.5998,58.8889,28.4060,7.5000,136.5629,299.0472,oscillation
11,228,2026-01-04 00:06:00,102.0858,2721.5055,120.4516,51.3056,38.0849,79.8609,48.5998,58.8889,28.4060,7.5000,140.1707,300.3732,oscillation
11,229,2026-01-04 00:09:00,98.7777,2706.2868,119.1753,55.9103,39.4980,80.2322,48.5998,58.8889,29.0477,7.5000,138.2757,291.2774,oscillation
11,230,2026-01-04 00:12:00,101.4925,2715.9029,118.9855,53.3320,42.7813,80.4893,48.5998,58.8889,29.0477,7.5000,144.2738,304.4175,oscillation
11,231,2026-01-04 00:15:00,101.6679,2700.5677,118.7141,54.7427,43.4741,80.0911,48.5998,58.8889,29.0477,7.5000,145.1420,314.4759,oscillation
11,232,2026-01-04 00:18:00,105.8129,2703.0449,119.7754,53.1946,43.2012,80.4261,48.5998,58.8889,29.0477,7.5000,149.0141,312.9785,oscillation
11,233,2026-01-04 00:21:00,107.4481,2705.2617,118.9849,52.8907,44.0856,79.7266,48.5998,58.8889,29.0477,7.5000,151.5336,312.9652,oscillation
11,234,2026-01-04 00:24:00,107.5457,2719.1317,119.2287,50.7787,44.8691,80.4966,48.5998,58.8889,29.0477,7.5000,152.4148,319.2611,oscillation
11,235,2026-01-04 00:27:00,103.0306,2719.0672,119.7382,50.2627,43.5897,79.7006,48.5998,58.8889,34.5864,7.5000,146.6203,325.5936,oscillation
11,236,2026-01-04 00:30:00,111.3588,2724.6123,121.0510,56.8977,40.2917,80.3140,48.5998,58.8889,34.5864,7.5000,151.6505,317.8679,oscillation
11,237,2026-01-04 00:33:00,110.9839,2724.4418,121.0494,60.2102,40.6893,80.6450,48.5998,58.8889,34.5864,7.5000,151.6732,302.7299,oscillation
11,238,2026-01-04 00:36:00,110.9935,2753.0092,121.0771,60.3141,40.7851,81.7109,48.5998,58.8889,34.5864,7.5000,151.7787,308.0504,oscillation
11,239,2026-01-04 00:39:00,107.5333,2753.0533,121.1143,60.7601,36.5349,81.6253,48.5998,58.8889,34.5864,7.5000,144.0682,308.9480,oscillation
11,240,2026-01-04 00:42:00,107.8225,2755.1505,122.4011,60.5298,37.3491,81.7361,48.5998,58.8889,34.5864,7.5000,145.1715,292.0237,oscillation
11,241,2026-01-04 00:45:00,110.8283,2720.3840,122.2294,52.6200,38.4665,80.8791,48.5998,21.0647,37.4837,7.5000,149.2948,287.2803,oscillation
11,242,2026-01-04 00:48:00,110.9397,2715.6101,122.0248,46.3775,38.5661,81.8215,48.5998,21.0647,37.4837,7.5000,149.5058,293.9518,oscillation
11,243,2026-01-04 00:51:00,109.3544,2725.6763,121.0660,44.0537,40.8745,81.3509,48.5998,21.0647,37.4837,7.5000,150.2290,288.3070,oscillation
11,244,2026-01-04 00:54:00,111.0737,2715.8208,120.5714,47.9007,45.1244,81.7447,48.5998,21.0647,37.4837,7.5000,156.1981,297.2306,oscillation
11,245,2026-01-04 00:57:00,110.3828,2708.2981,121.0770,50.9763,45.6488,81.1958,48.5998,21.0647,37.4837,7.5000,156.0316,312.3057,oscillation
11,246,2026-01-04 01:00:00,108.7666,2716.6566,121.0153,53.2743,44.7088,81.2414,48.5998,21.0647,37.4837,7.5000,153.4754,317.0455,oscillation
11,247,2026-01-04 01:03:00,108.1722,2717.9207,121.0492,52.3754,43.9746,81.5721,48.5998,21.0647,36.6626,7.5000,152.1468,309.5180,oscillation
11,248,2026-01-04 01:06:00,110.6172,2724.9254,121.8139,54.1968,40.1867,81.3414,48.5998,21.0647,36.6626,7.5000,150.8039,307.2119,oscillation
11,249,2026-01-04 01:09:00,105.6677,2729.9166,121.6886,55.6016,41.3955,81.5242,48.5998,21.0647,36.6626,7.5000,147.0631,298.6351,oscillation
11,250,2026-01-04 01:12:00,105.2305,2744.9621,121.5294,48.5500,42.4575,81.0471,48.5998,21.0647,36.6626,7.5000,147.6880,305.3282,oscillation
11,251,2026-01-04 01:15:00,103.8914,2732.4802,121.1253,47.3482,40.8050,81.1288,44.9853,21.0647,36.6626,7.5000,144.6964,301.4217,oscillation
11,252,2026-01-04 01:18:00,103.7540,2718.7113,121.4713,45.3482,42.0045,80.8078,44.9853,21.0647,36.6626,7.5000,145.7585,297.5366,oscillation
11,253,2026-01-04 01:21:00,104.1401,2717.7164,121.0862,44.0965,38.3789,80.8605,44.9853,21.0647,34.0444,7.5000,142.5190,305.4818,oscillation
11,254,2026-01-04 01:24:00,105.7091,2710.0962,121.1919,44.3644,39.5133,81.2091,44.9853,21.0647,34.0444,7.5000,145.2224,291.0031,oscillation
11,255,2026-01-04 01:27:00,106.0726,2697.7964,120.3729,39.4687,42.5070,80.4766,44.9853,21.0647,34.0444,7.5000,148.5796,290.4359,oscillation
11,256,2026-01-04 01:30:00,107.1406,2693.7953,120.5754,38.8191,41.4971,80.5882,44.9853,21.0647,34.0444,7.5000,148.6376,301.7048,oscillation
11,257,2026-01-04 01:33:00,103.5768,2702.0968,120.6564,44.7087,41.6274,80.5146,44.9853,21.0647,34.0444,7.5000,145.2042,309.3934,oscillation
11,258,2026-01-04 01:36:00,99.5624,2707.8638,119.8635,48.4601,44.2393,80.9744,44.9853,21.0647,34.0444,7.5000,143.8016,306.5364,oscillation
11,259,2026-01-04 01:39:00,99.3354,2698.6960,120.1209,49.5093,44.0129,80.8353,44.9853,21.0647,34.7845,7.5000,143.3483,314.5585,oscillation
11,260,2026-01-04 01:42:00,95.5189,2693.9168,121.1980,49.0554,41.7408,80.7978,44.9853,21.0647,34.7845,7.5000,137.2597,316.3865,oscillation
11,261,2026-01-04 01:45:00,95.5688,2702.3255,121.0777,49.5156,38.9984,80.5788,44.9853,21.0647,34.7845,7.5000,134.5672,303.6673,oscillation
11,262,2026-01-04 01:48:00,94.1378,2687.9212,120.1802,50.2264,39.8658,80.9861,44.9853,21.0647,34.7845,7.5000,134.0036,296.2682,oscillation
11,263,2026-01-04 01:51:00,97.2993,2693.8397,120.1627,55.5719,39.1044,80.9616,44.9853,21.0647,34.7845,7.5000,136.4036,290.7420,oscillation
11,264,2026-01-04 01:54:00,98.0070,2685.9972,119.4835,58.5315,37.0601,80.3521,44.9853,21.0647,34.7845,7.5000,135.0671,294.0222,oscillation
11,265,2026-01-04 01:57:00,101.0186,2683.2289,119.5767,51.1188,37.7332,80.1201,44.9853,21.0647,26.9543,7.5000,138.7518,287.9133,oscillation
11,266,2026-01-04 02:00:00,100.2419,2678.0416,119.9718,45.8394,35.7546,79.0964,44.9853,21.0647,26.9543,7.5000,135.9964,290.8061,oscillation
11,267,2026-01-04 02:03:00,101.3487,2672.2280,120.1716,41.0287,37.1108,78.9439,44.9853,21.0647,26.9543,7.5000,138.4595,275.4779,oscillation
11,268,2026-01-04 02:06:00,98.4816,2667.3093,120.7355,43.1448,35.7998,79.0943,44.9853,21.0647,26.9543,7.5000,134.2814,280.1134,oscillation
11,269,2026-01-04 02:09:00,97.7406,2667.7934,120.6194,46.2647,36.8639,79.5934,44.9853,21.0647,26.9543,7.5000,134.6044,282.8944,oscillation
11,270,2026-01-04 02:12:00,96.6215,2659.1668,120.7262,47.3813,37.2699,79.8842,44.9853,21.0647,26.9543,7.5000,133.8914,284.1579,oscillation
11,271,2026-01-04 02:15:00,97.8416,2660.0461,120.8863,51.7381,36.6551,80.2942,44.9853,21.0647,29.2140,7.5000,134.4967,279.5108,oscillation
11,272,2026-01-04 02:18:00,98.6913,2674.1736,120.2810,48.3142,35.8990,80.3872,44.9853,21.0647,29.2140,7.5000,134.5904,284.0124,oscillation
11,273,2026-01-04 02:21:00,97.8320,2682.2041,120.6873,50.4126,33.7742,80.4232,44.9853,21.0647,29.2140,7.5000,131.6062,285.1292,oscillation
11,274,2026-01-04 02:24:00,102.2002,2699.4875,120.9179,51.4351,33.6094,79.5480,44.9853,21.0647,29.2140,7.5000,135.8095,277.0864,oscillation
11,275,2026-01-04 02:27:00,100.7740,2696.4436,120.5384,51.2058,35.2039,79.3813,44.9853,21.0647,29.2140,7.5000,135.9778,274.0874,oscillation
11,276,2026-01-04 02:30:00,101.9924,2708.7288,120.9038,51.1753,34.5831,79.9337,34.9787,21.0647,29.2140,7.5000,136.5756,280.2156,oscillation
11,277,2026-01-04 02:33:00,102.1922,2703.1690,120.1440,47.2884,36.5525,79.7913,34.9787,21.0647,32.0204,7.5000,138.7447,279.7366,oscillation
11,278,2026-01-04 02:36:00,101.4813,2695.2487,120.7025,48.8178,37.7362,80.1967,34.9787,21.0647,32.0204,7.5000,139.2175,290.3549,oscillation
11,279,2026-01-04 02:39:00,104.4799,2683.6447,121.2066,50.6256,35.0177,80.1158,34.9787,21.0647,32.0204,7.5000,139.4976,290.7186,oscillation
11,280,2026-01-04 02:42:00,102.3077,2665.8168,121.6776,49.0289,33.3392,80.6983,34.9787,21.0647,32.0204,7.5000,135.6469,277.4234,oscillation
11,281,2026-01-04 02:45:00,102.8037,2687.2161,122.0460,46.5738,30.8381,80.4126,34.9787,54.1853,32.0204,7.5000,133.6418,284.2666,oscillation
11,282,2026-01-04 02:48:00,102.5606,2688.6942,121.8836,47.8081,33.3060,80.8116,34.9787,54.1853,32.0204,7.5000,135.8665,272.6086,oscillation
11,283,2026-01-04 02:51:00,100.6016,2698.6958,121.9580,43.8232,33.6617,80.3532,34.9787,54.1853,33.7975,7.5000,134.2633,283.4387,oscillation
11,284,2026-01-04 02:54:00,97.9067,2705.9691,121.8736,41.2012,35.0301,79.9829,34.9787,54.1853,33.7975,7.5000,132.9368,286.3860,oscillation
11,285,2026-01-04 02:57:00,99.2635,2708.6104,121.6043,49.0386,34.4929,80.7665,34.9787,54.1853,33.7975,7.5000,133.7564,281.8380,oscillation
11,286,2026-01-04 03:00:00,101.3025,2716.1395,121.1865,49.5739,36.1642,80.5324,34.9787,54.1853,33.7975,7.5000,137.4667,284.3837,oscillation
11,287,2026-01-04 03:03:00,101.8672,2716.1081,120.2444,51.3812,37.7563,80.8604,34.9787,54.1853,33.7975,7.5000,139.6235,293.5328,oscillation
11,288,2026-01-04 03:06:00,99.6832,2728.9953,120.5708,53.6647,35.3278,80.8438,34.9787,54.1853,33.7975,7.5000,135.0110,294.7501,oscillation
11,289,2026-01-04 03:09:00,97.0532,2726.5513,120.1389,47.2514,38.5648,79.9690,34.9787,54.1853,31.1286,7.5000,135.6179,292.4659,oscillation
11,290,2026-01-04 03:12:00,99.3210,2704.8215,119.8784,44.4111,40.8355,79.9188,34.9787,54.1853,31.1286,7.5000,140.1565,301.8878,oscillation
11,291,2026-01-04 03:15:00,96.9286,2688.6576,120.8536,44.8846,38.3757,80.1064,34.9787,54.1853,31.1286,7.5000,135.3044,310.6370,oscillation
11,292,2026-01-04 03:18:00,95.3901,2682.9137,120.6820,49.2928,37.2578,79.9463,34.9787,54.1853,31.1286,7.5000,132.6479,300.1806,oscillation
11,293,2026-01-04 03:21:00,96.3567,2678.1529,120.2063,45.1713,36.1001,80.3860,34.9787,54.1853,31.1286,7.5000,132.4568,295.1397,oscillation
11,294,2026-01-04 03:24:00,98.1838,2677.4391,120.3087,46.7779,38.7664,80.3312,34.9787,54.1853,31.1286,7.5000,136.9502,295.8058,oscillation
11,295,2026-01-04 03:27:00,97.0640,2688.9012,119.8615,50.7020,39.0343,80.0578,34.9787,54.1853,28.5126,7.5000,136.0983,299.1483,oscillation
11,296,2026-01-04 03:30:00,98.9332,2692.0482,119.5415,56.0271,39.5918,80.2975,34.9787,54.1853,28.5126,7.5000,138.5250,300.5577,oscillation
11,297,2026-01-04 03:33:00,99.4750,2698.3740,120.4786,54.4047,35.5251,80.3367,34.9787,54.1853,28.5126,7.5000,135.0001,304.9155,oscillation
11,298,2026-01-04 03:36:00,97.5142,2708.3669,120.5145,50.8265,35.2079,79.6485,34.9787,54.1853,28.5126,7.5000,132.7221,283.1724,oscillation
11,299,2026-01-04 03:39:00,97.0355,2712.8832,120.5106,55.5690,35.2466,79.9208,34.9787,54.1853,28.5126,7.5000,132.2821,286.9827,oscillation
11,300,2026-01-04 03:42:00,96.6241,2710.4163,120.9386,51.3353,34.4883,80.2772,34.9787,54.1853,28.5126,7.5000,131.1124,286.1174,oscillation
12,1,2026-01-03 18:45:00,103.5561,2711.0620,119.8530,49.5658,42.0057,80.1615,69.2869,79.8813,30.4735,7.5000,145.5618,304.9309,noise_burst
12,2,2026-01-03 18:48:00,104.3411,2711.1279,120.0083,50.1289,42.2193,80.0323,69.2869,79.8813,30.4735,7.5000,146.5604,303.3312,noise_burst
12,3,2026-01-03 18:51:00,100.8720,2709.7086,119.9801,49.0826,41.5971,79.5203,69.2869,79.8813,30.4735,7.5000,142.4691,315.4117,noise_burst
12,4,2026-01-03 18:54:00,103.3843,2708.4908,119.7819,49.9038,42.8563,79.9639,69.2869,79.8813,30.4735,7.5000,146.2406,306.1877,noise_burst
12,5,2026-01-03 18:57:00,100.0178,2698.9906,120.3796,49.8896,40.3541,80.2930,69.2869,79.8813,30.4735,7.5000,140.3719,308.7324,noise_burst
12,6,2026-01-03 19:00:00,98.4531,2710.8480,120.3476,50.5564,40.9721,80.2474,69.2869,79.8813,30.4735,7.5000,139.4251,298.8499,noise_burst
12,7,2026-01-03 19:03:00,98.6623,2702.8969,119.6106,46.4802,40.2172,79.4446,69.2869,79.8813,30.7604,7.5000,138.8795,297.6353,noise_burst
12,8,2026-01-03 19:06:00,101.2788,2703.3916,120.4101,51.6790,40.5208,80.0338,69.2869,79.8813,30.7604,7.5000,141.7996,293.7467,noise_burst
12,9,2026-01-03 19:09:00,101.7796,2709.7383,119.4185,50.5523,42.6408,79.4006,69.2869,79.8813,30.7604,7.5000,144.4204,299.3300,noise_burst
12,10,2026-01-03 19:12:00,99.1418,2708.0228,118.6547,49.5669,44.9022,79.7613,69.2869,79.8813,30.7604,7.5000,144.0440,300.6628,noise_burst
12,11,2026-01-03 19:15:00,102.8535,2709.1372,118.7943,53.3679,42.9206,80.5116,69.2869,79.8813,30.7604,7.5000,145.7741,321.5686,noise_burst
12,12,2026-01-03 19:18:00,104.0627,2700.6052,119.6148,55.8885,41.9743,80.1452,69.2869,79.8813,30.7604,7.5000,146.0370,308.8617,noise_burst
12,13,2026-01-03 19:21:00,104.0823,2712.4858,120.1763,50.4055,42.3861,79.5029,69.2869,79.8813,28.6792,7.5000,146.4684,305.0064,noise_burst
12,14,2026-01-03 19:24:00,105.0961,2715.8921,119.3305,50.7277,42.3516,80.0584,69.2869,79.8813,28.6792,7.5000,147.4478,307.3102,noise_burst
12,15,2026-01-03 19:27:00,107.0146,2722.1119,119.9165,49.4576,41.8517,79.8814,69.2869,79.8813,28.6792,7.5000,148.8663,312.1293,noise_burst
12,16,2026-01-03 19:30:00,104.3749,2725.9247,120.0609,50.9072,42.9611,79.9794,69.2869,79.8813,28.6792,7.5000,147.3360,304.3582,noise_burst
12,17,2026-01-03 19:33:00,105.2729,2730.5237,120.0907,50.4178,43.4576,79.9142,69.2869,79.8813,28.6792,7.5000,148.7305,313.1363,noise_burst
12,18,2026-01-03 19:36:00,104.9645,2722.1008,120.4499,55.1791,43.6145,80.9487,69.2869,79.8813,28.6792,7.5000,148.5790,313.4229,noise_burst
12,19,2026-01-03 19:39:00,101.6154,2725.3056,120.5812,61.4372,41.9926,81.3754,69.2869,79.8813,31.7914,7.5000,143.6080,309.0057,noise_burst
12,20,2026-01-03 19:42:00,101.4938,2727.8143,120.0952,65.1007,43.7157,81.6652,69.2869,79.8813,31.7914,7.5000,145.2095,305.9970,noise_burst
12,21,2026-01-03 19:45:00,99.2787,2717.1957,120.0727,62.2137,43.8950,81.8841,69.2869,79.8813,31.7914,7.5000,143.1738,318.0067,noise_burst
12,22,2026-01-03 19:48:00,95.8169,2701.1436,120.2072,60.5624,42.6881,81.2252,69.2869,79.8813,31.7914,7.5000,138.5050,316.6845,noise_burst
12,23,2026-01-03 19:51:00,94.8324,2697.3813,119.9283,62.7115,40.7789,81.1184,69.2869,79.8813,31.7914,7.5000,135.6113,305.7343,noise_burst
12,24,2026-01-03 19:54:00,100.4949,2688.0679,119.2296,62.3877,43.4498,81.4534,69.2869,79.8813,31.7914,7.5000,143.9447,298.9300,noise_burst
12,25,2026-01-03 19:57:00,97.0289,2691.1209,119.4890,60.3564,40.5561,80.8551,69.2869,79.8813,25.3963,7.5000,137.5850,309.6304,noise_burst
12,26,2026-01-03 20:00:00,90.7589,2700.7276,118.4170,59.6593,39.8704,80.1923,41.7935,79.8813,25.3963,7.5000,130.6294,304.9087,noise_burst
12,27,2026-01-03 20:03:00,91.0269,2692.6510,118.8630,55.4668,39.2226,80.4514,41.7935,79.8813,25.3963,7.5000,130.2495,305.6054,noise_burst
12,28,2026-01-03 20:06:00,94.1087,2695.1187,118.7001,56.9126,40.6628,79.2785,41.7935,79.8813,25.3963,7.5000,134.7715,307.7083,noise_burst
12,29,2026-01-03 20:09:00,92.0910,2696.8230,117.9249,56.9692,43.0841,79.1597,41.7935,79.8813,25.3963,7.5000,135.1750,310.7856,noise_burst
12,30,2026-01-03 20:12:00,93.2892,2691.9419,118.3198,52.0879,41.1718,79.6193,41.7935,79.8813,25.3963,7.5000,134.4610,318.7620,noise_burst
12,31,2026-01-03 20:15:00,92.1105,2699.7408,118.5031,52.1263,40.1546,79.1394,41.7935,79.8813,27.8444,7.5000,132.2651,311.3212,noise_burst
12,32,2026-01-03 20:18:00,87.5029,2694.5052,118.6918,50.3996,40.8275,79.1089,41.7935,79.8813,27.8444,7.5000,128.3303,306.0734,noise_burst
12,33,2026-01-03 20:21:00,88.4406,2692.6111,119.0770,52.5124,39.8316,78.7891,41.7935,79.8813,27.8444,7.5000,128.2722,314.2005,noise_burst
12,34,2026-01-03 20:24:00,86.1987,2687.5345,118.5938,50.4903,41.1690,79.2267,41.7935,79.8813,27.8444,7.5000,127.3677,306.2347,noise_burst
12,35,2026-01-03 20:27:00,85.9260,2686.5808,118.1613,51.7498,42.7398,79.3928,41.7935,79.8813,27.8444,7.5000,128.6658,312.1404,noise_burst
12,36,2026-01-03 20:30:00,93.2535,2686.1118,117.3497,53.3365,43.1935,79.4875,41.7935,79.8813,27.8444,7.5000,136.4469,313.0797,noise_burst
12,37,2026-01-03 20:33:00,97.0835,2680.9598,117.1069,49.6761,43.6063,78.9613,41.7935,79.8813,23.2572,7.5000,140.6898,316.9243,noise_burst
12,38,2026-01-03 20:36:00,100.2126,2697.4396,117.4389,42.8862,42.0397,77.8210,41.7935,79.8813,23.2572,7.5000,142.2523,320.4013,noise_burst
12,39,2026-01-03 20:39:00,99.4873,2705.6479,117.8681,41.9687,38.7542,77.3029,41.7935,79.8813,23.2572,7.5000,138.2414,314.6660,noise_burst
12,40,2026-01-03 20:42:00,96.9061,2713.3843,119.2024,44.9438,37.3925,78.3088,41.7935,79.8813,23.2572,7.5000,134.2985,306.4116,noise_burst
12,41,2026-01-03 20:45:00,99.1172,2715.4421,119.6923,42.8242,39.6603,77.8051,41.7935,76.2005,23.2572,7.5000,138.7775,303.9249,noise_burst
12,42,2026-01-03 20:48:00,98.9449,2715.9238,119.9414,41.6710,40.1640,78.5023,41.7935,76.2005,23.2572,7.5000,139.1089,301.8002,noise_burst
12,43,2026-01-03 20:51:00,102.9871,2723.8735,119.3542,47.0067,42.8906,79.6867,41.7935,76.2005,29.6583,7.5000,145.8777,306.4999,noise_burst
12,44,2026-01-03 20:54:00,105.5345,2726.3674,118.2827,52.3008,44.8790,79.8870,41.7935,76.2005,29.6583,7.5000,150.4134,324.2653,noise_burst
12,45,2026-01-03 20:57:00,108.1466,2727.1969,119.1033,49.4107,43.2741,80.1325,41.7935,76.2005,29.6583,7.5000,151.4207,326.9785,noise_burst
12,46,2026-01-03 21:00:00,112.9970,2742.8023,119.9670,52.2013,41.1818,79.7172,41.7935,76.2005,29.6583,7.5000,154.1788,325.0541,noise_burst
12,47,2026-01-03 21:03:00,109.1007,2754.1711,119.9595,47.9550,42.2825,79.5308,41.7935,76.2005,29.6583,7.5000,151.3833,309.6859,noise_burst
12,48,2026-01-03 21:06:00,106.5560,2762.5414,120.5870,47.2613,44.5931,80.0280,41.7935,76.2005,29.6583,7.5000,151.1491,315.7980,noise_burst
12,49,2026-01-03 21:09:00,103.6388,2754.9041,120.8948,49.8534,42.5021,80.7947,41.7935,76.2005,38.3555,7.5000,146.1409,324.3761,noise_burst
12,50,2026-01-03 21:12:00,104.0922,2745.3729,121.6624,50.6707,44.1150,81.2030,41.7935,76.2005,38.3555,7.5000,148.2072,319.8736,noise_burst
12,51,2026-01-03 21:15:00,104.5016,2734.9686,121.2853,51.0474,44.8407,81.2161,48.7005,76.2005,38.3555,7.5000,149.3423,320.1903,noise_burst
12,52,2026-01-03 21:18:00,110.1851,2726.6573,120.7442,44.7072,42.0422,81.1675,48.7005,76.2005,38.3555,7.5000,152.2273,316.6716,noise_burst
12,53,2026-01-03 21:21:00,103.8763,2727.4465,120.9805,47.3581,40.7727,81.2593,48.7005,76.2005,38.3555,7.5000,144.6490,316.8476,noise_burst
12,54,2026-01-03 21:24:00,98.6748,2743.0365,120.7654,46.9617,39.9558,81.0952,48.7005,76.2005,38.3555,7.5000,138.6306,302.5668,noise_burst
12,55,2026-01-03 21:27:00,98.7840,2724.9137,121.1335,46.8067,39.6862,80.6372,48.7005,76.2005,37.0169,7.5000,138.4702,302.6567,noise_burst
12,56,2026-01-03 21:30:00,97.4066,2724.1872,121.9514,52.1386,41.9085,80.8411,48.7005,76.2005,37.0169,7.5000,139.3150,308.1863,noise_burst
12,57,2026-01-03 21:33:00,100.0576,2716.8375,119.4396,52.1686,45.8044,81.0896,48.7005,76.2005,37.0169,7.5000,145.8621,309.3201,noise_burst
12,58,2026-01-03 21:36:00,102.7045,2719.3177,118.9534,46.1394,45.1131,81.3774,48.7005,76.2005,37.0169,7.5000,147.8176,321.8457,noise_burst
12,59,2026-01-03 21:39:00,100.0943,2721.5640,118.4994,50.3107,45.9367,80.4967,48.7005,76.2005,37.0169,7.5000,146.0309,320.4040,noise_burst
12,60,2026-01-03 21:42:00,100.9526,2730.7600,118.7585,54.3831,44.5929,80.0761,48.7005,76.2005,37.0169,7.5000,145.5455,323.3136,noise_burst
12,61,2026-01-03 21:45:00,99.4544,2732.7753,118.5489,49.5129,45.8393,79.3914,48.7005,76.2005,31.1751,7.5000,145.2937,318.2267,noise_burst
12,62,2026-01-03 21:48:00,104.7856,2727.7016,118.5719,50.4893,47.5514,79.8082,48.7005,76.2005,31.1751,7.5000,152.3370,329.9370,noise_burst
12,63,2026-01-03 21:51:00,100.0890,2728.0174,118.8502,50.0697,46.3704,79.5795,48.7005,76.2005,31.1751,7.5000,146.4594,328.8640,noise_burst
12,64,2026-01-03 21:54:00,101.0020,2744.6071,118.6947,45.7858,46.5813,79.2595,48.7005,76.2005,31.1751,7.5000,147.5834,326.6892,noise_burst
12,65,2026-01-03 21:57:00,106.4450,2738.5320,118.8206,52.2685,46.4243,79.2762,48.7005,76.2005,31.1751,7.5000,152.8693,329.4421,noise_burst
12,66,2026-01-03 22:00:00,104.6856,2743.3016,119.5260,44.6146,47.4725,79.3695,48.7005,76.2005,31.1751,7.5000,152.1581,330.2489,noise_burst
12,67,2026-01-03 22:03:00,109.4960,2752.4248,118.2525,46.3671,49.9487,79.7742,48.7005,76.2005,32.0030,7.5000,159.4448,336.9607,noise_burst
12,68,2026-01-03 22:06:00,108.5013,2755.1282,118.9377,49.6126,48.6099,80.3288,48.7005,76.2005,32.0030,7.5000,157.1112,344.6214,noise_burst
12,69,2026-01-03 22:09:00,108.0049,2762.6110,119.2224,52.5113,48.4649,79.9380,48.7005,76.2005,32.0030,7.5000,156.4698,331.6716,noise_burst
12,70,2026-01-03 22:12:00,109.9673,2764.8859,119.4169,47.6897,50.2944,79.7656,48.7005,76.2005,32.0030,7.5000,160.2617,336.0384,noise_burst
12,71,2026-01-03 22:15:00,113.7106,2763.5052,119.8065,50.6307,49.3485,80.7979,48.7005,76.2005,32.0030,7.5000,163.0591,340.8498,noise_burst
12,72,2026-01-03 22:18:00,113.8756,2769.8678,119.9298,46.5464,50.9149,80.5889,48.7005,76.2005,32.0030,7.5000,164.7905,344.7690,noise_burst
12,73,2026-01-03 22:21:00,114.2154,2770.6731,119.5313,51.4133,49.0699,81.1405,48.7005,76.2005,36.0480,7.5000,163.2853,343.9609,noise_burst
12,74,2026-01-03 22:24:00,109.9043,2772.1080,120.4906,48.2215,48.4101,80.5075,48.7005,76.2005,36.0480,7.5000,158.3143,335.1172,noise_burst
12,75,2026-01-03 22:27:00,112.1195,2774.2960,120.4405,44.7016,49.7017,80.2402,48.7005,76.2005,36.0480,7.5000,161.8212,333.3397,noise_burst
12,76,2026-01-03 22:30:00,109.3461,2763.4335,120.9027,45.0761,48.2091,80.6035,44.0074,76.2005,36.0480,7.5000,157.5553,334.4802,noise_burst
12,77,2026-01-03 22:33:00,107.1332,2774.8088,120.7813,44.8206,46.5080,81.1639,44.0074,76.2005,36.0480,7.5000,153.6412,332.1855,noise_burst
12,78,2026-01-03 22:36:00,107.2795,2763.2851,119.8388,43.2690,48.8577,81.2391,44.0074,76.2005,36.0480,7.5000,156.1371,336.0499,noise_burst
12,79,2026-01-03 22:39:00,106.4882,2758.4583,120.3987,45.9582,49.3378,81.5763,44.0074,76.2005,35.4125,7.5000,155.8260,343.3758,noise_burst
12,80,2026-01-03 22:42:00,104.1211,2758.0391,119.9618,44.0437,48.1965,80.3104,44.0074,76.2005,35.4125,7.5000,152.3176,343.3227,noise_burst
12,81,2026-01-03 22:45:00,107.5437,2731.8166,119.6871,46.2042,47.8590,81.2237,44.0074,20.6876,35.4125,7.5000,155.4027,329.1562,noise_burst
12,82,2026-01-03 22:48:00,109.3206,2727.7359,119.4164,44.0114,48.6026,80.2741,44.0074,20.6876,35.4125,7.5000,157.9231,329.2421,noise_burst
12,83,2026-01-03 22:51:00,108.6059,2737.2902,119.5837,47.6936,46.4520,80.5173,44.0074,20.6876,35.4125,7.5000,155.0579,331.8808,noise_burst
12,84,2026-01-03 22:54:00,113.7114,2731.6497,119.2251,52.0084,49.5867,80.9104,44.0074,20.6876,35.4125,7.5000,163.2981,327.1116,noise_burst
12,85,2026-01-03 22:57:00,108.6114,2725.4931,120.5169,58.0138,44.1316,81.5306,44.0074,20.6876,36.0711,7.5000,152.7430,328.5399,noise_burst
12,86,2026-01-03 23:00:00,109.2706,2731.5440,121.2248,48.9751,43.1336,80.1985,44.0074,20.6876,36.0711,7.5000,152.4042,314.8376,noise_burst
12,87,2026-01-03 23:03:00,109.9256,2723.1682,121.7475,51.3297,40.8158,81.3849,44.0074,20.6876,36.0711,7.5000,150.7414,314.4437,noise_burst
12,88,2026-01-03 23:06:00,106.9102,2710.5046,122.1656,49.2620,40.7195,81.2047,44.0074,20.6876,36.0711,7.5000,147.6297,301.5582,noise_burst
12,89,2026-01-03 23:09:00,106.3951,2713.9719,122.2383,46.3485,37.5499,81.0459,44.0074,20.6876,36.0711,7.5000,143.9450,304.2993,noise_burst
12,90,2026-01-03 23:12:00,105.0012,2703.0850,122.4685,46.1653,35.7144,81.4611,44.0074,20.6876,36.0711,7.5000,140.7156,292.5270,noise_burst
12,91,2026-01-03 23:15:00,103.9640,2707.4438,122.3201,46.6870,36.2141,81.1174,44.0074,20.6876,35.4654,7.5000,140.1781,280.3977,noise_burst
12,92,2026-01-03 23:18:00,102.0850,2704.3998,122.1454,46.0829,35.9120,80.9342,44.0074,20.6876,35.4654,7.5000,137.9970,284.2320,noise_burst
12,93,2026-01-03 23:21:00,101.5652,2702.4598,122.0413,46.9643,37.4484,81.5835,44.0074,20.6876,35.4654,7.5000,139.0136,286.9548,noise_burst
12,94,2026-01-03 23:24:00,100.3242,2691.8684,121.1832,42.5876,38.4647,81.0102,44.0074,20.6876,35.4654,7.5000,138.7888,281.3324,noise_burst
12,95,2026-01-03 23:27:00,98.9811,2698.2129,121.3101,47.8678,37.7071,81.3327,44.0074,20.6876,35.4654,7.5000,136.6882,290.0368,noise_burst
12,96,2026-01-03 23:30:00,101.5262,2688.8381,120.4945,46.9349,41.7600,80.9633,44.0074,20.6876,35.4654,7.5000,143.2861,287.2001,noise_burst
12,97,2026-01-03 23:33:00,104.8546,2684.1202,120.5379,47.5820,39.5305,81.0210,44.0074,20.6876,30.2369,7.5000,144.3851,304.7702,noise_burst
12,98,2026-01-03 23:36:00,102.5889,2692.1862,120.2302,49.6463,37.8941,80.2463,44.0074,20.6876,30.2369,7.5000,140.4830,296.6376,noise_burst
12,99,2026-01-03 23:39:00,103.7834,2697.3211,120.5080,51.1326,37.0612,80.3919,44.0074,20.6876,30.2369,7.5000,140.8446,290.5962,noise_burst
12,100,2026-01-03 23:42:00,104.4192,2700.8300,121.0774,52.0419,36.7668,80.5451,44.0074,20.6876,30.2369,7.5000,141.1860,281.0102,noise_burst
12,101,2026-01-03 23:45:00,103.9165,2697.2858,120.8586,52.1470,39.6513,80.4167,52.2970,20.6876,30.2369,7.5000,143.5678,286.9487,noise_burst
12,102,2026-01-03 23:48:00,98.3146,2695.3460,121.2643,45.2751,37.1848,80.1769,52.2970,20.6876,30.2369,7.5000,135.4994,291.4478,noise_burst
12,103,2026-01-03 23:51:00,97.4194,2690.3162,121.4650,47.8671,37.7026,80.5657,52.2970,20.6876,33.3875,7.5000,135.1220,285.0023,noise_burst
12,104,2026-01-03 23:54:00,97.5781,2682.8810,121.1678,41.7108,39.0325,79.8567,52.2970,20.6876,33.3875,7.5000,136.6106,281.5293,noise_burst
12,105,2026-01-03 23:57:00,100.4978,2682.9361,120.6659,42.7464,38.5958,80.0828,52.2970,20.6876,33.3875,7.5000,139.0936,288.1068,noise_burst
12,106,2026-01-04 00:00:00,100.9687,2678.2784,120.2105,42.6611,38.8786,80.4659,52.2970,20.6876,33.3875,7.5000,139.8473,293.0211,noise_burst
12,107,2026-01-04 00:03:00,96.9410,2693.7390,119.9129,40.1955,39.2120,80.1073,52.2970,20.6876,33.3875,7.5000,136.1530,285.8194,noise_burst
12,108,2026-01-04 00:06:00,95.2483,2687.8875,119.3262,44.2986,40.0675,79.8494,52.2970,20.6876,33.3875,7.5000,135.3158,295.5360,noise_burst
12,109,2026-01-04 00:09:00,90.8247,2670.0391,120.5023,42.8436,40.2851,79.2319,52.2970,20.6876,29.8738,7.5000,131.1098,302.5214,noise_burst
12,110,2026-01-04 00:12:00,90.4485,2664.5803,120.2000,45.4430,37.6673,79.2404,52.2970,20.6876,29.8738,7.5000,128.1158,294.6503,noise_burst
12,111,2026-01-04 00:15:00,90.0541,2657.5819,119.3558,47.7283,38.7578,79.6217,52.2970,20.6876,29.8738,7.5000,128.8119,296.8817,noise_burst
12,112,2026-01-04 00:18:00,92.4576,2649.9453,119.5833,50.0399,37.4098,79.9111,52.2970,20.6876,29.8738,7.5000,129.8674,287.5137,noise_burst
12,113,2026-01-04 00:21:00,85.1253,2652.1277,118.6766,55.6083,38.0268,80.1106,52.2970,20.6876,29.8738,7.5000,123.1521,278.5077,noise_burst
12,114,2026-01-04 00:24:00,90.8043,2658.5339,118.3767,54.0384,38.0765,79.7571,52.2970,20.6876,29.8738,7.5000,128.8808,283.7243,noise_burst
12,115,2026-01-04 00:27:00,88.4046,2639.0976,118.6747,50.9914,37.3039,78.9565,52.2970,20.6876,25.7140,7.5000,125.7086,293.0453,noise_burst
12,116,2026-01-04 00:30:00,90.7500,2640.7999,119.1983,53.2922,36.0989,78.7047,52.2970,20.6876,25.7140,7.5000,126.8489,285.4267,noise_burst
12,117,2026-01-04 00:33:00,92.9065,2648.8163,118.7226,52.1688,36.2078,78.5316,52.2970,20.6876,25.7140,7.5000,129.1144,281.5723,noise_burst
12,118,2026-01-04 00:36:00,93.0361,2653.9210,118.8524,57.3401,37.3174,79.4102,52.2970,20.6876,25.7140,7.5000,130.3535,279.6581,noise_burst
12,119,2026-01-04 00:39:00,95.1102,2649.6014,118.6280,53.8059,36.9122,78.8627,52.2970,20.6876,25.7140,7.5000,132.0224,288.4591,noise_burst
12,120,2026-01-04 00:42:00,94.3338,2653.8389,118.9745,47.6471,36.4747,78.6861,52.2970,20.6876,25.7140,7.5000,130.8085,281.9847,noise_burst
12,121,2026-01-04 00:45:00,92.8287,2668.7274,118.8103,47.9309,37.5470,77.9305,52.2970,27.5253,25.4745,7.5000,130.3758,279.0715,noise_burst
12,122,2026-01-04 00:48:00,92.6906,2669.4059,119.1679,42.1791,37.1055,77.9461,52.2970,27.5253,25.4745,7.5000,129.7960,287.2530,noise_burst
12,123,2026-01-04 00:51:00,93.8018,2663.9116,119.5732,41.9610,39.5537,78.5961,52.2970,27.5253,25.4745,7.5000,133.3555,286.5616,noise_burst
12,124,2026-01-04 00:54:00,95.1889,2672.2897,118.5371,44.9822,40.3739,78.5851,52.2970,27.5253,25.4745,7.5000,135.5629,296.5018,noise_burst
12,125,2026-01-04 00:57:00,94.2934,2679.1453,118.1585,43.3945,42.4664,78.9562,52.2970,27.5253,25.4745,7.5000,136.7597,293.3289,noise_burst
12,126,2026-01-04 01:00:00,100.5850,2679.4514,118.0057,45.5093,45.0893,78.8031,66.7177,27.5253,25.4745,7.5000,145.6744,306.4136,noise_burst
12,127,2026-01-04 01:03:00,101.0048,2673.6548,118.4640,45.7350,42.3470,78.3021,66.7177,27.5253,27.2337,7.5000,143.3517,308.0557,noise_burst
12,128,2026-01-04 01:06:00,106.8594,2671.1160,120.5277,47.1436,41.0154,78.5215,66.7177,27.5253,27.2337,7.5000,142.5343,303.8941,noise_burst
12,129,2026-01-04 01:09:00,102.1885,2681.1078,118.8127,47.9779,38.8707,78.9155,66.7177,27.5253,27.2337,7.5000,139.3586,294.9089,noise_burst
12,130,2026-01-04 01:12:00,100.0269,2679.8091,117.7106,45.8965,38.2763,78.8828,66.7177,27.5253,27.2337,7.5000,136.8149,286.8912,noise_burst
12,131,2026-01-04 01:15:00,99.9857,2677.5246,120.0659,48.0662,37.0369,79.0187,66.7177,27.5253,27.2337,7.5000,135.0142,283.4440,noise_burst
12,132,2026-01-04 01:18:00,105.4448,2661.4741,121.0476,43.9668,36.6877,78.9014,66.7177,27.5253,27.2337,7.5000,137.4556,282.0475,noise_burst
12,133,2026-01-04 01:21:00,100.4707,2666.0791,122.4415,46.6088,36.5919,79.8983,66.7177,27.5253,26.9319,7.5000,138.3102,284.7366,noise_burst
12,134,2026-01-04 01:24:00,97.3793,2681.8196,120.0046,44.0230,37.9572,79.7847,66.7177,27.5253,26.9319,7.5000,137.4618,275.7532,noise_burst
12,135,2026-01-04 01:27:00,101.3385,2679.0157,120.3578,47.5598,38.3674,80.0497,66.7177,27.5253,26.9319,7.5000,135.5527,284.1040,noise_burst
12,136,2026-01-04 01:30:00,97.9620,2676.7938,120.7158,50.8320,39.0525,79.3261,66.7177,27.5253,26.9319,7.5000,140.3643,292.1627,noise_burst
12,137,2026-01-04 01:33:00,104.9387,2665.4940,119.2372,52.0912,40.9537,79.3195,66.7177,27.5253,26.9319,7.5000,148.0812,281.8812,noise_burst
12,138,2026-01-04 01:36:00,102.9579,2676.5612,120.8944,49.8111,39.3233,79.9055,66.7177,27.5253,26.9319,7.5000,146.2106,293.1262,noise_burst
12,139,2026-01-04 01:39:00,105.1560,2691.7885,120.0026,54.0711,39.1313,80.0000,66.7177,27.5253,29.0598,7.5000,150.2363,295.3478,noise_burst
12,140,2026-01-04 01:42:00,118.1987,2694.9842,120.6162,48.2669,38.6546,79.7089,66.7177,27.5253,29.0598,7.5000,150.6815,288.4649,noise_burst
12,141,2026-01-04 01:45:00,111.6231,2707.6665,121.3011,49.7623,38.2435,79.3423,66.7177,27.5253,29.0598,7.5000,148.3035,286.1005,noise_burst
12,142,2026-01-04 01:48:00,118.8223,2714.6126,120.5299,47.4604,39.6529,79.5302,66.7177,27.5253,29.0598,7.5000,155.8316,282.0366,noise_burst
12,143,2026-01-04 01:51:00,112.1917,2717.8089,120.3243,46.2593,41.2875,80.5889,66.7177,27.5253,29.0598,7.5000,156.6033,285.8532,noise_burst
12,144,2026-01-04 01:54:00,113.4863,2726.1777,119.9557,48.9588,40.3414,80.8849,66.7177,27.5253,29.0598,7.5000,153.2789,299.8175,noise_burst
12,145,2026-01-04 01:57:00,105.1629,2729.8293,122.7984,50.2695,40.4738,81.1966,66.7177,27.5253,37.3482,7.5000,154.4632,292.7893,noise_burst
12,146,2026-01-04 02:00:00,122.0973,2723.7108,121.1873,49.8965,40.7851,81.1262,66.7177,27.5253,37.3482,7.5000,155.0831,299.7440,noise_burst
12,147,2026-01-04 02:03:00,120.3069,2729.7571,122.0684,47.5501,38.6354,81.4673,66.7177,27.5253,37.3482,7.5000,152.6479,285.0189,noise_burst
12,148,2026-01-04 02:06:00,119.4901,2723.2976,121.8301,44.7911,40.8385,81.3298,66.7177,27.5253,37.3482,7.5000,161.3954,294.1456,noise_burst
12,149,2026-01-04 02:09:00,111.8745,2716.0623,123.7943,41.5863,39.1925,81.3123,66.7177,27.5253,37.3482,7.5000,155.9851,292.8638,noise_burst
12,150,2026-01-04 02:12:00,117.1162,2729.3742,123.9180,46.7894,37.1280,81.4651,66.7177,27.5253,37.3482,7.5000,150.1031,288.7794,noise_burst
12,151,2026-01-04 02:15:00,106.7124,2728.0750,123.2400,44.5676,34.7403,81.4928,44.4848,27.5253,40.9406,7.5000,140.5701,275.7426,noise_burst
12,152,2026-01-04 02:18:00,109.5233,2714.5959,122.2793,41.5992,35.7476,81.4175,44.4848,27.5253,40.9406,7.5000,141.5815,274.3572,noise_burst
12,153,2026-01-04 02:21:00,104.9960,2704.8310,123.9374,40.7104,34.9504,81.2962,44.4848,27.5253,40.9406,7.5000,142.2885,283.1162,noise_burst
12,154,2026-01-04 02:24:00,110.3986,2697.4723,120.6173,40.4136,35.4577,82.0001,44.4848,27.5253,40.9406,7.5000,144.4935,279.3866,noise_burst
12,155,2026-01-04 02:27:00,107.3653,2699.7382,121.5999,36.4316,34.7012,81.3028,44.4848,27.5253,40.9406,7.5000,143.9639,281.1959,noise_burst
12,156,2026-01-04 02:30:00,107.6230,2712.8485,121.6302,41.9670,34.7619,81.1379,44.4848,27.5253,40.9406,7.5000,144.4313,279.2998,noise_burst
12,157,2026-01-04 02:33:00,111.2461,2718.4547,120.5063,43.4800,33.9464,81.0430,44.4848,27.5253,35.7970,7.5000,141.6742,274.7133,noise_burst
12,158,2026-01-04 02:36:00,101.6483,2713.7881,122.7551,43.5547,35.7130,80.8965,44.4848,27.5253,35.7970,7.5000,140.1915,281.1950,noise_burst
12,159,2026-01-04 02:39:00,107.0666,2712.0238,123.8303,43.8157,35.3948,80.7575,44.4848,27.5253,35.7970,7.5000,139.1605,290.3124,noise_burst
12,160,2026-01-04 02:42:00,108.1147,2705.1198,123.8150,50.0601,38.9541,81.3266,44.4848,27.5253,35.7970,7.5000,143.4301,280.6398,noise_burst
12,161,2026-01-04 02:45:00,104.8644,2722.7658,121.2036,50.7203,38.9608,81.6666,44.4848,64.7746,35.7970,7.5000,146.0434,296.4933,noise_burst
12,162,2026-01-04 02:48:00,106.1708,2719.3749,121.8729,51.2717,41.3723,81.2104,44.4848,64.7746,35.7970,7.5000,148.1622,302.0451,noise_burst
12,163,2026-01-04 02:51:00,109.9702,2739.0414,119.9523,52.4603,41.0775,81.3557,44.4848,64.7746,32.6095,7.5000,144.8395,307.7504,noise_burst
12,164,2026-01-04 02:54:00,101.6551,2743.1021,120.3275,55.3730,42.4846,81.1491,44.4848,64.7746,32.6095,7.5000,144.8224,315.6875,noise_burst
12,165,2026-01-04 02:57:00,99.7027,2725.8956,120.5718,53.1088,43.3526,80.6335,44.4848,64.7746,32.6095,7.5000,144.6441,314.6752,noise_burst
12,166,2026-01-04 03:00:00,95.7441,2724.5533,121.9079,53.5576,42.0136,80.6426,44.4848,64.7746,32.6095,7.5000,139.4574,313.5131,noise_burst
12,167,2026-01-04 03:03:00,93.5239,2713.5252,119.8354,57.8024,40.7152,81.5955,44.4848,64.7746,32.6095,7.5000,136.1670,309.2973,noise_burst
12,168,2026-01-04 03:06:00,97.1138,2706.6588,118.9190,55.1555,39.5293,81.7939,44.4848,64.7746,32.6095,7.5000,134.1814,307.9132,noise_burst
12,169,2026-01-04 03:09:00,87.1895,2697.9775,121.5381,53.6567,42.3439,81.1315,44.4848,64.7746,29.1738,7.5000,138.3982,301.4010,noise_burst
12,170,2026-01-04 03:12:00,100.1524,2709.3869,117.3342,50.2345,42.2931,80.3699,44.4848,64.7746,29.1738,7.5000,140.9939,312.5041,noise_burst
12,171,2026-01-04 03:15:00,99.3874,2713.6631,118.6435,51.0946,45.0420,80.6079,44.4848,64.7746,29.1738,7.5000,144.3357,313.2860,noise_burst
12,172,2026-01-04 03:18:00,97.4925,2724.2391,121.9600,52.8570,45.7663,80.1021,44.4848,64.7746,29.1738,7.5000,143.1585,324.9500,noise_burst
12,173,2026-01-04 03:21:00,105.3811,2733.9757,115.7091,52.4737,47.7309,79.0044,44.4848,64.7746,29.1738,7.5000,150.9411,323.2003,noise_burst
12,174,2026-01-04 03:24:00,102.3142,2720.7799,117.8283,47.2092,48.0907,78.9469,44.4848,64.7746,29.1738,7.5000,147.0204,332.7603,noise_burst
12,175,2026-01-04 03:27:00,97.1558,2737.8452,120.3358,53.6938,45.7508,79.6738,44.4848,64.7746,30.3383,7.5000,141.5892,334.7432,noise_burst
12,176,2026-01-04 03:30:00,94.3524,2721.7430,119.8588,57.7691,47.3010,80.5199,55.4164,64.7746,30.3383,7.5000,142.3050,323.4391,noise_burst
12,177,2026-01-04 03:33:00,100.5992,2708.1732,118.1977,57.1811,48.0360,80.2356,55.4164,64.7746,30.3383,7.5000,142.2401,325.0891,noise_burst
12,178,2026-01-04 03:36:00,91.2134,2700.3941,120.1980,52.6540,46.5164,79.8529,55.4164,64.7746,30.3383,7.5000,139.6882,328.3083,noise_burst
12,179,2026-01-04 03:39:00,100.4892,2688.5187,117.1004,56.7965,44.8773,80.8772,55.4164,64.7746,30.3383,7.5000,140.3232,319.0933,noise_burst
12,180,2026-01-04 03:42:00,92.5750,2682.5482,116.1691,58.2314,45.1436,79.8618,55.4164,64.7746,30.3383,7.5000,138.4523,317.7558,noise_burst
12,181,2026-01-04 03:45:00,97.9328,2687.5600,117.7053,59.3860,42.2332,80.2163,55.4164,64.7746,25.3857,7.5000,135.2058,320.0499,noise_burst
12,182,2026-01-04 03:48:00,89.2459,2683.4391,120.0129,54.5424,40.5102,79.7677,55.4164,64.7746,25.3857,7.5000,133.2573,308.5535,noise_burst
12,183,2026-01-04 03:51:00,95.4089,2681.6376,115.7101,52.6339,42.4165,78.8677,55.4164,64.7746,25.3857,7.5000,131.7334,307.0793,noise_burst
12,184,2026-01-04 03:54:00,84.5933,2682.5288,120.7842,50.9475,41.5134,79.0601,55.4164,64.7746,25.3857,7.5000,128.4307,306.6364,noise_burst
12,185,2026-01-04 03:57:00,82.5183,2675.3337,118.4784,52.0749,44.2854,79.3003,55.4164,64.7746,25.3857,7.5000,131.6995,302.7007,noise_burst
12,186,2026-01-04 04:00:00,92.3171,2666.3524,116.7831,46.3435,41.6098,78.3894,55.4164,64.7746,25.3857,7.5000,130.1948,318.5249,noise_burst
12,187,2026-01-04 04:03:00,96.1238,2660.2810,115.6509,52.3989,43.3534,79.1517,55.4164,64.7746,20.9231,7.5000,137.3892,302.6459,noise_burst
12,188,2026-01-04 04:06:00,98.8028,2673.6050,118.5011,57.6543,40.3180,79.1018,55.4164,64.7746,20.9231,7.5000,133.8027,309.9756,noise_burst
12,189,2026-01-04 04:09:00,98.7242,2691.9884,115.7886,58.2340,40.5497,78.6358,55.4164,64.7746,20.9231,7.5000,140.1047,301.0711,noise_burst
12,190,2026-01-04 04:12:00,95.6274,2692.4953,116.6356,56.1152,43.3881,78.0233,55.4164,64.7746,20.9231,7.5000,144.0900,300.8284,noise_burst
12,191,2026-01-04 04:15:00,98.3591,2710.3507,118.0577,56.9390,42.6451,78.5166,55.4164,64.7746,20.9231,7.5000,146.7981,307.9557,noise_burst
12,192,2026-01-04 04:18:00,103.8349,2716.0951,117.1711,53.5910,45.6171,78.9501,55.4164,64.7746,20.9231,7.5000,150.6292,310.4458,noise_burst
12,193,2026-01-04 04:21:00,104.5278,2728.3612,118.1353,56.7600,45.2867,79.6891,55.4164,64.7746,30.2690,7.5000,145.1056,321.8729,noise_burst
12,194,2026-01-04 04:24:00,111.3236,2734.2663,121.3194,48.0295,45.7631,78.7441,55.4164,64.7746,30.2690,7.5000,147.0940,317.2213,noise_burst
12,195,2026-01-04 04:27:00,100.8284,2721.6109,120.7289,47.8786,48.1955,79.3356,55.4164,64.7746,30.2690,7.5000,152.8072,314.1188,noise_burst
12,196,2026-01-04 04:30:00,104.9102,2711.5511,118.9038,50.3016,48.9002,79.8485,55.4164,64.7746,30.2690,7.5000,154.0752,335.6099,noise_burst
12,197,2026-01-04 04:33:00,111.7454,2724.7753,118.1002,51.1890,45.6794,80.5182,55.4164,64.7746,30.2690,7.5000,154.2350,327.0109,noise_burst
12,198,2026-01-04 04:36:00,112.0092,2726.0892,121.6954,54.3301,45.3900,80.7356,55.4164,64.7746,30.2690,7.5000,155.9384,317.7208,noise_burst
12,199,2026-01-04 04:39:00,107.3920,2741.1127,119.7660,51.3704,42.9743,79.6111,55.4164,64.7746,32.5534,7.5000,151.5841,322.8911,noise_burst
12,200,2026-01-04 04:42:00,115.8518,2749.1147,121.5983,54.2674,44.5238,80.0533,55.4164,64.7746,32.5534,7.5000,158.4809,305.8879,noise_burst
12,201,2026-01-04 04:45:00,112.8031,2727.0195,120.7115,52.3216,44.8750,80.3852,56.4475,64.7482,32.5534,7.5000,157.1546,319.8931,noise_burst
12,202,2026-01-04 04:48:00,113.3007,2749.5591,119.6217,61.1517,39.4143,81.5670,56.4475,64.7482,32.5534,7.5000,155.9572,318.6327,noise_burst
12,203,2026-01-04 04:51:00,110.1233,2747.3973,122.2077,55.7361,39.5722,81.5674,56.4475,64.7482,32.5534,7.5000,148.8231,305.4736,noise_burst
12,204,2026-01-04 04:54:00,107.4495,2751.0119,125.5041,57.3601,41.9136,82.5015,56.4475,64.7482,32.5534,7.5000,150.1183,290.9069,noise_burst
12,205,2026-01-04 04:57:00,103.1549,2736.5541,123.4120,56.3866,41.7526,81.7404,56.4475,64.7482,39.6053,7.5000,147.3307,304.0963,noise_burst
12,206,2026-01-04 05:00:00,109.1385,2730.0222,119.1950,55.4151,44.2466,82.4277,56.4475,64.7482,39.6053,7.5000,152.0883,305.6149,noise_burst
12,207,2026-01-04 05:03:00,115.1455,2723.5916,120.6513,50.2317,43.1874,81.9285,56.4475,64.7482,39.6053,7.5000,153.0774,310.1145,noise_burst
12,208,2026-01-04 05:06:00,114.0253,2739.8357,121.1972,53.6981,43.7798,82.3359,56.4475,64.7482,39.6053,7.5000,153.1345,307.7750,noise_burst
12,209,2026-01-04 05:09:00,108.2956,2733.1001,120.2475,53.6377,44.5031,81.8028,56.4475,64.7482,39.6053,7.5000,149.8130,315.7755,noise_burst
12,210,2026-01-04 05:12:00,110.1947,2736.1809,121.8524,58.2368,43.1711,81.6150,56.4475,64.7482,39.6053,7.5000,147.4844,317.8239,noise_burst
12,211,2026-01-04 05:15:00,102.7539,2726.4209,120.4195,58.9884,43.5983,81.0741,56.4475,64.7482,35.0719,7.5000,147.2051,310.1649,noise_burst
12,212,2026-01-04 05:18:00,100.7082,2716.0642,122.0868,60.7097,43.9687,82.0714,56.4475,64.7482,35.0719,7.5000,149.3166,309.9296,noise_burst
12,213,2026-01-04 05:21:00,106.5243,2715.6418,119.1251,55.6787,42.4925,81.5558,56.4475,64.7482,35.0719,7.5000,147.4160,313.8811,noise_burst
12,214,2026-01-04 05:24:00,106.1377,2723.7263,120.0224,59.5053,41.3797,81.8681,56.4475,64.7482,35.0719,7.5000,146.2833,307.7905,noise_burst
12,215,2026-01-04 05:27:00,105.9614,2729.6915,121.7191,56.5026,42.2268,81.2929,56.4475,64.7482,35.0719,7.5000,147.3748,301.1122,noise_burst
12,216,2026-01-04 05:30:00,100.8649,2723.2557,121.1471,52.4090,43.4562,80.4397,56.4475,64.7482,35.0719,7.5000,142.2970,305.7764,noise_burst
12,217,2026-01-04 05:33:00,99.8521,2726.1356,121.6165,50.6999,43.2638,80.7529,56.4475,64.7482,32.0576,7.5000,142.0318,316.8607,noise_burst
12,218,2026-01-04 05:36:00,97.0397,2703.6168,118.6455,53.2200,43.2341,80.8159,56.4475,64.7482,32.0576,7.5000,141.3947,307.6533,noise_burst
12,219,2026-01-04 05:39:00,96.9429,2706.4487,120.5991,55.2265,42.2148,81.1854,56.4475,64.7482,32.0576,7.5000,139.6584,311.2229,noise_burst
12,220,2026-01-04 05:42:00,96.2449,2696.2889,118.6996,58.2906,41.1093,81.5556,56.4475,64.7482,32.0576,7.5000,140.7275,298.6503,noise_burst
12,221,2026-01-04 05:45:00,106.1577,2687.4531,117.8954,55.9660,39.8563,80.8888,56.4475,64.7482,32.0576,7.5000,142.5249,302.0021,noise_burst
12,222,2026-01-04 05:48:00,104.6745,2688.8888,119.5084,55.3623,37.8655,80.2633,56.4475,64.7482,32.0576,7.5000,140.0933,303.2848,noise_burst
12,223,2026-01-04 05:51:00,99.6675,2695.8562,122.0989,49.2199,36.3917,80.0572,56.4475,64.7482,28.5040,7.5000,138.2960,290.7194,noise_burst
12,224,2026-01-04 05:54:00,105.0065,2703.4010,122.1976,46.2307,35.4962,79.3727,56.4475,64.7482,28.5040,7.5000,142.4320,285.9914,noise_burst
12,225,2026-01-04 05:57:00,103.8570,2711.7500,118.4148,47.7838,39.4171,79.3421,56.4475,64.7482,28.5040,7.5000,146.8727,284.0312,noise_burst
12,226,2026-01-04 06:00:00,110.8085,2721.6703,120.1641,49.4670,37.9669,79.9773,36.2357,64.7482,28.5040,7.5000,145.2824,296.3774,noise_burst
12,227,2026-01-04 06:03:00,112.2009,2724.6134,119.9330,47.0837,37.8814,80.0409,36.2357,64.7482,28.5040,7.5000,144.1458,303.2643,noise_burst
12,228,2026-01-04 06:06:00,107.2631,2739.7700,119.7058,53.5227,38.4840,80.5607,36.2357,64.7482,28.5040,7.5000,142.5536,300.0022,noise_burst
12,229,2026-01-04 06:09:00,97.3095,2731.9930,117.9359,51.6869,40.3310,80.4152,36.2357,64.7482,35.8467,7.5000,142.3696,300.9731,noise_burst
12,230,2026-01-04 06:12:00,102.7591,2730.9731,121.0912,58.1668,37.8063,81.4602,36.2357,64.7482,35.8467,7.5000,138.2502,306.2958,noise_burst
12,231,2026-01-04 06:15:00,95.6253,2725.8502,120.5342,56.2148,38.9540,81.6514,36.2357,64.7482,35.8467,7.5000,137.3143,299.7771,noise_burst
12,232,2026-01-04 06:18:00,100.9875,2711.0960,121.5017,58.0878,39.2443,82.1653,36.2357,64.7482,35.8467,7.5000,133.6858,311.8989,noise_burst
12,233,2026-01-04 06:21:00,94.1162,2710.5578,121.8492,58.2004,39.5859,82.2225,36.2357,64.7482,35.8467,7.5000,131.0529,308.0896,noise_burst
12,234,2026-01-04 06:24:00,100.0598,2693.9132,121.6549,59.1016,40.9038,81.9388,36.2357,64.7482,35.8467,7.5000,133.1640,303.5555,noise_burst
12,235,2026-01-04 06:27:00,89.7682,2686.6292,119.6294,58.6562,38.8947,81.4798,36.2357,64.7482,28.0960,7.5000,132.1417,309.3646,noise_burst
12,236,2026-01-04 06:30:00,91.3235,2684.8239,119.7612,55.2937,38.3274,80.4886,36.2357,64.7482,28.0960,7.5000,127.8691,305.6241,noise_burst
12,237,2026-01-04 06:33:00,84.3071,2691.7662,117.9528,54.8311,36.9541,80.2526,36.2357,64.7482,28.0960,7.5000,126.2400,304.8897,noise_burst
12,238,2026-01-04 06:36:00,85.2855,2681.9183,119.4003,53.2031,36.1214,79.7043,36.2357,64.7482,28.0960,7.5000,124.8057,295.3128,noise_burst
12,239,2026-01-04 06:39:00,83.6606,2674.8505,119.4671,53.2311,39.7623,79.5999,36.2357,64.7482,28.0960,7.5000,127.8659,301.4494,noise_burst
12,240,2026-01-04 06:42:00,94.4832,2671.5043,120.2805,53.4483,37.8485,79.6662,36.2357,64.7482,28.0960,7.5000,128.1890,301.0807,noise_burst
12,241,2026-01-04 06:45:00,94.9419,2652.4165,118.0116,50.9195,35.7877,79.2778,36.2357,49.7456,24.9952,7.5000,126.6231,290.7790,noise_burst
12,242,2026-01-04 06:48:00,90.9931,2667.0225,120.7382,48.3004,33.1370,78.8907,36.2357,49.7456,24.9952,7.5000,125.0690,287.1892,noise_burst
12,243,2026-01-04 06:51:00,93.5296,2670.4011,120.1019,47.0998,36.5680,78.8316,36.2357,49.7456,24.9952,7.5000,131.3751,280.6629,noise_burst
12,244,2026-01-04 06:54:00,88.1600,2675.0935,118.1928,45.3951,35.4666,78.7756,36.2357,49.7456,24.9952,7.5000,126.5825,293.4170,noise_burst
12,245,2026-01-04 06:57:00,88.3955,2690.2357,120.2222,44.7543,35.6181,78.1122,36.2357,49.7456,24.9952,7.5000,124.7990,285.2497,noise_burst
12,246,2026-01-04 07:00:00,92.6965,2689.1968,121.8447,44.6787,37.2428,78.4785,36.2357,49.7456,24.9952,7.5000,126.5294,293.3117,noise_burst
12,247,2026-01-04 07:03:00,89.3770,2681.9415,120.0101,47.7247,40.9890,79.1092,36.2357,49.7456,26.4471,7.5000,129.4748,299.0725,noise_burst
12,248,2026-01-04 07:06:00,88.7703,2687.6639,117.8299,45.2882,41.5273,78.6177,36.2357,49.7456,26.4471,7.5000,130.5826,311.7021,noise_burst
12,249,2026-01-04 07:09:00,81.3207,2684.1146,117.5927,46.8493,42.8924,79.3743,36.2357,49.7456,26.4471,7.5000,128.9220,309.0324,noise_burst
12,250,2026-01-04 07:12:00,89.9143,2685.8544,116.4532,48.2097,44.1443,78.6910,36.2357,49.7456,26.4471,7.5000,131.5816,314.7588,noise_burst
12,251,2026-01-04 07:15:00,87.3276,2669.5882,118.5459,52.3494,44.4595,79.0434,37.6811,49.7456,26.4471,7.5000,130.8887,319.2804,noise_burst
12,252,2026-01-04 07:18:00,82.4156,2664.3513,117.1595,55.4067,43.5869,78.9569,37.6811,49.7456,26.4471,7.5000,130.0238,318.1712,noise_burst
12,253,2026-01-04 07:21:00,94.3791,2665.8097,118.4003,56.8154,37.2629,79.2260,37.6811,49.7456,22.9135,7.5000,125.5294,316.0888,noise_burst
12,254,2026-01-04 07:24:00,88.8856,2674.0156,119.5508,57.2947,39.3123,79.2448,37.6811,49.7456,22.9135,7.5000,127.5109,295.8126,noise_burst
12,255,2026-01-04 07:27:00,94.9217,2680.6334,117.5949,56.5423,43.0569,78.8128,37.6811,49.7456,22.9135,7.5000,131.8879,300.9322,noise_burst
12,256,2026-01-04 07:30:00,90.7850,2669.3771,118.0161,56.0637,41.2378,78.7612,37.6811,49.7456,22.9135,7.5000,134.5880,312.5116,noise_burst
12,257,2026-01-04 07:33:00,92.0315,2681.5548,119.3167,54.5768,39.3637,78.7829,37.6811,49.7456,22.9135,7.5000,130.6695,313.9199,noise_burst
12,258,2026-01-04 07:36:00,94.3684,2690.1865,116.3877,51.3888,41.1089,78.2713,37.6811,49.7456,22.9135,7.5000,130.2319,299.1990,noise_burst
12,259,2026-01-04 07:39:00,95.7342,2675.2430,119.6023,50.5350,40.1366,78.7311,37.6811,49.7456,26.4728,7.5000,126.7718,309.8871,noise_burst
12,260,2026-01-04 07:42:00,87.7900,2668.0046,121.7850,54.9895,38.5093,78.7495,37.6811,49.7456,26.4728,7.5000,125.4330,308.9062,noise_burst
12,261,2026-01-04 07:45:00,91.8646,2661.8310,120.2336,51.3401,36.5084,78.3217,37.6811,49.7456,26.4728,7.5000,123.8986,295.5212,noise_burst
12,262,2026-01-04 07:48:00,93.2055,2657.5647,120.6450,51.7708,37.7149,79.1616,37.6811,49.7456,26.4728,7.5000,123.7784,283.6636,noise_burst
12,263,2026-01-04 07:51:00,94.6279,2655.1021,120.6502,50.2431,35.4828,78.9197,37.6811,49.7456,26.4728,7.5000,124.9398,290.3390,noise_burst
12,264,2026-01-04 07:54:00,90.7712,2654.0269,117.3602,45.8450,35.6198,78.2930,37.6811,49.7456,26.4728,7.5000,122.9058,286.8040,noise_burst
12,265,2026-01-04 07:57:00,77.2332,2664.0240,117.0493,48.0186,37.2266,78.2670,37.6811,49.7456,22.2670,7.5000,123.5434,292.2776,noise_burst
12,266,2026-01-04 08:00:00,85.2269,2664.6704,114.7047,49.1433,36.1641,78.3542,37.6811,49.7456,22.2670,7.5000,122.6455,291.4603,noise_burst
12,267,2026-01-04 08:03:00,77.8782,2657.3211,120.4073,53.9316,36.6663,78.9898,37.6811,49.7456,22.2670,7.5000,120.7105,291.1589,noise_burst
12,268,2026-01-04 08:06:00,94.7786,2657.8134,118.4537,52.0656,34.6796,77.9866,37.6811,49.7456,22.2670,7.5000,122.8115,292.9258,noise_burst
12,269,2026-01-04 08:09:00,90.8954,2655.1417,118.3754,49.2903,36.6165,78.8308,37.6811,49.7456,22.2670,7.5000,126.5433,286.4815,noise_burst
12,270,2026-01-04 08:12:00,93.0698,2664.0068,116.7161,48.8510,38.8348,78.3762,37.6811,49.7456,22.2670,7.5000,133.1001,289.2606,noise_burst
12,271,2026-01-04 08:15:00,97.1777,2682.6174,117.5513,53.2925,38.7248,78.8631,37.6811,49.7456,23.6052,7.5000,134.1670,302.3795,noise_burst
12,272,2026-01-04 08:18:00,89.3701,2697.9838,117.6184,51.1347,42.0883,78.6429,37.6811,49.7456,23.6052,7.5000,130.6763,300.2059,noise_burst
12,273,2026-01-04 08:21:00,85.3578,2693.7473,116.4295,49.9357,44.1368,77.6701,37.6811,49.7456,23.6052,7.5000,135.2845,307.2476,noise_burst
12,274,2026-01-04 08:24:00,93.3646,2680.7621,119.8549,51.7628,42.3653,78.1551,37.6811,49.7456,23.6052,7.5000,131.9352,324.3504,noise_burst
12,275,2026-01-04 08:27:00,88.8060,2676.4734,119.9026,57.3680,43.4627,79.1535,37.6811,49.7456,23.6052,7.5000,134.0593,315.4299,noise_burst
12,276,2026-01-04 08:30:00,92.4940,2668.5609,116.0054,55.1864,41.9181,79.3524,62.2159,49.7456,23.6052,7.5000,138.0279,316.1123,noise_burst
12,277,2026-01-04 08:33:00,91.0559,2668.6759,119.5203,53.2236,38.6106,79.4362,62.2159,49.7456,25.0645,7.5000,130.2440,299.7923,noise_burst
12,278,2026-01-04 08:36:00,89.1250,2673.8503,116.9001,52.7287,39.3871,78.5086,62.2159,49.7456,25.0645,7.5000,127.1986,292.3893,noise_burst
12,279,2026-01-04 08:39:00,85.7455,2666.2688,118.3776,52.0576,39.6030,78.9030,62.2159,49.7456,25.0645,7.5000,130.4183,291.7700,noise_burst
12,280,2026-01-04 08:42:00,85.7461,2657.6433,119.2862,50.1561,40.4923,79.3123,62.2159,49.7456,25.0645,7.5000,130.8773,292.6528,noise_burst
12,281,2026-01-04 08:45:00,94.8569,2671.6716,121.8394,50.7487,39.6978,78.7288,62.2159,71.7823,25.0645,7.5000,128.9521,296.5200,noise_burst
12,282,2026-01-04 08:48:00,95.5557,2674.2928,118.5508,52.6208,40.1342,79.3919,62.2159,71.7823,25.0645,7.5000,132.4452,297.5856,noise_burst
12,283,2026-01-04 08:51:00,96.4428,2667.7889,118.4528,47.5379,40.6015,78.3362,62.2159,71.7823,23.4041,7.5000,133.7257,299.8480,noise_burst
12,284,2026-01-04 08:54:00,97.5846,2670.4762,117.9836,47.2261,39.8592,78.1680,62.2159,71.7823,23.4041,7.5000,133.9586,297.5056,noise_burst
12,285,2026-01-04 08:57:00,88.3857,2680.4705,118.1030,47.6878,39.4445,78.0457,62.2159,71.7823,23.4041,7.5000,130.4235,296.0151,noise_burst
12,286,2026-01-04 09:00:00,88.9540,2676.4709,118.2387,50.0686,41.3217,78.4943,62.2159,71.7823,23.4041,7.5000,126.5529,295.2455,noise_burst
12,287,2026-01-04 09:03:00,84.8171,2662.0806,120.4846,48.4294,36.9521,77.9579,62.2159,71.7823,23.4041,7.5000,120.5074,304.6738,noise_burst
12,288,2026-01-04 09:06:00,89.1328,2647.5366,118.9434,45.9101,37.1280,77.7511,62.2159,71.7823,23.4041,7.5000,118.5849,282.9073,noise_burst
12,289,2026-01-04 09:09:00,91.8420,2648.8728,116.7551,45.4920,39.9554,78.6079,62.2159,71.7823,18.7835,7.5000,127.6790,290.9463,noise_burst
12,290,2026-01-04 09:12:00,89.9858,2649.6922,113.5065,45.1153,40.8062,78.7782,62.2159,71.7823,18.7835,7.5000,129.2322,298.7168,noise_burst
12,291,2026-01-04 09:15:00,93.9816,2659.5993,119.3738,49.3122,41.4098,78.2493,62.2159,71.7823,18.7835,7.5000,134.3251,309.3921,noise_burst
12,292,2026-01-04 09:18:00,88.1251,2667.9516,116.5547,50.5767,41.1025,77.5389,62.2159,71.7823,18.7835,7.5000,134.9395,312.1836,noise_burst
12,293,2026-01-04 09:21:00,95.9822,2675.0013,114.6378,50.3190,42.1343,77.1880,62.2159,71.7823,18.7835,7.5000,136.5386,304.9849,noise_burst
12,294,2026-01-04 09:24:00,95.0260,2687.9021,118.3800,52.7529,39.5566,77.4385,62.2159,71.7823,18.7835,7.5000,131.5588,302.4208,noise_burst
12,295,2026-01-04 09:27:00,90.9245,2683.0896,116.8917,50.9718,40.9961,77.7570,62.2159,71.7823,26.1840,7.5000,127.9773,305.3362,noise_burst
12,296,2026-01-04 09:30:00,87.8302,2673.7522,120.9104,50.0636,38.4677,77.9647,62.2159,71.7823,26.1840,7.5000,125.1278,301.7557,noise_burst
12,297,2026-01-04 09:33:00,83.9491,2663.4302,120.4937,51.0487,40.2363,78.8867,62.2159,71.7823,26.1840,7.5000,128.9922,300.1682,noise_burst
12,298,2026-01-04 09:36:00,88.3160,2660.1662,118.1498,54.6684,38.8870,79.8215,62.2159,71.7823,26.1840,7.5000,127.1091,301.1842,noise_burst
12,299,2026-01-04 09:39:00,85.6919,2661.5544,117.9700,58.0806,38.0976,79.5420,62.2159,71.7823,26.1840,7.5000,124.7792,291.9246,noise_burst
12,300,2026-01-04 09:42:00,80.6852,2661.4668,118.5520,56.2909,40.0396,79.0168,62.2159,71.7823,26.1840,7.5000,124.7407,292.4166,noise_burst
