1 1 99.466 2688.2 120.11 50.106 40.366 79.844 50.206 22.753 30.178 7.5 139.83 302.34
1 2 100.02 2689.4 119.95 48.209 38.612 79.806 50.206 22.753 30.178 7.5 138.64 295.53
1 3 104.34 2690.4 119.82 45.381 40.851 79.697 50.206 22.753 30.178 7.5 145.19 295.4
1 4 100.93 2690.8 119.92 40.35 40.131 79.055 50.206 22.753 30.178 7.5 141.06 300.68
1 5 101.4 2697.2 120.02 40.183 40.754 79.24 50.206 22.753 30.178 7.5 142.15 304.09
1 6 101.09 2694.5 120.09 45.653 39.671 79.354 50.206 22.753 30.178 7.5 140.76 292.64
1 7 101.5 2693.5 121.05 47.396 38.219 79.75 50.206 22.753 30.745 7.5 139.72 289.74
1 8 103.52 2695.4 120.82 45.267 40.068 79.862 50.206 22.753 30.745 7.5 143.59 289.12
1 9 100.08 2697.5 119.92 46.351 39.276 80.642 50.206 22.753 30.745 7.5 139.36 297.17
1 10 99.041 2695.6 120.63 49.089 39.275 80.427 50.206 22.753 30.745 7.5 138.32 293.62
1 11 101.46 2683.4 120.73 41.619 39.161 79.415 50.206 22.753 30.745 7.5 140.62 293.99
1 12 99.18 2680.6 120.63 42.318 39.776 79.879 50.206 22.753 30.745 7.5 138.96 289.76
1 13 98.37 2686.8 120.9 44.958 36.178 80.218 50.206 22.753 30.5 7.5 134.55 292.27
1 14 92.643 2672.1 120.51 47.533 37.416 80.605 50.206 22.753 30.5 7.5 130.06 280.89
1 15 90.567 2676.8 121.23 51.756 35.136 80.581 50.206 22.753 30.5 7.5 125.7 280.75
1 16 86.882 2657.3 120.44 55.238 37.598 80.544 50.206 22.753 30.5 7.5 124.48 278.47
1 17 85.917 2650.5 120.19 53.524 37.062 80.835 50.206 22.753 30.5 7.5 122.98 285.43
1 18 84.355 2650.8 119.07 54.713 38.116 80.293 50.206 22.753 30.5 7.5 122.47 278.67
1 19 85.494 2647.9 118.1 55.993 39.956 80.262 50.206 22.753 21.243 7.5 125.45 291.69
1 20 86.193 2637.1 117.39 53.571 39.532 79.323 50.206 22.753 21.243 7.5 125.72 296.57
1 21 86.45 2644.4 117.91 54.283 38.703 78.637 50.206 22.753 21.243 7.5 125.15 290.79
1 22 81.516 2648.3 117 54.988 39.323 77.958 50.206 22.753 21.243 7.5 120.84 294.69
1 23 81.122 2643.4 117.54 58.866 39.986 78.664 50.206 22.753 21.243 7.5 121.11 290.7
1 24 81.476 2622 117.72 57.847 37.238 77.832 50.206 22.753 21.243 7.5 118.71 294.7
1 25 82.765 2633.6 117.87 55.793 39.068 78.33 50.206 22.753 18.56 7.5 121.83 287.39
1 26 78.188 2635.2 116.07 54.93 40.495 78.433 30.327 22.753 18.56 7.5 118.68 291.76
1 27 77.31 2636.4 115.75 57.703 39.841 78.378 30.327 22.753 18.56 7.5 117.15 304.06
1 28 76.494 2626.1 116.39 58.337 39.317 77.897 30.327 22.753 18.56 7.5 115.81 299.47
1 29 75.869 2629.5 116.81 60.913 38.066 78.137 30.327 22.753 18.56 7.5 113.94 299.52
1 30 79.032 2616.1 116.26 55.768 38.134 77.705 30.327 22.753 18.56 7.5 117.17 298.84
1 31 79.364 2607.9 116.93 53.231 36.338 78.069 30.327 22.753 16.424 7.5 115.7 288.21
1 32 77.784 2633.2 116.58 52.206 34.632 77.582 30.327 22.753 16.424 7.5 112.42 287.69
1 33 82.144 2620.6 115.94 53.069 37.663 77.105 30.327 22.753 16.424 7.5 119.81 282.96
1 34 80.619 2626.4 117.27 54.623 34.494 77.545 30.327 22.753 16.424 7.5 115.11 287.55
1 35 82.899 2645.8 116.48 50.495 38.074 76.811 30.327 22.753 16.424 7.5 120.97 281.64
1 36 83.822 2644.9 116.37 46.081 39.802 77.117 30.327 22.753 16.424 7.5 123.62 299.69
1 37 81.781 2645.5 116.71 49.898 40.017 77.191 30.327 22.753 19.925 7.5 121.8 301.47
1 38 80.314 2659.6 116.27 48.235 40.345 76.845 30.327 22.753 19.925 7.5 120.66 309.66
1 39 82.601 2657 115.93 44.965 42.74 76.991 30.327 22.753 19.925 7.5 125.34 307.56
1 40 86.712 2645.3 116.5 49.109 42.604 77.222 30.327 22.753 19.925 7.5 129.32 316.84
1 41 83.504 2667.5 116.91 52.366 41.026 77.478 30.327 79.426 19.925 7.5 124.53 324.19
1 42 85.628 2681.5 116.84 54.835 39.118 77.895 30.327 79.426 19.925 7.5 124.75 319.32
1 43 86.903 2673.8 117.03 51.044 38.118 77.617 30.327 79.426 23.709 7.5 125.02 311.59
1 44 86.047 2687.9 117.3 52.389 41.854 77.625 30.327 79.426 23.709 7.5 127.9 309.29
1 45 90.84 2684.7 116.39 51.451 42.499 77.991 30.327 79.426 23.709 7.5 133.34 316.98
1 46 93.861 2684.8 117.69 55.827 40.299 78.712 30.327 79.426 23.709 7.5 134.16 321.67
1 47 88.554 2690.5 117.87 54.295 38.461 78.026 30.327 79.426 23.709 7.5 127.01 317.92
1 48 91.381 2703.6 117.69 49.426 37.537 77.76 30.327 79.426 23.709 7.5 128.92 310.29
1 49 91.74 2690.8 118.7 50.052 37.843 78.192 30.327 79.426 28.098 7.5 129.58 301.51
1 50 93.105 2693 119.36 46.52 37.77 77.925 30.327 79.426 28.098 7.5 130.88 304.41
1 51 96.637 2701.5 118.77 50.164 40.126 79.065 47.709 79.426 28.098 7.5 136.76 305.93
1 52 96.091 2699.9 118.66 50.999 40.473 79.331 47.709 79.426 28.098 7.5 136.56 304.35
1 53 98.845 2706.4 119.01 48.961 39.298 78.992 47.709 79.426 28.098 7.5 138.14 306.74
1 54 101.33 2704.8 119.09 48.36 39.784 78.927 47.709 79.426 28.098 7.5 141.11 302.91
1 55 99.583 2707.5 119.12 48.131 39.787 79.135 47.709 79.426 28.163 7.5 139.37 304.67
1 56 99.514 2720.6 119.21 51.124 40.133 79.369 47.709 79.426 28.163 7.5 139.65 307.91
1 57 99.579 2725 119.7 48.416 41.762 79.616 47.709 79.426 28.163 7.5 141.34 308.95
1 58 100.31 2727.9 119.59 47.85 44.03 79.288 47.709 79.426 28.163 7.5 144.34 308.9
1 59 97.865 2725.4 119.28 52.182 44.113 80.209 47.709 79.426 28.163 7.5 141.98 325.93
1 60 95.673 2716.2 119.57 58.742 43.097 81.132 47.709 79.426 28.163 7.5 138.77 321.55
1 61 96.347 2710.1 119.88 65.137 40.09 81.173 47.709 79.426 30.486 7.5 136.44 330
1 62 97.888 2699.2 119.74 62.606 40.472 81.026 47.709 79.426 30.486 7.5 138.36 311.76
1 63 100.64 2689.7 120.18 59.076 38.41 80.831 47.709 79.426 30.486 7.5 139.05 312.19
1 64 97.941 2697.3 120.14 61.631 35.582 81.213 47.709 79.426 30.486 7.5 133.52 296.94
1 65 96.53 2710.3 119.58 58.982 37.744 80.544 47.709 79.426 30.486 7.5 134.27 282.16
1 66 97.162 2699.2 119.92 52.492 38.737 79.848 47.709 79.426 30.486 7.5 135.9 296.72
1 67 92.569 2694.5 120.44 53.32 38.926 79.865 47.709 79.426 28.707 7.5 131.5 302.73
1 68 91.868 2693.3 120.17 54.831 36.935 80.118 47.709 79.426 28.707 7.5 128.8 307.33
1 69 92.213 2682.1 120.02 50.232 35.651 80.491 47.709 79.426 28.707 7.5 127.86 287.5
1 70 94.819 2681.8 120.46 44.571 35.115 79.323 47.709 79.426 28.707 7.5 129.93 296.46
1 71 98.222 2694.8 119.01 40.339 36.349 78.353 47.709 79.426 28.707 7.5 134.57 287.33
1 72 96.407 2704.3 118.36 43.613 41.104 79.592 47.709 79.426 28.707 7.5 137.51 295.76
1 73 96.359 2703.9 118.32 42.879 40.411 78.524 47.709 79.426 27.21 7.5 136.77 300.64
1 74 94.911 2697 119.2 45.575 38.996 78.211 47.709 79.426 27.21 7.5 133.91 309.65
1 75 99.719 2695.7 119.74 47.985 37.016 78.562 47.709 79.426 27.21 7.5 136.74 303.09
1 76 97.271 2694.4 119.78 49.219 36.15 79.143 37.982 79.426 27.21 7.5 133.42 299.22
1 77 95.954 2700.6 119.71 47.272 37.001 79.948 37.982 79.426 27.21 7.5 132.95 297.89
1 78 98.849 2700 119.98 49.074 36.411 79.678 37.982 79.426 27.21 7.5 135.26 293.85
1 79 97.287 2698.2 120.41 46.688 35.182 78.928 37.982 79.426 29.534 7.5 132.47 293.98
1 80 97.999 2698.5 120.79 44.541 34.626 79.239 37.982 79.426 29.534 7.5 132.62 295.29
1 81 94.752 2697.6 119.94 42.597 36.52 79.425 37.982 54.75 29.534 7.5 131.27 285.15
1 82 93.638 2697.9 119.88 46.606 37.784 80.111 37.982 54.75 29.534 7.5 131.42 294.8
1 83 92.999 2690.3 119.71 47.547 39.978 79.427 37.982 54.75 29.534 7.5 132.98 302.36
1 84 96.697 2694.4 119.5 46.75 39.11 79.16 37.982 54.75 29.534 7.5 135.81 305.67
1 85 98.057 2688.7 118.89 46.878 39.661 79.548 37.982 54.75 26.702 7.5 137.72 298.32
1 86 97.999 2698.5 119.23 48.019 40.64 79.404 37.982 54.75 26.702 7.5 138.64 301.17
1 87 99.346 2696.4 118.99 50.786 38.012 79.233 37.982 54.75 26.702 7.5 137.36 308.13
1 88 97.244 2697.8 119.69 45.428 38.596 78.527 37.982 54.75 26.702 7.5 135.84 303.55
1 89 101.01 2693.4 120.49 42.716 36.531 78.74 37.982 54.75 26.702 7.5 137.54 299.63
1 90 99.254 2698.1 121.02 44.115 34.009 79.474 37.982 54.75 26.702 7.5 133.26 290.36
1 91 102.58 2704.7 120.47 50.972 36.094 79.756 37.982 54.75 30.098 7.5 138.68 284.01
1 92 98.404 2698.8 120.53 52.161 36.43 80.57 37.982 54.75 30.098 7.5 134.83 290.45
1 93 99.205 2711.9 120.84 52.028 36.695 80.363 37.982 54.75 30.098 7.5 135.9 289.26
1 94 95.471 2697.2 120.44 53.505 38.648 80.938 37.982 54.75 30.098 7.5 134.12 290.52
1 95 91.107 2700.6 121.25 59.708 36.048 81.366 37.982 54.75 30.098 7.5 127.16 305.94
1 96 89.378 2686.3 120.83 57.069 33.741 80.992 37.982 54.75 30.098 7.5 123.12 289.87
1 97 87.349 2673.7 121.01 54.421 36.181 81.227 37.982 54.75 28.651 7.5 123.53 283.82
1 98 88.761 2667.5 119.86 54.853 37.544 80.84 37.982 54.75 28.651 7.5 126.3 284.3
1 99 93.797 2673.9 119.2 56.143 36.531 80.736 37.982 54.75 28.651 7.5 130.33 289.64
1 100 92.799 2678.6 118.79 56.14 38.47 80.421 37.982 54.75 28.651 7.5 131.27 292.61
1 101 96.657 2687.5 118.2 54.537 39.731 79.204 58.498 54.75 28.651 7.5 136.39 299.93
1 102 95.326 2678 118.87 59.017 38.476 79.294 58.498 54.75 28.651 7.5 133.8 298.58
1 103 98.131 2674.6 120.45 62.593 36.871 80.058 58.498 54.75 26.888 7.5 135 292.27
1 104 96.272 2685.7 119.57 61.363 38.63 79.64 58.498 54.75 26.888 7.5 134.9 286.48
1 105 97.31 2687.4 119 60.593 40.342 80.432 58.498 54.75 26.888 7.5 137.65 290.24
1 106 98.711 2688 119.82 51.588 36.517 79.642 58.498 54.75 26.888 7.5 135.23 300.98
1 107 100.28 2691.2 119.45 53.785 39.403 79.178 58.498 54.75 26.888 7.5 139.69 287.17
1 108 98.351 2700.8 119.37 50.206 39.609 79.214 58.498 54.75 26.888 7.5 137.96 303.04
1 109 99.28 2699.2 118.97 53.1 42.662 79.659 58.498 54.75 28.538 7.5 141.94 297.45
1 110 98.286 2695.9 119.22 54.81 41.983 79.728 58.498 54.75 28.538 7.5 140.27 307.47
1 111 95.856 2684.8 119.69 53.724 41.004 79.633 58.498 54.75 28.538 7.5 136.86 307.52
1 112 95.877 2698.7 119.81 47.452 39.143 79.655 58.498 54.75 28.538 7.5 135.02 301.96
1 113 95.294 2691.1 118.72 48.98 44.64 79.677 58.498 54.75 28.538 7.5 139.93 291.58
1 114 97.286 2701.2 118.98 45.821 42.527 79.337 58.498 54.75 28.538 7.5 139.81 308.62
1 115 98.801 2690.5 117.89 48.304 44.918 79.324 58.498 54.75 27.112 7.5 143.72 309.65
1 116 98.472 2698.6 118.39 47.488 43.544 78.931 58.498 54.75 27.112 7.5 142.02 319.05
1 117 98.619 2690.4 118.1 46.463 44.5 78.828 58.498 54.75 27.112 7.5 143.12 312.13
1 118 95.558 2688.7 119.6 40.811 41.972 78.23 58.498 54.75 27.112 7.5 137.53 315.24
1 119 92.319 2692.1 119.46 46.391 40.468 78.839 58.498 54.75 27.112 7.5 132.79 304.04
1 120 90.982 2684.6 119.19 47.184 41.572 79.26 58.498 54.75 27.112 7.5 132.55 299.7
1 121 91.417 2660.8 119.36 49.971 39.606 79.6 58.498 23.27 27.647 7.5 131.02 299.68
1 122 86.434 2654.9 119.04 57.045 42.171 79.866 58.498 23.27 27.647 7.5 128.6 290.92
1 123 89.597 2656.8 118.21 54.203 41.643 79.861 58.498 23.27 27.647 7.5 131.24 300.15
1 124 85.089 2637 118.08 49.678 41.03 79.133 58.498 23.27 27.647 7.5 126.12 302.99
1 125 88.858 2645.4 118.77 47.095 40.264 78.534 58.498 23.27 27.647 7.5 129.12 293.68
1 126 88.052 2633.6 117.75 43.138 38.146 77.785 50.103 23.27 27.647 7.5 126.2 292.04
1 127 89.581 2644.5 118.43 42.876 38.545 77.843 50.103 23.27 20.503 7.5 128.13 287.45
1 128 88.66 2638 117.71 43.782 37.918 77.627 50.103 23.27 20.503 7.5 126.58 284.6
1 129 85.683 2649.7 118.45 38.071 37.243 77.583 50.103 23.27 20.503 7.5 122.93 283.29
1 130 89.738 2640.5 117.91 42.069 35.807 77.031 50.103 23.27 20.503 7.5 125.55 284.55
1 131 94.823 2628.7 118.84 38.226 35.648 77.508 50.103 23.27 20.503 7.5 130.47 283.1
1 132 93.504 2645.6 119.33 40.821 33.302 77.249 50.103 23.27 20.503 7.5 126.81 281.74
1 133 93.244 2660.2 118.6 41.988 33.681 77.725 50.103 23.27 23.856 7.5 126.93 271.26
1 134 94.432 2655.2 118.6 41.629 36.123 77.968 50.103 23.27 23.856 7.5 130.55 275.84
1 135 92.39 2660.7 120.21 41.479 33.912 77.397 50.103 23.27 23.856 7.5 126.3 284.74
1 136 94.452 2654.1 119.92 42.028 34.13 77.957 50.103 23.27 23.856 7.5 128.58 276.06
1 137 92.817 2643.3 119.95 41.668 33.324 78.546 50.103 23.27 23.856 7.5 126.14 273.52
1 138 92.663 2657.5 120.15 38.098 32.677 78.59 50.103 23.27 23.856 7.5 125.34 272.91
1 139 91.746 2657.5 119.37 38.476 35.926 78.689 50.103 23.27 26.388 7.5 127.67 270.2
1 140 89.403 2665.4 120.11 44.887 35.833 78.923 50.103 23.27 26.388 7.5 125.24 274.55
1 141 89.163 2653.6 119.08 52.375 38.09 79.505 50.103 23.27 26.388 7.5 127.25 277.62
1 142 91.648 2653.4 119.37 55.218 37.334 79.876 50.103 23.27 26.388 7.5 128.98 290.2
1 143 92.561 2648.7 119.06 56.521 37.428 79.847 50.103 23.27 26.388 7.5 129.99 281.84
1 144 96.381 2657.6 118.86 53.23 37.517 79.664 50.103 23.27 26.388 7.5 133.9 292.75
1 145 96.113 2657.9 118.48 56.275 36.736 79.586 50.103 23.27 24.836 7.5 132.85 285.47
1 146 92.829 2669.4 118.87 54.442 37.336 79.692 50.103 23.27 24.836 7.5 130.16 282.13
1 147 93.974 2673.1 118.84 53.752 37.347 78.74 50.103 23.27 24.836 7.5 131.32 286.83
1 148 93.198 2662.9 119.23 51.577 39.072 78.836 50.103 23.27 24.836 7.5 132.27 285.29
1 149 92.081 2661 119.46 51.592 38.887 79.312 50.103 23.27 24.836 7.5 130.97 293.1
1 150 91.381 2659.9 119.19 50.754 36.874 79.221 50.103 23.27 24.836 7.5 128.26 291.99
1 151 93.928 2659.5 119.47 50.451 39.161 79.25 64.754 23.27 25.268 7.5 133.09 290.76
1 152 89.836 2658.3 119.11 45.597 39.17 78.22 64.754 23.27 25.268 7.5 129.01 287.96
1 153 90.912 2658.4 118.64 45.333 41.563 78.903 64.754 23.27 25.268 7.5 132.48 289.01
1 154 92.404 2652.2 119.01 52.508 39.642 79.343 64.754 23.27 25.268 7.5 132.05 293.3
1 155 92.227 2643.5 118.59 53.9 39.615 79.314 64.754 23.27 25.268 7.5 131.84 284.44
1 156 90.822 2652.1 118.52 51.209 37.245 79.16 64.754 23.27 25.268 7.5 128.07 288.86
1 157 92.224 2656.7 118.03 51.468 38.567 79.357 64.754 23.27 25.043 7.5 130.79 276.89
1 158 96.406 2634.7 119.31 52.368 36.871 78.702 64.754 23.27 25.043 7.5 133.28 287.82
1 159 93.298 2645.7 119.59 49.285 34.541 78.338 64.754 23.27 25.043 7.5 127.84 279.44
1 160 92.866 2664.4 119.06 47.746 35.695 78.635 64.754 23.27 25.043 7.5 128.56 275.29
1 161 92.888 2659.6 118.93 50.16 38.028 78.767 64.754 50.675 25.043 7.5 130.92 279.24
1 162 86.553 2654.5 119.73 50.499 36.286 78.764 64.754 50.675 25.043 7.5 122.84 288.48
1 163 90.725 2646.7 119.76 50.36 33.639 78.821 64.754 50.675 24.489 7.5 124.36 278.93
1 164 90.672 2636.9 119.56 53.747 33.799 79.402 64.754 50.675 24.489 7.5 124.47 274.53
1 165 92.069 2644.9 119.69 49.076 32.729 78.981 64.754 50.675 24.489 7.5 124.8 274.02
1 166 90.847 2640.5 118.74 49.33 34.483 78.83 64.754 50.675 24.489 7.5 125.33 270.86
1 167 91.609 2655.2 119.21 46.597 33.587 78.366 64.754 50.675 24.489 7.5 125.2 271.44
1 168 91.026 2650.2 119.35 53.175 33.168 78.419 64.754 50.675 24.489 7.5 124.19 272.86
1 169 92.363 2656.7 119.19 44.445 35.555 78.047 64.754 50.675 22.992 7.5 127.92 277.79
1 170 89.873 2650.9 119.21 41.283 34.675 77.754 64.754 50.675 22.992 7.5 124.55 276.17
1 171 86.762 2654.9 119.34 42.104 35.384 77.879 64.754 50.675 22.992 7.5 122.15 273.51
1 172 92.888 2645.3 119.39 45.144 35.631 78.499 64.754 50.675 22.992 7.5 128.52 277.38
1 173 92.435 2632.7 119.45 47.128 34.174 78.269 64.754 50.675 22.992 7.5 126.61 271.35
1 174 90.699 2651 119.51 50.918 31.232 78.835 64.754 50.675 22.992 7.5 121.93 274.43
1 175 92.546 2646.2 118.26 44.914 35.908 78.469 64.754 50.675 23.427 7.5 128.45 262.96
1 176 93.915 2655.2 119.19 46.705 35.322 78.358 65.866 50.675 23.427 7.5 129.24 278.57
1 177 91.84 2652.6 118.5 47.212 37.232 77.544 65.866 50.675 23.427 7.5 129.07 283.53
1 178 93.46 2653.9 119.14 44.763 37.002 78.146 65.866 50.675 23.427 7.5 130.46 289.2
1 179 92.847 2657.3 118.82 48.229 37.413 78.302 65.866 50.675 23.427 7.5 130.26 280.66
1 180 92.685 2669.5 118.58 44.85 38.085 78.393 65.866 50.675 23.427 7.5 130.77 289.13
1 181 93.465 2666.6 117.94 39.513 41.273 77.693 65.866 50.675 24.232 7.5 134.74 289.55
1 182 96.455 2661.2 118.77 39.763 40.083 77.551 65.866 50.675 24.232 7.5 136.54 301.57
1 183 99.399 2664.9 119.08 38.868 37.743 77.634 65.866 50.675 24.232 7.5 137.14 295.55
1 184 99.582 2669.4 119.45 39.089 36.447 77.981 65.866 50.675 24.232 7.5 136.03 285.3
1 185 98.319 2676.7 119.74 39.776 34.531 78.062 65.866 50.675 24.232 7.5 132.85 285.55
1 186 94.579 2687.8 120.14 42.485 34.852 78.081 65.866 50.675 24.232 7.5 129.43 276.55
1 187 98.121 2675.9 120.14 47.888 38.532 78.84 65.866 50.675 28.8 7.5 136.65 282.76
1 188 99.976 2662.8 120.39 47.399 36.309 79.206 65.866 50.675 28.8 7.5 136.29 292.23
1 189 100.29 2674.2 120.74 44.055 35.588 79.253 65.866 50.675 28.8 7.5 135.88 286.57
1 190 102.67 2683.8 119.96 41.267 36.075 78.887 65.866 50.675 28.8 7.5 138.74 278.55
1 191 104.03 2674.9 119.87 40.248 38.48 78.844 65.866 50.675 28.8 7.5 142.51 278.31
1 192 106.07 2680.7 121.03 37.987 33.962 78.139 65.866 50.675 28.8 7.5 140.03 293.23
1 193 108 2687.4 120.76 42.118 35.652 78.612 65.866 50.675 29.683 7.5 143.65 273.79
1 194 106.4 2703.1 121.41 38.175 34.539 79.202 65.866 50.675 29.683 7.5 140.94 277.93
1 195 109.69 2700.4 120.98 34.872 36.693 78.751 65.866 50.675 29.683 7.5 146.38 271.37
1 196 106.18 2698.9 121.89 39.924 35.413 79.239 65.866 50.675 29.683 7.5 141.59 281.77
1 197 108.9 2702.2 122.2 42.647 35.375 79.777 65.866 50.675 29.683 7.5 144.28 274.92
1 198 108.32 2689.1 122.3 43.451 34.596 79.894 65.866 50.675 29.683 7.5 142.91 278.88
1 199 112.01 2702.3 122.74 45.161 33.189 80.563 65.866 50.675 32.786 7.5 145.2 272.45
1 200 115.05 2716.4 121.81 45.568 36.731 80.659 65.866 50.675 32.786 7.5 151.78 262.51
1 201 113.87 2723.3 121.9 45.586 35.655 81.159 42.67 50.246 32.786 7.5 149.53 280.1
1 202 110.55 2728.8 121.92 50.958 35.522 81.124 42.67 50.246 32.786 7.5 146.08 288.92
1 203 105.75 2728.6 122.58 52.684 34.386 80.995 42.67 50.246 32.786 7.5 140.14 286.37
1 204 108.01 2721.4 123.48 51.708 32.152 81.095 42.67 50.246 32.786 7.5 140.16 279.2
1 205 104.42 2705.9 124.47 53.009 32.439 81.735 42.67 50.246 38.164 7.5 136.86 276.31
1 206 105.58 2715.1 123.47 46.624 32.82 81.946 42.67 50.246 38.164 7.5 138.4 270.8
1 207 105.76 2705.9 122.73 44.799 32.886 82.685 42.67 50.246 38.164 7.5 138.65 271.74
1 208 100.25 2701.7 122.53 44.413 33.287 81.806 42.67 50.246 38.164 7.5 133.54 274.14
1 209 96.262 2709.4 122.61 46.618 33.271 80.886 42.67 50.246 38.164 7.5 129.53 279.04
1 210 95.965 2694.3 122.29 42.28 32.878 81.131 42.67 50.246 38.164 7.5 128.84 277.4
1 211 97.713 2685 122.66 46.441 33.435 80.852 42.67 50.246 32.42 7.5 131.15 280.11
1 212 98.06 2692.2 121.07 48.695 36.947 80.678 42.67 50.246 32.42 7.5 135.01 279.35
1 213 97.908 2695.4 119.47 44.684 40.05 81.431 42.67 50.246 32.42 7.5 137.96 285.02
1 214 94.33 2688.2 120.09 41.008 39.53 79.942 42.67 50.246 32.42 7.5 133.86 298.97
1 215 91.333 2692 119.9 44.8 37.838 79.286 42.67 50.246 32.42 7.5 129.17 297.34
1 216 93.314 2681.6 119.82 44.542 39.233 79.452 42.67 50.246 32.42 7.5 132.55 294.9
1 217 90.164 2671 120.09 42.347 37.402 79.64 42.67 50.246 27.743 7.5 127.57 290.18
1 218 86.418 2672.2 119.8 44.463 36.497 79.388 42.67 50.246 27.743 7.5 122.91 292.65
1 219 89.097 2657.9 119.44 42.427 36.349 79.524 42.67 50.246 27.743 7.5 125.45 290.57
1 220 90.599 2652 119.79 44.942 34.341 79.013 42.67 50.246 27.743 7.5 124.94 288.97
1 221 91.163 2657.7 118.77 44.178 35.772 78.291 42.67 50.246 27.743 7.5 126.94 285.6
1 222 88.302 2664.8 117.94 43.733 36.76 78.915 42.67 50.246 27.743 7.5 125.06 286.63
1 223 87.43 2671.6 118.59 48.192 37.423 78.936 42.67 50.246 23.845 7.5 124.85 285.51
1 224 85.83 2661.1 118.67 57.262 37.019 78.864 42.67 50.246 23.845 7.5 122.85 290.48
1 225 83.397 2651.8 119.09 52.566 35.602 78.704 42.67 50.246 23.845 7.5 119 295.53
1 226 84.041 2650.8 119.02 50.48 34.113 78.582 41.215 50.246 23.845 7.5 118.15 291.59
1 227 83.741 2637.7 118.51 47.108 34.719 78.407 41.215 50.246 23.845 7.5 118.46 282.59
1 228 84.545 2651.1 118.37 49.164 33.7 78.786 41.215 50.246 23.845 7.5 118.25 287.76
1 229 86.738 2643 117.75 46.124 35.722 78.149 41.215 50.246 21.383 7.5 122.46 281.47
1 230 92.319 2638.1 117.9 44.084 36.226 77.77 41.215 50.246 21.383 7.5 128.55 290.14
1 231 91.094 2657.9 118.4 46.254 35.232 77.579 41.215 50.246 21.383 7.5 126.33 288.47
1 232 91.145 2668 118.32 42.41 34.894 77.7 41.215 50.246 21.383 7.5 126.04 278.8
1 233 91.856 2651.2 119.38 40.096 32.477 77.262 41.215 50.246 21.383 7.5 124.33 284.93
1 234 92.125 2662.8 120.14 39.734 31.986 77.55 41.215 50.246 21.383 7.5 124.11 273.91
1 235 89.448 2655.6 119.43 34.633 30.895 76.983 41.215 50.246 25.709 7.5 120.34 272.11
1 236 89.31 2660 120.67 33.036 29.653 77.976 41.215 50.246 25.709 7.5 118.96 271.31
1 237 90.374 2648.8 120.63 35.241 30.925 77.987 41.215 50.246 25.709 7.5 121.3 266.43
1 238 90.308 2650 120.28 35.558 32.55 78.08 41.215 50.246 25.709 7.5 122.86 269.48
1 239 90.233 2660 119.34 37.825 32.825 78.288 41.215 50.246 25.709 7.5 123.06 273.35
1 240 90.463 2660.1 119.47 34.435 32.794 78.229 41.215 50.246 25.709 7.5 123.26 274.05
1 241 94.778 2660.5 120.03 35.407 32.671 77.85 41.215 46.123 25.466 7.5 127.45 278.84
1 242 94.551 2657.4 119.97 39.692 31.988 78.07 41.215 46.123 25.466 7.5 126.54 273.49
1 243 88.629 2672.5 119.98 43.399 32.697 78.209 41.215 46.123 25.466 7.5 121.33 269.19
1 244 87.944 2667.5 120.21 42.305 31.271 78.699 41.215 46.123 25.466 7.5 119.22 276.28
1 245 84.065 2650.9 120.5 41.491 32.453 78.276 41.215 46.123 25.466 7.5 116.52 276.17
1 246 77.371 2644.6 120.6 44.246 30.705 78.538 41.215 46.123 25.466 7.5 108.08 276.22
1 247 76.307 2635.3 119.53 42.963 33.358 79.174 41.215 46.123 23.615 7.5 109.66 265.18
1 248 80.877 2620.6 119.07 39.287 34.083 78.795 41.215 46.123 23.615 7.5 114.96 272.91
1 249 80.616 2613.9 118.37 38.48 34.153 78.159 41.215 46.123 23.615 7.5 114.77 279.87
1 250 79.166 2634.6 117.05 46.702 33.01 78.932 41.215 46.123 23.615 7.5 112.18 279.37
1 251 84.006 2630.5 116.88 45.921 37.765 77.909 67.565 46.123 23.615 7.5 121.77 283.34
1 252 84.671 2625.3 118.07 51.175 35.306 77.137 67.565 46.123 23.615 7.5 119.98 279.96
1 253 87.34 2625.1 117.64 49.28 36.834 76.616 67.565 46.123 18.482 7.5 124.17 277.64
1 254 88.652 2638.5 117.39 50.197 37.584 77.529 67.565 46.123 18.482 7.5 126.24 278.86
1 255 88.757 2644.6 117.04 47.885 38.8 77.384 67.565 46.123 18.482 7.5 127.56 288.03
1 256 89.181 2648.3 117.48 48.963 39.277 77.136 67.565 46.123 18.482 7.5 128.46 287.07
1 257 92.352 2649.6 117.96 57.19 39.084 77.44 67.565 46.123 18.482 7.5 131.44 293.89
1 258 94.235 2652.3 117.9 56.808 38.673 78.145 67.565 46.123 18.482 7.5 132.91 285.79
1 259 95.11 2661.7 117.68 53.575 39.745 78.147 67.565 46.123 21.981 7.5 134.86 283.11
1 260 91.544 2671.5 117.94 53.018 40.711 78.009 67.565 46.123 21.981 7.5 132.26 289.03
1 261 94.634 2667.6 118.03 53.439 40.976 78.027 67.565 46.123 21.981 7.5 135.61 293.82
1 262 92.82 2666.6 118.69 57.672 39.237 78.387 67.565 46.123 21.981 7.5 132.06 294.18
1 263 96.148 2681.1 119.11 53.484 39.847 78.898 67.565 46.123 21.981 7.5 136 291.98
1 264 94.019 2676.7 118.04 46.923 42.179 78.591 67.565 46.123 21.981 7.5 136.2 296.72
1 265 94.46 2684.6 118.1 45.973 43.423 78.887 67.565 46.123 24.045 7.5 137.88 301.2
1 266 95.082 2668.9 117.67 49.529 43.065 78.615 67.565 46.123 24.045 7.5 138.15 303.24
1 267 91.201 2671.5 118.8 49.329 41.563 78.652 67.565 46.123 24.045 7.5 132.76 306.69
1 268 97.022 2671.8 117.99 52.72 42.154 79.016 67.565 46.123 24.045 7.5 139.18 294.87
1 269 101.04 2652.7 118.2 52.966 42.694 79.085 67.565 46.123 24.045 7.5 143.74 307.19
1 270 100.03 2671.2 119.21 55.51 38.453 79.565 67.565 46.123 24.045 7.5 138.48 302.54
1 271 102.26 2677.8 118.1 52.25 38.37 79.003 67.565 46.123 25.885 7.5 140.63 287.65
1 272 102.01 2673.6 119.86 51.285 36.594 78.987 67.565 46.123 25.885 7.5 138.61 288.56
1 273 95.744 2676.1 120.61 57.597 35.204 78.852 67.565 46.123 25.885 7.5 130.95 275.73
1 274 97.482 2686.4 120.52 57.437 34.664 79.909 67.565 46.123 25.885 7.5 132.15 273.43
1 275 95.872 2663.9 120.62 56.106 37.188 79.938 67.565 46.123 25.885 7.5 133.06 270.95
1 276 95.005 2676.1 120.73 53.724 36.213 79.909 50.16 46.123 25.885 7.5 131.22 285.55
1 277 92.088 2681.5 119.17 59.679 36.574 80.847 50.16 46.123 26.506 7.5 128.66 283.99
1 278 91.947 2692.7 119.23 54.278 40.015 80.444 50.16 46.123 26.506 7.5 131.96 284.49
1 279 90.81 2681.9 118.33 52.671 42.177 79.265 50.16 46.123 26.506 7.5 132.99 297.46
1 280 94.733 2681.3 118.67 54.938 42.142 79.734 50.16 46.123 26.506 7.5 136.87 312.96
1 281 96.46 2683.9 118.34 57.428 41.03 79.46 50.16 77.077 26.506 7.5 137.49 309.03
1 282 97.352 2693.8 118.91 54.103 39.236 79.584 50.16 77.077 26.506 7.5 136.59 306.97
1 283 101.27 2704.2 118.83 55.278 38.506 79.095 50.16 77.077 27.106 7.5 139.78 300.95
1 284 99.06 2696.7 119.48 51.035 39.098 78.851 50.16 77.077 27.106 7.5 138.16 295.66
1 285 98.083 2715.2 119.27 51.964 39.574 79.1 50.16 77.077 27.106 7.5 137.66 299.7
1 286 93.299 2716.2 119.54 51.435 39.457 79.226 50.16 77.077 27.106 7.5 132.76 305.31
1 287 98.355 2706.8 119.66 47.479 41.677 79.652 50.16 77.077 27.106 7.5 140.03 309.65
1 288 100.25 2694 119.74 47.583 40.373 79.213 50.16 77.077 27.106 7.5 140.62 305.09
1 289 103.11 2710.9 119.93 51.724 39.963  50.16 77.077 26.481 7.5 143.07 305.15
1 290 105.5 2715.6 118.66 48.332 40.87  50.16 77.077 26.481 7.5 146.37 304.92
1 291 104.14 2728.9 119.23 48.125 42.336  50.16 77.077 26.481 7.5 146.47 308.9
1 292 103.27 2730.9 119.7 50.899 44.815  50.16 77.077 26.481 7.5 148.09 311.64
1 293 102.96 2729.4 119.77 48.496 43.702  50.16 77.077 26.481 7.5 146.66 316.83
1 294 101.81 2731.3 120.05 49.494 43.143  50.16 77.077 26.481 7.5 144.95 321.91
1 295 102 2725.1 120.24 47.318 43.447  50.16 77.077 32.751 7.5 145.45 314.21
1 296 107.48 2716.8 120.39 50.149 40.047  50.16 77.077 32.751 7.5 147.53 316.29
1 297 107.63 2720.2 121.14 58.707 38.637  50.16 77.077 32.751 7.5 146.27 309.44
1 298 105.72 2726.2 120.81 62.117 39.295  50.16 77.077 32.751 7.5 145.02 299.43
1 299 105.73 2739.4 120.55 57.468 40.289  50.16 77.077 32.751 7.5 146.02 302.62
1 300 104.43 2728.9 121.09 59.484 40.005  50.16 77.077 32.751 7.5 144.43 305.94
2 1 96.634 2695.3 120.11 50.336 38.631  33.489 34.303 30.216 7.5 135.27 296.13
2 2 98.644 2686.3 120.18 49.82 38.696  33.489 34.303 30.216 7.5 137.34 297.14
2 3 96.73 2686.7 120.43 53.602 35.368  33.489 34.303 30.216 7.5 132.1 296.35
2 4 94.455 2695.6 120.88 48.815 34.091  33.489 34.303 30.216 7.5 128.55 288.85
2 5 92.73 2689 120.43 50.601 36.578  33.489 34.303 30.216 7.5 129.31 281.63
2 6 91.329 2683.8 120.6 45.214 36.32  33.489 34.303 30.216 7.5 127.65 293.53
2 7 91.681 2674 120.8 45.096 36.531  33.489 34.303 28.998 7.5 128.21 294.47
2 8 91.209 2661 119.81 40.6 36.143  33.489 34.303 28.998 7.5 127.35 288.71
2 9 87.753 2673.8 119.91 48.504 35.584  33.489 34.303 28.998 7.5 123.34 288.44
2 10 88.322 2668.3 119.12 48.698 37.145  33.489 34.303 28.998 7.5 125.47 285.65
2 11 90.619 2664.1 118.7 49.92 36.876  33.489 34.303 28.998 7.5 127.49 286.87
2 12 87.149 2662.8 118.57 48.462 37.174  33.489 34.303 28.998 7.5 124.32 290.1
2 13 90.949 2671.2 118.58 50.831 36.844  33.489 34.303 24.658 7.5 127.79 299.08
2 14 92.284 2659.1 118.67 44.791 37.544  33.489 34.303 24.658 7.5 129.83 298.49
2 15 93.535 2679.9 119.02 46.124 37.022  33.489 34.303 24.658 7.5 130.56 296.33
2 16 94.447 2680.7 118.2 52.806 38.384  33.489 34.303 24.658 7.5 132.83 288
2 17 95.245 2680.3 118.72 51.132 40.591  33.489 34.303 24.658 7.5 135.84 299.84
2 18 94.956 2697.8 118.28 51.478 41.281  33.489 34.303 24.658 7.5 136.24 297.55
2 19 98.805 2698.7 118.46 53.664 42.73  33.489 34.303 28.634 7.5 141.54 306.95
2 20 95.975 2682.8 118.91 51.52 41.505  33.489 34.303 28.634 7.5 137.48 315.49
2 21 95.586 2702 119.73 51.024 37.389  33.489 34.303 28.634 7.5 132.98 315.6
2 22 98.865 2697.7 118.98 54.822 39.523  33.489 34.303 28.634 7.5 138.39 291.4
2 23 96.338 2691.8 120.48 51.556 37.991  33.489 34.303 28.634 7.5 134.33 295.73
2 24 95.642 2698.1 119.71 55.33 39.227  33.489 34.303 28.634 7.5 134.87 301.26
2 25 96.809 2678.4 119.74 52.853 37.745  33.489 34.303 29.923 7.5 134.55 298.99
2 26 106.15 2679.5 120.66 53.341 37.88  50.545 34.303 29.923 7.5 144.03 295.46
2 27 103.43 2685.8 120.19 52.231 36.736  50.545 34.303 29.923 7.5 140.17 290.12
2 28 101.37 2711.6 120.14 55.492 38.313  50.545 34.303 29.923 7.5 139.68 284.77
2 29 103.94 2702.3 119.8 56.31 41.04  50.545 34.303 29.923 7.5 144.98 285.77
2 30 104.03 2695.2 121.17 54.7 39.814  50.545 34.303 29.923 7.5 143.84 303
2 31 101.44 2712.2 120.91 47.542 38.248  50.545 34.303 31.795 7.5 139.69 294.58
2 32 101.62 2701.5 120.16 48.74 42  50.545 34.303 31.795 7.5 143.62 288.16
2 33 101.46 2701.8 120.83 51.221 39.429  50.545 34.303 31.795 7.5 140.89 296.49
2 34 102.58 2706 120.31 48.781 42.32  50.545 34.303 31.795 7.5 144.9 295.6
2 35 104.09 2698.7 119.58 41.916 43.075  50.545 34.303 31.795 7.5 147.17 305.13
2 36 107.66 2710 120.59 41.617 41.352  50.545 34.303 31.795 7.5 149.01 308.67
2 37 107.8 2724.3 119.85 47.055 43.04  50.545 34.303 31.571 7.5 150.84 299.75
2 38 108.98 2721.8 119.48 44.298 45.794  50.545 34.303 31.571 7.5 154.77 309.34
2 39 104.72 2734.9 120.78 43.566 41.65  50.545 34.303 31.571 7.5 146.37 314.23
2 40 104.6 2729.2 120.67 48.692 44.938  50.545 34.303 31.571 7.5 149.53 303.01
2 41 104.45 2737.1 120.84 51.765 44.092  50.545 64.081 31.571 7.5 148.54 312.62
2 42 103.15 2729.2 120.47 51.775 45.554  50.545 64.081 31.571 7.5 148.71 311.9
2 43 104.6 2720.9 120.22 51.017 44.517  50.545 64.081 33.195 7.5 149.12 324.95
2 44 101.49 2721.4 120.77 50.708 39.936  50.545 64.081 33.195 7.5 141.43 327.58
2 45 105.81 2725.5 120.67 56.053 41.815  50.545 64.081 33.195 7.5 147.62 303.63
2 46 109.45 2725.9 120.03 56.295 44.274  50.545 64.081 33.195 7.5 153.73 306.76
2 47 108.98 2745.5 119.54 54.742 45.508  50.545 64.081 33.195 7.5 154.48 315.66
2 48 108.06 2753.5 118.77 51.185 48.256  50.545 64.081 33.195 7.5 156.32 327.4
2 49 108 2749 119.38 49.016 48.933  50.545 64.081 37.148 7.5 156.94 331.92
2 50 110.6 2744.9 119.97 53.723 47.823 80.075 50.545 64.081 37.148 7.5 158.42 335.17
2 51 113.65 2747 120.34 52.422 47.897 80.651 61.813 64.081 37.148 7.5 161.55 325.44
2 52 112.94 2745.9 120.67 54.488 45.138 82.009 61.813 64.081 37.148 7.5 158.08 323.42
2 53 111.57 2745.7 120.92 54.954 44.228 81.668 61.813 64.081 37.148 7.5 155.8 323.01
2 54 112.18 2732.3 121.62 54.822 43.894 81.947 61.813 64.081 37.148 7.5 156.08 318.4
2 55 108.77 2735.1 122.69 55.595 38.508 81.654 61.813 64.081 36.641 7.5 147.28 310.24
2 56 110.33 2731.5 122.47 55.641 39.633 81.995 61.813 64.081 36.641 7.5 149.96 293.85
2 57 108.39 2734.6 122.13 49.458 40.702 81.535 61.813 64.081 36.641 7.5 149.09 297.8
2 58 108.7 2735.3 121.27 48.895 44.665 81.645 61.813 64.081 36.641 7.5 153.37 300.15
2 59 108.48 2733.8 120.8 56.099 45.208 81.641 61.813 64.081 36.641 7.5 153.69 314.23
2 60 111.26 2736.6 120.92 54.028 42.487 81.564 61.813 64.081 36.641 7.5 153.74 314.03
2 61 110.16 2731.1 120.53 52.918 44.371 81.367 61.813 64.081 34.478 7.5 154.53 313.05
2 62 112.82 2737.3 121.36 54.807 42.343 81.564 61.813 64.081 34.478 7.5 155.16 317.28
2 63 110.64 2724.7 121.38 53.297 40.934 81.312 61.813 64.081 34.478 7.5 151.58 303.69
2 64 111.5 2737.6 122.04 49.307 38.077 80.919 61.813 64.081 34.478 7.5 149.58 297.85
2 65 109.52 2733.7 121.79 45.28 42.257 80.396 61.813 64.081 34.478 7.5 151.78 292.18
2 66 108.86 2731.4 121.86 47.257 41.604 81.127 61.813 64.081 34.478 7.5 150.46 301.53
2 67 109.61 2726.8 121.77 51.395 39.292 81.357 61.813 64.081 35.46 7.5 148.9 307.05
2 68 111.4 2731.8 122.13 55.573 39.942 82.306 61.813 64.081 35.46 7.5 151.35 297.18
2 69 107.05 2731.6 121.53 53.273 41.318 81.972 61.813 64.081 35.46 7.5 148.37 295.16
2 70 106.42 2741.7 121.28 56.532 42.084 81.775 61.813 64.081 35.46 7.5 148.5 301.99
2 71 102.72 2721.8 121.31 52.568 42.701 81.333 61.813 64.081 35.46 7.5 145.42 303.08
2 72 106.31 2718.6 121.89 52.8 41.603 81.39 61.813 64.081 35.46 7.5 147.91 305.22
2 73 100.41 2712 121.04 50.653 40.312 81.106 61.813 64.081 32.89 7.5 140.72 300.64
2 74 98.3 2716.1 121.13 51.398 39.843 81.252 61.813 64.081 32.89 7.5 138.14 297.04
2 75 95.944 2700.5 120.09 51.957 41.924 80.9 61.813 64.081 32.89 7.5 137.87 302.75
2 76 97.7 2693.6 120.82 55.891 39.249 81.262 46.096 64.081 32.89 7.5 136.95 301.56
2 77 94.063 2681.4 120.22 52.378 37.043 80.357 46.096 64.081 32.89 7.5 131.11 299.8
2 78 94.338 2688.2 119.44 54.517 39.915 80.761 46.096 64.081 32.89 7.5 134.25 291.69
2 79 92.327 2691.2 118.86 51.769 38.268 80.041 46.096 64.081 28.201 7.5 130.59 305.62
2 80 89.541 2691.8 119.24 48.638 39.28 79.065 46.096 64.081 28.201 7.5 128.82 296.49
2 81 88.846 2693.8 119 47.203 40.308 78.994 46.096 79.568 28.201 7.5 129.15 304.28
2 82 91.095 2692.8 118.6 44.387 42.496 78.91 46.096 79.568 28.201 7.5 133.59 309.23
2 83 90.486 2689 117.92 45.31 44.885 78.71 46.096 79.568 28.201 7.5 135.37 312.08
2 84 93.572 2696.6 117.02 48.591 44.729 78.906 46.096 79.568 28.201 7.5 138.3 320.22
2 85 92.856 2694.4 116.85 49.526 45.933 78.72 46.096 79.568 25.026 7.5 138.79 328.66
2 86 93.59 2698.2 117.65 52.338 43.091 78.203 46.096 79.568 25.026 7.5 136.68 328.93
2 87 93.857 2696.8 117.96 52.028 41.21 77.948 46.096 79.568 25.026 7.5 135.07 324.26
2 88 94.163 2705.1 118.17 48.925 43.009 78.991 46.096 79.568 25.026 7.5 137.17 316.95
2 89 97.383 2705.8 117.89 46.138 44.998 78.351 46.096 79.568 25.026 7.5 142.38 318.81
2 90 98.835 2719.6 117.37 46.439 46.833 78.853 46.096 79.568 25.026 7.5 145.67 324.92
2 91 98.8 2733.2 116.91 46.946 49.573 78.987 46.096 79.568 26.816 7.5 148.37 327.67
2 92 97.912 2736.4 116.79 46.978 49.248 78.582 46.096 79.568 26.816 7.5 147.16 344.31
2 93 97.22 2736.7 117.94 49.987 48.206 78.696 46.096 79.568 26.816 7.5 145.43 340.54
2 94 100.74 2727.4 118.28 52.079 49.424 78.895 46.096 79.568 26.816 7.5 150.16 340
2 95 97.218 2719.5 118.38 45.679 48.676 79.499 46.096 79.568 26.816 7.5 145.89 340.68
2 96 95.802 2727.4 118.21 44.035 47.265 79.236 46.096 79.568 26.816 7.5 143.07 335.17
2 97 94.94 2726.1 118.52 44.677 45.257 79.372 46.096 79.568 29.924 7.5 140.2 330.61
2 98 93.579 2711.9 118.78 46.45 45.027 79.309 46.096 79.568 29.924 7.5 138.61 326.53
2 99 98.518 2709.1 118.91 49.084 43.174 79.345 46.096 79.568 29.924 7.5 141.69 332.28
2 100 93.263 2703.7 118.08 52.71 44.713 80.357 46.096 79.568 29.924 7.5 137.98 318.77
2 101 98.863 2717.8 118.88 55.207 43.924 79.633 63.709 79.568 29.924 7.5 142.79 322.58
2 102 98.583 2700.5 118.38 56.074 44.755 79.772 63.709 79.568 29.924 7.5 143.34 315.19
2 103 98.075 2703.6 119.87 56.157 42.606 79.631 63.709 79.568 27.042 7.5 140.68 314.53
2 104 96.842 2705.5 118.61 51.014 43.245 79.215 63.709 79.568 27.042 7.5 140.09 308.61
2 105 96.987 2695.4 119.12 46.422 41.267 79.389 63.709 79.568 27.042 7.5 138.25 310.86
2 106 101.25 2694.1 119.99 46.78 40.799 79.012 63.709 79.568 27.042 7.5 142.05 307.24
2 107 98.625 2696.3 118.78 47.308 41.651 79 63.709 79.568 27.042 7.5 140.28 301.98
2 108 95.449 2706.2 118.6 48.088 41.28 79.506 63.709 79.568 27.042 7.5 136.73 307.25
2 109 98.656 2700 118.77 49.515 41.391 79.086 63.709 79.568 29.28 7.5 140.05 298.48
2 110 101.99 2682.5 120.29 47.97 40.623 78.636 63.709 79.568 29.28 7.5 142.61 303.42
2 111 101.97 2700.8 120.36 51.13 36.24 79.261 63.709 79.568 29.28 7.5 138.22 304.14
2 112 96.855 2707 119.4 50.585 38.025 79.642 63.709 79.568 29.28 7.5 134.88 286.8
2 113 99.971 2699.1 119.67 48.881 38.058 79.548 63.709 79.568 29.28 7.5 138.03 289.97
2 114 99.598 2683.2 120.65 50.212 38.035 79.171 63.709 79.568 29.28 7.5 137.63 297.1
2 115 102.12 2697.7 120.6 48.857 38.685 79.453 63.709 79.568 26.524 7.5 140.8 285.83
2 116 102.33 2686.7 119.59 45.672 37.037 79.779 63.709 79.568 26.524 7.5 139.37 294.63
2 117 100.26 2699 120.83 48.149 37.062 79.79 63.709 79.568 26.524 7.5 137.32 292.52
2 118 100.43 2699.9 120.36 48.56 37.475 79.571 63.709 79.568 26.524 7.5 137.91 283.8
2 119 103.91 2703.6 120.7 47.372 35.93 79.733 63.709 79.568 26.524 7.5 139.84 285.56
2 120 106.41 2701.3 120.32 46.526 41.537 79.246 63.709 79.568 26.524 7.5 147.95 286.36
2 121 103.43 2693.4 120.45 54.407 37.538 80.385 63.709 24.744 28.735 7.5 140.97 291.86
2 122 98.705 2704.1 119.97 51.477 39.712 80.074 63.709 24.744 28.735 7.5 138.42 282.48
2 123 103.18 2679.4 120.57 49.815 41.91 79.942 63.709 24.744 28.735 7.5 145.09 289.48
2 124 103.12 2664.4 121.56 51.285 37.022 79.747 63.709 24.744 28.735 7.5 140.14 296.14
2 125 98.042 2681.6 121.25 47.345 36.207 79.923 63.709 24.744 28.735 7.5 134.25 280.87
2 126 96.41 2682.3 120.36 47.212 35.355 80.991 45.854 24.744 28.735 7.5 131.77 272.45
2 127 95.68 2675.1 121.15 51.624 35.029 80.333 45.854 24.744 30.397 7.5 130.71 281.27
2 128 96.013 2680.2 120.94 53.907 35.567 80.083 45.854 24.744 30.397 7.5 131.58 281.96
2 129 95.656 2678.4 119.72 54.993 38.442 80.812 45.854 24.744 30.397 7.5 134.1 286.66
2 130 95.451 2672.2 120.11 56.196 37.257 80.706 45.854 24.744 30.397 7.5 132.71 288.25
2 131 95.19 2661.2 120.35 56.215 35.803 80.437 45.854 24.744 30.397 7.5 130.99 292.29
2 132 96.005 2657.5 121 56.826 32.026 80.411 45.854 24.744 30.397 7.5 128.03 285.57
2 133 94.555 2656.3 120.68 54.259 32.697 80.348 45.854 24.744 27.41 7.5 127.25 268.08
2 134 93.67 2666.3 120.74 51.11 33.239 79.281 45.854 24.744 27.41 7.5 126.91 273.6
2 135 92.787 2662.8 120.2 49.2 33.003 79.786 45.854 24.744 27.41 7.5 125.79 271.4
2 136 97.494 2652.8 120.38 51.684 34.252 80.024 45.854 24.744 27.41 7.5 131.75 278.81
2 137 97.246 2661.5 120.23 52.66 32.752 80.071 45.854 24.744 27.41 7.5 130 273.96
2 138 96.967 2681.7 119.59 53.704 36.337 79.924 45.854 24.744 27.41 7.5 133.3 272.44
2 139 100.06 2689.7 118.94 45.857 38.79 78.705 45.854 24.744 27.44 7.5 138.85 283.08
2 140 100.47 2676.1 119.45 51.099 40.279 79.423 45.854 24.744 27.44 7.5 140.75 290.6
2 141 102.6 2681.8 120.07 58.974 37.795 79.721 45.854 24.744 27.44 7.5 140.39 300.17
2 142 104.09 2685 119.96 62.211 37.267 80.18 45.854 24.744 27.44 7.5 141.35 291.98
2 143 108.28 2694.6 120.4 57.134 36.814 80.302 45.854 24.744 27.44 7.5 145.1 284.69
2 144 109.31 2689 120.65 52.979 36.822 80.264 45.854 24.744 27.44 7.5 146.13 284.39
2 145 109.67 2708.4 121.62 52.544 35.279 80.504 45.854 24.744 32.242 7.5 144.95 284.47
2 146 107.29 2716.7 121.37 48.387 35.833 80.245 45.854 24.744 32.242 7.5 143.12 274.03
2 147 110 2723.5 122.17 50.011 35.778 80.457 45.854 24.744 32.242 7.5 145.78 285.16
2 148 110.08 2712.3 122.69 47.878 38.741 81.158 45.854 24.744 32.242 7.5 148.82 285.05
2 149 110.91 2721.9 122.51 52.183 37.528 81.271 45.854 24.744 32.242 7.5 148.44 288.99
2 150 106.17 2724.5 121.47 56.65 39.503 82.2 45.854 24.744 32.242 7.5 145.67 287.19
2 151 102.9 2714.5 121.98 48.928 41.538 81.211 62.604 24.744 37.175 7.5 144.44 300.26
2 152 104.28 2699.4 123.13 50.874 36.716 81.623 62.604 24.744 37.175 7.5 141 296.21
2 153 105.06 2681.2 122.9 47.553 35.88 81.522 62.604 24.744 37.175 7.5 140.94 278.57
2 154 107.78 2691.8 122.27 43.003 36.611 81.397 62.604 24.744 37.175 7.5 144.39 282.57
2 155 104.8 2692.7 120.91 40.665 38.659 81.06 62.604 24.744 37.175 7.5 143.46 277.39
2 156 106.94 2699.2 121.07 41.897 38.225 80.471 62.604 24.744 37.175 7.5 145.16 284.8
2 157 103.66 2685.3 121.32 48.3 37.682 80.168 62.604 24.744 33.725 7.5 141.34 281.37
2 158 105.7 2696.2 121.76 42.182 37.478 79.513 62.604 24.744 33.725 7.5 143.17 288.22
2 159 107.16 2691.8 120.87 47.581 39.35 80.709 62.604 24.744 33.725 7.5 146.51 282.91
2 160 104.83 2691.7 121.46 53.211 38.318 81.48 62.604 24.744 33.725 7.5 143.15 288.86
2 161 103.96 2701.6 121.39 54.486 37.881 80.78 62.604 39.129 33.725 7.5 141.84 288.49
2 162 96.967 2698.8 121.68 54.306 35.986 81.252 62.604 39.129 33.725 7.5 132.95 284.98
2 163 96.406 2689.9 121.46 53.461 38.232 80.979 62.604 39.129 31.85 7.5 134.64 279.87
2 164 91.434 2666.2 121.22 47.999 37.715 80.973 62.604 39.129 31.85 7.5 129.15 284.81
2 165 93.654 2668.7 121.45 51.087 34.83 80.991 62.604 39.129 31.85 7.5 128.48 286.31
2 166 94.387 2647.2 119.88 51.682 36.156 80.652 62.604 39.129 31.85 7.5 130.54 276.65
2 167 97.195 2654.9 119.78 50.61 36.528 80.446 62.604 39.129 31.85 7.5 133.72 287.04
2 168 97.3 2665.8 118.8 58.761 36.983 80.062 62.604 39.129 31.85 7.5 134.28 277.33
2 169 96.59 2679.3 118.98 58.47 38.617 79.938 62.604 39.129 25.125 7.5 135.21 282.13
2 170 96.609 2687.9 118.64 57.536 40.377 79.387 62.604 39.129 25.125 7.5 136.99 284.24
2 171 95.693 2678.2 118.78 60.716 42.637 79.775 62.604 39.129 25.125 7.5 138.33 299.67
2 172 98.978 2678.4 119.1 55.946 41.13 79.375 62.604 39.129 25.125 7.5 140.11 298.44
2 173 99.413 2672.9 119.14 51.963 40.276 79.507 62.604 39.129 25.125 7.5 139.69 300.54
2 174 95.908 2688.2 119.69 49.147 38.944 79.493 62.604 39.129 25.125 7.5 134.85 301.5
2 175 96.76 2689.4 118.69 47.692 41.735 79.098 62.604 39.129 27.749 7.5 138.49 289.16
2 176 93.594 2687.7 119.13 49.761 40.061 79.544 34.51 39.129 27.749 7.5 133.66 302.65
2 177 94.287 2684.6 118.71 49.112 41.61 79.252 34.51 39.129 27.749 7.5 135.9 296.6
2 178 96.256 2677.5 118.88 54.919 40.79 79.909 34.51 39.129 27.749 7.5 137.05 309.65
2 179 100.28 2687.2 119.31 61.072 37.884 80.447 34.51 39.129 27.749 7.5 138.16 302.69
2 180 97.231 2693.6 118.87 61.11 40.588 79.722 34.51 39.129 27.749 7.5 137.82 294.88
2 181 97.688 2702.9 118.85 54.613 40.378 80.106 34.51 39.129 28.362 7.5 138.07 303.96
2 182 92.745 2699.9 119.24 56.684 40.575 79.704 34.51 39.129 28.362 7.5 133.32 301.63
2 183 92.632 2700.6 120.06 58.807 40.212 80.139 34.51 39.129 28.362 7.5 132.84 306.93
2 184 91.869 2688 119.94 53.134 41.248 79.934 34.51 39.129 28.362 7.5 133.12 304.91
2 185 86.467 2676.4 119.46 54.099 41.914 80.823 34.51 39.129 28.362 7.5 128.38 305.6
2 186 89.301 2680.8 119.1 55.84 38.829 80.58 34.51 39.129 28.362 7.5 128.13 307.93
2 187 90.981 2658 118.8 56.421 40.38 80.222 34.51 39.129 25.705 7.5 131.36 294.41
2 188 88.355 2662 118.54 56.943 39.384 80.132 34.51 39.129 25.705 7.5 127.74 304.68
2 189 87.212 2679.1 118.19 59.968 39.682 80.111 34.51 39.129 25.705 7.5 126.89 307.63
2 190 87.8 2679 117.72 55.491 41.247 79.602 34.51 39.129 25.705 7.5 129.05 296.11
2 191 88.119 2670.1 117.88 55.632 42.316 78.797 34.51 39.129 25.705 7.5 130.44 309.82
2 192 86.33 2657.2 117.54 52.803 41.313 78.875 34.51 39.129 25.705 7.5 127.64 311.42
2 193 86.761 2669.3 118.36 53.906 38.204 79.244 34.51 39.129 22.987 7.5 124.96 311.91
2 194 89.782 2658.5 117.9 51.568 38.624 78.655 34.51 39.129 22.987 7.5 128.41 298.55
2 195 91.247 2657.2 118.04 52.879 38.793 78.469 34.51 39.129 22.987 7.5 130.04 297.61
2 196 92.19 2671.2 117.91 53.099 38.149 78.477 34.51 39.129 22.987 7.5 130.34 296.23
2 197 92.786 2669.1 118.04 55.744 37.224 79.129 34.51 39.129 22.987 7.5 130.01 299.17
2 198 90.075 2671.6 119.14 54.563 35.146 78.86 34.51 39.129 22.987 7.5 125.22 296.52
2 199 91.687 2672.4 119.64 48.834 34.32 78.128 34.51 39.129 26.973 7.5 126.01 288.01
2 200 91.953 2665.1 119.87 53.175 35.032 79.289 34.51 39.129 26.973 7.5 126.99 284
2 201 90.351 2685 119.55 51.139 37.88 79.503 41.335 72.165 26.973 7.5 128.23 289.11
2 202 92.493 2686.4 118.63 54.716 39.963 79.755 41.335 72.165 26.973 7.5 132.46 291.22
2 203 94.716 2677.7 119.01 55.339 38.14 79.757 41.335 72.165 26.973 7.5 132.86 304.86
2 204 97.395 2684.9 119.21 56.655 38.173 79.471 41.335 72.165 26.973 7.5 135.57 300.15
2 205 95.727 2698.1 118.21 60.821 38.818 79.524 41.335 72.165 25.352 7.5 134.54 299.34
2 206 91.175 2699.9 118.72 59.503 38.164 80.115 41.335 72.165 25.352 7.5 129.34 303.54
2 207 87.909 2703.3 119.32 62.21 38.4 79.87 41.335 72.165 25.352 7.5 126.31 302.33
2 208 91.424 2695.1 119.29 55.595 40.819 79.339 41.335 72.165 25.352 7.5 132.24 299.04
2 209 92.371 2685.8 118.78 56.788 41.947 79.797 41.335 72.165 25.352 7.5 134.32 314.85
2 210 93.489 2694.5 118.04 56.654 43.039 80.306 41.335 72.165 25.352 7.5 136.53 313.43
2 211 94.086 2699.5 117.34 53.858 42.28 79.868 41.335 72.165 25.751 7.5 136.37 311.3
2 212 90.084 2699.9 118.07 55.049 41.575 79.089 41.335 72.165 25.751 7.5 131.66 313.79
2 213 90.861 2689.9 119.22 54.305 38.789 78.516 41.335 72.165 25.751 7.5 129.65 311.63
2 214 91.606 2687.2 119.35 58.388 38.37 79.636 41.335 72.165 25.751 7.5 129.98 299.66
2 215 89.406 2697 118.66 49.785 40.453 78.917 41.335 72.165 25.751 7.5 129.86 303.33
2 216 90.096 2707.9 117.61 51.056 43.002 79.089 41.335 72.165 25.751 7.5 133.1 307.99
2 217 93.016 2701.4 117.11 49.545 45.389 78.966 41.335 72.165 25.678 7.5 138.41 323.05
2 218 95.641 2697.6 117.52 54.062 46.581 78.858 41.335 72.165 25.678 7.5 142.22 330.09
2 219 92.064 2701.2 117.25 52.837 45.306 78.887 41.335 72.165 25.678 7.5 137.37 329.07
2 220 87.361 2701.1 117.74 55.054 43.838 79.031 41.335 72.165 25.678 7.5 131.2 321.87
2 221 85.532 2697.4 118.01 52.944 42.456 78.823 41.335 72.165 25.678 7.5 127.99 318.41
2 222 87.708 2678.9 118.08 55.4 44.262 78.991 41.335 72.165 25.678 7.5 131.97 320.63
2 223 86.702 2687.1 118.02 55.789 41.465 79.423 41.335 72.165 22.095 7.5 128.17 319.41
2 224 87.789 2675 117.02 53.724 43.471 79.398 41.335 72.165 22.095 7.5 131.26 311.41
2 225 85.903 2674.3 117.39 53.443 41.155 79.248 41.335 72.165 22.095 7.5 127.06 318.12
2 226 87.497 2667.5 118.19 49.505 36.935 78.214 34.899 72.165 22.095 7.5 124.43 312.5
2 227 87.781 2655.2 118.73 50.004 36.416 78.317 34.899 72.165 22.095 7.5 124.2 300.36
2 228 88.172 2659.7 119.04 51.636 33.505 78.655 34.899 72.165 22.095 7.5 121.68 295.84
2 229 85.543 2666.3 118.88 49.661 31.89 77.677 34.899 72.165 23.536 7.5 117.43 282.46
2 230 86.281 2670.3 118.83 50.428 34.507 78.35 34.899 72.165 23.536 7.5 120.79 277.73
2 231 85.698 2668.8 119.24 42.612 34.371 77.754 34.899 72.165 23.536 7.5 120.07 287.1
2 232 83.991 2665 118.93 38.313 34.953 77.809 34.899 72.165 23.536 7.5 118.94 288.16
2 233 82.312 2680.5 118.39 37.106 37.563 77.297 34.899 72.165 23.536 7.5 119.88 284.86
2 234 81.952 2668.1 117.82 38.595 39.258 78.085 34.899 72.165 23.536 7.5 121.21 298.58
2 235 86.368 2670.7 117.87 41.125 38.589 77.755 34.899 72.165 22.335 7.5 124.96 303.29
2 236 88.001 2668.9 117.13 44.446 40.341 77.545 34.899 72.165 22.335 7.5 128.34 308
2 237 91.42 2681.7 116.66 44.452 40.327 77.945 34.899 72.165 22.335 7.5 131.75 316.44
2 238 91.386 2684.4 116.56 49.693 40.482 77.837 34.899 72.165 22.335 7.5 131.87 318.3
2 239 90.826 2691.9 117.13 48.227 41.046 77.317 34.899 72.165 22.335 7.5 131.87 314.77
2 240 88.496 2686.1 117.93 44.129 38.74 77.304 34.899 72.165 22.335 7.5 127.24 312.71
2 241 85.444 2682 119.13 42.167 38.042 77.454 34.899 71.098 25.814 7.5 123.49 307.21
2 242 91.197 2679.1 118.95 48.457 36.536 78.093 34.899 71.098 25.814 7.5 127.73 298.96
2 243 91.283 2674.9 118.69 40.786 38.532 78.277 34.899 71.098 25.814 7.5 129.81 301.11
2 244 93.085 2690.5 118.2 42.955 36.769 78.466 34.899 71.098 25.814 7.5 129.85 300.7
2 245 95.948 2687.8 117.93 49.564 37.209 78.685 34.899 71.098 25.814 7.5 133.16 299.41
2 246 95.699 2704.2 118.78 51.558 39.106 78.84 34.899 71.098 25.814 7.5 134.8 302
2 247 96.068 2715.5 117.98 47.654 40.404 78.018 34.899 71.098 27.895 7.5 136.47 311.98
2 248 96.872 2714 118.43 48.752 41.525 79.218 34.899 71.098 27.895 7.5 138.4 314.79
2 249 95.827 2712.2 118.64 52.214 44.164 79.456 34.899 71.098 27.895 7.5 139.99 325.01
2 250 98.728 2717 118.6 57.286 42.919 79.674 34.899 71.098 27.895 7.5 141.65 332.63
2 251 105.18 2721 119.01 54.104 44.363 79.866 59.584 71.098 27.895 7.5 149.54 316.13
2 252 104.57 2716.5 119.15 54.977 44.181 80.259 59.584 71.098 27.895 7.5 148.75 316.36
2 253 103.06 2723.1 119.32 55.412 44.816 79.934 59.584 71.098 30.481 7.5 147.87 314.23
2 254 101.33 2729.5 119.9 58.077 42.569 80.014 59.584 71.098 30.481 7.5 143.9 313.48
2 255 97.848 2720.5 119.42 59.182 44.693 80.778 59.584 71.098 30.481 7.5 142.54 308.22
2 256 100.63 2712.7 119.86 57.392 45.224 81.084 59.584 71.098 30.481 7.5 145.85 318.89
2 257 97.044 2706.9 119.8 52.696 42.804 80.093 59.584 71.098 30.481 7.5 139.85 319.18
2 258 96.965 2718.8 119.58 53.092 42.937 80.631 59.584 71.098 30.481 7.5 139.9 312.02
2 259 101.6 2703 118.78 57.139 46.44 80.643 59.584 71.098 30.393 7.5 148.04 312.35
2 260 101.11 2709.1 119.19 59.484 45.563 80.581 59.584 71.098 30.393 7.5 146.68 321.8
2 261 98.816 2723 118.07 59.937 47.324 80.124 59.584 71.098 30.393 7.5 146.14 320.79
2 262 97.303 2721.5 118.18 65.82 45.815 81.008 59.584 71.098 30.393 7.5 143.12 326.51
2 263 101.65 2703.9 119.28 59.182 43.923 80.054 59.584 71.098 30.393 7.5 145.58 322.94
2 264 102.81 2697.9 119.62 60.165 43.471 80.036 59.584 71.098 30.393 7.5 146.29 316.53
2 265 104.73 2720.2 119.24 57.122 42.634 80.337 59.584 71.098 28.721 7.5 147.37 312.56
2 266 103.06 2714.7 118.41 54.309 44.827 80.651 59.584 71.098 28.721 7.5 147.89 305.57
2 267 103.63 2725.6 119.89 53.851 42.664 79.627 59.584 71.098 28.721 7.5 146.29 322.22
2 268 109.27 2720.1 119.14 58.436 45.934 80.354 59.584 71.098 28.721 7.5 155.2 316.48
2 269 108.79 2713.3 119.87 55.213 43.209 80.386 59.584 71.098 28.721 7.5 152 320.88
2 270 105.96 2745.5 119.83 53.728 42.799 80.343 59.584 71.098 28.721 7.5 148.76 308.41
2 271 107.02 2741.1 119.56 47.386 44.259 79.982 59.584 71.098 34.771 7.5 151.28 314.29
2 272 106.63 2739.4 120.87 49.217 44.707 80.336 59.584 71.098 34.771 7.5 151.33 313.64
2 273 109.5 2724.7 120.71 48.403 43.962 79.889 59.584 71.098 34.771 7.5 153.46 308.42
2 274 109.44 2725.8 121.06 50.602 42.028 81.369 59.584 71.098 34.771 7.5 151.47 316.95
2 275 109.27 2730.1 120.35 48.232 42.683 80.956 59.584 71.098 34.771 7.5 151.96 308.09
2 276 102.23 2735.5 121.35 45.654 39.806 81.04 48.784 71.098 34.771 7.5 142.04 309.32
2 277 105.96 2737.8 120.27 51.045 44.342 80.578 48.784 71.098 34.994 7.5 150.3 305.26
2 278 103.48 2729.1 120.54 48.674 43.009 81.018 48.784 71.098 34.994 7.5 146.49 319.02
2 279 102.75 2725.1 120.72 52.558 43.222 81.148 48.784 71.098 34.994 7.5 145.98 314.9
2 280 97.404 2722.7 120.45 54.841 41.498 81.433 48.784 71.098 34.994 7.5 138.9 308.7
2 281 98.564 2713.1 121.02 52.403 39.709 81.145 48.784 72.322 34.994 7.5 138.27 303.47
2 282 96.967 2705.1 121.03 46.875 38.66 80.368 48.784 72.322 34.994 7.5 135.63 304.12
2 283 95.783 2706.4 120.69 49.599 40.438 80.457 48.784 72.322 29.846 7.5 136.22 297.86
2 284 93.029 2697.8 119.89 48.007 39.574 80.374 48.784 72.322 29.846 7.5 132.6 299.48
2 285 93.732 2695.4 119.91 53.444 41.072 80.896 48.784 72.322 29.846 7.5 134.8 299.25
2 286 94.804 2680.9 119.58 45.422 39.455 79.328 48.784 72.322 29.846 7.5 134.26 306.1
2 287 91.717 2688.8 119.95 43.085 37.872 79.368 48.784 72.322 29.846 7.5 129.59 294.83
2 288 91.919 2690.1 118.44 36.056 41.099 78.371 48.784 72.322 29.846 7.5 133.02 292.03
2 289 88.751 2675.5 119.1 35.396 39.073 78.481 48.784 72.322 26.157 7.5 127.82 305.44
2 290 91.179 2673.2 119.53 43.475 36.332 78.421 48.784 72.322 26.157 7.5 127.51 300.8
2 291 85.629 2662.6 119.11 45.84 37.227 78.818 48.784 72.322 26.157 7.5 122.86 288.18
2 292 83.837 2673.9 119.23 44.94 36.277 78.828 48.784 72.322 26.157 7.5 120.11 286.64
2 293 81.931 2655 118.64 45.704 35.598 78.537 48.784 72.322 26.157 7.5 117.53 287.69
2 294 83.206 2655.3 118.84 48.912 36.888 78.648 48.784 72.322 26.157 7.5 120.09 282.65
2 295 85.514 2649.7 117.98 46.352 36.433 78.56 48.784 72.322 21.236 7.5 121.95 295.71
2 296 83.857 2645.4 117.55 49.196 38.329 79.092 48.784 72.322 21.236 7.5 122.19 289.55
2 297 85.887 2663.7 117.23 48.739 36.703 78.292 48.784 72.322 21.236 7.5 122.59 297.29
2 298 82.673 2664.5 116.63 43.1 39.515 77.526 48.784 72.322 21.236 7.5 122.19 295.04
2 299 89.49 2665.2 116.67 43.378 41.676 76.918 48.784 72.322 21.236 7.5 131.17 301.57
2 300 92.832 2666.5 116.95 49.041 40.611 77.031 48.784 72.322 21.236 7.5 133.44 313.6
3 1 98.42 2687.2 120.1 49.216 38.172 80.221 37.561 25.051 29.431 7.5 136.59 298.25
3 2 99.068 2686 120.01 47.534 38.623 79.365 37.561 25.051 29.431 7.5 137.69 295.59
3 3 101.96 2681.8 120.34 46.706 36.751 79.779 37.561 25.051 29.431 7.5 138.72 297.84
3 4 100.31 2684.8 121.08 41.942 33.748 79.591 37.561 25.051 29.431 7.5 134.06 285.77
3 5 102.83 2688.3 120.86 43.979 33.716 79.299 37.561 25.051 29.431 7.5 136.54 278.94
3 6 101.99 2693 120.68 45.227 35.524 79.879 37.561 25.051 29.431 7.5 137.52 281.54
3 7 100.23 2704.7 121.23 42.313 36.621 79.503 37.561 25.051 31.142 7.5 136.85 282.86
3 8 99.821 2700.7 120.65 41.625 37.741 79.374 37.561 25.051 31.142 7.5 137.56 287.59
3 9 98.171 2680.8 121.26 42.064 35.351 79.938 37.561 25.051 31.142 7.5 133.52 290.26
3 10 97.724 2684.1 121.82 43.554 34.298 79.751 37.561 25.051 31.142 7.5 132.02 288.84
3 11 96.435 2685.4 121.29 44.144 36.053 79.962 37.561 25.051 31.142 7.5 132.49 279.1
3 12 99.658 2682.6 121.1 43.626 36.72 80.775 37.561 25.051 31.142 7.5 136.38 282.6
3 13 98.421 2686.3 120.25 45.028 37.367 79.916 37.561 25.051 29.157 7.5 135.79 287.57
3 14 99.688 2685.5 120.3 41.935 37.327 79.526 37.561 25.051 29.157 7.5 137.01 293.91
3 15 95.358 2691.7 120.3 35.283 36.513 79.062 37.561 25.051 29.157 7.5 131.87 287.8
3 16 96.092 2694.8 120.62 39.713 37.624 79.034 37.561 25.051 29.157 7.5 133.72 280.47
3 17 99.16 2689.1 120.21 44.973 37.936 79.834 37.561 25.051 29.157 7.5 137.1 284.05
3 18 99.539 2689.5 119.45 41.807 42.824 79.587 37.561 25.051 29.157 7.5 142.36 294.87
3 19 102.04 2705 118.86 41.464 41.925 79.517 37.561 25.051 28.087 7.5 143.97 308.02
3 20 99.687 2706 118.49 45.623 44.115 79.686 37.561 25.051 28.087 7.5 143.8 310.44
3 21 97.607 2708.3 119.44 49.212 41.178 79.475 37.561 25.051 28.087 7.5 138.78 321.27
3 22 97.48 2697.5 120.06 52.254 40.385 79.626 37.561 25.051 28.087 7.5 137.86 300.87
3 23 94.99 2690.5 120.61 54.966 38.744 80.362 37.561 25.051 28.087 7.5 133.73 299.16
3 24 92.165 2680.1 120.54 53.232 38.627 80.902 37.561 25.051 28.087 7.5 130.79 299.12
3 25 95.471 2664.7 120.37 52.926 37.086 80.62 37.561 25.051 29.308 7.5 132.56 298.79
3 26 92.179 2663.1 120.52 52.941 35.558 80.46 36.911 25.051 29.308 7.5 127.74 290.77
3 27 96.23 2671.7 119.93 50.168 35.518 79.952 36.911 25.051 29.308 7.5 131.75 288.08
3 28 92.86 2666.5 119.09 53.671 35.609 80.354 36.911 25.051 29.308 7.5 128.47 289.03
3 29 94.959 2679 119.49 54.265 37.445 79.906 36.911 25.051 29.308 7.5 132.4 287.27
3 30 93.035 2672.4 119.17 54.619 37.343 79.733 36.911 25.051 29.308 7.5 130.38 295.25
3 31 92.79 2686.1 119.93 53.119 37.17 79.436 36.911 25.051 27.386 7.5 129.96 292.06
3 32 89.88 2673.6 119.07 54.682 37.958 79.619 36.911 25.051 27.386 7.5 127.84 286.89
3 33 90.972 2674.4 119.18 50.345 39.718 79.837 36.911 25.051 27.386 7.5 130.69 298.24
3 34 90.923 2666.6 118.55 52.102 39.66 79.366 36.911 25.051 27.386 7.5 130.58 301.61
3 35 90.021 2674.9 118.76 43.725 39.65 78.946 36.911 25.051 27.386 7.5 129.67 298.78
3 36 91.033 2671.7 118.52 41.382 39.143 77.965 36.911 25.051 27.386 7.5 130.18 299.64
3 37 93.573 2667.3 118.23 44.211 40.281 78.812 36.911 25.051 25.924 7.5 133.85 298.6
3 38 93.764 2678.1 118.52 45.084 38.677 78.4 36.911 25.051 25.924 7.5 132.44 300.86
3 39 97.22 2695.4 118.22 47.351 42.085 78.267 36.911 25.051 25.924 7.5 139.31 299.49
3 40 96.846 2689.6 118.01 41.185 43.288 78.175 36.911 25.051 25.924 7.5 140.13 302.65
3 41 95.006 2716.6 118.61 48.8 44.174 78.886 36.911 71.556 25.924 7.5 139.18 316.58
3 42 101.91 2709.7 118.49 51.346 42.869 78.904 36.911 71.556 25.924 7.5 144.78 322.72
3 43 95.149 2706.5 119.56 52.136 39.867 79.659 36.911 71.556 28.958 7.5 135.02 319.82
3 44 96.445 2724.6 119.59 51.906 39.164 79.391 36.911 71.556 28.958 7.5 135.61 314.95
3 45 90.923 2706.9 119.5 51.366 39.02 79.666 36.911 71.556 28.958 7.5 129.94 306.15
3 46 89.472 2701.9 120.38 54.69 40.411 79.99 36.911 71.556 28.958 7.5 129.88 310.42
3 47 90.778 2686.1 119.09 52.874 40.426 80.04 36.911 71.556 28.958 7.5 131.2 311.92
3 48 99.022 2693.7 119.37 49.555 39.682 80.714 36.911 71.556 28.958 7.5 138.7 302.05
3 49 100.74 2686.2 118.21 48.334 41.698 79.747 36.911 71.556 25.251 7.5 142.44 307.25
3 50 104.47 2721.9 118.28 50.564 40.827 79.535 36.911 71.556 25.251 7.5 145.29 312.08
3 51 106.98 2723.1 117.91 54.544 42.193 79.332 41.374 71.556 25.251 7.5 149.17 305.37
3 52 106.82 2732.1 119.65 51.374 42.663 78.874 41.374 71.556 25.251 7.5 149.49 311.74
3 53 106.05 2740.7 120.13 53.609 39.744 78.848 41.374 71.556 25.251 7.5 145.8 324.41
3 54 111.58 2733.8 121 53.876 40.511 80.453 41.374 71.556 25.251 7.5 152.09 304.75
3 55 110.41 2732.7 121.91 53.316 39.734 80.391 41.374 71.556 35.014 7.5 150.15 308.54
3 56 109.49 2735.8 121.73 47.534 38.367 80.42 41.374 71.556 35.014 7.5 147.85 309.8
3 57 109.49 2729.7 122.46 44.958 35.856 81.199 41.374 71.556 35.014 7.5 145.35 302.32
3 58 107.84 2727.7 123.49 46.845 32.905 80.574 41.374 71.556 35.014 7.5 140.75 284.46
3 59 105.36 2737 123.17 46.483 33.985 81.113 41.374 71.556 35.014 7.5 139.35 281.32
3 60 103.83 2721.7 123.19 46.515 34.593 81.342 41.374 71.556 35.014 7.5 138.42 284.58
3 61 106.97 2712.1 123.1 51.525 35.669 82.087 41.374 71.556 34.867 7.5 142.64 284.87
3 62 103.3 2712.1 122.72 49.426 33.53 81.865 41.374 71.556 34.867 7.5 136.83 291
3 63 101.99 2719.8 121.89 50.272 33.925 81.905 41.374 71.556 34.867 7.5 135.91 282.08
3 64 101.59 2702.2 122.16 47.401 34.509 80.731 41.374 71.556 34.867 7.5 136.1 282.8
3 65 100.92 2697.7 122.86 44.579 32.042 80.615 41.374 71.556 34.867 7.5 132.96 288.41
3 66 103.69 2701.8 122.55 44.378 29.925 80.699 41.374 71.556 34.867 7.5 133.61 271.17
3 67 102.76 2703.6 122.16 41.027 30.47 80.333 41.374 71.556 31.907 7.5 133.23 268.38
3 68 101.44 2705.1 121.79 34.374 33.122 79.681 41.374 71.556 31.907 7.5 134.56 276.77
3 69 100.78 2705.1 122.02 39.673 31.937 80.24 41.374 71.556 31.907 7.5 132.71 275.13
3 70 97.31 2705.3 122.25 40.541 32.222 79.871 41.374 71.556 31.907 7.5 129.53 273.83
3 71 96.674 2708.6 122.01 44.679 33.614 80.318 41.374 71.556 31.907 7.5 130.29 273.81
3 72 93.457 2697.3 121.23 45.833 36.573 80.287 41.374 71.556 31.907 7.5 130.03 284.57
3 73 93.905 2702.1 120.63 47.165 35.902 80.619 41.374 71.556 28.182 7.5 129.81 294.79
3 74 93.217 2698.9 120.04 50.092 37.135 80.843 41.374 71.556 28.182 7.5 130.35 294.37
3 75 91.786 2699.5 119.55 50.282 41.205 80.796 41.374 71.556 28.182 7.5 132.99 299.72
3 76 97.66 2699 118.98 47.576 42.7 79.734 68.863 71.556 28.182 7.5 140.36 309.77
3 77 95.657 2686.5 118.21 53.089 46.139 80.063 68.863 71.556 28.182 7.5 141.8 308.12
3 78 93.765 2698.6 119.2 49.148 40.979 79.396 68.863 71.556 28.182 7.5 134.74 317.97
3 79 93.775 2688 118.11 50.524 43.872 79.101 68.863 71.556 26.648 7.5 137.65 300.65
3 80 93.651 2679.7 118.86 56.303 42.586 79.914 68.863 71.556 26.648 7.5 136.24 305.48
3 81 102.36 2675.7 119.19 55.743 40.137 79.229 68.863 66.806 26.648 7.5 142.5 310.84
3 82 95.104 2683.3 118.6 58.593 41.941 79.792 68.863 66.806 26.648 7.5 137.04 296.62
3 83 96.565 2707.9 118.09 54.698 43.039 79.67 68.863 66.806 26.648 7.5 139.6 303.44
3 84 95.739 2698.3 117.78 54.952 43.981 79.271 68.863 66.806 26.648 7.5 139.72 303.14
3 85 97.716 2697.6 118.63 55.748 46.102 79.191 68.863 66.806 25.864 7.5 143.82 316.42
3 86 98.604 2692.3 117.95 56.327 46.002 78.731 68.863 66.806 25.864 7.5 144.61 325.94
3 87 92.012 2692.3 118.44 52.516 43.426 79.803 68.863 66.806 25.864 7.5 135.44 319.44
3 88 94.91 2695 118.4 49.783 42.408 78.635 68.863 66.806 25.864 7.5 137.32 307.17
3 89 93.058 2676.6 118.95 50.724 43.022 78.821 68.863 66.806 25.864 7.5 136.08 307.93
3 90 94.343 2682.7 118.54 43.594 42.914 78.069 68.863 66.806 25.864 7.5 137.26 306.78
3 91 89.821 2680.1 118.01 43.033 42.777 78.883 68.863 66.806 25.238 7.5 132.6 309.44
3 92 89.713 2679 118.46 47.38 41.82 78.89 68.863 66.806 25.238 7.5 131.53 304.5
3 93 88.668 2676.4 117.75 43.803 42.763 77.702 68.863 66.806 25.238 7.5 131.43 306.6
3 94 90.674 2680.4 117.79 42.81 43.576 78.03 68.863 66.806 25.238 7.5 134.25 308.48
3 95 94.45 2680.2 116.52 40.64 48.055 77.61 68.863 66.806 25.238 7.5 142.51 311.63
3 96 93.735 2685.6 115.67 43.593 49.669 78.268 68.863 66.806 25.238 7.5 143.4 321.39
3 97 94.538 2688.7 116.32 44.019 47.427 77.556 68.863 66.806 21.763 7.5 141.96 334.25
3 98 93.712 2679.8 117.06 47.47 46.06 77.335 68.863 66.806 21.763 7.5 139.77 326.94
3 99 95.639 2674.9 118.13 47.059 42.952 77.443 68.863 66.806 21.763 7.5 138.59 316.84
3 100 96.117 2680.4 118.36 52.912 41.944 78.274 68.863 66.806 21.763 7.5 138.06 310.94
3 101 95.199 2677.2 118.16 50.062 41.731 78.556 62.739 66.806 21.763 7.5 136.93 298.62
3 102 94.513 2677.1 118.59 43.23 40.222 78.019 62.739 66.806 21.763 7.5 134.74 303.4
3 103 94.495 2680.5 119.18 45.481 37.592 78.304 62.739 66.806 24.77 7.5 132.09 297.64
3 104 95.17 2683.1 119.47 45.181 37.369 78.401 62.739 66.806 24.77 7.5 132.54 296.26
3 105 94.833 2679.9 118.97 45.502 38.377 78.184 62.739 66.806 24.77 7.5 133.21 289.46
3 106 94.964 2682.4 118.83 40.108 39.207 78.185 62.739 66.806 24.77 7.5 134.17 301.14
3 107 98.776 2689.7 119.18 45.924 38.775 78.756 62.739 66.806 24.77 7.5 137.55 291.31
3 108 97.785 2683.5 118.9 47.912 40.884 78.685 62.739 66.806 24.77 7.5 138.67 293.72
3 109 100.72 2701 118.74 47.341 42.034 78.669 62.739 66.806 25.776 7.5 142.75 303.08
3 110 99.773 2699.4 118.49 42.946 41.829 78.311 62.739 66.806 25.776 7.5 141.6 305.3
3 111 103.09 2701.6 118.88 45.8 43.194 78.649 62.739 66.806 25.776 7.5 146.28 302.63
3 112 98.001 2701.4 118.85 46.72 41.71 78.691 62.739 66.806 25.776 7.5 139.71 307.13
3 113 102.5 2711 119.48 51.086 42.519 79.435 62.739 66.806 25.776 7.5 145.02 306.58
3 114 102.12 2699.5 119.82 49.981 40.248 79.018 62.739 66.806 25.776 7.5 142.37 301.11
3 115 99.762 2714.9 120.12 45.091 42.6 79.367 62.739 66.806 27.855 7.5 142.36 302.59
3 116 99.557 2710.3 118.93 45.783 43.295 79.611 62.739 66.806 27.855 7.5 142.85 305.35
3 117 105.99 2705.1 120.15 45.73 41.347 79.624 62.739 66.806 27.855 7.5 147.34 311.14
3 118 105.42 2697.2 119.57 45.923 43.952 79.08 62.739 66.806 27.855 7.5 149.37 311.04
3 119 102.92 2722.2 119.36 43.732 41.036 79.422 62.739 66.806 27.855 7.5 143.96 316.34
3 120 100.48 2727.8 118.94 44.168 42.672 79.507 62.739 66.806 27.855 7.5 143.16 306.27
3 121 104.6 2691.6 120.11 43.974 43.621 79.331 62.739 22.542 32.967 7.5 148.22 298.83
3 122 100.6 2680 120.83 45.941 41.654 79.39 62.739 22.542 32.967 7.5 142.26 304.27
3 123 101.69 2693.7 120.54 45.024 39.688 80.01 62.739 22.542 32.967 7.5 141.38 297.38
3 124 100.52 2680.8 120.59 43.015 39.371 79.949 62.739 22.542 32.967 7.5 139.89 289.99
3 125 105.54 2683.1 120.85 42.525 39.784 79.284 62.739 22.542 32.967 7.5 145.32 292.91
3 126 103.12 2678.9 120.14 41.997 36.697 79.423 46.13 22.542 32.967 7.5 139.82 284.02
3 127 105.76 2690 120.21 42.962 38.375 80.05 46.13 22.542 28.421 7.5 144.14 286.47
3 128 103.27 2686.3 120.52 42.941 36.109 79.634 46.13 22.542 28.421 7.5 139.38 290.05
3 129 100.06 2698.4 121.12 37.15 36.955 79.274 46.13 22.542 28.421 7.5 137.01 279.55
3 130 101.75 2683.6 120.82 39.079 37.139 78.993 46.13 22.542 28.421 7.5 138.89 288.23
3 131 104.06 2678.6 122.17 43.729 34.251 80.357 46.13 22.542 28.421 7.5 138.31 280.24
3 132 99.386 2683.8 121.68 46.398 34.738 79.924 46.13 22.542 28.421 7.5 134.12 274.11
3 133 100.61 2677.5 121.32 46.344 33.339 80.982 46.13 22.542 32.325 7.5 133.95 278.08
3 134 102.25 2668.8 122.53 48.053 29.636 80.718 46.13 22.542 32.325 7.5 131.89 265.34
3 135 99.536 2668.6 122.71 46.364 31.312 80.343 46.13 22.542 32.325 7.5 130.85 255.1
3 136 102.29 2681.3 121.71 40.111 30.338 80.22 46.13 22.542 32.325 7.5 132.62 256.32
3 137 100.79 2674.2 121.5 41.987 33.018 80.619 46.13 22.542 32.325 7.5 133.8 263.76
3 138 99.794 2681.1 121.99 46.864 33.292 80.421 46.13 22.542 32.325 7.5 133.09 272.83
3 139 99.217 2696.7 121.01 47.121 34.901 80.312 46.13 22.542 31.041 7.5 134.12 271.29
3 140 95.917 2687.7 120.51 49.415 37.789 80.814 46.13 22.542 31.041 7.5 133.71 281.35
3 141 97.229 2696.7 119.96 50.807 39.818 80.672 46.13 22.542 31.041 7.5 137.05 283.77
3 142 94.142 2685.2 119.94 50.538 41.513 80.282 46.13 22.542 31.041 7.5 135.65 297.9
3 143 93.321 2684 119.21 52.406 41.639 80.29 46.13 22.542 31.041 7.5 134.96 303.16
3 144 89.397 2681.7 119.26 52.483 40.822 80.341 46.13 22.542 31.041 7.5 130.22 309.26
3 145 90.414 2674.5 118.84 54.344 42.552 80.083 46.13 22.542 26.282 7.5 132.97 305.32
3 146 89.529 2665.8 118.22 48.896 43.514 79.648 46.13 22.542 26.282 7.5 133.04 311.12
3 147 89.851 2672.2 117.98 48.913 43.142 79.413 46.13 22.542 26.282 7.5 132.99 311.15
3 148 91.329 2662.9 117.74 51.237 42.352 78.842 46.13 22.542 26.282 7.5 133.68 311.37
3 149 95.676 2657 118.36 49.035 38.713 78.992 46.13 22.542 26.282 7.5 134.39 302.81
3 150 98.786 2667.1 118.35 41.683 40.916 78.075 46.13 22.542 26.282 7.5 139.7 295.71
3 151 98.914 2674.6 117.58 43.461 42.755 78.029 61.778 22.542 25.122 7.5 141.67 295.55
3 152 102.74 2687.9 118.56 37.647 39.762 77.61 61.778 22.542 25.122 7.5 142.5 303.56
3 153 101.09 2683.7 119.5 45.822 40.601 77.777 61.778 22.542 25.122 7.5 141.69 288.82
3 154 101.4 2688.2 120.21 47.239 41.559 78.761 61.778 22.542 25.122 7.5 142.96 292.52
3 155 99.001 2693.8 119.13 48.858 41.127 79.898 61.778 22.542 25.122 7.5 140.13 295.02
3 156 100.82 2698.2 119.73 47.739 42.056 79.554 61.778 22.542 25.122 7.5 142.87 295.07
3 157 103.73 2688.9 119.48 44.158 43.216 79.211 61.778 22.542 30.126 7.5 146.94 302.26
3 158 106.44 2681.3 120.1 44.574 40.466 79.721 61.778 22.542 30.126 7.5 146.9 302.91
3 159 103.42 2695.8 119.97 46.621 40.667 79.571 61.778 22.542 30.126 7.5 144.09 295.48
3 160 101.42 2700.6 119.74 44.913 41.408 79.438 61.778 22.542 30.126 7.5 142.83 289.89
3 161 100.14 2711.4 120.09 45.939 42.778 79.196 61.778 46.65 30.126 7.5 142.92 304.15
3 162 102.7 2697.9 119.9 47.964 44.557 79.463 61.778 46.65 30.126 7.5 147.25 303.17
3 163 105.17 2693.6 120.23 50.629 41.02 80.298 61.778 46.65 30.376 7.5 146.19 315.82
3 164 104.14 2697.9 119.99 48.621 42.087 80.29 61.778 46.65 30.376 7.5 146.22 306.4
3 165 103.58 2715.3 119.36 41.57 41.225 79.517 61.778 46.65 30.376 7.5 144.8 291.9
3 166 101.93 2715.4 119.45 42.451 44.539 79.528 61.778 46.65 30.376 7.5 146.47 300.38
3 167 99.727 2711.9 119.74 41.877 46.456 79.187 61.778 46.65 30.376 7.5 146.18 309.46
3 168 102.14 2708.8 119.69 45.494 44.277 79.347 61.778 46.65 30.376 7.5 146.42 322.42
3 169 104.01 2693.7 119.98 53.155 43.043 80.976 61.778 46.65 30.275 7.5 147.05 309.75
3 170 98.76 2700.6 120.12 57.478 41.262 80.871 61.778 46.65 30.275 7.5 140.02 308.83
3 171 97.084 2700.8 119.53 54.751 42.001 80.448 61.778 46.65 30.275 7.5 139.09 298.23
3 172 101.02 2694.9 120.25 55.044 39.618 80.946 61.778 46.65 30.275 7.5 140.64 306.75
3 173 100.01 2688.5 119.6 60.587 42.162 80.675 61.778 46.65 30.275 7.5 142.17 292.78
3 174 101.51 2699.3 119.09 56.899 42.715 80.582 61.778 46.65 30.275 7.5 144.22 306.17
3 175 99.503 2697 118.47 57.017 44.446 81.037 61.778 46.65 28.767 7.5 143.95 299.48
3 176 96.798 2692.9 119.78 59.235 39.087 79.727 44.458 46.65 28.767 7.5 135.88 304.65
3 177 97.97 2691.9 119.96 56.946 35.781 79.386 44.458 46.65 28.767 7.5 133.75 301.83
3 178 96.506 2680.6 120.19 51.433 38.052 80.057 44.458 46.65 28.767 7.5 134.56 292.95
3 179 93.658 2688.8 120.48 47.581 36.737 79.74 44.458 46.65 28.767 7.5 130.4 294.68
3 180 93.183 2683.5 120.32 49.199 36.563 79.772 44.458 46.65 28.767 7.5 129.75 295.77
3 181 95.674 2684.8 120.35 45.468 36.596 79.897 44.458 46.65 28.112 7.5 132.27 291.71
3 182 93.543 2681.2 119.9 48.777 38.398 79.769 44.458 46.65 28.112 7.5 131.94 292.26
3 183 97.448 2692.3 119.35 46.65 39.083 79.491 44.458 46.65 28.112 7.5 136.53 293.71
3 184 98.272 2683.3 119.42 52.198 39.6 79.778 44.458 46.65 28.112 7.5 137.87 298.85
3 185 95.902 2693.6 119.91 54.406 39.343 79.899 44.458 46.65 28.112 7.5 135.25 300.21
3 186 97.114 2691.2 119.29 50.356 38.52 79.695 44.458 46.65 28.112 7.5 135.63 290.91
3 187 96.989 2694.7 119.82 52.655 38.769 79.529 44.458 46.65 30.318 7.5 135.76 298
3 188 97.543 2690.2 119.91 51.217 38.737 79.433 44.458 46.65 30.318 7.5 136.28 294.99
3 189 99.195 2693.8 119.59 54.998 39.138 79.996 44.458 46.65 30.318 7.5 138.33 304.02
3 190 96.97 2691 119.18 54.968 40.201 80.008 44.458 46.65 30.318 7.5 137.17 302.79
3 191 93.593 2700.6 119.92 53.011 38.637 79.885 44.458 46.65 30.318 7.5 132.23 302.86
3 192 95.338 2689.8 119.6 56.456 41.105 79.694 44.458 46.65 30.318 7.5 136.44 292.21
3 193 96.503 99999 119.95 51.312 39.839 79.664 44.458 46.65 28.223 7.5 136.34 302.13
3 194 97.35 2694.4 119.17 52.795 40.638 80.346 44.458 46.65 28.223 7.5 137.99 302.17
3 195 99.022 2697.2 118.47 53.04 41.128 80.4 44.458 46.65 28.223 7.5 140.15 305.36
3 196 101.12 2703.1 118.79 53.229 42.325 79.873 44.458 46.65 28.223 7.5 143.45 305.88
3 197 99.374 2704.2 118.19 53.501 44.434 79.414 44.458 46.65 28.223 7.5 143.81 312.31
3 198 101.56 2720.6 119.08 50.37 43.463 79.474 44.458 46.65 28.223 7.5 145.02 319.33
3 199 98.334 2704.6 119.17 53.098 43.123 79.785 44.458 46.65 32.081 7.5 141.46 316.28
3 200 101.56 2710.7 119.96 47.687 40.68 79.215 44.458 46.65 32.081 7.5 142.24 312.43
3 201 103.43 2697.6 119.46 49.966 42.015 79.682 37.504 35.608 32.081 7.5 145.44 304.74
3 202 98.132 2695.9 120.47 51.33 38.213 80.575 37.504 35.608 32.081 7.5 136.34 302.14
3 203 101.47 2706 120 53.246 37.888 79.953 37.504 35.608 32.081 7.5 139.36 299.26
3 204 98.255 2690.7 120.78 49.576 38.488 80.207 37.504 35.608 32.081 7.5 136.74 294.65
3 205 97.607 2693.7 121.23 58.126 36.448 80.919 37.504 35.608 30.369 7.5 134.05 293.15
3 206 98.072 2687.9 120.79 55.258 35.753 81.022 37.504 35.608 30.369 7.5 133.83 288.83
3 207 96.317 2691.5 121.52 53.468 33.516 80.981 37.504 35.608 30.369 7.5 129.83 284.37
3 208 93.924 2690.4 120.49 49.359 36.822 80.124 37.504 35.608 30.369 7.5 130.75 279.51
3 209 95.119 2691.4 120.27 53.289 38.097 80.82 37.504 35.608 30.369 7.5 133.22 282.54
3 210 98.306 2680.8 119.53 51.89 41.43 80.421 37.504 35.608 30.369 7.5 139.74 292.47
3 211 96.186 2680.1 119.64 53.575 38.967 80.292 37.504 35.608 27.285 7.5 135.15 302.34
3 212 93.519 2688.9 119.4 52.096 36.89 80.223 37.504 35.608 27.285 7.5 130.41 304.62
3 213 100.31 2676.4 119.5 51.749 38.491 79.87 37.504 35.608 27.285 7.5 138.8 293.12
3 214 100.83 2667.4 120.76 49.073 34.867 79.314 37.504 35.608 27.285 7.5 135.69 293.18
3 215 99.351 2684.9 120.3 50.71 36.494 80.337 37.504 35.608 27.285 7.5 135.85 284.64
3 216 98.289 2689.7 119.58 48.315 35.016 80.216 37.504 35.608 27.285 7.5 133.31 288.89
3 217 96.323 2697.1 120.98 46.197 34.819 79.667 37.504 35.608 31.56 7.5 131.14 281.08
3 218 97.76 2688.1 121.16 48.591 35.335 79.32 37.504 35.608 31.56 7.5 133.09 281.95
3 219 95.426 2689.6 121.58 43.524 35.949 80.262 37.504 35.608 31.56 7.5 131.37 284.39
3 220 98.269 2694.4 120.29 42.093 38.751 80.101 37.504 35.608 31.56 7.5 137.02 294.41
3 221 98.513 2681.9 119.5 45.036 39.564 80.112 37.504 35.608 31.56 7.5 138.08 298.94
3 222 99.981 2698.7 120.09 42.062 37.623 79.501 37.504 35.608 31.56 7.5 137.6 296.13
3 223 97.409 2694.4 119.24 46.571 38.966 79.525 37.504 35.608 31.269 7.5 136.37 296.32
3 224 93.354 2696.7 120.56 43.554 37.216 79.443 37.504 35.608 31.269 7.5 130.57 307.82
3 225 94.291 2682.2 120.53 42.064 37.355 79.101 37.504 35.608 31.269 7.5 131.65 288.58
3 226 98.626 2678.3 121.15 44.883 38.135 79.831 65.883 35.608 31.269 7.5 136.76 303.15
3 227 98.073 2677.5 120.78 47.207 37.133 80.014 65.883 35.608 31.269 7.5 135.21 285.19
3 228 97.758 2676.2 119.65 44.483 39.574 79.932 65.883 35.608 31.269 7.5 137.33 284.59
3 229 97.648 2674.6 119.55 44.955 39.81 79.799 65.883 35.608 27.701 7.5 137.46 288.98
3 230 99.047 2669.8 120.18 49 38.125 79.229 65.883 35.608 27.701 7.5 137.17 287.08
3 231 103.48 2670.9 120.17 48.91 37.232 79.607 65.883 35.608 27.701 7.5 140.71 281.08
3 232 102.95 2680.3 119.91 49.072 37.234 79.519 65.883 35.608 27.701 7.5 140.18 279.36
3 233 100.01 2693.4 119.55 47.024 40.354 79.283 65.883 35.608 27.701 7.5 140.36 275.46
3 234 99.464 2683.4 120.02 43.381 38.156 78.474 65.883 35.608 27.701 7.5 137.62 295.49
3 235 102.56 2679.2 121.06 43.907 36.5 79.319 65.883 35.608 29.61 7.5 139.06 281.8
3 236 102.78 2670.3 120.44 46.602 37.804 78.984 65.883 35.608 29.61 7.5 140.59 280.18
3 237 102.23 2683.5 120.79 46.998 35.798 79.857 65.883 35.608 29.61 7.5 138.03 285.14
3 238 100.6 2688.9 120.58 47.92 35.859 80.134 65.883 35.608 29.61 7.5 136.46 273.81
3 239 100.2 2685.4 120.89 50.848 38.205 79.831 65.883 35.608 29.61 7.5 138.4 275.77
3 240 101.76 2682.9 120.18 48.624 37.466 79.723 65.883 35.608 29.61 7.5 139.22 284.02
3 241 98.933 2687.3 120.69 49.234 37.259 79.753 65.883 43.055 28.658 7.5 136.19 285.15
3 242 100.87 2684.9 120.84 46.666 35.672 79.777 65.883 43.055 28.658 7.5 136.55 284.99
3 243 102.32 2679.8 120.71 53.488 36.333 80.367 65.883 43.055 28.658 7.5 138.65 281.97
3 244 104.11 2676.8 121.44 44.592 36.053 79.747 65.883 43.055 28.658 7.5 140.17 274.72
3 245 106.46 2690.6 120.77 46.214 36.908 79.795 65.883 43.055 28.658 7.5 143.37 272.24
3 246 110.44 2700.1 120.01 46.443 38.762 80.09 65.883 43.055 28.658 7.5 149.2 276.46
3 247 108.2 2712.2 119.96 47.507 41.014 79.832 65.883 43.055 31.51 7.5 149.21 288.58
3 248 105.02 2709.4 121 55.967 39.574 80.073 65.883 43.055 31.51 7.5 144.59 299.04
3 249 107.89 2708.6 121.44 58.758 38.506 80.553 65.883 43.055 31.51 7.5 146.4 296.13
3 250 103.91 2701 121.55 58.797 39.127 81.491 65.883 43.055 31.51 7.5 143.04 288.71
3 251 98.019 2701.7 121.76 53.004 33.293 80.868 31.466 43.055 31.51 7.5 131.31 295.66
3 252 94.93 2692.9 121.53 54.19 33.068 81.57 31.466 43.055 31.51 7.5 128 282.71
3 253 95.827 2686.6 122.15 50.74 33.714 80.99 31.466 43.055 31.415 7.5 129.54 284.55
3 254 93.579 2671.7 121.57 50.28 32.744 81.042 31.466 43.055 31.415 7.5 126.32 281.12
3 255 89.713 2671 121.98 49.638 30.655 80.92 31.466 43.055 31.415 7.5 120.37 276.91
3 256 91.049 2663.1 120.52 47.953 32.274 80.518 31.466 43.055 31.415 7.5 123.32 270.97
3 257 89.98 2651.3 120.88 48.602 30.139 80.566 31.466 43.055 31.415 7.5 120.12 276.33
3 258 90.056 2654.8 120.65 53.817 28.905 80.115 31.466 43.055 31.415 7.5 118.96 274.4
3 259 87.813 2653.2 120.59 53.996 28.211 80.227 31.466 43.055 26.36 7.5 116.02 262.15
3 260 86.09 2648.2 120.27 52.742 29.649 79.694 31.466 43.055 26.36 7.5 115.74 265.04
3 261 92.79 2652.8 120.36 44.899 27.868 78.852 31.466 43.055 26.36 7.5 120.66 266.78
3 262 90.586 2652.3 119.99 48.592 31.016 79.292 31.466 43.055 26.36 7.5 121.6 266.19
3 263 92.355 2663.8 119.85 49.746 31.226 79.491 31.466 43.055 26.36 7.5 123.58 278.54
3 264 88.428 2659.6 119.83 49.966 31.392 79.098 31.466 43.055 26.36 7.5 119.82 272.41
3 265 88.657 2657.4 120.49 47.962 31.403 78.622 31.466 43.055 25.397 7.5 120.06 265.49
3 266 86.66 2650.3 120.23 50.163 31.239 78.737 31.466 43.055 25.397 7.5 117.9 275.99
3 267 87.234 2650 120.56 45.966 29.605 79.109 31.466 43.055 25.397 7.5 116.84 274.16
3 268 87.127 2654.4 119.16 50.6 33.041 78.991 31.466 43.055 25.397 7.5 120.17 263.56
3 269 87.535 2653.6 119 44.573 32.543 79.242 31.466 43.055 25.397 7.5 120.08 277.5
3 270 90.49 2654 118.97 44.276 33.616 78.434 31.466 43.055 25.397 7.5 124.11 280.97
3 271 91.485 2653.6 118.55 45.272 35.709 78.469 31.466 43.055 22.903 7.5 127.19 274.78
3 272 90.172 2669.9 118.4 39.673 34.16 77.804 31.466 43.055 22.903 7.5 124.33 291.28
3 273 88.9 2676.7 118.36 43.259 35.012 77.936 31.466 43.055 22.903 7.5 123.91 286.96
3 274 96.698 2667.6 119.12 46.331 36.294 78.281 31.466 43.055 22.903 7.5 132.99 291.03
3 275 101.16 2669.3 119.63 41.415 34.349 77.659 31.466 43.055 22.903 7.5 135.51 287.63
3 276 106.36 2686 119.24 47.178 39.542 78.944 61.725 43.055 22.903 7.5 145.9 283.87
3 277 106.08 2699.9 119.46 44.338 37.273 78.78 61.725 43.055 29.249 7.5 143.36 289.52
3 278 105.75 2701.8 120.37 47.513 38.236 78.833 61.725 43.055 29.249 7.5 143.98 284.48
3 279 105 2703 121.4 47.6 37.028 78.916 61.725 43.055 29.249 7.5 142.02 285
3 280 104.38 2703 121.27 45.777 38.472 79.522 61.725 43.055 29.249 7.5 142.85 288.06
3 281 102.83 2713.9 121.12 45.226 40.555 80.245 61.725 42.908 29.249 7.5 143.39 288.23
3 282 103.36 2704 120.36 40.916 40.766 79.769 61.725 42.908 29.249 7.5 144.12 289.24
3 283 101.3 2703.4 120.8 41.472 40.247 79.917 61.725 42.908 31.757 7.5 141.55 304.49
3 284 102.19 2696 120.91 42.106 40.382 80.084 61.725 42.908 31.757 7.5 142.57 295.74
3 285 101.08 2687.4 120.95 49.523 39.619 80.104 61.725 42.908 31.757 7.5 140.7 293.32
3 286 96.2 2682.1 120.91 50.849 37.812 80.141 61.725 42.908 31.757 7.5 134.01 293.14
3 287 98.544 2688.8 120.83 46.558 36.128 80.412 61.725 42.908 31.757 7.5 134.67 280.39
3 288 101.5 2675.2 121.2 48.113 36.589 79.967 61.725 42.908 31.757 7.5 138.09 280.97
3 289 99.704 2671.6 120.83 47.576 37.361 79.186 61.725 42.908 27.06 7.5 137.07 274.41
3 290 99.729 2681 120.17 47.193 34.547 79.946 61.725 42.908 27.06 7.5 134.28 283.3
3 291 96.829 2677.5 120.21 49.954 36.176 80.356 61.725 42.908 27.06 7.5 133 281.07
3 292 98.234 2679.8 120.8 49.933 36.527 79.654 61.725 42.908 27.06 7.5 134.76 282.11
3 293 95.872 2662.1 120.46 48.35 37.435 79.795 61.725 42.908 27.06 7.5 133.31 281.73
3 294 92.692 2682.1 120.8 47.379 35.254 79.824 61.725 42.908 27.06 7.5 127.95 281.58
3 295 93.184 2663.9 119.77 49.776 38.1 79.776 61.725 42.908 28.313 7.5 131.28 282.53
3 296 98.591 2661.4 120.42 43.785 35.879 79.317 61.725 42.908 28.313 7.5 134.47 287.04
3 297 98.31 2671.9 119.43 47.162 39.147 79.121 61.725 42.908 28.313 7.5 137.46 281.37
3 298 95.291 2677.3 118.48 46.346 39.901 79.719 61.725 42.908 28.313 7.5 135.19 287.83
3 299 95.437 2677.2 118.9 45.246 36.657 79 61.725 42.908 28.313 7.5 132.09 292.79
3 300 98.294 2668.1 120.08 44.034 38.281 78.376 61.725 42.908 28.313 7.5 136.57 286.36
4 1 101.22 2698 119.94 50.278 41.779 80.098 60.444 42.28 29.596 7.5 143 297.33
4 2 104.3 2703.3 119.86 49.716 41.189 79.895 60.444 42.28 29.596 7.5 145.49 294.94
4 3 101.49 2701.9 119.65 50.325 44.335 80.01 60.444 42.28 29.596 7.5 145.83 303.11
4 4 100.03 2714.8 119.44 50.189 43.473 80.549 60.444 42.28 29.596 7.5 143.5 308.55
4 5 98.061 2693.2 119.97 59.001 41.005 80.857 60.444 42.28 29.596 7.5 139.07 309.39
4 6 100.72 2692.1 120.81 54.564 40.503 80.269 60.444 42.28 29.596 7.5 141.23 291.95
4 7 101.38 2690.4 120.08 57.886 41.68 80.503 60.444 42.28 29.21 7.5 143.06 294.73
4 8 104.22 2692.7 119.48 56.708 41.729 81.121 60.444 42.28 29.21 7.5 145.95 299.02
4 9 105.89 2693.6 119.41 53.94 42.473 80.826 60.444 42.28 29.21 7.5 148.37 299.83
4 10 104.95 2697.7 120.09 49.358 39.004 79.639 60.444 42.28 29.21 7.5 143.95 304.92
4 11 105.8 2699.4 120.44 53.033 38.589 79.879 60.444 42.28 29.21 7.5 144.39 292.71
4 12 102.04 2710.5 120.85 48.21 38.563 79.684 60.444 42.28 29.21 7.5 140.6 293.95
4 13 95.523 2709.8 120.46 47.851 41.385 79.711 60.444 42.28 32.635 7.5 136.91 289.23
4 14 89.04 2687.1 120.89 47.629 40.328 80.487 60.444 42.28 32.635 7.5 129.37 299.81
4 15 89.642 2673.8 121.18 49.557 39.496 80.456 60.444 42.28 32.635 7.5 129.14 298.05
4 16 91.196 2655.1 120.17 51.428 39.363 80.782 60.444 42.28 32.635 7.5 130.56 290.02
4 17 92.281 2654.5 119.52 50.599 37.054 80.537 60.444 42.28 32.635 7.5 129.34 293.48
4 18 91.155 2650.1 118.68 50.12 37.239 79.851 60.444 42.28 32.635 7.5 128.39 288.94
4 19 92.036 2645.5 118.65 50.417 37.478 79.082 60.444 42.28 23.07 7.5 129.51 284.6
4 20 89.464 2658.7 118.56 49.13 37.125 78.077 60.444 42.28 23.07 7.5 126.59 284.97
4 21 86.767 2663.9 118.7 51.218 37.895 78.876 60.444 42.28 23.07 7.5 124.66 282.01
4 22 83.316 2657.4 118.38 50.83 38.953 78.607 60.444 42.28 23.07 7.5 122.27 283.19
4 23 87.098 2647.2 118.09 53.325 40.247 79.056 60.444 42.28 23.07 7.5 127.35 294.22
4 24 89.672 2629.7 118.45 51.346 38.388 78.701 60.444 42.28 23.07 7.5 128.06 294.8
4 25 89.163 2647.5 117.76 46.462 37.461 78.439 60.444 42.28 18.706 7.5 126.62 282.62
4 26 86.927 2652.1 116.7 46.759 38.272 78.153 56.809 42.28 18.706 7.5 125.2 286.55
4 27 88.801 2648 117.67 51.044 37.708 78.24 56.809 42.28 18.706 7.5 126.51 291.47
4 28 94.513 2646.9 118.46 49.16 38.946 77.419 56.809 42.28 18.706 7.5 133.46 289.97
4 29 92.591 2655.3 117.73 46.998 38.443 77.778 56.809 42.28 18.706 7.5 131.03 290.21
4 30 93.368 2673.4 117.73 45.943 39.972 77.983 56.809 42.28 18.706 7.5 133.34 295.43
4 31 97.643 2667.7 117.96 48.678 39.09 77.55 56.809 42.28 25.36 7.5 136.73 291.24
4 32 92.009 2663.2 118.81 47.807 39.585 77.632 56.809 42.28 25.36 7.5 131.59 291.21
4 33 92.083 2681.3 119.02 49.335 37.733 78.062 56.809 42.28 25.36 7.5 129.82 295.6
4 34 92.77 2665.6 119.03 45.194 38.497 78.352 56.809 42.28 25.36 7.5 131.27 285.84
4 35 91.209 2665.1 119.86 49.191 37.64 78.534 56.809 42.28 25.36 7.5 128.85 293.03
4 36 96.436 2667.6 118.3 50.617 40.762 79.416 56.809 42.28 25.36 7.5 137.2 286.97
4 37 99.051 2663.8 118.14 47.301 41.452 79.385 56.809 42.28 23.817 7.5 140.5 293.03
4 38 98.367 2684.8 118.19 53.698 39.495 78.684 56.809 42.28 23.817 7.5 137.86 300.66
4 39 97.365 2692.9 117.83 55.703 41.916 78.733 56.809 42.28 23.817 7.5 139.28 301.36
4 40 100.13 2696.5 119.03 58.326 42.245 79.064 56.809 42.28 23.817 7.5 142.37 302.9
4 41 102.31 2692.4 119.69 53.538 42.188 78.763 56.809 57.935 23.817 7.5 144.5 299.87
4 42 100.49 2703.3 119.84 58.664 41.126 80.2 56.809 57.935 23.817 7.5 141.62 306.6
4 43 99.093 2698.1 119.56 57.693 39.72 80.046 56.809 57.935 29.401 7.5 138.81 300.57
4 44 95.229 2692.3 120.34 48.838 38.365 79.846 56.809 57.935 29.401 7.5 133.59 298.59
4 45 95.997 2700.9 120.75 52.186 37.832 79.546 56.809 57.935 29.401 7.5 133.83 294.73
4 46 98.636 2688.6 120.46 49.981 39.931 80.106 56.809 57.935 29.401 7.5 138.57 287.68
4 47 102.2 2681.9 120.28 46.161 39.069 80.15 56.809 57.935 29.401 7.5 141.27 293.07
4 48 102.76 2687.9 119.89 45.526 38.711 79.747 56.809 57.935 29.401 7.5 141.48 294.1
4 49 104.42 2697.7 119.68 41.247 37.346 79.238 56.809 57.935 28.504 7.5 141.76 292.57
4 50 103.14 2716.5 119.87 45.25 38.739 78.859 56.809 57.935 28.504 7.5 141.87 288.27
4 51 98.766 2716.2 119.79 44.338 40.167 78.833 37.76 57.935 28.504 7.5 138.93 293.82
4 52 102 2710.8 120.29 46.718 38.39 79.056 37.76 57.935 28.504 7.5 140.4 310.99
4 53 101.44 2710.3 120.52 52.354 39.896 80.207 37.76 57.935 28.504 7.5 141.34 302.1
4 54 99.759 2720.7 120.01 50.811 40.185 80.351 37.76 57.935 28.504 7.5 139.94 304.24
4 55 101.26 2724 120.2 50.045 40.703 80.415 37.76 57.935 32.11 7.5 141.96 304.16
4 56 104.52 2715.5 120.49 47.271 40.443 80.019 37.76 57.935 32.11 7.5 144.97 304.08
4 57 105.64 2720.2 121.23 47.928 37.956 79.868 37.76 57.935 32.11 7.5 143.59 306.73
4 58 105.78 2725.2 120.38 51.665 40.122 80.484 37.76 57.935 32.11 7.5 145.9 297.61
4 59 104.98 2724.6 120.31 49.583 39.317 80.58 37.76 57.935 32.11 7.5 144.3 299.46
4 60 104.01 2732.6 121.36 46.26 38.142 80.35 37.76 57.935 32.11 7.5 142.15 303.58
4 61 109.72 2732.3 121.21 50.543 41.16 80.558 37.76 57.935 34.86 7.5 150.88 296.35
4 62 109.02 2737.8 120.59 49.155 42.269 81.207 37.76 57.935 34.86 7.5 151.29 308.49
4 63 106.02 2743.6 120.02 50.756 43.668 80.92 37.76 57.935 34.86 7.5 149.69 316.21
4 64 108.26 2739.7 120.84 58.473 40.43 81.416 37.76 57.935 34.86 7.5 148.69 321.58
4 65 102.48 2731.9 121.72 53.765 39.344 81.061 37.76 57.935 34.86 7.5 141.83 309.98
4 66 103.09 2737.1 121.68 52.84 38.926 81.34 37.76 57.935 34.86 7.5 142.01 306.07
4 67 102.84 2728.1 121.59 46.873 39.702 81.163 37.76 57.935 35.804 7.5 142.54 301.13
4 68 105.55 2717.8 121.16 46.581 42.457 81.402 37.76 57.935 35.804 7.5 148 306.83
4 69 105.04 2722.4 120.95 50.07 38.58 81.367 37.76 57.935 35.804 7.5 143.62 312.31
4 70 105.85 2726 120.83 54.921 38.983 81.787 37.76 57.935 35.804 7.5 144.83 299.75
4 71 112.65 2727.5 121.02 48.989 37.672 80.663 37.76 57.935 35.804 7.5 150.32 298.46
4 72 111.6 2735.9 121.34 51.536 40.66 80.982 37.76 57.935 35.804 7.5 152.26 300.02
4 73 110.98 2746 121.2 53.236 39.519 80.699 37.76 57.935 35.946 7.5 150.5 306.19
4 74 110.72 2738 122.13 52.439 36.954 81.289 37.76 57.935 35.946 7.5 147.68 311.04
4 75 109 2729.4 122.86 60.271 36.834 81.935 37.76 57.935 35.946 7.5 145.84 299.01
4 76 112.24 2725.9 123.13 57.047 38.522 82.361 66.54 57.935 35.946 7.5 150.76 295.48
4 77 111.39 2728.8 122.56 52.116 38.428 82.269 66.54 57.935 35.946 7.5 149.82 292.95
4 78 111.22 2726.5 123.12 54.099 38.667 82.229 66.54 57.935 35.946 7.5 149.89 285.58
4 79 112.05 2725.6 122.86 44.96 37.248 81.248 66.54 57.935 36.511 7.5 149.3 291.6
4 80 106.37 2720.1 122.27 51.862 38.731 82.179 66.54 57.935 36.511 7.5 145.1 289.23
4 81 105.05 2733.6 122.37 54.268 36.446 81.584 66.54 63.442 36.511 7.5 141.5 299.46
4 82 106.31 2719.1 122.05 51.93 40.01 81.669 66.54 63.442 36.511 7.5 146.32 279.65
4 83 108.67 2719.3 121.52 53.857 42.453 82.119 66.54 63.442 36.511 7.5 151.13 298.77
4 84 106.78 2713.2 120.16 55.265 42.96 82.054 66.54 63.442 36.511 7.5 149.74 306.7
4 85 106.26 2719.2 120.63 60.826 41.207 82.028 66.54 63.442 32.791 7.5 147.46 311.82
4 86 108.3 2709.1 121.69 58.975 36.763 81.088 66.54 63.442 32.791 7.5 145.06 304.21
4 87 105.86 2700.6 122.18 51.035 36.655 80.73 66.54 63.442 32.791 7.5 142.52 286.05
4 88 105.64 2721.6 121.52 42.419 36.661 80.244 66.54 63.442 32.791 7.5 142.3 282.8
4 89 107.43 2720.1 120.54 42.35 40.835 80.527 66.54 63.442 32.791 7.5 148.27 286.09
4 90 109.4 2717.1 120.45 38.836 43 79.841 66.54 63.442 32.791 7.5 152.4 303.42
4 91 109.37 2727.6 120.41 42.595 42.978 79.949 66.54 63.442 32.21 7.5 152.35 305.5
4 92 106.83 2739.5 120.22 46.696 44.11 80.436 66.54 63.442 32.21 7.5 150.94 300.36
4 93 108.45 2734 120 44.684 46.151 80.31 66.54 63.442 32.21 7.5 154.6 315.35
4 94 105.89 2725.6 120.26 44.929 46.002 80.094 66.54 63.442 32.21 7.5 151.9 320.99
4 95 106.92 2735.2 120.05 52.067 47.671 80.503 66.54 63.442 32.21 7.5 154.59 320.15
4 96 111.15 2733 119.36 49.87 47.543 81.121 66.54 63.442 32.21 7.5 158.69 320.15
4 97 112.75 2716.2 120.34 52.197 45.285 80.79 66.54 63.442 32.607 7.5 158.03 322.33
4 98 110.08 2735.6 120.45 55.853 42.693 80.786 66.54 63.442 32.607 7.5 152.77 317.48
4 99 106.37 2741.6 120.34 50.91 42.495 80.564 66.54 63.442 32.607 7.5 148.86 309.42
4 100 106.44 2728.3 120.86 46.244 44.16 80.251 66.54 63.442 32.607 7.5 150.6 306.44
4 101 100.25 2714.9 121.86 54.552 39.216 80.75 39.579 63.442 32.607 7.5 139.47 312.3
4 102 96.755 2711.5 121.68 54.007 36.508 81.299 39.579 63.442 32.607 7.5 133.26 306.03
4 103 97.067 2697.3 121.2 50.294 38.253 81.447 39.579 63.442 32.618 7.5 135.32 291.86
4 104 99.752 2697.3 121.83 48.278 33.321 81.156 39.579 63.442 32.618 7.5 133.07 295.8
4 105 101.79 2697.2 120.84 45.546 37.831 80.926 39.579 63.442 32.618 7.5 139.62 279.95
4 106 100.04 2708.9 119.75 40.228 36.926 80.454 39.579 63.442 32.618 7.5 136.97 292.99
4 107 99.749 2716.3 120.54 42.54 37.606 79.824 39.579 63.442 32.618 7.5 137.35 292.92
4 108 103.1 2707.1 119.78 43.318 41.446 79.526 39.579 63.442 32.618 7.5 144.54 297.39
4 109 97.856 2705.7 120.52 46.183 36.955 79.725 39.579 63.442 30.743 7.5 134.81 308.54
4 110 98.461 2720.7 120.57 50.129 37.466 80.512 39.579 63.442 30.743 7.5 135.93 304.26
4 111 96.596 2715 119.89 44.871 39.401 79.563 39.579 63.442 30.743 7.5 137.46 294.77
4 112 99.045 2706.1 120.44 40.041 39.824 79.684 39.579 63.442 30.743 7.5 139.26 307.5
4 113 99.114 2702.3 119.86 46.002 40.388 79.711 39.579 63.442 30.743 7.5 137.95 309.75
4 114 95.44 2711 119.66 46.065 39.846 80.278 39.579 63.442 30.743 7.5 136.73 303.33
4 115 94.896 2716.3 118.95 49.56 39.708 79.953 39.579 63.442 29.734 7.5 136.39 306.03
4 116 98.321 2704.7 118.98 50.514 40.376 80.204 39.579 63.442 29.734 7.5 141.77 311.86
4 117 97.362 2703.7 119.13 47.794 40.099 79.397 39.579 63.442 29.734 7.5 141.18 317.6
4 118 97.188 2710.9 119.17 51.786 39.74 79.562 39.579 63.442 29.734 7.5 139.36 317.11
4 119 96.695 2712 118.52 47.3 40.051 79.617 39.579 63.442 29.734 7.5 138.14 314.8
4 120 98.888 2716.8 119.38 50.037 39.877 79.42 39.579 63.442 29.734 7.5 141.31 308.96
4 121 98.555 2698.6 118.75 54.169 40.283 79.63 39.579 38.495 29.431 7.5 141.95 308.58
4 122 98.324 2713 119.09 59.651 40.06 80.386 39.579 38.495 29.431 7.5 142.34 317.28
4 123 96.123 2710.1 117.84 59.202 39.609 80.086 39.579 38.495 29.431 7.5 142.34 316.33
4 124 93.112 2707.7 118.9 59.746 39.763 80.334 39.579 38.495 29.431 7.5 137.71 325.8
4 125 97.128 2707.3 119.05 60.751 39.793 80.179 39.579 38.495 29.431 7.5 140.9 323.72
4 126 99.822 2704.7 118.41 61.274 40.169 80.852 42.965 38.495 29.431 7.5 147.52 320.26
4 127 94.937 2711.9 117.35 51.071 40.171 79.835 42.965 38.495 27.636 7.5 143.47 326.67
4 128 99.429 2712.5 117.29 52.511 39.594 79.463 42.965 38.495 27.636 7.5 148.46 331.72
4 129 99.998 2697.2 118.31 54.492 39.901 79.519 42.965 38.495 27.636 7.5 145.37 330.7
4 130 96.231 2707.2 119.26 56.019 40.139 79.471 42.965 38.495 27.636 7.5 141.08 323.26
4 131 96.839 2702.8 118.67 50.682 40.517 79.858 42.965 38.495 27.636 7.5 140.38 314.39
4 132 97.268 2692.8 119.53 52.776 40.111 80.085 42.965 38.495 27.636 7.5 140.97 316.88
4 133 93.92 2689.9 119.44 57.179 40.925 80.098 42.965 38.495 28.321 7.5 136.04 309.83
4 134 92.662 2683.4 119.5 55.834 40.003 80.346 42.965 38.495 28.321 7.5 132.74 311.78
4 135 91.609 2684.9 119.94 53.95 40.343 80.367 42.965 38.495 28.321 7.5 130.49 301.28
4 136 91.637 2687.4 119.38 51.021 39.835 79.812 42.965 38.495 28.321 7.5 130.67 291.85
4 137 87.635 2680.1 118.93 50.343 39.515 79.978 42.965 38.495 28.321 7.5 127.85 300.39
4 138 91.807 2672.6 118.99 54.9 40.042 79.773 42.965 38.495 28.321 7.5 129.78 305.24
4 139 90.575 2657.7 119.16 59.058 40.222 80.062 42.965 38.495 26.183 7.5 129.19 292.66
4 140 92.088 2657.2 119.66 54.802 40.146 79.461 42.965 38.495 26.183 7.5 127.44 299.24
4 141 96.291 2669.2 118.93 51.362 40.061 79.29 42.965 38.495 26.183 7.5 131.52 284.91
4 142 97.121 2686.9 117.95 46.373 39.832 79.084 42.965 38.495 26.183 7.5 138.27 279.99
4 143 96.975 2681.8 118.02 50.856 39.599 79.254 42.965 38.495 26.183 7.5 137.97 303
4 144 101.09 2686.4 118.8 52.257 39.847 78.963 42.965 38.495 26.183 7.5 141.41 301.99
4 145 99.898 2683.7 119.24 55.599 40.215 79.015 42.965 38.495 28.603 7.5 138.84 302.12
4 146 96.525 2691.4 119.85 53.833 40.448 79.495 42.965 38.495 28.603 7.5 134.34 297.61
4 147 96.717 2684.7 120.78 54.931 38.416 79.985 42.965 38.495 28.603 7.5 131.16 286.03
4 148 90.703 2680.4 121.56 52.964 40.283 80.017 42.965 38.495 28.603 7.5 125.6 276.48
4 149 90.904 2687.6 120.9 47.214 40.509 79.91 42.965 38.495 28.603 7.5 124.98 279
4 150 91.59 2658.4 119.75 46.164 40.596 80.129 42.965 38.495 28.603 7.5 129.4 279.89
4 151 93.699 2663.3 120.55 46.547 40.174 80.487 63.389 38.495 25.899 7.5 130.53 290.76
4 152 98.584 2672.4 119.05 48.53 40.312 80.041 63.389 38.495 25.899 7.5 136.64 280.47
4 153 98.951 2659.1 118.41 47.457 39.778 79.475 63.389 38.495 25.899 7.5 140.29 288.44
4 154 100.91 2674.5 119.23 47.487 39.949 78.791 63.389 38.495 25.899 7.5 138.01 298.68
4 155 98.95 2674.9 119.12 52.375 40.243 79.059 63.389 38.495 25.899 7.5 137.95 284.38
4 156 102.29 2683.8 120.27 48.191 39.466 78.584 63.389 38.495 25.899 7.5 139.3 283.32
4 157 99.653 2686.7 120.47 50.174 39.612 78.807 63.389 38.495 28.719 7.5 138.25 280.09
4 158 99.596 2695.3 119.89 48.346 40.085 79.318 63.389 38.495 28.719 7.5 140.09 287.09
4 159 100.98 2692 119.53 46.376 39.352 79.341 63.389 38.495 28.719 7.5 141.95 295.56
4 160 101.74 2683.8 120.2 44.122 40.016 79.235 63.389 38.495 28.719 7.5 143.22 296.76
4 161 108.12 2691.1 119.86 43.536 39.28 78.693 63.389 31.377 28.719 7.5 147.74 297.05
4 162 107.27 2697.9 119.6 42.671 40.084 79.544 63.389 31.377 28.719 7.5 146.96 288.25
4 163 103.06 2710.7 119.47 44.83 40.004 79.654 63.389 31.377 30.725 7.5 144.77 287.49
4 164 104.27 2708.9 120.2 44.973 39.721 79.202 63.389 31.377 30.725 7.5 146.83 303.63
4 165 106.28 2697.3 121.18 44.672 39.539 79.37 63.389 31.377 30.725 7.5 148.27 298.74
4 166 105.95 2705.1 120.68 48.294 39.748 79.944 63.389 31.377 30.725 7.5 147.79 300.21
4 167 108.14 2709.8 119.54 47.71 38.917 80.628 63.389 31.377 30.725 7.5 151.56 300.33
4 168 113.25 2701.3 120.48 50.237 39.8 81.005 63.389 31.377 30.725 7.5 153.87 305.32
4 169 112.92 2713.7 121.05 53.721 40.047 80.369 63.389 31.377 32.728 7.5 153.71 298.77
4 170 111.42 2730.2 121.24 47.717 40.568 80.458 63.389 31.377 32.728 7.5 151.3 292.01
4 171 107.33 2724.2 121.62 47.211 39.747 80.393 63.389 31.377 32.728 7.5 149.31 291.33
4 172 108.09 2723 122.08 43.999 39.907 80.486 63.389 31.377 32.728 7.5 150.29 291.83
4 173 109.83 2715.3 121.29 50.709 40.656 81.078 63.389 31.377 32.728 7.5 152.88 301.7
4 174 110.89 2712 120.77 49.94 40.823 81.748 63.389 31.377 32.728 7.5 155.43 304.3
4 175 105.68 2720.3 120.29 52.428 39.757 81.382 63.389 31.377 33.644 7.5 148.31 312.11
4 176 104.74 2713.4 121.2 57.884 40.493 81.87 66.826 31.377 33.644 7.5 146.76 303.26
4 177 102.69 2709 121.77 55.723 40.554 81.041 66.826 31.377 33.644 7.5 143.34 295.78
4 178 98.744 2699.4 121.84 54.065 40.238 81.307 66.826 31.377 33.644 7.5 139.42 294.05
4 179 94.915 2685.9 121.2 54.437 39.518 81.762 66.826 31.377 33.644 7.5 136.28 296.61
4 180 90.966 2668.9 120.99 53.432 39.539 81.494 66.826 31.377 33.644 7.5 131.99 297.76
4 181 91.034 2660 120.53 54.647 40.267 81.346 66.826 31.377 27.34 7.5 129.59 300
4 182 92.528 2647.6 119.38 58.502 41.109 81.248 66.826 31.377 27.34 7.5 132.66 288.35
4 183 94.264 2654 119.1 58.096 39.905 80.644 66.826 31.377 27.34 7.5 132.36 284.39
4 184 93.811 2653.1 117.86 56.2 40.742 79.823 66.826 31.377 27.34 7.5 133.97 284.08
4 185 94.155 2672.4 118.17 52.531 40.899 79.337 66.826 31.377 27.34 7.5 134.97 290.64
4 186 94.089 2673.4 117.99 52.158 39.392 78.672 66.826 31.377 27.34 7.5 135.54 292.36
4 187 96.1 2663 118.48 49.166 39.703 78.61 66.826 31.377 25.689 7.5 138.96 294.01
4 188 97.211 2658.3 119.22 46.461 40.715 78.429 66.826 31.377 25.689 7.5 137.03 301.24
4 189 96.797 2655.5 118.79 48.449 40.459 78.597 66.826 31.377 25.689 7.5 136.04 288.91
4 190 95.334 2663.6 119.38 51.074 40.254 79.116 66.826 31.377 25.689 7.5 131.38 284.49
4 191 95.388 2672.7 119.39 49.584 39.985 79.067 66.826 31.377 25.689 7.5 135.16 280.91
4 192 94.211 2672.4 118.73 47.789 40.293 78.653 66.826 31.377 25.689 7.5 135.92 284.72
4 193 93.83 2669.2 118.82 49.213 39.688 79.121 66.826 31.377 26.03 7.5 135.17 296.68
4 194 96.29 2665.7 118.26 51.914 41.191 78.932 66.826 31.377 26.03 7.5 139.29 295.68
4 195 92.39 2650 118.86 51.464 39.438 79.243 66.826 31.377 26.03 7.5 131.94 299.96
4 196 94.639 2654.4 119.83 57.733 39.129 79.932 66.826 31.377 26.03 7.5 131.6 286.81
4 197 92.389 2652.1 119.38 51.237 40.062 79.151 66.826 31.377 26.03 7.5 128.14 278.53
4 198 95.175 2645.1 119.66 50.358 40.684 79.045 66.826 31.377 26.03 7.5 131.63 269.42
4 199 97.263 2641.6 119.57 52.172 39.755 79.072 66.826 31.377 25.18 7.5 130.97 275.01
4 200 97.935 2660 119.78 51.724 39.965 79.452 66.826 31.377 25.18 7.5 132.88 267.33
4 201 91.537 2681.4 118.8 48.533 39.501 78.977 40.543 66.834 25.18 7.5 124.76 282.69
4 202 90.272 2685 119.54 45.866 39.955 78.424 40.543 66.834 25.18 7.5 125.19 284.1
4 203 88.888 2690.2 119.2 45.562 39.503 77.943 40.543 66.834 25.18 7.5 127.18 287.16
4 204 91.198 2676.1 118.66 48.356 39.509 78.982 40.543 66.834 25.18 7.5 130.72 296.94
4 205 97.095 2681 118.67 54.441 39.284 79.431 40.543 66.834 23.959 7.5 136.15 304.88
4 206 94.776 2686.1 118.53 51.82 39.727 79.464 40.543 66.834 23.959 7.5 134.57 300.54
4 207 97.339 2702.4 118.02 54.026 40.884 78.805 40.543 66.834 23.959 7.5 137.4 309.39
4 208 95.641 2698.8 118.62 55.418 39.963 78.768 40.543 66.834 23.959 7.5 133 298.79
4 209 98.201 2710 119.62 57.272 40.083 78.882 40.543 66.834 23.959 7.5 138.61 300.07
4 210 99.495 2704.1 118.55 55.707 41.063 79.23 40.543 66.834 23.959 7.5 141.42 301.33
4 211 98.93 2706.4 119.39 58.16 39.686 80.547 40.543 66.834 27.778 7.5 140.69 316.26
4 212 101.3 2727.1 119.02 59.658 39.511 80.138 40.543 66.834 27.778 7.5 141.8 308.58
4 213 100.13 2733.4 118.32 53.609 40.241 80.278 40.543 66.834 27.778 7.5 146.73 310.72
4 214 99.754 2734.1 118.56 52.234 39.399 79.978 40.543 66.834 27.778 7.5 146.43 327.63
4 215 100.53 2740.4 118.47 49.997 40.15 79.088 40.543 66.834 27.778 7.5 148.42 334.79
4 216 103.45 2744.4 118.62 46.799 40.546 79.457 40.543 66.834 27.778 7.5 152.37 335.17
4 217 99.968 2742.5 118.15 44.764 39.472 79.164 40.543 66.834 30.881 7.5 150.84 345.83
4 218 98.031 2750.3 118.29 45.213 39.74 79.347 40.543 66.834 30.881 7.5 147.7 344.59
4 219 94.102 2729.6 118.15 47.738 40.806 79.61 40.543 66.834 30.881 7.5 143.92 333.19
4 220 92.923 2726.3 119.14 51.924 39.481 79.951 40.543 66.834 30.881 7.5 139.75 340.04
4 221 92.336 2711 118.49 52.743 39.663 80.184 40.543 66.834 30.881 7.5 139.77 328.14
4 222 93.614 2707 118.78 50.865 40.105 80.379 40.543 66.834 30.881 7.5 137.33 336.7
4 223 100.68 2699.2 118.46 51.436 39.838 80.305 40.543 66.834 26.476 7.5 145.22 322.97
4 224 103.81 2704.1 118.02 48.8 39.581 79.878 40.543 66.834 26.476 7.5 147.79 322.21
4 225 99.927 2724.5 118.1 49.909 40.759 79.627 40.543 66.834 26.476 7.5 141.97 324.99
4 226 101.92 2732.4 117.94 51.982 39.711 79.338 49.162 66.834 26.476 7.5 147.51 312.61
4 227 98.188 2720.6 119.64 49.801 40.15 79.007 49.162 66.834 26.476 7.5 142.12 321.31
4 228 99.619 2720.6 119.87 48.748 39.793 79.115 49.162 66.834 26.476 7.5 143.92 319.45
4 229 102.26 2709 119.72 45.981 39.88 80.277 49.162 66.834 30.847 7.5 145.24 319.91
4 230 104.73 2713.4 119.69 51.594 39.33 80.446 49.162 66.834 30.847 7.5 148.07 313.82
4 231 107.37 2732.8 119.34 49.568 40.436 80.192 49.162 66.834 30.847 7.5 149.23 310.98
4 232 105.06 2735.8 118.85 54.485 39.784 80.522 49.162 66.834 30.847 7.5 150.75 308.15
4 233 101.4 2748 119.36 52.358 40.603 79.94 49.162 66.834 30.847 7.5 147.71 324.59
4 234 93.84 2747.6 119.24 57.197 39.43 80.547 49.162 66.834 30.847 7.5 142.43 328.25
4 235 94.804 2729.4 119.19 55.481 39.758 80.416 49.162 66.834 33.708 7.5 144.05 335.98
4 236 96.339 2713.6 119.21 53.151 40.22 80.751 49.162 66.834 33.708 7.5 145.92 338.61
4 237 101.78 2710.5 118.25 55.748 40.043 81.172 49.162 66.834 33.708 7.5 150.19 336.3
4 238 99.057 2720.3 117.46 57.844 39.674 81.053 49.162 66.834 33.708 7.5 146.2 336.84
4 239 100.35 2730.8 117.75 56.541 39.925 80.344 49.162 66.834 33.708 7.5 148.18 327.62
4 240 98.737 2721 118.03 61.351 39.366 79.752 49.162 66.834 33.708 7.5 146.57 330.47
4 241 103.05 2703.3 118.8 60.211 40.017 79.499 49.162 38.214 29.557 7.5 149.44 324.11
4 242 103.08 2704.5 119.25 59.88 38.715 79.969 49.162 38.214 29.557 7.5 147.03 325.03
4 243 99.766 2712.6 119.37 56.961 40.073 80.295 49.162 38.214 29.557 7.5 143.02 313.12
4 244 100.3 2709.4 119.21 59.806 40.643 81.083 49.162 38.214 29.557 7.5 144.19 308.79
4 245 103.49 2704.2 120.34 59.926 40.42 80.666 49.162 38.214 29.557 7.5 145.67 308.06
4 246 104.77 2709.9 120.08 60.442 40.4 80.98 49.162 38.214 29.557 7.5 147.31 306.08
4 247 101.82 2707.1 119.55 53.33 39.788 80.789 49.162 38.214 31.923 7.5 143.13 310.82
4 248 101.02 2704.6 120.53 54.532 40.226 81.063 49.162 38.214 31.923 7.5 141.05 310.29
4 249 95.081 2696.5 121.05 52.144 39.797 80.084 49.162 38.214 31.923 7.5 134.2 295.43
4 250 91.482 2690.5 121.18 53.036 39.947 80.686 49.162 38.214 31.923 7.5 128.73 292.8
4 251 94.419 2678.6 120.72 54.038 39.942 80.854 63.999 38.214 31.923 7.5 134.16 290.3
4 252 92.394 2666.1 120.6 50.877 38.37 80.581 63.999 38.214 31.923 7.5 132.02 290.12
4 253 95.347 2662.4 119.52 50.722 40.435 80.091 63.999 38.214 24.612 7.5 136.17 288.55
4 254 98.429 2654.3 118.83 52.643 40.209 80.324 63.999 38.214 24.612 7.5 138.21 298.39
4 255 98.963 2663 119.82 53.217 40.395 80.103 63.999 38.214 24.612 7.5 134.44 285.97
4 256 104.06 2676.7 118.95 51.159 39.533 79.017 63.999 38.214 24.612 7.5 141.41 282.87
4 257 101.37 2676.3 119.5 46.479 40.324 78.607 63.999 38.214 24.612 7.5 138.71 281.48
4 258 106.11 2698.5 120.18 46.103 40.222 78.404 63.999 38.214 24.612 7.5 143.87 283.57
4 259 100.74 2697.3 119.15 41.943 38.915 78.303 63.999 38.214 30.862 7.5 142.98 285.75
4 260 101.27 2713.1 119.73 46.085 39.142 79.354 63.999 38.214 30.862 7.5 145.52 304.78
4 261 99.683 2702.1 119.16 49.153 40.015 79.429 63.999 38.214 30.862 7.5 146.05 312.83
4 262 99.899 2707.8 119.22 48.069 39.671 79.972 63.999 38.214 30.862 7.5 146.61 315.29
4 263 101.2 2704.7 118.74 48.636 39.982 79.876 63.999 38.214 30.862 7.5 147.63 320.93
4 264 95.634 2697.5 118.47 45.752 39.682 79.39 63.999 38.214 30.862 7.5 143.39 315.81
4 265 96.126 2701.8 118.94 37.875 40.71 78.574 63.999 38.214 28.633 7.5 142.06 322.61
4 266 95.811 2682.7 119.09 43.912 39.076 79.422 63.999 38.214 28.633 7.5 139.97 319.02
4 267 96.126 2691.3 119.64 49.301 39.334 79.274 63.999 38.214 28.633 7.5 139.11 306.57
4 268 95.359 2688.8 117.93 44.67 39.52 79.052 63.999 38.214 28.633 7.5 140.24 300.95
4 269 95.062 2690.7 117.85 43.391 39.333 79.311 63.999 38.214 28.633 7.5 143.71 311.26
4 270 95.876 2699.4 117.68 46.197 39.712 78.99 63.999 38.214 28.633 7.5 141.69 326.29
4 271 93.525 2691.1 117.63 48.587 39.975 78.97 63.999 38.214 27.33 7.5 140.42 319.82
4 272 95.843 2698 118.21 46.79 39.345 78.423 63.999 38.214 27.33 7.5 142.33 320.74
4 273 93.047 2681.3 117.68 45.557 40.166 78.65 63.999 38.214 27.33 7.5 140.39 319.27
4 274 96.006 2691.5 117.72 46.752 40.622 79.007 63.999 38.214 27.33 7.5 144.03 324.65
4 275 92.102 2680.7 117.23 47.349 40.517 78.746 63.999 38.214 27.33 7.5 140.35 321.99
4 276 93.927 2682.1 117.71 49.78 40.957 79.11 51.526 38.214 27.33 7.5 140.67 317.58
4 277 91.997 2681.1 117.79 48.942 40.537 78.464 51.526 38.214 25.655 7.5 137.75 318.36
4 278 96.153 2691.1 117.61 46.844 39.976 78.322 51.526 38.214 25.655 7.5 140.98 315.43
4 279 94.949 2680.1 117.36 48.187 40.849 78.282 51.526 38.214 25.655 7.5 139.65 315.32
4 280 96.844 2677 118.24 45.133 40.331 78.299 51.526 38.214 25.655 7.5 139.56 314.15
4 281 95.433 2684.7 118.25 49.972 40.895 78.314 51.526 34.755 25.655 7.5 135.99 307.47
4 282 97.64 2688 118.45 44.726 39.899 78.667 51.526 34.755 25.655 7.5 140.72 299.88
4 283 97.066 2678.8 118.28 45.633 38.98 78.382 51.526 34.755 28.258 7.5 139.56 302.16
4 284 100.79 2676.2 119.06 46.87 39.43 79.33 51.526 34.755 28.258 7.5 139.74 314.88
4 285 102.52 2663.3 119.95 48.415 40.079 79.188 51.526 34.755 28.258 7.5 138.89 296.58
4 286 104.01 2675.1 121.22 49.881 40.257 79.664 51.526 34.755 28.258 7.5 136.02 283.31
4 287 108.86 2685.5 121.58 51.945 39.894 79.52 51.526 34.755 28.258 7.5 140.32 263.5
4 288 106.51 2687.1 121.17 44.531 40.475 79.534 51.526 34.755 28.258 7.5 140.32 266.2
4 289 109.68 2701.8 121.82 45.603 39.44 79.771 51.526 34.755 32.476 7.5 142.62 282.71
4 290 108.91 2686.8 121.93 47.493 39.655 80.189 51.526 34.755 32.476 7.5 142.24 274.25
4 291 105.59 2704.2 123.35 45.116 40.47 80.416 51.526 34.755 32.476 7.5 136.2 270.33
4 292 105.78 2706.3 122.41 43.18 40.02 80.452 51.526 34.755 32.476 7.5 138.6 258.18
4 293 105.68 2697.5 122.75 46.769 40.041 81.237 51.526 34.755 32.476 7.5 140.69 272.78
4 294 109.23 2709.4 122.23 45.503 40.673 81.183 51.526 34.755 32.476 7.5 145.68 276.43
4 295 107.78 2712.6 121.03 45.506 40.523 81.404 51.526 34.755 33.427 7.5 145.42 283.95
4 296 106.91 2729.3 120.4 45.519 39.613 80.793 51.526 34.755 33.427 7.5 148.73 287.98
4 297 106.21 2716.6 120.3 47.936 40.092 80.361 51.526 34.755 33.427 7.5 148.44 302.05
4 298 101.01 2712.8 121.01 49.782 39.176 80.718 51.526 34.755 33.427 7.5 143.01 309.42
4 299 104.88 2712.5 120.98 48.955 39.99 80.71 51.526 34.755 33.427 7.5 145.43 302.85
4 300 101.02 2686.1 121.85 51.101 40.185 81.274 51.526 34.755 33.427 7.5 139.13 298.59
5 1 101.23 2712.5 120.32 49.016 40.934 79.86 60.048 76.059 29.807 7.5 142.17 304.04
5 2 106.08 2707.6 120.08 50.014 41.608 79.88 60.048 76.059 29.807 7.5 147.69 302.85
5 3 110.89 2708.2 120.11 53.157 40.709 79.982 60.048 76.059 29.807 7.5 151.6 308.13
5 4 110.76 2716 120.09 49.902 40.352 79.769 60.048 76.059 29.807 7.5 151.12 305.55
5 5 112.11 2728.2 120.34 51.459 38.339 79.904 60.048 76.059 29.807 7.5 150.44 295.72
5 6 114.16 2730.7 121.23 53.025 37.571 80.133 60.048 76.059 29.807 7.5 151.73 293.86
5 7 113.01 2736 122.11 55.746 37.565 80.475 60.048 76.059 35.778 7.5 150.57 292.55
5 8 115.89 2745 122.35 48.457 37.094 80.059 60.048 76.059 35.778 7.5 152.98 294.1
5 9 115.9 2737.8 122.56 48.439 38.196 81.055 60.048 76.059 35.778 7.5 154.1 290.09
5 10 111.05 2745.8 123.66 53.374 35.856 82.082 60.048 76.059 35.778 7.5 146.9 296.89
5 11 108.57 2748.5 123.06 53.228 37.229 81.795 60.048 76.059 35.778 7.5 145.79 282.12
5 12 108.48 2737.6 123.08 48.682 38.122 82.147 60.048 76.059 35.778 7.5 146.6 289.87
5 13 110.21 2733.1 122.33 54.757 40.178 82.264 60.048 76.059 36.683 7.5 150.39 291.26
5 14 109.3 2721.6 121.94 63.074 39.659 83.044 60.048 76.059 36.683 7.5 148.96 300.44
5 15 111.33 2726.8 122.03 59.823 37.818 83.01 60.048 76.059 36.683 7.5 149.15 298.99
5 16 110.59 2729.7 122 56.277 37.103 81.766 60.048 76.059 36.683 7.5 147.7 290.8
5 17 106.51 2734.4 121.41 52.262 39.027 81.364 60.048 76.059 36.683 7.5 145.53 288.09
5 18 110.94 2730.1 121.53 49.786 38.911 80.659 60.048 76.059 36.683 7.5 149.86 296.64
5 19 115.33 2718.2 122.35 48.03 39.066 81.155 60.048 76.059 34.733 7.5 154.4 293.95
5 20 115.38 2733.6 122 45.446 37.636 80.571 60.048 76.059 34.733 7.5 153.01 298
5 21 113.98 2754.7 121.45 47.975 38.186 81.4 60.048 76.059 34.733 7.5 152.17 291.08
5 22 115.76 2743.6 122.27 45.822 38.417 81.283 60.048 76.059 34.733 7.5 154.17 297.88
5 23 114.19 2745.4 123.94 48.272 36.157 80.396 60.048 76.059 34.733 7.5 150.34 296.14
5 24 113.35 2744.7 123.68 49.824 35.693 81.542 60.048 76.059 34.733 7.5 149.04 281.7
5 25 108.5 2750.5 123.22 44.622 37.677 81.901 60.048 76.059 39.759 7.5 146.18 286.41
5 26 111.09 2742.4 123.3 46.5 41.753 82.474 65.426 76.059 39.759 7.5 152.84 287.66
5 27 111.24 2735.5 122.58 48.331 40.652 82.022 65.426 76.059 39.759 7.5 151.9 305.86
5 28 109.47 2736.3 122.36 48.257 39.796 82.232 65.426 76.059 39.759 7.5 149.27 302.18
5 29 106.5 2740.8 121.36 49.446 42.573 81.684 65.426 76.059 39.759 7.5 149.07 295.64
5 30 105.06 2726.8 121.54 49.156 42.767 81.94 65.426 76.059 39.759 7.5 147.82 300.66
5 31 103.02 2720.6 121.77 49.745 40.802 80.747 65.426 76.059 34.707 7.5 143.82 304.71
5 32 104.32 2716.8 121.76 50.02 40.076 81.371 65.426 76.059 34.707 7.5 144.4 294.93
5 33 105.4 2716.9 121.15 50.953 41.726 81.457 65.426 76.059 34.707 7.5 147.13 302.05
5 34 106.73 2719.5 119.83 54.992 44.027 81.369 65.426 76.059 34.707 7.5 150.75 299.8
5 35 103.85 2726.2 119.81 53.059 42.85 80.987 65.426 76.059 34.707 7.5 146.7 312.05
5 36 103.86 2726.5 119.89 54.268 43.871 80.605 65.426 76.059 34.707 7.5 147.73 310.56
5 37 101.55 2728.4 120.14 49.442 43.158 79.978 65.426 76.059 32.69 7.5 144.71 311.88
5 38 102.12 2721.4 120.2 50.751 44.581 80.567 65.426 76.059 32.69 7.5 146.7 310
5 39 102.9 2718.2 119.65 51.18 45.499 80.106 65.426 76.059 32.69 7.5 148.4 314.72
5 40 100.25 2714.3 119.62 54.48 44.56 80.494 65.426 76.059 32.69 7.5 144.81 318.05
5 41 101.47 2702.8 120.04 53.745 43.615 80.427 65.426 44.096 32.69 7.5 145.08 308.26
5 42 101.77 2689.9 119.79 53.398 43.352 80.392 65.426 44.096 32.69 7.5 145.12 305.82
5 43 103.32 2675.2 120.26 50.506 42.796 79.965 65.426 44.096 27.493 7.5 146.12 298.26
5 44 101.64 2691 120.43 50.44 36.264 80.267 65.426 44.096 27.493 7.5 137.91 300.23
5 45 102.6 2690 120.38 48.72 37.927 80.476 65.426 44.096 27.493 7.5 140.53 275.3
5 46 104.45 2689.5 120.89 45.422 37.57 79.455 65.426 44.096 27.493 7.5 142.02 285.16
5 47 104.18 2690.1 121.07 46.404 38.353 79.342 65.426 44.096 27.493 7.5 142.53 288.82
5 48 101.18 2695 121.01 45.294 39.377 79.962 65.426 44.096 27.493 7.5 140.56 290.77
5 49 102.36 2696.4 120.71 46.152 37.76 79.77 65.426 44.096 31.319 7.5 140.12 280.93
5 50 104.5 2688.6 120.91 46.416 38.462 79.915 65.426 44.096 31.319 7.5 142.97 285.46
5 51 101.3 2690.1 121.11 48.561 35.104 80.181 37.771 44.096 31.319 7.5 136.4 287.44
5 52 102.36 2698.5 120.58 47.137 35.614 80.21 37.771 44.096 31.319 7.5 137.97 287.2
5 53 102.85 2704.1 120.44 49.238 34.928 80.274 37.771 44.096 31.319 7.5 137.78 283.37
5 54 101.45 2695.2 121.17 53.33 36.166 80.419 37.771 44.096 31.319 7.5 137.62 290.04
5 55 98.526 2699.2 121.45 53.776 34.326 80.533 37.771 44.096 31.883 7.5 132.85 287.75
5 56 94.048 2688.1 121.33 54.552 33.655 80.959 37.771 44.096 31.883 7.5 127.7 277.36
5 57 94.422 2689.9 121.71 49.837 33.351 81.106 37.771 44.096 31.883 7.5 127.77 282.92
5 58 97.219 2682.4 121.36 48.49 33.352 79.948 37.771 44.096 31.883 7.5 130.57 273.43
5 59 94.397 2682.9 120.53 42.369 37.125 79.958 37.771 44.096 31.883 7.5 131.52 283.26
5 60 93.576 2687.1 119.47 43.624 38.251 79.842 37.771 44.096 31.883 7.5 131.83 293.07
5 61 97.778 2683.3 119.54 42.543 37.348 79.742 37.771 44.096 28.876 7.5 135.13 300.53
5 62 95.828 2676.2 120.32 45.276 36.171 79.102 37.771 44.096 28.876 7.5 132 291.9
5 63 96.631 2689.1 119.92 38.928 36.12 78.769 37.771 44.096 28.876 7.5 132.75 296.85
5 64 97.795 2686.7 119.61 38.925 37.05 78.64 37.771 44.096 28.876 7.5 134.85 292.48
5 65 100.36 2686.1 120.07 40.069 36.178 78.953 37.771 44.096 28.876 7.5 136.54 287.34
5 66 99.733 2682.7 120.31 43.582 35.38 79.062 37.771 44.096 28.876 7.5 135.11 295.99
5 67 97.534 2686.7 121.4 41.318 31.994 78.949 37.771 44.096 30.138 7.5 129.53 292.3
5 68 100.61 2686.6 121.6 40.881 31.895 79.003 37.771 44.096 30.138 7.5 132.51 270.83
5 69 102.27 2675.3 121.84 47.359 30.527 79.968 37.771 44.096 30.138 7.5 132.79 272.46
5 70 99.828 2697.5 121.95 50.515 30.832 80.596 37.771 44.096 30.138 7.5 130.66 265.74
5 71 99.643 2693.8 120.96 49.953 33.854 80.077 37.771 44.096 30.138 7.5 133.5 269.14
5 72 102.85 2680.1 122.2 40.961 32.03 80.068 37.771 44.096 30.138 7.5 134.87 280.16
5 73 99.972 2688.3 122.23 41.122 31.092 79.38 37.771 44.096 31.038 7.5 131.06 275.51
5 74 101.12 2691.8 121.66 42.312 33.197 80.009 37.771 44.096 31.038 7.5 134.32 266.05
5 75 100.55 2683.8 121.8 43.266 31.36 80.436 37.771 44.096 31.038 7.5 131.91 275.01
5 76 107.18 2697.1 122.23 45.607 33.323 80.178 49.733 44.096 31.038 7.5 140.5 269.03
5 77 108.44 2691.7 121.36 49.034 32.7 80.714 49.733 44.096 31.038 7.5 141.14 274.73
5 78 106 2705.9 121.72 48.044 34.615 80.698 49.733 44.096 31.038 7.5 140.62 279.15
5 79 110.42 2714.7 121.87 51.084 34.447 80.706 49.733 44.096 35.016 7.5 144.87 279.71
5 80 114.18 2721.6 122.42 45.89 35.576 80.268 49.733 44.096 35.016 7.5 149.76 280.36
5 81 111.56 2726 121.86 52.726 39.532 81.083 49.733 49.978 35.016 7.5 151.1 287.77
5 82 112.59 2735.8 122.05 52.226 36.48 81.651 49.733 49.978 35.016 7.5 149.07 296.86
5 83 107.71 2732.5 122.65 51.832 37.945 81.446 49.733 49.978 35.016 7.5 145.65 293.8
5 84 111.53 2732.7 122.58 53.62 38.752 81.836 49.733 49.978 35.016 7.5 150.29 286.09
5 85 108.93 2726.4 122.59 55.696 38.283 82.019 49.733 49.978 37.345 7.5 147.22 296.2
5 86 108.29 2729.7 122.85 56.974 37.123 82.846 49.733 49.978 37.345 7.5 145.41 290.25
5 87 101.4 2721.4 122.15 53.366 36.836 82.035 49.733 49.978 37.345 7.5 138.24 290.09
5 88 102.41 2715 122.37 53.313 38.065 81.984 49.733 49.978 37.345 7.5 140.47 287.26
5 89 98.121 2702.9 121.88 54.829 36.483 81.939 49.733 49.978 37.345 7.5 134.6 297.13
5 90 94.528 2709.9 121.87 50.141 37.599 81.824 49.733 49.978 37.345 7.5 132.13 288.12
5 91 96.05 2686.9 120.75 48.577 39.153 81.025 49.733 49.978 31.753 7.5 135.2 290.11
5 92 94.385 2681.6 120.84 48.333 38.007 81.17 49.733 49.978 31.753 7.5 132.39 294.78
5 93 94.993 2686.3 119.71 47.825 39.583 80.139 49.733 49.978 31.753 7.5 134.58 291.39
5 94 92.976 2695.1 119.14 46.131 39.757 80.325 49.733 49.978 31.753 7.5 132.73 297.46
5 95 93.563 2689.4 118.94 43.06 41.438 78.86 49.733 49.978 31.753 7.5 135 297.67
5 96 88.923 2675.7 118.73 46.408 42.745 78.757 49.733 49.978 31.753 7.5 131.67 301.64
5 97 89.422 2680.8 119.14 48.999 40.383 79.213 49.733 49.978 25.9 7.5 129.8 306.23
5 98 92.231 2673.3 118.44 53.018 41.91 79.295 49.733 49.978 25.9 7.5 134.14 304.6
5 99 93.412 2675 118.23 52.134 43.305 79.303 49.733 49.978 25.9 7.5 136.72 302.58
5 100 94.673 2680.9 117.27 49.529 44.061 78.967 49.733 49.978 25.9 7.5 138.73 307.74
5 101 100.1 2687.3 117.71 45.806 43.81 78.634 66.775 49.978 25.9 7.5 143.92 310.66
5 102 101.8 2690.4 117.85 49.408 45.619 78.268 66.775 49.978 25.9 7.5 147.41 310.23
5 103 104.46 2700.5 118.16 48.104 44.809 78.316 66.775 49.978 27.153 7.5 149.27 310.48
5 104 102.96 2705.2 118.85 54.558 42.4 78.93 66.775 49.978 27.153 7.5 145.36 316.79
5 105 104.81 2707.3 119.07 61.331 45.245 80.018 66.775 49.978 27.153 7.5 150.05 303.02
5 106 103.31 2706.5 119.61 62.815 43.47 80.071 66.775 49.978 27.153 7.5 146.78 312.93
5 107 95.733 2708.5 120.18 58.224 41.709 80.328 66.775 49.978 27.153 7.5 137.44 308.59
5 108 99.992 2699.4 120.21 52.723 42.748 79.732 66.775 49.978 27.153 7.5 142.74 302.7
5 109 97.841 2679.4 120.5 50.68 41.125 80.47 66.775 49.978 30.143 7.5 138.97 298.66
5 110 105.15 2684 120.18 48.886 41.847 80.187 66.775 49.978 30.143 7.5 147 297.4
5 111 99.25 2692.9 119 51.156 41.702 80.431 66.775 49.978 30.143 7.5 140.95 300.55
5 112 101.53 2704 119.22 52.932 42.305 79.932 66.775 49.978 30.143 7.5 143.83 293.89
5 113 98.897 2694.2 118.8 50.722 43.722 79.221 66.775 49.978 30.143 7.5 142.62 303.18
5 114 99.684 2699.1 119.92 50.291 43.093 79.313 66.775 49.978 30.143 7.5 142.78 306.91
5 115 96.213 2700.3 118.84 54.677 44.394 79.762 66.775 49.978 29.02 7.5 140.61 306.54
5 116 97.479 2695.3 118.8 51.02 44.118 79.985 66.775 49.978 29.02 7.5 141.6 305.5
5 117 96.714 2690.2 119.14 52.426 44.293 79.447 66.775 49.978 29.02 7.5 141.01 314.19
5 118 100.95 2700.7 118.56 49.169 44.034 79.646 66.775 49.978 29.02 7.5 144.98 308.75
5 119 100.39 2693.5 118.35 49.039 45.458 79.497 66.775 49.978 29.02 7.5 145.85 314.79
5 120 102.75 2705.7 118.42 46.804 46.594 78.859 66.775 49.978 29.02 7.5 149.34 312.66
5 121 105.57 2704.7 118.23 49.543 46.544 78.942 66.775 34.817 29.09 7.5 152.11 313.1
5 122 105.57 2709.8 118.09 49.179 47.996 79.297 66.775 34.817 29.09 7.5 153.08 322.11
5 123 105.57 2712.5 118.11 54.736 50.082 79.528 66.775 34.817 29.09 7.5 156.33 322.8
5 124 105.57 2715 119.12 57.886 45.973 79.933 66.775 34.817 29.09 7.5 154.55 324.69
5 125 105.57 2713.4 119.49 55.295 46.418 80.306 66.775 34.817 29.09 7.5 154.41 313.62
5 126 105.57 2724.5 119.81 49.675 43.342 79.536 42.724 34.817 29.09 7.5 148.61 311.08
5 127 105.57 2715.1 120.06 47.263 42.977 80.065 42.724 34.817 33.734 7.5 146.84 311.92
5 128 105.57 2716.3 120.49 47.606 43.217 80.027 42.724 34.817 33.734 7.5 145.36 314.76
5 129 105.57 2719.6 120.48 46.629 41.92 80.061 42.724 34.817 33.734 7.5 137.89 308.01
5 130 105.57 2715.2 120.16 46.52 44.818 79.917 42.724 34.817 33.734 7.5 140.94 307.02
5 131 105.57 2695.8 120.2 50.039 43.756 80.834 42.724 34.817 33.734 7.5 137.19 319.69
5 132 105.57 2702.7 119.68 53.873 44.102 80.971 42.724 34.817 33.734 7.5 139.81 317.62
5 133 105.57 2696 118.3 53.873 44.238 80.576 42.724 34.817 28.905 7.5 145.65 314.96
5 134 105.57 2704.5 118.49 50.987 45.636 80.711 42.724 34.817 28.905 7.5 142.88 316.24
5 135 105.57 2723.9 117.5 51.761 46.205 79.233 42.724 34.817 28.905 7.5 147.33 319.65
5 136 105.57 2703.6 117.72 51.767 46.597 79.45 42.724 34.817 28.905 7.5 143.48 324.72
5 137 105.57 2709 118.98 52.547 46.769 79.043 42.724 34.817 28.905 7.5 146.58 327.77
5 138 105.57 2701.1 118.6 48.775 45.024 79.338 42.724 34.817 28.905 7.5 142.26 323.01
5 139 105.57 2698.7 119.69 47.919 41.042 79.76 42.724 34.817 30.45 7.5 139.01 323.91
5 140 105.57 2693 120.03 43.09 39.428 78.868 42.724 34.817 30.45 7.5 138.68 300.75
5 141 105.57 2690.4 119.88 43.181 40.654 79.157 42.724 34.817 30.45 7.5 142 299.38
5 142 105.57 2697.5 119.7 45.722 39.938 79.504 42.724 34.817 30.45 7.5 145.41 301.56
5 143 105.57 2716.5 119.02 44.238 42.828 79.723 42.724 34.817 30.45 7.5 150.15 300.79
5 144 105.57 2724.1 118.41 45.491 46.418 79.383 42.724 34.817 30.45 7.5 153.11 309.79
5 145 105.57 2726.2 119.88 45.608 42.311 78.938 42.724 34.817 34.609 7.5 150.47 322.17
5 146 105.57 2731.3 120.68 44.996 42.844 79.155 42.724 34.817 34.609 7.5 152.73 310.44
5 147 105.57 2747.2 119.94 52.302 47.194 80.463 42.724 34.817 34.609 7.5 156.22 313.21
5 148 105.57 2742.7 120.21 54.813 44.659 81.882 42.724 34.817 34.609 7.5 152.54 324.46
5 149 105.57 2741.9 121.14 58.57 45.164 81.318 42.724 34.817 34.609 7.5 153.94 319.98
5 150 105.57 2733.1 121.06 55.079 44.502 80.674 42.724 34.817 34.609 7.5 155.02 323.25
5 151 105.57 2734.4 121 56.368 43.901 82.056 52.175 34.817 36.025 7.5 153.77 319.46
5 152 105.57 2736.3 120.83 55.171 44.095 81.598 52.175 34.817 36.025 7.5 153.04 311.92
5 153 105.57 2733.5 121.37 54.665 42.63 81.42 52.175 34.817 36.025 7.5 154.72 310.32
5 154 105.57 2726.6 121.34 50.66 44.04 81.498 52.175 34.817 36.025 7.5 160.34 307.56
5 155 105.57 2740.3 121.53 51.394 42.67 81.421 52.175 34.817 36.025 7.5 158.47 311.71
5 156 105.57 2742 121.27 49.976 44.675 81.36 52.175 34.817 36.025 7.5 160.93 306.08
5 157 105.57 2748.7 122.15 45.564 40.851 80.694 52.175 34.817 40.07 7.5 155.27 311.79
5 158 105.57 2751.4 122.72 52.936 42.556 81.331 52.175 34.817 40.07 7.5 159.25 304.85
5 159 105.57 2737.3 122.49 54.012 43.975 82.145 52.175 34.817 40.07 7.5 159.15 310.03
5 160 105.57 2746.7 122.76 51.793 40.985 81.989 52.175 34.817 40.07 7.5 155.35 311.37
5 161 105.57 2755.2 122.37 48.429 41.967 82.222 52.175 73.23 40.07 7.5 154.97 304.12
5 162 105.57 2762.4 123 48.629 40.295 81.643 52.175 73.23 40.07 7.5 149.66 309.3
5 163 105.57 2766 122.97 48.389 38.19 81.872 52.175 73.23 38.387 7.5 148.66 302.44
5 164 105.57 2756.6 122.62 45.245 41.074 81.872 52.175 73.23 38.387 7.5 150.96 294.17
5 165 105.57 2758.8 122.61 40.947 37.568 81.227 52.175 73.23 38.387 7.5 144.96 303.15
5 166 105.57 2752 122.24 39.649 39.171 81.24 52.175 73.23 38.387 7.5 146.45 294.12
5 167 105.57 2729.9 122.15 36.96 39.609 80.993 52.175 73.23 38.387 7.5 144.61 304.73
5 168 105.57 2722.5 121.71 41.394 39.819 81.039 52.175 73.23 38.387 7.5 145.74 304.66
5 169 105.57 2722 121.18 35.518 40.038 80.93 52.175 73.23 34.48 7.5 143.84 300.46
5 170 105.57 2707.5 120.86 38.131 42.496 80.589 52.175 73.23 34.48 7.5 144.34 307.65
5 171 105.57 2704.9 121.42 40.418 41.006 80.498 52.175 73.23 34.48 7.5 146.54 310.52
5 172 105.57 2713.2 121.14 39.861 41.447 79.983 52.175 73.23 34.48 7.5 148.39 304.93
5 173 105.57 2726 120.57 43.24 41.67 80.233 52.175 73.23 34.48 7.5 149.45 307.25
5 174 105.57 2744.1 120.55 44.321 40.447 80.211 52.175 73.23 34.48 7.5 146.87 305.16
5 175 105.57 2754.3 120.53 49.289 41.238 79.848 52.175 73.23 34.193 7.5 147.9 303.61
5 176 105.57 2750.8 120.87 50.624 43.443 80.351 47.823 73.23 34.193 7.5 153.23 318.43
5 177 105.57 2736 121.16 50.39 40.736 80.039 47.823 73.23 34.193 7.5 151.85 314.38
5 178 105.57 2751.7 121.65 46.067 37.591 80.477 47.823 73.23 34.193 7.5 146.61 307.27
5 179 105.57 2743 121.25 50.444 38.1 81.147 47.823 73.23 34.193 7.5 146.86 297.66
5 180 105.57 2719.2 122.57 52.73 37.237 81.692 47.823 73.23 34.193 7.5 141.93 296.08
5 181 105.57 2705.9 123.03 52.13 35.37 81.584 47.823 73.23 35.934 7.5 140.76 295.5
5 182 105.57 2691 122.74 50.403 34.663 81.723 47.823 73.23 35.934 7.5 135.47 288.78
5 183 105.57 2692 123.21 52.748 31.376 82.287 47.823 73.23 35.934 7.5 131.79 281.09
5 184 105.57 2694.9 122.66 58.39 31.806 82.183 47.823 73.23 35.934 7.5 131.02 271.71
5 185 105.57 2688.6 122 54.891 35.032 81.461 47.823 73.23 35.934 7.5 132.74 273.83
5 186 105.57 2698.2 122.01 60.129 31.355 81.958 47.823 73.23 35.934 7.5 131.1 285.9
5 187 105.57 2696.5 121.67 58.926 32.616 81.762 47.823 73.23 28.985 7.5 134.57 270.45
5 188 105.57 2713.2 121.37 58.672 32.048 81.265 47.823 73.23 28.985 7.5 133.45 278.73
5 189 105.57 2714.6 120.92 54.704 31.92 80.616 47.823 73.23 28.985 7.5 129.79 278.25
5 190 105.57 2711.1 122.17 50.957 32.273 80.098 47.823 73.23 28.985 7.5 128.41 276.83
5 191 105.57 2692.4 122.02 47.61 33.529 79.612 47.823 73.23 28.985 7.5 124.25 276.43
5 192 105.57 2673.3 121.2 43.47 33.967 80.207 47.823 73.23 28.985 7.5 124.33 283.35
5 193 105.57 2653.3 120.65 49.201 33.648 80.81 47.823 73.23 27.822 7.5 124.92 280.92
5 194 105.57 2641.6 121.11 44.994 32.102 80.381 47.823 73.23 27.822 7.5 120.21 281.14
5 195 105.57 2648.7 120.16 44.562 31.47 79.812 47.823 73.23 27.822 7.5 122.18 274.07
5 196 105.57 2648 119.28 47.138 34.735 79.446 47.823 73.23 27.822 7.5 127.3 277.6
5 197 105.57 2668.1 119.38 49.012 34.287 79.038 47.823 73.23 27.822 7.5 125.41 284.27
5 198 105.57 2682.9 118.69 57.491 35.02 79.278 47.823 73.23 27.822 7.5 131.08 279.64
5 199 105.57 2683.2 118.86 51.196 36.412 78.503 47.823 73.23 24.179 7.5 133.74 290.08
5 200 105.57 2703.6 120.12 58.673 32.802 78.91 47.823 73.23 24.179 7.5 130.93 288.52
5 201 105.57 2687.9 119.35 54.239 36.015 78.995 59.953 23.255 24.179 7.5 138.05 266.06
5 202 105.66 2694.1 119.8 52.516 36.798 78.909 59.953 23.255 24.179 7.5 142.46 280.03
5 203 103.19 2702.8 119.74 56.222 41.707 79.446 59.953 23.255 24.179 7.5 144.89 282.01
5 204 106.92 2702.1 118.7 54.355 43.26 80.195 59.953 23.255 24.179 7.5 150.18 294.21
5 205 104.15 2686 120.03 49.401 42.726 80.229 59.953 23.255 32.677 7.5 146.87 306.14
5 206 100.54 2677.5 120.67 48.872 43.25 79.79 59.953 23.255 32.677 7.5 143.79 306.55
5 207 104.46 2671.8 120.44 51.788 40.863 80.341 59.953 23.255 32.677 7.5 145.32 300.43
5 208 107.54 2670.9 121.04 53.86 38.777 80.925 59.953 23.255 32.677 7.5 146.32 294.99
5 209 102.91 2700.9 120.45 56.947 40.547 80.999 59.953 23.255 32.677 7.5 143.45 285.55
5 210 107.93 2718.2 120.04 60.913 40.099 81.32 59.953 23.255 32.677 7.5 148.03 294.15
5 211 102.13 2713 121.16 64.417 39.398 81.056 59.953 23.255 34.087 7.5 141.53 291.68
5 212 104.71 2720.6 121.74 57.168 39.582 80.353 59.953 23.255 34.087 7.5 144.29 287.44
5 213 103.3 2712.8 120.81 57.395 40.341 81.263 59.953 23.255 34.087 7.5 143.64 289.34
5 214 103.61 2711.7 120.79 49.434 42.204 80.671 59.953 23.255 34.087 7.5 145.81 299.83
5 215 106.77 2701.1 119.64 47.884 42.46 80.891 59.953 23.255 34.087 7.5 149.23 295.18
5 216 106.22 2686.1 120.75 44.586 41.213 80.441 59.953 23.255 34.087 7.5 147.44 295.78
5 217 105.99 2694.9 120.37 41.008 41.751 79.666 59.953 23.255 31.325 7.5 147.74 299.37
5 218 106.76 2689.2 119.4 45.882 44.46 80.199 59.953 23.255 31.325 7.5 151.22 294.75
5 219 106.75 2678.7 120.79 46.211 41.788 80.166 59.953 23.255 31.325 7.5 148.53 316.44
5 220 109 2696.6 121.08 53.778 39.901 80.372 59.953 23.255 31.325 7.5 148.9 292.78
5 221 108.44 2707.8 120.87 49.087 40.975 80.459 59.953 23.255 31.325 7.5 149.41 286.49
5 222 109.91 2720.5 121.2 46.089 41.329 80.312 59.953 23.255 31.325 7.5 151.24 292.23
5 223 110.6 2737.9 120.23 47.172 43.295 80.056 59.953 23.255 34.015 7.5 153.89 298.06
5 224 111.29 2750.9 120.72 47.336 45.043 80.105 59.953 23.255 34.015 7.5 156.33 304.63
5 225 109.73 2746.5 120.19 47.52 47.051 80.174 59.953 23.255 34.015 7.5 156.78 311.09
5 226 112.82 2745.9 120.45 45.968 45.963 80.317 59.134 23.255 34.015 7.5 158.78 320.62
5 227 111.46 2721.4 120.92 45.71 45.572 80.635 59.134 23.255 34.015 7.5 157.04 316.58
5 228 116.38 2724 121.32 40.263 46.343 80.345 59.134 23.255 34.015 7.5 162.72 309.43
5 229 112.44 2723.5 120.54 47.053 46.446 81.453 59.134 23.255 37.554 7.5 158.88 312.38
5 230 112.08 2728.8 121.42 45.909 46.383 81.349 59.134 23.255 37.554 7.5 158.46 319.98
5 231 112.03 2723.7 120.61 45.219 46.37 80.643 59.134 23.255 37.554 7.5 158.4 311.85
5 232 114.37 2727.4 121.94 49.956 45.788 81.785 59.134 23.255 37.554 7.5 160.15 319.3
5 233 111.76 2728.9 121.33 55.026 45.697 81.478 59.134 23.255 37.554 7.5 157.46 315.44
5 234 112.58 2744.5 121.84 56.477 43.136 82.09 59.134 23.255 37.554 7.5 155.72 314.99
5 235 108.85 2745.4 121.27 56.496 42.967 82.053 59.134 23.255 37.429 7.5 151.82 306.46
5 236 106.95 2747.4 121.83 54.584 42.102 81.755 59.134 23.255 37.429 7.5 149.05 309.78
5 237 106.67 2733.7 122.23 51.793 40.292 81.218 59.134 23.255 37.429 7.5 146.96 302.4
5 238 107.13 2724.7 121.88 42.413 43.12 81.705 59.134 23.255 37.429 7.5 150.25 297.61
5 239 102.38 2715.6 120.95 36.964 43.859 80.831 59.134 23.255 37.429 7.5 146.24 298.13
5 240 103.49 2699.1 120.39 35.517 43.803 80.406 59.134 23.255 37.429 7.5 147.29 300.36
5 241 102.01 2678.7 120.89 38.533 42.996 80.276 59.134 42.867 33.585 7.5 145.01 309.46
5 242 105.89 2678.4 121.6 45.706 39.16 80.734 59.134 42.867 33.585 7.5 145.05 309.87
5 243 104.67 2674.4 120.55 45.478 39.163 80.65 59.134 42.867 33.585 7.5 143.84 285.94
5 244 110.24 2703.2 120.78 45.989 37.296 80.69 59.134 42.867 33.585 7.5 147.53 284.35
5 245 112.8 2713 120.04 51.788 39.819 80.647 59.134 42.867 33.585 7.5 152.62 292.22
5 246 111.29 2741.5 120.61 52.268 42.426 80.431 59.134 42.867 33.585 7.5 153.71 295.99
5 247 110.07 2762.6 120.14 55.025 43.298 80.477 59.134 42.867 35.529 7.5 153.36 293.59
5 248 108.97 2764.8 120.46 55.71 46.447 80.972 59.134 42.867 35.529 7.5 155.41 308.07
5 249 110.57 2756.4 120.77 50.255 46.283 80.241 59.134 42.867 35.529 7.5 156.85 316.48
5 250 104.38 2743.1 120.72 52.276 46.76 81.547 59.134 42.867 35.529 7.5 151.14 323.49
5 251 105.92 2735.1 120.91 51.336 43.479 81.338 45.956 42.867 35.529 7.5 149.4 313.05
5 252 103.2 2705 120.64 45.328 43.733 81.474 45.956 42.867 35.529 7.5 146.94 310.77
5 253 101.26 2703.5 121 42.975 42.38 80.975 45.956 42.867 32.466 7.5 143.64 318.28
5 254 94.812 2692.5 120.65 40.467 41.138 80.354 45.956 42.867 32.466 7.5 135.95 312.96
5 255 95.591 2691.9 120.92 47.527 42.6 80.965 45.956 42.867 32.466 7.5 138.19 302.28
5 256 98.717 2684.5 120.25 56.098 42.159 80.905 45.956 42.867 32.466 7.5 140.88 307.12
5 257 98.523 2694.1 119.97 58.671 42.956 81.448 45.956 42.867 32.466 7.5 141.48 304.17
5 258 99.708 2713.2 118.78 63.497 43.496 81.489 45.956 42.867 32.466 7.5 143.2 316.7
5 259 99.017 2720.4 118.94 58.037 42.699 80.646 45.956 42.867 29.757 7.5 141.72 306.01
5 260 99.201 2728 119.04 61.404 43.59 80.348 45.956 42.867 29.757 7.5 142.79 317.18
5 261 103.24 2723.7 119.35 65.276 43.339 80.715 45.956 42.867 29.757 7.5 146.58 316.61
5 262 102.75 2710.8 119.8 66.156 41.049 80.91 45.956 42.867 29.757 7.5 143.8 309.3
5 263 100.87 2704.8 119.77 58.155 39.718 80.561 45.956 42.867 29.757 7.5 140.59 305.86
5 264 103.5 2694.8 120.37 57.341 37.398 80.952 45.956 42.867 29.757 7.5 140.9 301.24
5 265 103.61 2688 120.48 54.35 39.306 80.511 45.956 42.867 31.691 7.5 142.92 292.71
5 266 102.96 2688.9 120.8 54.372 38.043 80.799 45.956 42.867 31.691 7.5 141.01 305.02
5 267 103.71 2689.1 120.69 54.25 38.455 81.082 45.956 42.867 31.691 7.5 142.16 295.46
5 268 102.96 2698.1 120.94 54.187 38.358 80.726 45.956 42.867 31.691 7.5 141.32 297.69
5 269 109.42 2703 120.91 53.776 38.574 80.819 45.956 42.867 31.691 7.5 147.99 297.66
5 270 107.84 2712.8 121.26 57.144 36.859 80.81 45.956 42.867 31.691 7.5 144.7 290.67
5 271 110.3 2742.1 121.13 55.482 37.827 80.591 45.956 42.867 32.547 7.5 148.13 288.98
5 272 112.6 2746.2 120.54 57.994 39.785 80.787 45.956 42.867 32.547 7.5 152.39 292.88
5 273 106.88 2748.9 121.54 57.68 40.656 80.883 45.956 42.867 32.547 7.5 147.54 298.36
5 274 107.27 2745.1 121.33 55.792 40.376 80.946 45.956 42.867 32.547 7.5 147.65 297.77
5 275 108.51 2709.3 122.29 54.212 37.857 81.761 45.956 42.867 32.547 7.5 146.36 300.7
5 276 108.66 2708.8 123.03 50.462 34.145 81.338 40.621 42.867 32.547 7.5 142.81 290.48
5 277 107.16 2698.9 121.67 47.738 38.313 81.875 40.621 42.867 35.053 7.5 145.47 281.47
5 278 108.43 2699.6 122.08 48.792 37.003 82.723 40.621 42.867 35.053 7.5 145.44 299.58
5 279 105.07 2704.8 122.72 51.052 34.33 81.259 40.621 42.867 35.053 7.5 139.4 287.59
5 280 100.31 2706 122.54 53.005 36.342 81.469 40.621 42.867 35.053 7.5 136.65 280.2
5 281 100.97 2702.2 122.18 52.921 35.178 81.656 40.621 25.4 35.053 7.5 136.15 289.29
5 282 100.98 2714 122.37 54.84 35.853 81.719 40.621 25.4 35.053 7.5 136.83 280.01
5 283 105.33 2715.8 121.12 51.375 38.372 81.575 40.621 25.4 32.006 7.5 143.71 286.42
5 284 104.77 2719.2 120.79 46.548 38.431 80.866 40.621 25.4 32.006 7.5 143.2 288.38
5 285 108.53 2724.7 120.15 48.341 39.42 80.883 40.621 25.4 32.006 7.5 147.95 294.45
5 286 104.43 2715 120.73 47.925 38.805 80.196 40.621 25.4 32.006 7.5 143.24 299.42
5 287 102.11 2715.9 121.76 44.651 36.527 80.466 40.621 25.4 32.006 7.5 138.64 289.65
5 288 101.11 2690.5 121.62 48.335 36.511 81.131 40.621 25.4 32.006 7.5 137.62 283.71
5 289 102.88 2677.6 122.64 42.759 35.847 80.707 40.621 25.4 33.767 7.5 138.73 284.56
5 290 100.9 2674.9 121.36 47.277 36.646 81.229 40.621 25.4 33.767 7.5 137.54 289.05
5 291 98.519 2683.3 120.86 50.048 37.854 81.556 40.621 25.4 33.767 7.5 136.37 292.66
5 292 97.253 2674.6 120.69 51.395 36.354 81.251 40.621 25.4 33.767 7.5 133.61 291.28
5 293 100.95 2670.7 122.14 56.143 34.477 80.673 40.621 25.4 33.767 7.5 135.42 291.57
5 294 96.62 2686 121.51 59.722 33.854 80.975 40.621 25.4 33.767 7.5 130.47 276.06
5 295 95.451 2700.9 120.3 59.073 35.315 81.515 40.621 25.4 29.283 7.5 130.77 275.97
5 296 93.092 2704.9 120.2 52.488 35.74 80.383 40.621 25.4 29.283 7.5 128.83 280.82
5 297 97.404 2706.2 120.12 47.522 39.442 79.155 40.621 25.4 29.283 7.5 136.85 290.85
5 298 99.345 2688.4 119.34 46.984 39.629 79.549 40.621 25.4 29.283 7.5 138.97 304.47
5 299 100.16 2685.1 119.14 52.558 41.384 80.453 40.621 25.4 29.283 7.5 141.55 298
5 300 98.024 2684.4 118.72 53.484 39.165 80.269 40.621 25.4 29.283 7.5 137.19 310.17
6 1 103.83 2707.2 120.25 49.607 41.43 79.59 68.33 69.334 29.783 7.5 145.26 300.97
6 2 99.535 2706.3 119.97 51.218 41 80.37 68.33 69.334 29.783 7.5 140.54 301.71
6 3 105.56 2706.8 120.13 47.663 42.107 79.531 68.33 69.334 29.783 7.5 147.67 298.34
6 4 106.67 2703.4 119.96 47.413 40.51 79.566 68.33 69.334 29.783 7.5 147.18 300.99
6 5 107.84 2719.5 120.22 48.262 41.02 80.071 68.33 69.334 29.783 7.5 148.86 298.08
6 6 103.77 2723 119.5 48.587 41.836 79.676 68.33 69.334 29.783 7.5 145.61 299.1
6 7 104.37 2730.2 119.96 49.132 42.817 80.067 68.33 69.334 31.801 7.5 147.18 300.86
6 8 103.22 2719.5 119.95 47.794 44.82 79.576 68.33 69.334 31.801 7.5 148.04 306.84
6 9 104.88 2710.3 120.39 50.078 44.994 80.286 68.33 69.334 31.801 7.5 149.88 315.91
6 10 104.24 2705.8 119.84 47.563 43.208 80.008 68.33 69.334 31.801 7.5 147.45 309.81
6 11 106.36 2715 120.14 51.527 41.693 80.657 68.33 69.334 31.801 7.5 148.05 311.55
6 12 105.32 2718.3 119.72 49.584 42.824 79.931 68.33 69.334 31.801 7.5 148.15 303.32
6 13 101.59 2727.4 119.65 45.672 47.111 79.416 68.33 69.334 30.365 7.5 148.7 302.97
6 14 96.931 2722.3 119.44 46.789 44.283 79.77 68.33 69.334 30.365 7.5 141.21 316.36
6 15 99.933 2711.1 120.32 46.518 42.086 79.762 68.33 69.334 30.365 7.5 142.02 314.81
6 16 103.67 2701 119.73 44.83 45.108 79.638 68.33 69.334 30.365 7.5 148.78 307.06
6 17 101.49 2709 119.18 44.945 43.672 80.077 68.33 69.334 30.365 7.5 145.16 314.53
6 18 103.22 2719.6 118.5 48.989 44.592 80.18 68.33 69.334 30.365 7.5 147.82 312.4
6 19 103.43 2707.1 118.46 51.658 46.12 79.892 68.33 69.334 30.419 7.5 149.55 317.08
6 20 104.37 2713.9 119.67 54.308 44.317 79.544 68.33 69.334 30.419 7.5 148.69 315.96
6 21 98.509 2714.5 119.26 53.352 43.486 79.851 68.33 69.334 30.419 7.5 141.99 310.73
6 22 98.129 2713.4 120.3 46.024 42.51 79.752 68.33 69.334 30.419 7.5 140.64 310.38
6 23 99.961 2705 120.04 48.002 43.02 79.26 68.33 69.334 30.419 7.5 142.98 305.37
6 24 100.81 2696.1 119.5 45.411 44.428 79.497 68.33 69.334 30.419 7.5 145.23 304.78
6 25 98.139 2705.8 119.24 47.112 43.283 79.833 68.33 69.334 27.927 7.5 141.42 310.07
6 26 97.996 2696.1 119.02 47.508 41.366 79.913 49.133 69.334 27.927 7.5 139.36 305.06
6 27 102.43 2693.1 119.49 45.855 38.596 78.985 49.133 69.334 27.927 7.5 141.02 309.71
6 28 101.53 2704.1 119.52 49.815 38.627 78.98 49.133 69.334 27.927 7.5 140.15 293.84
6 29 101.42 2716.6 119.28 44.97 40.14 78.973 49.133 69.334 27.927 7.5 141.56 296.16
6 30 96.046 2705.3 119.94 46.007 39.668 79.355 49.133 69.334 27.927 7.5 135.71 298.64
6 31 99.895 2710.3 121.06 49.872 38.467 79.67 49.133 69.334 30.372 7.5 138.36 302.27
6 32 96.963 2689.4 120.5 48.488 37.225 79.632 49.133 69.334 30.372 7.5 134.19 301.44
6 33 96.508 2700.9 121.17 44.248 36.858 79.779 49.133 69.334 30.372 7.5 133.37 297.21
6 34 96.607 2698.4 120.11 43.483 38.175 79.737 49.133 69.334 30.372 7.5 134.78 292.5
6 35 98.158 2699.4 120.32 43.859 37.432 80.023 49.133 69.334 30.372 7.5 135.59 298.39
6 36 100.09 2694.1 119.72 47.258 37.629 79.488 49.133 69.334 30.372 7.5 137.71 301.6
6 37 98.507 2696.7 119.69 51.334 38.174 80.251 49.133 69.334 28.681 7.5 136.68 297.23
6 38 97.578 2701.8 119.79 50.44 39.449 79.576 49.133 69.334 28.681 7.5 137.03 296.24
6 39 98.644 2700.4 119.78 52.866 38.673 79.952 49.133 69.334 28.681 7.5 137.32 302.73
6 40 99.081 2693.9 120.06 50.278 40.405 80.021 49.133 69.334 28.681 7.5 139.49 296.62
6 41 100.56 2697.4 119.91 49.247 38.212 79.323 49.133 54.687 28.681 7.5 138.77 294.46
6 42 98 2693 119.32 50.415 39.961 79.841 49.133 54.687 28.681 7.5 137.96 291.87
6 43 97.09 2703.6 120 48.52 39.233 79.727 49.133 54.687 28.894 7.5 136.32 305.96
6 44 98.579 2700.6 119.58 52.126 41.323 80.413 49.133 54.687 28.894 7.5 139.9 301.36
6 45 100.64 2698.5 119.98 51.063 40.839 79.913 49.133 54.687 28.894 7.5 141.47 303.55
6 46 101.29 2706 119.17 51.47 42.369 79.779 49.133 54.687 28.894 7.5 143.66 303.2
6 47 103.36 2698 119.06 47.282 41.078 79.911 49.133 54.687 28.894 7.5 144.44 308.9
6 48 103.69 2698.2 119.84 48.226 39.428 79.525 49.133 54.687 28.894 7.5 143.12 309.02
6 49 101.34 2710.7 120.62 44.44 37.746 78.79 49.133 54.687 30.665 7.5 139.09 296.12
6 50 100.3 2718.8 120.99 43.966 38.236 79.172 49.133 54.687 30.665 7.5 138.54 294.35
6 51 101.48 2706.4 120.86 39.388 40.863 79.352 64.945 54.687 30.665 7.5 142.34 288.64
6 52 96.323 2704.5 120.61 40.383 40.27 79.251 64.945 54.687 30.665 7.5 136.59 303.88
6 53 99.993 2702.9 120.71 47.706 40.275 80.335 64.945 54.687 30.665 7.5 140.27 296.47
6 54 104.21 2686.4 119.98 43.242 42.308 80.206 64.945 54.687 30.665 7.5 146.52 295.18
6 55 108.06 2702.2 119.73 49.502 41.932 80.34 64.945 54.687 27.164 7.5 149.99 304.16
6 56 105.94 2698.6 118.76 50.444 41.603 80.37 64.945 54.687 27.164 7.5 147.55 298.46
6 57 108.47 2716.7 119.76 52.701 42.93 79.929 64.945 54.687 27.164 7.5 151.4 302.23
6 58 109.51 2714.5 120.09 49.817 41.276 79.041 64.945 54.687 27.164 7.5 150.79 298.54
6 59 106.7 2723 121.11 56.606 41.122 80.261 64.945 54.687 27.164 7.5 147.82 298.44
6 60 109.85 2732.2 120.58 51.252 42.755 79.903 64.945 54.687 27.164 7.5 152.6 301.24
6 61 110.17 2731.5 120.43 49.853 43.759 80.896 64.945 54.687 34.381 7.5 153.93 307.79
6 62 108.84 2743.8 120.7 56.393 42.86 81.062 64.945 54.687 34.381 7.5 151.7 310.63
6 63 110.02 2742 119.96 52.165 48.243 81.065 64.945 54.687 34.381 7.5 158.26 312.06
6 64 103.26 2738.7 120.27 44.684 47.955 80.371 64.945 54.687 34.381 7.5 151.21 319.02
6 65 102.09 2737.1 120.41 48.718 45.964 80.352 64.945 54.687 34.381 7.5 148.05 322.73
6 66 100.93 2709.3 120.79 46.714 44.582 80.75 64.945 54.687 34.381 7.5 145.52 317.9
6 67 105.38 2708 120.81 44.287 43.715 80.707 64.945 54.687 31.183 7.5 149.1 313.13
6 68 106.42 2693 120.07 42.905 43.599 80.541 64.945 54.687 31.183 7.5 150.02 305.37
6 69 107.58 2705.7 120.57 38.288 39.42 80.205 64.945 54.687 31.183 7.5 147 314
6 70 109.13 2699.7 120.11 46.788 39.486 79.803 64.945 54.687 31.183 7.5 148.61 292.55
6 71 107.06 2711.2 121.33 48.585 37.238 79.927 64.945 54.687 31.183 7.5 144.3 289.59
6 72 114.09 2710.9 121.77 45.61 37.341 79.198 64.945 54.687 31.183 7.5 151.43 292.41
6 73 111.2 2710.6 121.94 44.653 37.56 80.122 64.945 54.687 34.468 7.5 148.76 285.64
6 74 107.7 2719.6 122.16 43.945 36.133 80.258 64.945 54.687 34.468 7.5 143.83 286.15
6 75 109.45 2715.4 122.35 48.131 34.307 81.198 64.945 54.687 34.468 7.5 143.76 283.01
6 76 107.22 2709.8 122.71 44.09 34.256 80.906 31.696 54.687 34.468 7.5 141.48 274.93
6 77 106.95 2714.1 122.89 49.58 33.822 81.356 31.696 54.687 34.468 7.5 140.77 285.34
6 78 106.64 2719.6 121.99 50.537 33.456 81.97 31.696 54.687 34.468 7.5 140.09 286.64
6 79 107.71 2727.2 122.12 47.945 34.196 80.981 31.696 54.687 35.59 7.5 141.91 282.06
6 80 111.99 2736.5 122.39 47.67 35.122 80.673 31.696 54.687 35.59 7.5 147.11 283.71
6 81 112.23 2739.3 121.88 46.189 36.323 80.82 31.696 47.958 35.59 7.5 148.56 292.66
6 82 115.68 2746.7 121.65 54.136 38.03 81.864 31.696 47.958 35.59 7.5 153.71 302.77
6 83 115.99 2749.7 121.96 53.91 39.713 81.556 31.696 47.958 35.59 7.5 155.7 302.44
6 84 120.23 2755.4 122.04 52.804 40.572 81.839 31.696 47.958 35.59 7.5 160.8 304.94
6 85 116.9 2760.1 123.06 52.721 38.029 82.118 31.696 47.958 42.075 7.5 154.93 310.8
6 86 117.14 2775.4 123.22 56.416 39.423 82.833 31.696 47.958 42.075 7.5 156.56 295.59
6 87 115.68 2756.5 123.27 51.207 38.955 82.645 31.696 47.958 42.075 7.5 154.64 304.98
6 88 116.97 2758.7 124.27 48.172 37.999 82.33 31.696 47.958 42.075 7.5 154.97 300.57
6 89 113.47 2757.5 123.54 52.571 36.961 83.138 31.696 47.958 42.075 7.5 150.43 291.32
6 90 113.26 2755.6 124.25 53.422 35.125 83.531 31.696 47.958 42.075 7.5 148.39 286.74
6 91 113.89 2746.7 124.04 49.922 36.862 82.494 31.696 47.958 42.411 7.5 150.76 289.74
6 92 110.6 2755.1 123.7 50.339 37.711 83.071 31.696 47.958 42.411 7.5 148.31 296.54
6 93 108.04 2751.1 122.85 53.968 39.62 83.368 31.696 47.958 42.411 7.5 147.66 300.24
6 94 107.67 2740.8 122.68 44.372 39.376 82.328 31.696 47.958 42.411 7.5 147.04 309.1
6 95 107.71 2730.4 122.9 50.875 38.545 81.969 31.696 47.958 42.411 7.5 146.25 296.09
6 96 105.42 2730 122.43 50.966 37.725 82.311 31.696 47.958 42.411 7.5 143.14 299.6
6 97 103.49 2723.4 122.68 51.647 35.522 82.515 31.696 47.958 36.245 7.5 139.02 302.08
6 98 103.4 2722.2 122.51 51.619 34.988 81.561 31.696 47.958 36.245 7.5 138.39 288.96
6 99 103.08 2715.5 121.73 58.667 38.357 82.726 31.696 47.958 36.245 7.5 141.44 284.12
6 100 109.42 2711.4 121.69 54.524 37.636 82.259 31.696 47.958 36.245 7.5 147.06 301.13
6 101 109.77 2718.3 121.41 58.917 38.803 82.174 61.556 47.958 36.245 7.5 148.57 295.53
6 102 111.83 2730.6 121.53 48.293 40.392 81.27 61.556 47.958 36.245 7.5 152.22 294.94
6 103 115.42 2733.7 121.19 48.503 40.421 80.701 61.556 47.958 36.021 7.5 155.84 297.03
6 104 115.31 2728.5 121.69 51.529 42.1 80.843 61.556 47.958 36.021 7.5 157.41 302.14
6 105 117.35 2736.3 121.72 46.125 40.253 80.735 61.556 47.958 36.021 7.5 157.61 304.73
6 106 115.52 2737.4 122.26 42.771 37.41 80.931 61.556 47.958 36.021 7.5 152.93 298.03
6 107 117.09 2739.2 122.71 43.104 41.525 80.602 61.556 47.958 36.021 7.5 158.62 290.17
6 108 118.29 2743.1 122.78 46.538 39.662 81.081 61.556 47.958 36.021 7.5 157.95 301.36
6 109 118.31 2739.3 122.98 51.532 39.358 82.047 61.556 47.958 40.172 7.5 157.67 293.34
6 110 113.71 2745.6 122.94 48.911 39.537 82.125 61.556 47.958 40.172 7.5 153.25 297.73
6 111 110.57 2733.8 123.62 49.445 37.001 82.196 61.556 47.958 40.172 7.5 147.57 299.73
6 112 108.94 2730.2 124.02 46.382 36.9 82.473 61.556 47.958 40.172 7.5 145.84 288.81
6 113 111.77 2709.8 123.65 50.269 36.785 82.209 61.556 47.958 40.172 7.5 148.56 282.36
6 114 109.69 2715 122.81 48.801 38.08 82.752 61.556 47.958 40.172 7.5 147.77 284.84
6 115 112.01 2712.8 122.07 51.282 37.754 82.56 61.556 47.958 34.935 7.5 149.77 288.96
6 116 109.81 2714.2 122.37 50.202 34.861 82.025 61.556 47.958 34.935 7.5 144.67 289.61
6 117 112.25 2709.1 122.51 48.713 36.045 81.432 61.556 47.958 34.935 7.5 148.29 270.86
6 118 112.18 2708.7 123.28 52.52 33.315 81.405 61.556 47.958 34.935 7.5 145.49 280.28
6 119 109.74 2710 123.69 48.781 33.101 81.563 61.556 47.958 34.935 7.5 142.84 268.94
6 120 113.34 2709.8 123.13 51.848 33.063 81.495 61.556 47.958 34.935 7.5 146.41 273.74
6 121 112.08 2694.9 123.47 49.092 32.995 81.358 61.556 21.514 36.76 7.5 145.07 262.36
6 122 113.92 2710.9 123.39 46.398 33.277 81.219 61.556 21.514 36.76 7.5 147.2 266.16
6 123 113.45 2708.5 122.85 43.075 36.198 81.126 61.556 21.514 36.76 7.5 149.64 266.83
6 124 115.71 2711.9 123.48 48.046 35.164 81.323 61.556 21.514 36.76 7.5 150.87 280.06
6 125 115.3 2711.2 123.62 47.521 34.227 81.44 61.556 21.514 36.76 7.5 149.53 272.29
6 126 110.45 2719.4 123.29 45.844 36.706 81.716 58.492 21.514 36.76 7.5 147.15 265.32
6 127 111.69 2719.8 122.85 42.235 37.857 81.385 58.492 21.514 37.918 7.5 149.55 275.69
6 128 113.13 2715.8 122.83 46.902 37.684 82.161 58.492 21.514 37.918 7.5 150.82 281.75
6 129 112.41 2713 122.75 51.661 38.014 82.091 58.492 21.514 37.918 7.5 150.42 289.94
6 130 110.69 2714 122.56 51.714 38.553 82.352 58.492 21.514 37.918 7.5 149.24 290.7
6 131 117.41 2717.8 122.49 54.44 38.483 82.128 58.492 21.514 37.918 7.5 155.89 286.97
6 132 113.64 2717.2 122.61 42.806 38.196 81.148 58.492 21.514 37.918 7.5 151.83 281.84
6 133 113.59 2736 122.46 41.522 39.672 81.161 58.492 21.514 36.414 7.5 153.26 283.7
6 134 115.08 2734.7 121.8 44.862 41.674 81.036 58.492 21.514 36.414 7.5 156.75 289.28
6 135 109.49 2730.5 121.85 45.907 44.985 81.552 58.492 21.514 36.414 7.5 154.47 302.29
6 136 107.33 2728.4 121.88 46.72 42.868 81.256 58.492 21.514 36.414 7.5 150.2 311.73
6 137 106.95 2715.8 121.95 49.239 41.718 81.851 58.492 21.514 36.414 7.5 148.67 297.42
6 138 110.2 2708.6 122.14 45.484 41.857 81.438 58.492 21.514 36.414 7.5 152.06 292.53
6 139 110.16 2707 121.79 45.349 41.885 81.789 58.492 21.514 33.67 7.5 152.05 297.5
6 140 105.24 2719.8 121.54 43.03 39.243 80.962 58.492 21.514 33.67 7.5 144.48 297.99
6 141 104.43 2726.2 120.89 44.985 42.595 80.753 58.492 21.514 33.67 7.5 147.02 287.57
6 142 105.47 2709.9 120.87 43.335 44.498 80.304 58.492 21.514 33.67 7.5 149.97 301.45
6 143 106.78 2703.6 120.83 44.166 44.905 80.447 58.492 21.514 33.67 7.5 151.69 313.97
6 144 110.83 2710 120.24 50.453 43.44 80.784 58.492 21.514 33.67 7.5 154.27 309.96
6 145 110.15 2710.7 120.34 50.376 43.224 81.299 58.492 21.514 32.92 7.5 153.37 298.69
6 146 112.12 2712 120.93 49.272 40.553 80.77 58.492 21.514 32.92 7.5 152.68 303.64
6 147 115.53 2721 121.19 45.879 40.161 80.454 58.492 21.514 32.92 7.5 155.69 295.3
6 148 108.43 2731.1 121.58 44.375 41.937 80.033 58.492 21.514 32.92 7.5 150.37 292.14
6 149 111.33 2741.7 121.25 48.022 43.591 80.444 58.492 21.514 32.92 7.5 154.92 298.78
6 150 109.25 2726.3 121.4 49.971 45.297 81.385 58.492 21.514 32.92 7.5 154.54 307.78
6 151 112.81 2728.5 121.6 52.128 47.272 81.176 69.054 21.514 35.322 7.5 160.08 317.08
6 152 111.08 2710.7 120.74 51.332 45.083 81.618 69.054 21.514 35.322 7.5 156.17 316.1
6 153 109.23 2719 122.64 53.407 40.105 82.072 69.054 21.514 35.322 7.5 149.33 305.07
6 154 108.03 2720.4 121.6 52.417 42.477 81.397 69.054 21.514 35.322 7.5 150.51 286.03
6 155 107.04 2708.9 121.88 48.626 43.117 81.47 69.054 21.514 35.322 7.5 150.15 297.95
6 156 106.9 2712.7 121.92 42.409 41.873 80.87 69.054 21.514 35.322 7.5 148.78 302.28
6 157 110.51 2706.1 120.79 49.485 45.312 81.283 69.054 21.514 32.868 7.5 155.82 297.56
6 158 107.55 2700.6 121.04 52.883 42.348 82.248 69.054 21.514 32.868 7.5 149.9 306.53
6 159 113.4 2707.6 121.35 53.341 40.717 81.427 69.054 21.514 32.868 7.5 154.12 299.1
6 160 112.67 2710.2 121.36 54.959 38.942 81.116 69.054 21.514 32.868 7.5 151.62 291.07
6 161 116.01 2745.8 121.08 51.691 43.012 80.756 69.054 60.483 32.868 7.5 159.02 294.95
6 162 113.19 2732 120.54 53.869 44.624 81.134 69.054 60.483 32.868 7.5 157.82 300.81
6 163 116.61 2750.3 121.98 54.765 40.366 81.283 69.054 60.483 35.547 7.5 156.98 311.44
6 164 117.04 2747 121.56 56.54 43.333 81.2 69.054 60.483 35.547 7.5 160.37 299.57
6 165 115.08 2747.7 123.62 53.452 43.169 82.175 69.054 60.483 35.547 7.5 157.45 308.24
6 166 106.74 2750.7 120.73 54.296 42.984 81.918 69.054 60.483 35.547 7.5 153.6 304.45
6 167 110.57 2744.4 121.81 55.314 42.365 82.26 69.054 60.483 35.547 7.5 154.54 307.88
6 168 111.81 2740 123.84 56.838 45.218 82.428 69.054 60.483 35.547 7.5 158.37 301.67
6 169 119.88 2739.1 121.35 57.125 45.115 82.46 69.054 60.483 35.312 7.5 160.92 314.53
6 170 118.54 2748.4 120.42 57.381 46.451 82.921 69.054 60.483 35.312 7.5 163.23 313.87
6 171 120.41 2752.3 123.1 55.369 44.939 81.83 69.054 60.483 35.312 7.5 163.86 321.73
6 172 115.06 2760.9 123.12 60.154 45.867 82.358 69.054 60.483 35.312 7.5 161.41 315.63
6 173 119.03 2758.7 122.11 58.278 44.599 81.961 69.054 60.483 35.312 7.5 158.88 319.26
6 174 108.39 2749.8 125.01 56.69 44.501 82.518 69.054 60.483 35.312 7.5 162.26 311.44
6 175 111.6 2746.5 120.73 55.256 43.267 82.265 69.054 60.483 37.827 7.5 158.38 310.69
6 176 114.06 2744.1 122.33 50.892 37.232 82.384 37.392 60.483 37.827 7.5 147.71 302.63
6 177 103.13 2733.8 121.46 47.424 36.938 82.198 37.392 60.483 37.827 7.5 141.69 304.9
6 178 107.55 2738.8 125.16 42.212 36.748 81.719 37.392 60.483 37.827 7.5 141.89 291.92
6 179 107.81 2721.6 124.95 44.852 35.47 81.293 37.392 60.483 37.827 7.5 137.28 295.12
6 180 105.99 2712.2 121.53 43.469 37.822 81.61 37.392 60.483 37.827 7.5 140.8 290.38
6 181 97.68 2702.9 122.38 45.58 34.769 81.454 37.392 60.483 34.177 7.5 138.09 298.95
6 182 105.9 2694 123.39 43.129 33.959 81.117 37.392 60.483 34.177 7.5 140.76 285.82
6 183 99.734 2702.9 122.11 41.61 33.103 80.691 37.392 60.483 34.177 7.5 137.26 282.07
6 184 107.3 2705.5 122.4 41.497 30.634 80.486 37.392 60.483 34.177 7.5 136.17 281.29
6 185 109.37 2708.2 124.09 45.029 30.611 80.216 37.392 60.483 34.177 7.5 136.07 273.72
6 186 102.01 2702.1 125.27 40.446 32.878 80.196 37.392 60.483 34.177 7.5 135.84 273.99
6 187 102.67 2715.6 122.93 36.484 31.412 80.539 37.392 60.483 33.583 7.5 132.16 277.38
6 188 106.38 2712.2 120.72 43.1 33.165 80.569 37.392 60.483 33.583 7.5 140.34 280.26
6 189 110.96 2709.6 121.78 44.532 35.909 81.148 37.392 60.483 33.583 7.5 139.59 283.89
6 190 101.73 2725.5 121.26 40.853 36.87 80.876 37.392 60.483 33.583 7.5 138.13 287.13
6 191 98.785 2714.8 120.09 47.389 37.372 80.894 37.392 60.483 33.583 7.5 135.31 288.76
6 192 104.17 2712.3 122.52 52.879 37.286 80.875 37.392 60.483 33.583 7.5 139.33 296.65
6 193 105.59 2695.9 122.25 55.961 36.745 81.118 37.392 60.483 32.14 7.5 138.34 291.67
6 194 101.06 2711.4 122.53 48.526 35.074 81.199 37.392 60.483 32.14 7.5 133.52 297.4
6 195 94.639 2713 121.22 47.732 36.071 80.6 37.392 60.483 32.14 7.5 130.84 292.28
6 196 98.078 2709.8 121.04 45.281 38.101 80.271 37.392 60.483 32.14 7.5 135.99 291.47
6 197 102.22 2694.1 118.31 44.293 41.687 80.1 37.392 60.483 32.14 7.5 141.99 300.42
6 198 104.32 2701.5 119.05 42.103 40.248 80.06 37.392 60.483 32.14 7.5 142.34 309.36
6 199 100.68 2713.4 118.13 50.132 38.555 80.182 37.392 60.483 30.181 7.5 140.68 312.55
6 200 101.14 2714.5 120.33 48.824 39.452 79.398 37.392 60.483 30.181 7.5 142.8 300.02
6 201 104.2 2715 120.05 47.199 38.588 79.217 34.496 64.821 30.181 7.5 143.69 301.93
6 202 108.89 2717.6 120.87 52.846 36.256 80.118 34.496 64.821 30.181 7.5 143.39 299.47
6 203 101.51 2738.9 121.1 52.61 39.527 80.305 34.496 64.821 30.181 7.5 142.75 296.9
6 204 93.63 2743.1 119.9 51.812 42.233 80.628 34.496 64.821 30.181 7.5 139.98 301.33
6 205 93.959 2723.3 122.18 52.206 41.95 80.751 34.496 64.821 36.106 7.5 137.19 321.58
6 206 93.183 2711.4 122.67 53.972 40 80.879 34.496 64.821 36.106 7.5 135.05 314.51
6 207 94.976 2704.2 119.29 52.95 40.94 81.201 34.496 64.821 36.106 7.5 133.62 315.49
6 208 87.885 2699.9 121.43 46.275 40.637 80.921 34.496 64.821 36.106 7.5 130.48 309.95
6 209 90.998 2690.2 119.04 48.754 38.8 80.912 34.496 64.821 36.106 7.5 131.35 308.5
6 210 97.332 2686.6 118.47 47.724 38.909 79.854 34.496 64.821 36.106 7.5 129.12 298.5
6 211 88.721 2694.8 118.24 45.563 40.368 79.362 34.496 64.821 25.763 7.5 127.39 303.08
6 212 85.075 2681.1 116.31 45.311 41.159 79.335 34.496 64.821 25.763 7.5 129.75 308.07
6 213 94.83 2676.3 118.73 42.841 40.399 78.87 34.496 64.821 25.763 7.5 130.66 316.82
6 214 92.622 2686.1 119.95 42.223 39.834 77.821 34.496 64.821 25.763 7.5 133.84 309.15
6 215 92.646 2679.8 115.3 36.947 39.553 77.637 34.496 64.821 25.763 7.5 135.28 305.27
6 216 102.03 2701.5 119.19 41.672 37.442 77.859 34.496 64.821 25.763 7.5 137.01 307.1
6 217 92.587 2696.9 119.14 47.213 40.33 78.449 34.496 64.821 27.633 7.5 138.27 293.7
6 218 97.306 2706.5 120.56 46.608 37.608 78.86 34.496 64.821 27.633 7.5 135.16 302.92
6 219 96.939 2704.9 121.35 44.377 35.395 78.334 34.496 64.821 27.633 7.5 130.2 298.18
6 220 97.02 2696.6 121.39 48.832 35.205 79.215 34.496 64.821 27.633 7.5 129.38 286.4
6 221 90.117 2685.4 120.63 46.771 32.757 79.707 34.496 64.821 27.633 7.5 124.87 288.53
6 222 93.323 2682.5 122.19 43.093 34.328 79.759 34.496 64.821 27.633 7.5 129.54 282.61
6 223 97.847 2682.2 120.46 36.778 32.915 79.534 34.496 64.821 27.699 7.5 131.07 285.49
6 224 105.23 2692.4 121.37 41.212 34.283 79.41 34.496 64.821 27.699 7.5 134.9 284.63
6 225 97.01 2701.7 120.16 45.033 35.616 79.061 34.496 64.821 27.699 7.5 139.43 291.89
6 226 115.45 2709.7 120.02 45.549 39.382 79.397 69.01 64.821 27.699 7.5 151.71 292.81
6 227 113.27 2718.1 120.4 43.715 38.57 79.234 69.01 64.821 27.699 7.5 150.69 295.95
6 228 117.06 2731.4 121.87 45.475 38.793 79.077 69.01 64.821 27.699 7.5 150.65 293.6
6 229 105.74 2734 122.73 43.814 40.002 79.116 69.01 64.821 34.998 7.5 149.98 2.9356e+05
6 230 115.42 2733 118.78 41.836 42.484 79.876 69.01 64.821 34.998 7.5 153.52 3.0132e+05
6 231 103.09 2730.2 120.02 45.276 40.955 80.118 69.01 64.821 34.998 7.5 147.33 2.9939e+05
6 232 108.49 2723.9 119.49 44.163 40.509 80.839 69.01 64.821 34.998 7.5 147.85 3.007e+05
6 233 106.29 2718.3 121.41 46.933 39.879 80.974 69.01 64.821 34.998 7.5 147.64 2.9768e+05
6 234 92.384 2720.2 120.63 44.351 40.769 81.122 69.01 64.821 34.998 7.5 142.46 2.9622e+05
6 235 97.238 2715.5 121.29 47.751 39.699 80.959 69.01 64.821 33.422 7.5 137.14 2.9943e+05
6 236 96.308 2692.4 120.97 49.602 39.826 81.103 69.01 64.821 33.422 7.5 134.63 2.9625e+05
6 237 98.328 2680.5 123.8 47.673 37.812 80.732 69.01 64.821 33.422 7.5 132.85 2.966e+05
6 238 91.718 2674.8 119.32 47.184 41.435 80.607 69.01 64.821 33.422 7.5 135.52 2.8379e+05
6 239 93.14 2683 118.28 45.521 38.668 80.327 69.01 64.821 33.422 7.5 136.22 3.0027e+05
6 240 99.28 2684.8 117.25 52.699 42.36 80.437 69.01 64.821 33.422 7.5 138.93 2.8892e+05
6 241 91.048 2696.8 117.61 47.862 44.048 78.774 69.01 55.266 23.909 7.5 136.43 3.0411e+05
6 242 98.4 2691.5 117.88 53.61 44.909 79.443 69.01 55.266 23.909 7.5 139.32 3.0827e+05
6 243 103.02 2680.6 117.67 56.745 44.966 79.128 69.01 55.266 23.909 7.5 142.55 3.101e+05
6 244 102.92 2683 116.84 54.051 43.882 78.92 69.01 55.266 23.909 7.5 147.65 3.0962e+05
6 245 99.733 2695.1 115.58 60.018 45.842 79.959 69.01 55.266 23.909 7.5 146.2 3.1273e+05
6 246 97.142 2710.5 118.25 51.494 46.68 79.06 69.01 55.266 23.909 7.5 146.53 3.148e+05
6 247 89.971 2706.8 117.35 51.685 47.217 78.762 69.01 55.266 29.551 7.5 144.86 3.1083e+05
6 248 102.88 2704.1 117 53.487 48.707 78.598 69.01 55.266 29.551 7.5 151.58 3.1561e+05
6 249 107.58 2698.1 118.08 52.182 46.67 79.116 69.01 55.266 29.551 7.5 151.46 3.282e+05
6 250 108.46 2718 119.02 55.451 48.035 80.169 69.01 55.266 29.551 7.5 152.43 3.1658e+05
6 251 107.22 2727.3 120.45 52.778 48.039 79.683 67.379 55.266 29.551 7.5 155.3 3.1456e+05
6 252 110.19 2715 120.54 52.1 49.65 79.462 67.379 55.266 29.551 7.5 152.78 3.1929e+05
6 253 100.83 2723 118.09 58.013 47.994 79.901 67.379 55.266 30.41 7.5 150.78 3.2997e+05
6 254 103.24 2723.9 118.5 56.589 47.474 80.07 67.379 55.266 30.41 7.5 150.77 3.1714e+05
6 255 99.49 2720.7 116.4 51.706 46.14 80.237 67.379 55.266 30.41 7.5 147.65 3.2225e+05
6 256 100.12 2708.4 116.39 53.819 47.14 80.426 67.379 55.266 30.41 7.5 148.9 3.211e+05
6 257 101.97 2704.6 117.2 54.05 43.202 80.484 67.379 55.266 30.41 7.5 146.18 3.2606e+05
6 258 100.52 2697 121.31 51.33 43.764 80.084 67.379 55.266 30.41 7.5 146.86 3.0202e+05
6 259 105 2710 119.6 50.927 41.684 80.347 67.379 55.266 30.065 7.5 148.24 3.1201e+05
6 260 109.68 2716.4 117 49.476 45.005 80.064 67.379 55.266 30.065 7.5 153.57 2.9642e+05
6 261 108.86 2723.7 118.14 46.122 44.689 79.703 67.379 55.266 30.065 7.5 153.08 3.096e+05
6 262 98.003 2729.4 118.43 47.044 45.299 79.327 67.379 55.266 30.065 7.5 147.22 3.1462e+05
6 263 100.48 2728.3 118.43 48.642 46.753 79.744 67.379 55.266 30.065 7.5 145.25 3.1074e+05
6 264 95.932 2710 122.28 48.68 46.383 80.131 67.379 55.266 30.065 7.5 145.37 3.2096e+05
6 265 98.865 2692 117.7 45.714 43.766 80.011 67.379 55.266 30.254 7.5 140.85 3.1484e+05
6 266 94.238 2691.6 118.75 52.397 43.277 80.892 67.379 55.266 30.254 7.5 137.19 3.0832e+05
6 267 87.067 2688.3 119.18 54.647 44.284 80.91 67.379 55.266 30.254 7.5 138.6 3.1578e+05
6 268 90.572 2685.1 119.66 53.102 42.911 80.334 67.379 55.266 30.254 7.5 137.37 3.0792e+05
6 269 97.4 2687.1 115.53 54.467 43.117 79.253 67.379 55.266 30.254 7.5 136.85 3.0359e+05
6 270 91.283 2687.8 117.72 45.238 44.941 79.167 67.379 55.266 30.254 7.5 138.61 3.0784e+05
6 271 91.979 2689.7 115.77 49.377 47.291 79.171 67.379 55.266 25 7.5 141.71 3.1191e+05
6 272 91.827 2691.5 116.51 47.336 48.083 78.379 67.379 55.266 25 7.5 141.51 3.2086e+05
6 273 90.983 2693.9 114.57 50.835 49.874 78.604 67.379 55.266 25 7.5 140.37 3.2761e+05
6 274 92.665 2694.5 117.77 48.2 49.687 78.607 67.379 55.266 25 7.5 140.11 3.2561e+05
6 275 92.733 2686.4 120.9 52.745 51.454 78.624 67.379 55.266 25 7.5 145.25 3.2923e+05
6 276 93.994 2686.2 117.75 51.718 48.196 78.583 50.57 55.266 25 7.5 135.71 3.3421e+05
6 277 80.58 2691.7 115.77 51.311 48.014 78.706 50.57 55.266 23.551 7.5 130.7 3.282e+05
6 278 79.266 2689.7 113.53 56.155 49.193 78.744 50.57 55.266 23.551 7.5 130.17 3.2773e+05
6 279 83.808 2676.1 116.86 58.336 50.771 78.836 50.57 55.266 23.551 7.5 135.22 3.3571e+05
6 280 81.681 2664.5 117.51 54.31 49.838 78.59 50.57 55.266 23.551 7.5 130.82 341.88
6 281 88.648 2682.5 113.91 53.361 46.144 78.406 50.57 65.485 23.551 7.5 129.17 340.79
6 282 92.107 2671.8 116.18 53.456 49.249 77.966 50.57 65.485 23.551 7.5 132.36 330.19
6 283 82.824 2685.9 112.36 51.924 50.425 77.586 50.57 65.485 18.134 7.5 134.48 338.34
6 284 84.044 2689.5 112.32 55.137 52.261 77.852 50.57 65.485 18.134 7.5 136.88 341.9
6 285 88.57 2688.5 115.03 53.72 52.584 77.491 50.57 65.485 18.134 7.5 138.68 345.22
6 286 86.258 2681.1 112.63 49.896 51.362 76.749 50.57 65.485 18.134 7.5 138.01 346.95
6 287 90.44 2677.9 116.21 49.067 49.422 77.075 50.57 65.485 18.134 7.5 136.52 346.71
6 288 80.061 2683.9 117.46 48.729 47.625 77.159 50.57 65.485 18.134 7.5 131.67 339.34
6 289 90.409 2689.1 115.74 51.39 48.555 77.31 50.57 65.485 21.533 7.5 135.65 328.42
6 290 75.194 2681.1 116.19 53.307 49.343 77.477 50.57 65.485 21.533 7.5 132.79 336.18
6 291 86.236 2676.8 118.35 56.601 47.71 78.509 50.57 65.485 21.533 7.5 131.88 336.49
6 292 87.949 2661.7 116.49 57.799 45.794 78.38 50.57 65.485 21.533 7.5 131.13 332.32
6 293 95.597 2660.6 118.43 55.601 45.476 78.234 50.57 65.485 21.533 7.5 131.53 326.92
6 294 84.246 2669.7 118.08 56.516 43.083 78.076 50.57 65.485 21.533 7.5 130.74 319.5
6 295 90.5 2655.6 114.63 55.242 42.195 78.202 50.57 65.485 21.2 7.5 129.98 310.46
6 296 92.572 2663.2 120.6 51.602 38.498 77.847 50.57 65.485 21.2 7.5 128.53 314.91
6 297 84.343 2672.3 119.26 50.727 37.994 77.092 50.57 65.485 21.2 7.5 125.87 295.91
6 298 92.137 2671.9 117.44 50.924 41.698 77.971 50.57 65.485 21.2 7.5 132.79 299.11
6 299 89.383 2667.4 118.98 55.189 40.226 78.516 50.57 65.485 21.2 7.5 132.78 305.39
6 300 87.173 2674.3 117.98 59.667 40.015 78.565 50.57 65.485 21.2 7.5 131.58 307.57
7 1 101.66 2700.1 120.23 50.568 41.226 80.069 66.43 42.877 29.808 7.5 142.89 298.1
7 2 101.03 2697.7 119.75 48.844 41.11 79.903 66.43 42.877 29.808 7.5 142.14 299.46
7 3 99.35 2690.6 120.38 49.236 40.348 79.853 66.43 42.877 29.808 7.5 139.7 296.84
7 4 96.213 2688.4 120.21 48.987 40.312 79.839 66.43 42.877 29.808 7.5 136.52 292.65
7 5 95.62 2679.5 120.56 48.88 38.31 79.855 66.43 42.877 29.808 7.5 133.93 287.15
7 6 92.892 2662.4 120.6 52.786 38.501 80.132 66.43 42.877 29.808 7.5 131.39 288.22
7 7 93.907 2665.2 120.71 51.762 35.959 80.157 66.43 42.877 25.16 7.5 129.87 290.87
7 8 96.106 2651 119.69 51.177 36.734 80.5 66.43 42.877 25.16 7.5 132.84 278.23
7 9 94.331 2657.3 120.02 49.003 35.291 79.468 66.43 42.877 25.16 7.5 129.62 279.79
7 10 91.782 2652.1 119.7 49.328 34.585 79.331 66.43 42.877 25.16 7.5 126.37 276.98
7 11 89.518 2653.6 120.37 44.517 33.277 78.802 66.43 42.877 25.16 7.5 122.79 277.79
7 12 86.945 2650.5 120.28 45.215 33.69 78.493 66.43 42.877 25.16 7.5 120.64 263.05
7 13 85.382 2649.3 119.35 42.088 38.371 78.524 66.43 42.877 23.166 7.5 123.75 265.08
7 14 87.053 2640.3 118.42 46.656 37.407 78.977 66.43 42.877 23.166 7.5 124.46 281.27
7 15 93.92 2637 118.1 48.377 38.077 78.831 66.43 42.877 23.166 7.5 132 282.55
7 16 89.097 2633.4 118.24 49.73 36.751 78.767 66.43 42.877 23.166 7.5 125.85 286.08
7 17 88.406 2651 118.01 54.569 36.344 78.464 66.43 42.877 23.166 7.5 124.75 283.44
7 18 90.713 2632.9 117.91 54.82 36.507 78.277 66.43 42.877 23.166 7.5 127.22 278.55
7 19 93.949 2634.5 119.84 52.147 33.716 77.874 66.43 42.877 21.576 7.5 127.66 275.13
7 20 96.124 2634.8 119.19 55.053 34.009 78.729 66.43 42.877 21.576 7.5 130.13 274.2
7 21 94.795 2656.2 118.75 47.467 32.956 78.932 66.43 42.877 21.576 7.5 127.75 272.84
7 22 97.44 2664 118.76 50.922 35.839 78.605 66.43 42.877 21.576 7.5 133.28 267.94
7 23 90.913 2658.4 119.44 43.731 35.776 77.583 66.43 42.877 21.576 7.5 126.69 277.92
7 24 90.032 2676.3 119.93 40.925 37.553 77.335 66.43 42.877 21.576 7.5 127.58 276.13
7 25 91.792 2657.2 118.87 42.176 40.729 78.333 66.43 42.877 26.716 7.5 132.52 279.83
7 26 94.157 2659.3 118.88 42.821 40.189 78.316 56.045 42.877 26.716 7.5 134.35 291.12
7 27 91.561 2660.1 117.98 38.728 40.06 77.828 56.045 42.877 26.716 7.5 131.62 295.94
7 28 90.89 2670.7 118.51 36.925 36.811 78.298 56.045 42.877 26.716 7.5 127.7 291.64
7 29 85.469 2662.4 118.65 39.923 37.422 77.309 56.045 42.877 26.716 7.5 122.89 282.76
7 30 83.513 2663 119 34.921 38.289 77.041 56.045 42.877 26.716 7.5 121.8 285.43
7 31 82.186 2646.9 118.16 40.042 40.284 77.507 56.045 42.877 22.503 7.5 122.47 290.82
7 32 83.332 2659.6 117.76 45.778 41.095 78.815 56.045 42.877 22.503 7.5 124.43 298.63
7 33 81.998 2647.1 116.13 51.916 45.575 78.705 56.045 42.877 22.503 7.5 127.57 301.63
7 34 83.708 2654.6 116.16 52.451 44.999 78.35 56.045 42.877 22.503 7.5 128.71 314.09
7 35 83.944 2648.1 115.74 54.563 45 77.814 56.045 42.877 22.503 7.5 128.94 313.28
7 36 84.824 2650.6 116.18 52.093 43.649 77.157 56.045 42.877 22.503 7.5 128.47 312.23
7 37 89.919 2647.4 116.44 60.026 41.315 77.618 56.045 42.877 20.109 7.5 131.23 306.96
7 38 93.541 2653.1 116.6 61.308 41.317 78.245 56.045 42.877 20.109 7.5 134.86 306.4
7 39 90.795 2665.9 116.75 61.404 40.437 78.238 56.045 42.877 20.109 7.5 131.23 301.32
7 40 94.681 2668.1 116.76 59.386 42.904 78.321 56.045 42.877 20.109 7.5 137.58 308.85
7 41 98.097 2662.4 118.35 61.795 37.864 78.282 56.045 39.055 20.109 7.5 135.96 308.94
7 42 99.84 2680.9 118.9 52.914 39.842 77.786 56.045 39.055 20.109 7.5 139.68 286.32
7 43 102.07 2689.9 117.76 53.01 42.479 79.007 56.045 39.055 25.629 7.5 144.55 294.05
7 44 96.177 2708 117.98 51.33 43.941 78.933 56.045 39.055 25.629 7.5 140.12 299.75
7 45 95.543 2707.2 118.11 46.014 45.568 78.093 56.045 39.055 25.629 7.5 141.11 317.72
7 46 90.266 2697.9 118.7 50.771 45.021 79.046 56.045 39.055 25.629 7.5 135.29 320.89
7 47 86.503 2696.3 118.8 48.936 46.006 78.99 56.045 39.055 25.629 7.5 132.51 326.47
7 48 88.243 2674.1 117.75 51.263 47.811 79.758 56.045 39.055 25.629 7.5 136.05 324.11
7 49 90.789 2669.2 118.06 48.305 45.255 79.395 56.045 39.055 23.673 7.5 136.04 325.27
7 50 91.762 2669.4 117.13 49.563 46.141 78.961 56.045 39.055 23.673 7.5 137.9 313.28
7 51 93.24 2673.5 116.22 54.587 46.586 79.439 54.044 39.055 23.673 7.5 139.83 313.89
7 52 94.384 2683.4 116.22 54.653 45.284 78.795 54.044 39.055 23.673 7.5 139.67 319.48
7 53 93.52 2682.2 116.25 56.157 48.724 78.571 54.044 39.055 23.673 7.5 142.24 318
7 54 93.358 2684.4 116.99 50.073 47.485 77.628 54.044 39.055 23.673 7.5 140.84 323.03
7 55 97.002 2677.5 117.55 54.724 44.62 78.624 54.044 39.055 25.995 7.5 141.62 322.91
7 56 94.211 2687.4 118.18 52.089 43.852 78.42 54.044 39.055 25.995 7.5 138.06 316.1
7 57 92.516 2694.1 118.21 52.82 42.967 78.57 54.044 39.055 25.995 7.5 135.48 309.03
7 58 93.612 2678.7 118.16 49.53 45.479 78.636 54.044 39.055 25.995 7.5 139.09 306.56
7 59 94.577 2672.1 118.71 49.833 42.556 78.645 54.044 39.055 25.995 7.5 137.13 310.75
7 60 97.618 2673.7 118.9 54.002 39.131 79.259 54.044 39.055 25.995 7.5 136.75 306.81
7 61 96.023 2678.7 118.58 47.338 40.657 78.85 54.044 39.055 25.107 7.5 136.68 293.19
7 62 98.584 2685 118.23 47.388 41.447 79.385 54.044 39.055 25.107 7.5 140.03 295.06
7 63 99.478 2692.1 118.81 46.656 39.68 78.491 54.044 39.055 25.107 7.5 139.16 297.52
7 64 109.01 2686.5 119.24 50.843 42.297 78.978 54.044 39.055 25.107 7.5 151.31 293.16
7 65 114.01 2694.2 119.53 52.291 39.308 79.148 54.044 39.055 25.107 7.5 153.31 299.52
7 66 113.09 2718.2 119.23 52.667 40.808 80.292 54.044 39.055 25.107 7.5 153.9 296.15
7 67 110.63 2731.9 120.29 59.314 39.167 79.927 54.044 39.055 35.593 7.5 149.79 302.04
7 68 111.97 2735.5 121.47 60.529 38.935 80.284 54.044 39.055 35.593 7.5 150.9 291.38
7 69 111.81 2734.5 122.01 56.435 41.653 80.78 54.044 39.055 35.593 7.5 153.47 290.3
7 70 110.04 2733.6 122.22 57.33 42.879 82.188 54.044 39.055 35.593 7.5 152.92 304.49
7 71 112.49 2731.6 121.81 58.364 40.15 82.438 54.044 39.055 35.593 7.5 152.64 304.44
7 72 116.86 2733.4 121.88 61.729 41.672 82.433 54.044 39.055 35.593 7.5 158.53 296.9
7 73 113.87 2743.3 121.52 55.549 44.463 82.314 54.044 39.055 36.053 7.5 158.33 305.77
7 74 113.35 2753.2 120.78 60.417 44.229 82.691 54.044 39.055 36.053 7.5 157.58 315.02
7 75 109.64 2748.3 121.78 58.762 42.193 82.236 54.044 39.055 36.053 7.5 151.83 318.47
7 76 107.25 2734.3 122.77 55.851 43.33 81.67 60.573 39.055 36.053 7.5 150.58 298.45
7 77 111.56 2724.6 122.54 51.586 41.275 81.829 60.573 39.055 36.053 7.5 152.83 302.8
7 78 105.25 2713.5 122.34 50.465 40.138 82.62 60.573 39.055 36.053 7.5 145.39 301.71
7 79 106.2 2719.8 122.04 56.783 39.543 82.293 60.573 39.055 34.041 7.5 145.74 296.34
7 80 107.11 2707.7 121.17 54.696 40.991 82.226 60.573 39.055 34.041 7.5 148.1 292.03
7 81 109.91 2726.1 121.77 51.256 40.044 81.46 60.573 76.07 34.041 7.5 149.96 300.36
7 82 104.83 2738.6 120.65 51.449 41.43 81.106 60.573 76.07 34.041 7.5 146.26 302.83
7 83 105.45 2745.1 120.56 50.859 43.496 81.367 60.573 76.07 34.041 7.5 148.94 303.31
7 84 104.15 2728.7 120.18 54.275 45.274 80.743 60.573 76.07 34.041 7.5 149.43 316.14
7 85 107.34 2731.2 121.23 52.911 42.852 81.283 60.573 76.07 32.228 7.5 150.19 324.43
7 86 108.42 2726.5 120.4 54.447 42.377 81.276 60.573 76.07 32.228 7.5 150.79 312.4
7 87 106.71 2731.4 120.74 61.333 40.19 81.849 60.573 76.07 32.228 7.5 146.9 303.59
7 88 110.25 2734.6 120.75 58.745 41.876 81.032 60.573 76.07 32.228 7.5 152.13 303.05
7 89 112.35 2728.7 120.68 57.456 42.629 81.023 60.573 76.07 32.228 7.5 154.98 311.78
7 90 112.3 2734.9 120.81 52.234 41.886 80.887 60.573 76.07 32.228 7.5 154.19 313.65
7 91 110.89 2737.5 120.97 55.5 40.276 81.552 60.573 76.07 34.827 7.5 151.16 311.76
7 92 112.17 2737.2 121.94 52.805 40.104 81.019 60.573 76.07 34.827 7.5 152.28 308.22
7 93 109.92 2739.8 122.64 57.738 37.73 81.208 60.573 76.07 34.827 7.5 147.65 296.98
7 94 109.35 2741.2 122.85 59.881 38.692 82.009 60.573 76.07 34.827 7.5 148.04 294.39
7 95 111.18 2737 122.16 57.193 39.127 82.371 60.573 76.07 34.827 7.5 150.31 303.18
7 96 105.5 2736.9 122.44 56.349 39.746 82.48 60.573 76.07 34.827 7.5 145.24 298.61
7 97 111.33 2737.2 121.79 52.998 39.086 81.915 60.573 76.07 35.129 7.5 150.42 300.09
7 98 116.04 2733.9 121.4 51.698 42.083 81.818 60.573 76.07 35.129 7.5 158.12 300.92
7 99 112.09 2756.1 120.86 51.585 45.088 81.807 60.573 76.07 35.129 7.5 157.18 307.29
7 100 109.1 2766.3 120.64 50.796 44.564 81.408 60.573 76.07 35.129 7.5 153.66 317.17
7 101 107.21 2748.6 121.24 50.092 44.158 81.213 44.94 76.07 35.129 7.5 151.37 317.4
7 102 106.83 2740.9 122.61 49.565 39.969 80.996 44.94 76.07 35.129 7.5 146.8 318.51
7 103 102.95 2731.6 121.9 52.865 40.321 82.067 44.94 76.07 35.917 7.5 143.28 303.5
7 104 102.42 2736.9 122.02 49.655 39.898 82.047 44.94 76.07 35.917 7.5 142.32 303.8
7 105 100.3 2724.8 122.14 51.7 36.793 81.889 44.94 76.07 35.917 7.5 137.09 302.84
7 106 97.125 2726.5 121.7 53.009 39.82 81.676 44.94 76.07 35.917 7.5 136.95 299.06
7 107 102.53 2714.2 120.72 51.585 40.56 81.491 44.94 76.07 35.917 7.5 143.09 310.65
7 108 102.14 2706.9 120.37 59.174 39.965 81.894 44.94 76.07 35.917 7.5 142.11 309.93
7 109 100.62 2723.5 119.98 58.181 39.535 81.586 44.94 76.07 29.385 7.5 140.15 311.37
7 110 106.4 2723.2 119.55 59.138 40.234 81.234 44.94 76.07 29.385 7.5 146.64 307.78
7 111 103.92 2713.8 120.37 63.576 39.834 80.824 44.94 76.07 29.385 7.5 143.75 309.77
7 112 108.24 2723.8 120.57 57.021 38.413 80.256 44.94 76.07 29.385 7.5 146.65 303.18
7 113 103.7 2725.4 120.47 56.889 38.195 81.09 44.94 76.07 29.385 7.5 141.9 299.63
7 114 106.57 2729.8 121.47 58.512 38.07 80.688 44.94 76.07 29.385 7.5 144.64 301.72
7 115 105.86 2717.4 121.49 58.902 38.093 81.051 44.94 76.07 34.381 7.5 143.95 298.03
7 116 108.24 2722.1 122.32 59.229 35.087 81.503 44.94 76.07 34.381 7.5 143.33 294.84
7 117 109.02 2719.4 121.9 59.059 34.908 81.59 44.94 76.07 34.381 7.5 143.93 289.92
7 118 111.8 2728.4 122.07 53.145 35.789 81.458 44.94 76.07 34.381 7.5 147.58 293.88
7 119 113.5 2723.1 121.79 49.443 35.902 81.095 44.94 76.07 34.381 7.5 149.4 293.37
7 120 113.94 2735.2 122.48 50.562 35.055 81.07 44.94 76.07 34.381 7.5 148.99 299.13
7 121 111.02 2740.9 122.98 43.791 34.651 80.668 44.94 58.776 38.295 7.5 145.67 289.64
7 122 108.12 2735.4 123.05 43.862 36.687 80.785 44.94 58.776 38.295 7.5 144.8 285.81
7 123 107.41 2728 123.46 42.435 35.64 81.15 44.94 58.776 38.295 7.5 143.05 287.52
7 124 110.14 2726.4 122.97 45.459 36.868 81.732 44.94 58.776 38.295 7.5 147.01 281.46
7 125 108.3 2714.8 122.59 47.868 35.161 82.126 44.94 58.776 38.295 7.5 143.47 290.64
7 126 104.43 2721.7 122.71 49.363 36.064 82.359 65.571 58.776 38.295 7.5 140.49 279.14
7 127 105.05 2713.8 122.7 46.568 34.372 81.561 65.571 58.776 35.925 7.5 139.42 281.62
7 128 108.14 2694.8 123.13 43.18 34.418 80.871 65.571 58.776 35.925 7.5 142.55 273.34
7 129 103.11 2693.1 122.97 45.631 34.424 80.529 65.571 58.776 35.925 7.5 137.54 276.18
7 130 106.47 2709 122.13 47.417 34.624 81.452 65.571 58.776 35.925 7.5 141.1 273.71
7 131 103.84 2697.9 121.59 48.132 37.169 81.485 65.571 58.776 35.925 7.5 141.01 271.4
7 132 102.67 2702.7 121.79 47.323 36.749 80.731 65.571 58.776 35.925 7.5 139.42 280.45
7 133 104.84 2703.1 121.65 49.251 36.021 80.579 65.571 58.776 33.245 7.5 140.86 284.62
7 134 105.53 2709.3 121.16 44.362 39.048 80.508 65.571 58.776 33.245 7.5 144.58 286.49
7 135 104.25 2703 120.41 45.455 40.636 79.899 65.571 58.776 33.245 7.5 144.89 290
7 136 103.27 2699 120.5 48.89 39.602 80.627 65.571 58.776 33.245 7.5 142.87 293.88
7 137 105.11 2706.1 120.87 46.544 37.457 79.951 65.571 58.776 33.245 7.5 142.56 299.41
7 138 103.43 2701.4 120.79 48.416 39.152 80.046 65.571 58.776 33.245 7.5 142.58 292.29
7 139 103.67 2703.6 120.98 49.305 40.435 80.263 65.571 58.776 30.426 7.5 144.1 290.18
7 140 107.72 2703 120.99 55.754 38.412 80.749 65.571 58.776 30.426 7.5 146.13 294.8
7 141 106.21 2709.3 120.97 56.217 40.393 80.753 65.571 58.776 30.426 7.5 146.61 289.43
7 142 104.99 2722.6 120.49 51.618 40.161 80.562 65.571 58.776 30.426 7.5 145.15 295.83
7 143 108.66 2709 120.14 48.604 41.312 80.11 65.571 58.776 30.426 7.5 149.98 298.31
7 144 111.36 2710.6 120.79 45.283 40.366 79.955 65.571 58.776 30.426 7.5 151.72 300.35
7 145 108.62 2727.2 120.31 42.221 42.288 79.874 65.571 58.776 31.971 7.5 150.91 298.85
7 146 107.85 2742.1 120.29 38.71 43.269 79.7 65.571 58.776 31.971 7.5 151.11 305.68
7 147 107.99 2733.6 120.54 41.654 44.553 79.71 65.571 58.776 31.971 7.5 152.55 305.45
7 148 105.73 2731.9 121.31 45.183 42.677 79.763 65.571 58.776 31.971 7.5 148.41 316.89
7 149 106.99 2726.2 120.08 49.348 47.229 80.389 65.571 58.776 31.971 7.5 154.22 306.35
7 150 101.51 2724.8 120.56 44.513 43.702 80.598 65.571 58.776 31.971 7.5 145.21 319
7 151 100.14 2726.7 120.64 41.263 41.814 79.775 39.466 58.776 32.504 7.5 141.96 312.02
7 152 96.291 2710.8 119.93 36.616 42.429 79.472 39.466 58.776 32.504 7.5 138.72 310.53
7 153 96.894 2721.4 119.69 44.747 43.365 80.212 39.466 58.776 32.504 7.5 140.26 318.85
7 154 97.497 2701.6 119.06 49.49 42.909 80.214 39.466 58.776 32.504 7.5 140.41 314.64
7 155 96.347 2700.8 120.02 45.181 41.241 80.145 39.466 58.776 32.504 7.5 137.59 319.8
7 156 93.299 2712.9 119.56 48.45 39.285 79.939 39.466 58.776 32.504 7.5 132.58 302.2
7 157 91.105 2709.3 119.14 48.8 42.524 80.233 39.466 58.776 29.847 7.5 133.63 309.23
7 158 86.343 2692.8 119.46 45.942 41.611 79.237 39.466 58.776 29.847 7.5 127.95 313.45
7 159 91.121 2680.1 119.78 45.658 38.781 79.276 39.466 58.776 29.847 7.5 129.9 306.45
7 160 86.369 2668.4 119.04 50.165 40.186 79.671 39.466 58.776 29.847 7.5 126.55 305.88
7 161 84.535 2685.3 118.29 51.408 40.391 79.798 39.466 65.484 29.847 7.5 124.93 308.17
7 162 83.755 2675.1 117.86 54.611 37.999 79.64 39.466 65.484 29.847 7.5 121.75 306.04
7 163 87.222 2664.8 118.42 54.187 41.187 79.272 39.466 65.484 22.868 7.5 128.41 298.81
7 164 90.502 2671.3 117.54 52.236 40.034 78.734 39.466 65.484 22.868 7.5 130.54 306.11
7 165 93.277 2663 117.55 55.606 38.649 78.969 39.466 65.484 22.868 7.5 131.93 306.84
7 166 93.83 2674.7 117.64 54.132 38.025 78.838 39.466 65.484 22.868 7.5 131.86 300.71
7 167 95.692 2685.2 117.89 56.806 37.437 78.601 39.466 65.484 22.868 7.5 133.13 301.16
7 168 92.916 2692.6 118.68 56.827 37.235 78.989 39.466 65.484 22.868 7.5 130.15 304.47
7 169 100.33 2713.7 120.52 56.999 38.372 78.819 39.466 65.484 27.463 7.5 132.7 297.96
7 170 101.54 2708.5 120.97 53.279 37.549 79.383 39.466 65.484 27.463 7.5 133.09 300.72
7 171 102.73 2708.9 120.59 53.713 38.456 79.419 39.466 65.484 27.463 7.5 135.18 293.6
7 172 104.7 2722.7 120.31 51.893 40.215 79.364 39.466 65.484 27.463 7.5 138.91 303.6
7 173 100.28 2722.2 119.69 50.601 41.215 79.534 39.466 65.484 27.463 7.5 135.49 307.59
7 174 99.025 2728.9 120.32 47.881 40.301 78.994 39.466 65.484 27.463 7.5 133.33 309.45
7 175 98.159 2722.5 120.71 51.461 40.294 79.293 39.466 65.484 30.092 7.5 132.45 311.96
7 176 98.856 2710.6 121.07 59.379 41.447 80.263 54.665 65.484 30.092 7.5 134.3 304.41
7 177 96.532 2698.9 120.08 56.787 41.303 80.514 54.665 65.484 30.092 7.5 131.83 308.09
7 178 98.985 2692.6 120.81 56.111 38.936 80.594 54.665 65.484 30.092 7.5 131.92 308.1
7 179 102.22 2683.3 120.73 52.472 37.758 79.798 54.665 65.484 30.092 7.5 133.98 295.33
7 180 106.49 2699.4 120.16 46.336 38.929 78.663 54.665 65.484 30.092 7.5 139.42 282.53
7 181 105.66 2707.5 119.79 48.678 39.756 79.195 54.665 65.484 25.432 7.5 139.41 297.24
7 182 105.51 2718.4 119.98 50.026 40.023 78.808 54.665 65.484 25.432 7.5 139.53 292.61
7 183 105.57 2723.7 120.57 48.584 39.946 78.451 54.665 65.484 25.432 7.5 139.51 303.89
7 184 105.94 2722.5 120.76 49.175 41.957 78.713 54.665 65.484 25.432 7.5 141.9 298.51
7 185 103.43 2717.9 120.79 47.487 43.301 78.807 54.665 65.484 25.432 7.5 140.73 307.98
7 186 106.39 2728.9 120.85 53.617 41.037 80.303 54.665 65.484 25.432 7.5 141.43 314.75
7 187 101.01 2720.8 120.45 52.703 42.261 79.74 54.665 65.484 29.039 7.5 137.27 299.68
7 188 100.49 2723.9 120.45 54.051 43.908 79.888 54.665 65.484 29.039 7.5 138.4 311.18
7 189 95.443 2711.2 120.29 58.694 43.505 80.71 54.665 65.484 29.039 7.5 132.95 311.17
7 190 96.518 2712.5 120.68 51.135 41.074 79.311 54.665 65.484 29.039 7.5 131.59 312.57
7 191 94.395 2698.1 119.31 52.586 44.321 79.248 54.665 65.484 29.039 7.5 132.72 309.5
7 192 92.595 2696.5 119.13 52.43 44.023 80.139 54.665 65.484 29.039 7.5 130.62 322.33
7 193 93.517 2692.9 118.73 53.218 43.077 79.058 54.665 65.484 24.466 7.5 130.59 306.99
7 194 91.361 2680.5 118.83 50.7 44.99 79.171 54.665 65.484 24.466 7.5 130.35 309.03
7 195 93.905 2684 118.55 54.289 41.415 78.685 54.665 65.484 24.466 7.5 129.32 318.31
7 196 91.467 2680.8 118.31 52.312 41.193 78.674 54.665 65.484 24.466 7.5 126.66 309.52
7 197 96.496 2687.3 118.13 51.078 42.13 78.297 54.665 65.484 24.466 7.5 132.63 303.6
7 198 95.256 2684.9 118.08 55.95 41.95 78.137 54.665 65.484 24.466 7.5 131.21 309.97
7 199 93.455 2700.2 118.6 57.716 41.427 78.448 54.665 65.484 21.577 7.5 128.88 313.37
7 200 96.01 2687.1 118.33 58.283 41.217 78.343 54.665 65.484 21.577 7.5 131.23 305.7
7 201 96.835 2672.9 119.64 57.645 39.399 78.373 51.465 30.241 21.577 7.5 130.23 307.88
7 202 100.01 2678.1 119.1 57.66 39.029 78.165 51.465 30.241 21.577 7.5 133.04 290.62
7 203 96.542 2678.7 118.48 55.652 40.263 78.754 51.465 30.241 21.577 7.5 130.8 291.5
7 204 99.431 2686 119.42 53.801 38.727 78.788 51.465 30.241 21.577 7.5 132.16 298.73
7 205 101.35 2685.2 119.31 55.731 42.318 78.804 51.465 30.241 24.839 7.5 137.67 289.28
7 206 103.64 2692.9 119.41 51.281 41.93 78.787 51.465 30.241 24.839 7.5 139.57 303.37
7 207 101.01 2693.6 119.41 48.535 41.691 78.135 51.465 30.241 24.839 7.5 136.7 296.74
7 208 103.46 2709.4 120 47.998 39.395 78.415 51.465 30.241 24.839 7.5 136.85 300.77
7 209 102.04 2694.6 119.91 49.615 41.398 78.405 51.465 30.241 24.839 7.5 137.44 292.51
7 210 103.22 2700 121.01 49.221 41.705 79.007 51.465 30.241 24.839 7.5 138.93 298.27
7 211 102 2705.2 120.28 52.428 41.139 79.58 51.465 30.241 27.218 7.5 137.14 298.8
7 212 101.97 2717.4 119.72 53.184 42.584 79.936 51.465 30.241 27.218 7.5 138.56 301.46
7 213 100.35 2694.3 119.32 55.252 45.047 79.686 51.465 30.241 27.218 7.5 139.4 304.31
7 214 102.64 2711 120.46 56.072 41.873 79.142 51.465 30.241 27.218 7.5 138.52 309.42
7 215 104.38 2700.2 119.33 55.497 43.848 79.693 51.465 30.241 27.218 7.5 142.23 305.37
7 216 99.153 2706.1 120.08 55.625 43.125 79.673 51.465 30.241 27.218 7.5 136.28 308.34
7 217 100.86 2713.6 119.3 57.904 43.538 79.704 51.465 30.241 27.771 7.5 138.4 308.61
7 218 96.709 2700.1 119.96 56.104 43.168 79.957 51.465 30.241 27.771 7.5 133.88 312.46
7 219 99.19 2701.1 120.03 52.944 43.485 79.189 51.465 30.241 27.771 7.5 136.68 310.33
7 220 94.564 2687.1 119.5 56.673 41.806 80.007 51.465 30.241 27.771 7.5 130.37 304.7
7 221 95.998 2696.8 119.5 54.272 43.112 80.195 51.465 30.241 27.771 7.5 133.11 308.63
7 222 93.727 2682.8 118.82 54.086 44.901 78.87 51.465 30.241 27.771 7.5 132.63 311.31
7 223 92.361 2681.6 119.51 52.477 43.348 79.05 51.465 30.241 23.575 7.5 129.71 311.42
7 224 88.884 2686.8 118.57 53.634 42.98 79.072 51.465 30.241 23.575 7.5 125.86 307.28
7 225 89.658 2676.8 118.48 57.115 43.436 79.439 51.465 30.241 23.575 7.5 127.09 311.99
7 226 91.441 2665.6 118.17 62.027 47.247 79.011 62.6 30.241 23.575 7.5 132.69 312.77
7 227 95.089 2671 117.43 56.636 46.183 78.688 62.6 30.241 23.575 7.5 135.27 318.35
7 228 95.841 2676.6 116.72 51.288 47.094 78.316 62.6 30.241 23.575 7.5 136.93 320.7
7 229 103.79 2680.8 117.01 42.055 46.889 77.222 62.6 30.241 20.083 7.5 144.68 318.97
7 230 103.67 2682.1 117.31 47.439 46.472 76.717 62.6 30.241 20.083 7.5 144.14 327.05
7 231 107.81 2706.6 117.63 53.842 46.747 77.599 62.6 30.241 20.083 7.5 148.56 318.97
7 232 108.67 2703.7 117.95 53.838 45.237 77.361 62.6 30.241 20.083 7.5 147.91 315.83
7 233 109.2 2709.6 119.7 53.86 43.015 78.364 62.6 30.241 20.083 7.5 146.22 312.65
7 234 110.85 2704.4 120.3 54.37 39.591 78.46 62.6 30.241 20.083 7.5 144.44 308.21
7 235 108.51 2708.7 122.11 51.546 37.472 79.103 62.6 30.241 30.821 7.5 139.99 298.06
7 236 106.32 2716 121.79 51.157 38.514 79.217 62.6 30.241 30.821 7.5 138.83 280.83
7 237 110.54 2706.6 121.59 55.391 40.628 80.468 62.6 30.241 30.821 7.5 145.16 290.92
7 238 109.59 2711 121.81 57.535 42.364 81.001 62.6 30.241 30.821 7.5 145.96 292.08
7 239 106.66 2721.5 121.2 58.9 41.953 81.362 62.6 30.241 30.821 7.5 142.61 291.61
7 240 108.24 2716.3 121.01 56.232 41.136 81.216 62.6 30.241 30.821 7.5 143.38 301.09
7 241 106.14 2727.7 121.47 53.771 42.88 80.308 62.6 71.171 31.322 7.5 143.02 304.71
7 242 107.47 2729.2 121.64 50.669 41.475 79.792 62.6 71.171 31.322 7.5 142.94 307.99
7 243 108.75 2729.7 121.12 55.354 42.062 80.75 62.6 71.171 31.322 7.5 144.82 303.84
7 244 112.79 2727.4 120.65 58.791 44.234 81.168 62.6 71.171 31.322 7.5 151.03 304.93
7 245 116 2733.3 120.96 56.732 40.703 80.349 62.6 71.171 31.322 7.5 150.7 312.15
7 241 106.14 2727.7 121.47 53.771 42.88 80.308 62.6 71.171 31.322 7.5 143.02 304.71
7 242 107.47 2729.2 121.64 50.669 41.475 79.792 62.6 71.171 31.322 7.5 142.94 307.99
7 243 108.75 2729.7 121.12 55.354 42.062 80.75 62.6 71.171 31.322 7.5 144.82 303.84
7 244 112.79 2727.4 120.65 58.791 44.234 81.168 62.6 71.171 31.322 7.5 151.03 304.93
7 245 116 2733.3 120.96 56.732 40.703 80.349 62.6 71.171 31.322 7.5 150.7 312.15
7 246 119.94 2742.2 121.24 57.611 41.278 80.689 62.6 71.171 31.322 7.5 155.22 309.23
7 247 120.61 2750.6 121.75 56.528 41.434 80.314 62.6 71.171 33.232 7.5 156.05 305.99
7 248 122.1 2752.4 122.71 52.6 37.516 80.139 62.6 71.171 33.232 7.5 153.62 300.8
7 249 121.65 2757.3 124.02 52.888 36.655 80.383 62.6 71.171 33.232 7.5 152.31 290.27
7 250 119.73 2760.9 124.09 52.318 38.787 81.342 62.6 71.171 33.232 7.5 152.52 285.77
7 251 126.04 2766.3 123.78 53.257 39.95 81.743 66.468 71.171 33.232 7.5 159.99 296.11
7 252 124.52 2763.8 123.72 53.067 39.921 81.842 66.468 71.171 33.232 7.5 158.44 298.46
7 253 127.88 2778.5 123.45 45.554 42.911 81.56 66.468 71.171 37.853 7.5 164.79 296.5
7 254 126.28 2783.3 123.73 45.4 40.542 81.742 66.468 71.171 37.853 7.5 160.83 305.79
7 255 128.9 2792.1 124.19 44.047 43.769 81.46 66.468 71.171 37.853 7.5 166.67 301.56
7 256 121.41 2790.5 124.04 39.792 44.21 81.243 66.468 71.171 37.853 7.5 159.62 312.18
7 257 121.31 2798.7 124.8 50.534 43.173 82.763 66.468 71.171 37.853 7.5 158.48 310.48
7 258 121.02 2774.6 124.05 48.307 45.181 82.742 66.468 71.171 37.853 7.5 160.2 311.33
7 259 122.32 2776.8 124.51 48.383 44.729 82.763 66.468 71.171 37.767 7.5 161.05 315.21
7 260 125.52 2766.2 122.92 48.097 44.41 82.821 66.468 71.171 37.767 7.5 163.93 319.08
7 261 123.13 2772.8 122.83 47.57 45.183 82.216 66.468 71.171 37.767 7.5 162.31 313.87
7 262 122.18 2776.3 122.95 53.258 40.787 82.423 66.468 71.171 37.767 7.5 156.97 317.38
7 263 123.79 2765 124.62 47.234 38.166 81.549 66.468 71.171 37.767 7.5 155.96 303.42
7 264 124.13 2767.1 124.72 48.86 38.665 81.699 66.468 71.171 37.767 7.5 156.8 290.62
7 265 123.52 2772.7 124.34 44.706 41.518 81.797 66.468 71.171 38.902 7.5 159.03 290.83
7 266 125.96 2766.5 124.55 51.116 39.589 82.779 66.468 71.171 38.902 7.5 159.55 298
7 267 121.85 2761.3 124.45 53.69 39.386 82.652 66.468 71.171 38.902 7.5 155.24 294.47
7 268 124.21 2762.5 124.78 52.863 37.753 82.249 66.468 71.171 38.902 7.5 155.96 297.82
7 269 125.3 2750.4 125.11 47.927 36.539 82.089 66.468 71.171 38.902 7.5 155.84 288.86
7 270 117.91 2769 125.32 48.968 35.513 81.864 66.468 71.171 38.902 7.5 147.42 288.05
7 271 114.96 2774.9 124.41 50.868 37.446 82.722 66.468 71.171 40.014 7.5 146.4 285.53
7 272 114.63 2755.7 124.81 53.346 40.214 82.943 66.468 71.171 40.014 7.5 148.84 291.14
7 273 120.06 2744.8 124.21 51.813 41.91 82.201 66.468 71.171 40.014 7.5 155.97 296.08
7 274 120.17 2745.7 123.08 54.105 40.127 83.105 66.468 71.171 40.014 7.5 154.3 302.02
7 275 115.83 2766.2 122.58 51.664 40.435 82.732 66.468 71.171 40.014 7.5 150.27 297.44
7 276 114.91 2761.3 122.49 52.307 39.661 81.607 43.253 71.171 40.014 7.5 148.57 300.59
7 277 115.93 2744.8 123.78 52.912 37.464 80.87 43.253 71.171 37.178 7.5 147.39 300.21
7 278 116.56 2755.4 123.5 51.274 37.46 81.13 43.253 71.171 37.178 7.5 148.02 303.76
7 279 117.07 2761.3 122.78 49.309 38.693 81.576 43.253 71.171 37.178 7.5 149.77 302.49
7 280 116.95 2761.5 123.4 48.334 38.286 81.745 43.253 71.171 37.178 7.5 149.24 294.09
7 281 115.63 2771.2 122.93 46.162 40.248 80.668 43.253 68.362 37.178 7.5 149.88 302.36
7 282 120.78 2760.8 122.9 43.283 40.355 80.768 43.253 68.362 37.178 7.5 155.13 307.88
7 283 119.06 2750.8 123.56 48.323 39.346 81.438 43.253 68.362 36.421 7.5 152.4 310.55
7 284 120.51 2760 123.81 49.268 36.147 81.804 43.253 68.362 36.421 7.5 150.66 306.39
7 285 118.97 2768 123.6 48.913 37.165 81.503 43.253 68.362 36.421 7.5 150.14 295.67
7 286 121.49 2777.1 123.61 44.631 39.602 81.662 43.253 68.362 36.421 7.5 155.09 294.41
7 287 118.21 2771.9 123.48 46.968 40.109 81.454 43.253 68.362 36.421 7.5 152.32 302.18
7 288 116.41 2790.4 123.96 47.989 40.634 81.352 43.253 68.362 36.421 7.5 151.05 308.57
7 289 116.12 2773.9 123.29 46.923 41.252 81.852 43.253 68.362 40.937 7.5 151.38 308.84
7 290 114.6 2765 123.81 49.361 42.661 82.622 43.253 68.362 40.937 7.5 151.27 306.64
7 291 115.08 2762.6 123.18 49.264 42.692 82.106 43.253 68.362 40.937 7.5 151.77 319.99
7 292 114.98 2758.3 122.74 48.282 40.92 82.145 43.253 68.362 40.937 7.5 149.9 316.36
7 293 113.62 2755.7 123 45.411 40.035 81.51 43.253 68.362 40.937 7.5 147.66 311.4
7 294 111.69 2754.1 123.08 51.142 38.928 81.242 43.253 68.362 40.937 7.5 144.62 306.61
7 295 112.68 2749.3 123.39 49.766 38.748 82.094 43.253 68.362 35.958 7.5 145.43 307.01
7 296 114.23 2731.5 123.66 52.949 37.038 81.802 43.253 68.362 35.958 7.5 145.27 292.99
7 297 112.93 2733.7 124.19 54.181 34.376 81.366 43.253 68.362 35.958 7.5 141.3 293.38
7 298 115.45 2749.7 123.15 52.119 34.914 81.911 43.253 68.362 35.958 7.5 144.36 281.68
7 299 119.69 2733.3 123.07 49.459 36.957 81.645 43.253 68.362 35.958 7.5 150.64 285.35
7 300 119.08 2755.9 124.39 52.744 32.429 81.315 43.253 68.362 35.958 7.5 145.51 289.93
8 1 100.27 2693.1 119.93 50.831 39.71 79.775 51.323 40.652 29.835 7.5 139.98 295.92
8 2 105 2693.7 120.02 49.777 40.29 80.02 51.323 40.652 29.835 7.5 145.29 291.25
8 3 101.56 2692.4 120.08 50.441 39.362 80.001 51.323 40.652 29.835 7.5 140.92 295.96
8 4 106.33 2714.6 120.18 45.829 38.554 79.366 51.323 40.652 29.835 7.5 144.88 292.37
8 5 106.9 2700.1 119.69 45.987 41.014 79.963 51.323 40.652 29.835 7.5 147.92 292.1
8 6 110.23 2723 120.34 46.158 43.4 79.909 51.323 40.652 29.835 7.5 153.63 303.45
8 7 112 2722.2 119.73 46.084 43.13 79.443 51.323 40.652 33.405 7.5 155.13 312.59
8 8 111.42 2721.7 120.78 49.814 40.515 80.54 51.323 40.652 33.405 7.5 151.93 310.9
8 9 112.63 2734.9 121.85 48.407 39.82 79.95 51.323 40.652 33.405 7.5 152.45 305.53
8 10 108.93 2732.5 122.03 46.666 38.191 80.194 51.323 40.652 33.405 7.5 147.12 299.58
8 11 107.62 2746.5 122.32 48.971 40.162 81.068 51.323 40.652 33.405 7.5 147.78 294.56
8 12 106.7 2731.7 121.37 49.985 41.813 81.241 51.323 40.652 33.405 7.5 148.51 304.75
8 13 109.11 2715 122 51.192 42.97 81.589 51.323 40.652 35.456 7.5 152.08 308.2
8 14 105.9 2717.8 121.24 53.616 41.298 82.022 51.323 40.652 35.456 7.5 147.2 310.78
8 15 100.57 2715.6 121.87 54.08 38.708 82.031 51.323 40.652 35.456 7.5 139.27 303.73
8 16 101.52 2712.3 121.98 54.014 38.063 81.422 51.323 40.652 35.456 7.5 139.58 295.02
8 17 102.47 2697.1 121.63 48.462 38.683 80.892 51.323 40.652 35.456 7.5 141.15 288.72
8 18 103.43 2700.3 121.16 50.641 40.293 81.101 51.323 40.652 35.456 7.5 143.73 296.51
8 19 104.45 2695.6 119.98 57.383 40.845 82.374 51.323 40.652 30.76 7.5 145.3 296.83
8 20 101.2 2708 120.53 57.143 39.013 81.465 51.323 40.652 30.76 7.5 140.21 303.05
8 21 104.8 2705.1 120.35 56.005 40.81 80.64 51.323 40.652 30.76 7.5 145.61 299.97
8 22 105.48 2701.1 120.7 56.716 40.239 81.022 51.323 40.652 30.76 7.5 145.72 303.37
8 23 106.38 2707.8 120.18 58.266 41.494 81.407 51.323 40.652 30.76 7.5 147.87 297.34
8 24 110.22 2720.7 119.66 54.094 42.028 80.482 51.323 40.652 30.76 7.5 152.25 307.99
8 25 111.15 2719.1 120.03 53.096 42.563 80.939 51.323 40.652 33.5 7.5 153.72 299.81
8 26 113.87 2732.6 120.08 51.298 43.227 80.143 55.23 40.652 33.5 7.5 157.1 309.63
8 27 113.87 2743.4 120.44 54.395 42.483 80.793 55.23 40.652 33.5 7.5 156.35 305.82
8 28 105.88 2745.4 121.19 50.267 43.811 80.889 55.23 40.652 33.5 7.5 149.7 306.14
8 29 103.93 2741.3 121.7 53.769 42.937 81.154 55.23 40.652 33.5 7.5 146.87 308.99
8 30 94.95 2717.8 121.99 53.736 43.254 81.239 55.23 40.652 33.5 7.5 138.2 304.7
8 31 96.167 2701.8 122.28 51.356 42.508 81.72 55.23 40.652 33.347 7.5 138.67 306.18
8 32 99.234 2684.1 120.74 51.282 42.271 81.994 55.23 40.652 33.347 7.5 141.51 308.52
8 33 96.048 2682.3 120.28 51.374 42.467 82.212 55.23 40.652 33.347 7.5 138.52 308.39
8 34 97.086 2686.6 119.33 54.814 41.817 80.731 55.23 40.652 33.347 7.5 138.9 305.82
8 35 96.912 2670.2 119.32 55.641 38.693 80.909 55.23 40.652 33.347 7.5 135.6 302.7
8 36 100.71 2677 120.47 50.175 38.545 79.425 55.23 40.652 33.347 7.5 139.25 294.67
8 37 100.3 2673.9 119.85 49.771 35.99 79.416 55.23 40.652 27.882 7.5 136.29 287.87
8 38 98.198 2683.4 120.05 49.386 36.575 79.879 55.23 40.652 27.882 7.5 134.77 281.62
8 39 101.02 2687.7 120.15 52.562 37.687 79.273 55.23 40.652 27.882 7.5 138.7 280.59
8 40 98.543 2674.7 120.58 51.054 37.79 79.911 55.23 40.652 27.882 7.5 136.33 285.14
8 41 102.82 2679.3 120.95 49.563 35.488 79.556 55.23 25.949 27.882 7.5 138.3 288.1
8 42 107.48 2683.2 120.58 46.333 36.378 79.565 55.23 25.949 27.882 7.5 143.86 275.99
8 43 106.74 2682 120.48 46.358 38.951 80.074 55.23 25.949 29.818 7.5 145.7 281.14
8 44 108.93 2701.1 120.66 49.159 35.526 79.724 55.23 25.949 29.818 7.5 144.46 284.71
8 45 108.63 2703.3 121.63 46.694 34.814 80.035 55.23 25.949 29.818 7.5 143.44 288.3
8 46 110.24 2711.9 121.78 50.793 36.894 80.319 55.23 25.949 29.818 7.5 147.13 281.46
8 47 110.3 2713.5 121.57 54.339 37.704 80.513 55.23 25.949 29.818 7.5 148 284.59
8 48 109.49 2718.4 121.97 55.295 39.681 81.698 55.23 25.949 29.818 7.5 149.17 290.66
8 49 108.65 2711.7 121.93 56.79 39.367 81.481 55.23 25.949 36.198 7.5 148.02 294.3
8 50 108.74 2708.9 122.53 64.239 37.905 82.533 55.23 25.949 36.198 7.5 146.65 294.39
8 51 106.95 2708.2 122.51 55.138 36.087 81.932 43.126 25.949 36.198 7.5 143.04 282.36
8 52 104.63 2709.2 121.93 52.461 35.626 82.07 43.126 25.949 36.198 7.5 140.26 282.6
8 53 101.18 2702.8 122.06 59.165 37.318 82.192 43.126 25.949 36.198 7.5 138.5 289.18
8 54 103.33 2695.4 121.75 52.995 36.838 81.66 43.126 25.949 36.198 7.5 140.17 290.09
8 55 105.32 2699.2 122.41 52.919 36.512 81.286 43.126 25.949 32.979 7.5 141.83 286.03
8 56 106.87 2701.6 121.08 52.156 39.223 81.331 43.126 25.949 32.979 7.5 146.09 285.05
8 57 106.81 2712.3 120.64 48.216 38.438 80.907 43.126 25.949 32.979 7.5 145.25 296.3
8 58 110.57 2709.2 120.5 45.822 41.212 80.252 43.126 25.949 32.979 7.5 151.78 291.19
8 59 110.13 2721.3 121.08 46.808 39.346 80.124 43.126 25.949 32.979 7.5 149.48 303.8
8 60 113.33 2724.7 121.32 49.017 39.396 80.348 43.126 25.949 32.979 7.5 152.73 289.86
8 61 108.76 2732.6 121.67 50.081 39.836 81.116 43.126 25.949 37.346 7.5 148.6 296.97
8 62 110.3 2734 121.61 51.244 42.179 81.013 43.126 25.949 37.346 7.5 152.48 302.36
8 63 108.86 2724.3 121.68 52.401 41.962 81.7 43.126 25.949 37.346 7.5 150.82 303.36
8 64 104.98 2728.2 122.58 52.612 39.992 81.862 43.126 25.949 37.346 7.5 144.97 308.9
8 65 103.89 2719.3 121.8 53.408 39.814 81.963 43.126 25.949 37.346 7.5 143.7 297.59
8 66 106.28 2698.5 122.46 50.631 37.317 82.127 43.126 25.949 37.346 7.5 143.59 295.94
8 67 106.36 2693.2 123.18 47.625 33.18 81.343 43.126 25.949 33.868 7.5 139.54 291.54
8 68 109.43 2704.6 122.74 49.702 31.193 82.164 43.126 25.949 33.868 7.5 140.62 274.7
8 69 111.58 2708.6 122.02 39.769 34.978 80.95 43.126 25.949 33.868 7.5 146.56 269.79
8 70 111.23 2725.4 121.85 42.977 36.552 80.489 43.126 25.949 33.868 7.5 147.78 278.43
8 71 110.74 2729.9 121.15 48.726 40.296 80.955 43.126 25.949 33.868 7.5 151.04 288.76
8 72 108.65 2730.3 121.8 45.527 40.641 80.697 43.126 25.949 33.868 7.5 149.29 299.66
8 73 107.05 2720.9 122.55 41.466 37.91 80.217 43.126 25.949 38.034 7.5 144.96 302.81
8 74 106.9 2714.3 123.17 41.826 36.663 80.669 43.126 25.949 38.034 7.5 143.56 295.42
8 75 111.82 2708.1 122.49 42.885 36.399 81.108 43.126 25.949 38.034 7.5 148.22 284.58
8 76 111.31 2703.2 121.85 39.707 38.759 81.337 64.537 25.949 38.034 7.5 150.07 289.27
8 77 110.7 2714.9 122.38 45.502 37.217 81.533 64.537 25.949 38.034 7.5 147.91 288.71
8 78 109.18 2703.5 122.43 47.823 36.662 81.359 64.537 25.949 38.034 7.5 145.84 284.38
8 79 109.61 2696.8 123.55 44.805 35.094 80.893 64.537 25.949 36.366 7.5 144.7 277.83
8 80 105.88 2697.1 123.4 46.51 32.762 81.159 64.537 25.949 36.366 7.5 138.64 269.75
8 81 105.73 2711.5 123.15 42.081 33.951 81.326 64.537 70.112 36.366 7.5 139.68 271.79
8 82 105.37 2707.8 123.01 40.514 34.951 81.285 64.537 70.112 36.366 7.5 140.32 275.81
8 83 105.28 2714.4 122.24 43.287 36.885 81.403 64.537 70.112 36.366 7.5 142.17 274.35
8 84 112.32 2716.5 120.75 46.276 40.514 81.149 64.537 70.112 36.366 7.5 152.84 281.22
8 85 111.65 2719.1 121.1 51.774 39.808 81.545 64.537 70.112 32.637 7.5 151.45 291.45
8 86 113.7 2748.8 120.51 56.591 42.113 80.751 64.537 70.112 32.637 7.5 155.81 300.89
8 87 111.16 2739.2 120.33 50.613 43.124 80.408 64.537 70.112 32.637 7.5 154.28 307.31
8 88 113.29 2746.2 121.47 60.322 43.419 81.589 64.537 70.112 32.637 7.5 156.71 307.1
8 89 118.15 2750.3 121.3 57.175 43.065 80.761 64.537 70.112 32.637 7.5 161.22 310.9
8 90 122.79 2751.4 121.4 57.9 44.69 82.565 64.537 70.112 32.637 7.5 167.48 310.25
8 91 123.24 2767.4 120.88 59.731 46.191 82.431 64.537 70.112 38.264 7.5 169.43 315.49
8 92 120.21 2775.3 121.74 59.788 45.521 82.675 64.537 70.112 38.264 7.5 165.73 321.42
8 93 118.05 2778 122.82 63.233 44.52 82.408 64.537 70.112 38.264 7.5 162.57 316.03
8 94 114.73 2768.5 123.29 56.753 43.265 82.009 64.537 70.112 38.264 7.5 158 308.63
8 95 111.54 2771.3 123.12 51.731 44.728 82.475 64.537 70.112 38.264 7.5 156.27 310.67
8 96 111.51 2755.5 122.4 49.291 45.758 82.863 64.537 70.112 38.264 7.5 157.27 318.16
8 97 107.59 2750.2 122.58 49.564 44.714 83.062 64.537 70.112 37.56 7.5 152.3 316.93
8 98 108.4 2736.7 122.17 50.903 43.253 82.168 64.537 70.112 37.56 7.5 151.65 316.77
8 99 106.21 2728.6 121.21 46.61 43.771 82.211 64.537 70.112 37.56 7.5 149.98 315.67
8 100 105.22 2726.8 121.37 45.922 43.5 81.719 64.537 70.112 37.56 7.5 148.72 314.48
8 101 101.07 2722.1 120.47 48.04 39.74 80.927 34.32 70.112 37.56 7.5 140.81 310.96
8 102 98.508 2705.3 120.99 43.065 37.941 80.481 34.32 70.112 37.56 7.5 136.45 307.92
8 103 102.92 2711.1 121.24 41.509 36.191 80.379 34.32 70.112 30.736 7.5 139.11 303.47
8 104 103.4 2708.1 120.34 44.505 37.221 80.798 34.32 70.112 30.736 7.5 140.62 294.93
8 105 100.67 2716.9 120.74 43.43 38.22 79.693 34.32 70.112 30.736 7.5 138.89 292.5
8 106 103.31 2733.7 120.29 44.027 37.948 79.374 34.32 70.112 30.736 7.5 141.26 299.3
8 107 100.64 2726.9 120.13 48.503 40.25 80.114 34.32 70.112 30.736 7.5 140.89 304.16
8 108 100.43 2728.5 120.59 52.156 40.731 80.443 34.32 70.112 30.736 7.5 141.16 316.45
8 109 103.72 2726.4 120.2 56.779 41.29 81.133 34.32 70.112 33.709 7.5 145.01 308.16
8 110 98.778 2716.6 120.36 57.74 41.172 81.378 34.32 70.112 33.709 7.5 139.95 314.18
8 111 100.19 2728.8 120.22 59.573 41.447 81.058 34.32 70.112 33.709 7.5 141.63 313.28
8 112 103.47 2721.5 119.71 52.755 41.781 81.187 34.32 70.112 33.709 7.5 145.25 307.86
8 113 98.224 2722.7 119.62 49.651 42.416 80.398 34.32 70.112 33.709 7.5 140.64 313.82
8 114 104.27 2743.3 119.54 47.768 42.027 79.929 34.32 70.112 33.709 7.5 146.29 322.73
8 115 101.36 2738.7 119.8 47.969 43.021 80.361 34.32 70.112 34.451 7.5 144.39 318.96
8 116 94.078 2747.1 119.6 48.075 46.36 80.084 34.32 70.112 34.451 7.5 140.44 319.59
8 117 89.789 2724.5 118.9 45.262 44.702 79.837 34.32 70.112 34.451 7.5 134.49 329.38
8 118 85.835 2715.8 120.09 47.396 44.093 81.007 34.32 70.112 34.451 7.5 129.93 333.91
8 119 86.068 2700.9 119.28 52.586 43.606 79.976 34.32 70.112 34.451 7.5 129.67 320.3
8 120 82.605 2683.6 118.38 50.113 43.77 80.958 34.32 70.112 34.451 7.5 126.38 325.33
8 121 82.777 2679.7 117.66 44.894 42.074 79.229 34.32 70.125 23.686 7.5 124.85 325.61
8 122 85.475 2667.6 117.56 45.126 40.441 78.772 34.32 70.125 23.686 7.5 125.92 316.87
8 123 84.855 2665.1 117.66 45.58 40.353 78.254 34.32 70.125 23.686 7.5 125.21 314.69
8 124 85.944 2676.5 116.97 44.558 39.9 77.786 34.32 70.125 23.686 7.5 125.84 303.02
8 125 86.821 2677.2 116.99 53.069 39.776 78.29 34.32 70.125 23.686 7.5 126.6 305.12
8 126 94.261 2677.7 117.05 55.104 43.527 77.949 52.537 70.125 23.686 7.5 137.79 305.69
8 127 95.88 2682.5 116.7 58.897 44.291 78.282 52.537 70.125 22.234 7.5 140.17 312.91
8 128 98.171 2700.3 117.18 57.121 42.772 78.495 52.537 70.125 22.234 7.5 140.94 312.3
8 129 97.96 2701.4 117.44 57.808 43.899 78.549 52.537 70.125 22.234 7.5 141.86 316.12
8 130 99.849 2707.6 118.08 56.685 44.535 78.724 52.537 70.125 22.234 7.5 144.38 312.91
8 131 97.542 2706.9 118.62 56.545 42.384 78.648 52.537 70.125 22.234 7.5 139.93 322.68
8 132 99.572 2701.9 119.4 52.849 40.243 79.259 52.537 70.125 22.234 7.5 139.82 314.14
8 133 102.52 2703.9 120.06 51.825 39.892 79.199 52.537 70.125 29.452 7.5 142.41 306.02
8 134 97.062 2709 119.52 46.511 40.266 79.342 52.537 70.125 29.452 7.5 137.33 296.03
8 135 97.625 2715.9 119.21 48.389 41.524 80.051 52.537 70.125 29.452 7.5 139.15 300.85
8 136 98.516 2712.2 119.86 57.703 41.308 80.506 52.537 70.125 29.452 7.5 139.82 305.82
8 137 98.701 2703.6 119.73 62.007 42.741 80.694 52.537 70.125 29.452 7.5 141.44 304.32
8 138 101.13 2703.4 119.37 51.634 41.711 80.01 52.537 70.125 29.452 7.5 142.84 311.2
8 139 103.87 2704.4 119.09 53.31 41.389 80.446 52.537 70.125 29.004 7.5 145.26 309.33
8 140 106.53 2715.1 119.54 50.734 39.927 79.6 52.537 70.125 29.004 7.5 146.46 305.91
8 141 102.88 2731 119.74 47.872 40.862 79.133 52.537 70.125 29.004 7.5 143.74 305.97
8 142 107.88 2730.9 119.37 47.31 43.526 79.76 52.537 70.125 29.004 7.5 151.4 306.99
8 143 105.98 2723.8 120.39 51.676 41.557 80.435 52.537 70.125 29.004 7.5 147.54 320.45
8 144 104.42 2732.9 120.71 54.781 42.229 80.412 52.537 70.125 29.004 7.5 146.65 314.91
8 145 105.74 2737 120.24 50.487 42.044 80.628 52.537 70.125 34.007 7.5 147.78 311.88
8 146 104.28 2721.4 120.59 52.96 44.241 81.229 52.537 70.125 34.007 7.5 148.52 311.33
8 147 101.83 2722.9 120.88 52.832 42.006 80.981 52.537 70.125 34.007 7.5 143.84 317.48
8 148 101.76 2724.1 120.34 60.424 39.882 81.602 52.537 70.125 34.007 7.5 141.64 311.47
8 149 103.87 2724.1 120.5 52.351 42.98 81.045 52.537 70.125 34.007 7.5 146.85 303.31
8 150 105.86 2727.6 120.22 51.462 44.557 80.544 52.537 70.125 34.007 7.5 150.41 312.15
8 151 100.76 2723.5 118.8 48.879 45.798 80.205 46.721 70.125 31.19 7.5 146.56 318.23
8 152 100.72 2734.6 119.42 51.052 45.145 80.445 46.721 70.125 31.19 7.5 145.87 325.46
8 153 99.762 2723.4 119.56 44.833 45.417 79.507 46.721 70.125 31.19 7.5 145.18 324.22
8 154 102.2 2724.5 119.55 43.969 44.699 79.593 46.721 70.125 31.19 7.5 146.9 324.52
8 155 100.34 2715.3 119.53 45.391 42.554 79.78 46.721 70.125 31.19 7.5 142.89 325.06
8 156 96.776 2726.1 120.24 45.642 42.168 79.713 46.721 70.125 31.19 7.5 138.94 309.92
8 157 93.357 2710.3 119.61 41.95 42.029 79.383 46.721 70.125 32.273 7.5 135.39 311.45
8 158 91.425 2699.6 120.29 43.269 40.097 79.785 46.721 70.125 32.273 7.5 131.52 312.4
8 159 94.472 2680.9 120.33 43.223 39.044 79.605 46.721 70.125 32.273 7.5 133.52 299.37
8 160 95.232 2676.1 119.87 40.224 37.607 80.082 46.721 70.125 32.273 7.5 132.84 296.19
8 161 93.544 2692.1 118.86 42.25 38.768 79.349 46.721 67.767 32.273 7.5 132.31 297.28
8 162 98.911 2699.9 118.27 42.413 40.533 79.354 46.721 67.767 32.273 7.5 139.44 294.53
8 163 98.59 2697.8 118.67 45.584 42.458 78.722 46.721 67.767 27.133 7.5 141.05 305.68
8 164 101.68 2707.7 118.31 42.257 42.409 78.582 46.721 67.767 27.133 7.5 144.09 319.32
8 165 100.62 2712.9 118.71 43.313 41.891 78.632 46.721 67.767 27.133 7.5 142.51 319.84
8 166 99.727 2718.7 119.23 48.421 42.746 79.625 46.721 67.767 27.133 7.5 142.47 316.17
8 167 102.49 2722.2 119.03 43.228 43.205 78.413 46.721 67.767 27.133 7.5 145.7 318.36
8 168 101.5 2717.6 119.5 45.1 44.547 79.067 46.721 67.767 27.133 7.5 146.05 315.35
8 169 105.21 2710.5 119.93 45.574 42.333 79.464 46.721 67.767 31.199 7.5 147.54 318.16
8 170 106.08 2714.5 120.79 50.164 37.438 80.003 46.721 67.767 31.199 7.5 143.52 312.76
8 171 108.14 2712.7 121.2 53.088 36.867 80.745 46.721 67.767 31.199 7.5 145.01 296.71
8 172 104.9 2723.9 120.88 51.627 36.925 80.623 46.721 67.767 31.199 7.5 141.82 299.72
8 173 99.459 2731.8 121.15 48.687 38.391 80.498 46.721 67.767 31.199 7.5 137.85 293.65
8 174 100.17 2718.2 121.84 43.021 36.216 79.919 46.721 67.767 31.199 7.5 136.39 298.99
8 175 101.64 2707.1 122.04 44.179 36.263 80.408 46.721 67.767 34.31 7.5 137.9 286.59
8 176 105.09 2702.4 121.65 42.457 38.283 80.658 67.701 67.767 34.31 7.5 143.37 297.6
8 177 104.46 2705.2 121.08 42.864 37.061 80.789 67.701 67.767 34.31 7.5 141.52 291.08
8 178 103.54 2705.6 121.66 48.78 36.318 80.928 67.701 67.767 34.31 7.5 139.85 288.92
8 179 101.98 2703.7 121.29 53.498 37.866 80.926 67.701 67.767 34.31 7.5 139.85 289.07
8 180 100.85 2710.5 121.07 53.725 38.494 80.782 67.701 67.767 34.31 7.5 139.34 281.72
8 181 101.8 2706.8 120.46 52.916 40.976 80.841 67.701 67.767 30.132 7.5 142.77 298.87
8 182 100.39 2711.1 120.06 51.629 42.914 81.091 67.701 67.767 30.132 7.5 143.3 298.18
8 183 101.01 2712.7 119.36 53.39 45.247 80.582 67.701 67.767 30.132 7.5 146.26 309.94
8 184 100.43 2706.3 119.84 52.569 42.981 80.157 67.701 67.767 30.132 7.5 143.41 313.8
8 185 100.56 2713.8 119.92 58.357 42.88 80.5 67.701 67.767 30.132 7.5 143.44 313.1
8 186 104.63 2704.6 119.96 54.798 42.185 80.242 67.701 67.767 30.132 7.5 146.81 308.09
8 187 105.27 2699.5 119.95 51.673 41.248 80.282 67.701 67.767 28.662 7.5 146.52 310.34
8 188 106.67 2700.8 120.53 49.771 39.351 80.436 67.701 67.767 28.662 7.5 146.02 305.73
8 189 109.57 2716.9 121.09 52.217 36.782 80.583 67.701 67.767 28.662 7.5 146.35 291.01
8 190 110.03 2722.7 121.01 55.712 37.697 80.624 67.701 67.767 28.662 7.5 147.73 281.49
8 191 114.03 2735.3 121.48 55.375 39.051 80.523 67.701 67.767 28.662 7.5 153.09 290.86
8 192 119.15 2737.2 121.19 55.185 42.332 81.029 67.701 67.767 28.662 7.5 161.48 293.85
8 193 116.12 2752.7 121.56 55.134 41.231 81.367 67.701 67.767 34.333 7.5 157.35 304.57
8 194 116.72 2765.3 121.73 57.224 43.066 81.781 67.701 67.767 34.333 7.5 159.79 298.88
8 195 116.27 2763 122.39 53.444 43.168 81.647 67.701 67.767 34.333 7.5 159.44 303.8
8 196 120.49 2770.2 123.15 58.255 43.472 82.322 67.701 67.767 34.333 7.5 163.96 308.33
8 197 114.13 2772.1 123.09 62.492 43.769 82.848 67.701 67.767 34.333 7.5 157.9 319.58
8 198 111.77 2784.5 122.77 63.38 45.498 83.741 67.701 67.767 34.333 7.5 157.27 309.94
8 199 107.88 2763.3 122.23 62.799 45.427 83.455 67.701 67.767 40.969 7.5 153.31 314.82
8 200 109.84 2750.8 123.46 60.634 43.376 83.15 67.701 67.767 40.969 7.5 153.21 319.95
8 201 109.47 2719.8 122.23 63.921 43.673 83.73 59.209 21.372 40.969 7.5 153.14 308.32
8 202 109.87 2728 121.98 57.003 42.435 83.522 59.209 21.372 40.969 7.5 152.31 304.88
8 203 109.61 2734.2 121.04 53.447 43 82.238 59.209 21.372 40.969 7.5 152.61 296.26
8 204 111.85 2730.2 121.83 58.758 42.512 82.363 59.209 21.372 40.969 7.5 154.36 300.08
8 205 111.58 2732.8 121.55 55.834 42.248 81.563 59.209 21.372 35.721 7.5 153.82 300.99
8 206 110.96 2733.6 122.23 52.863 40.928 81.46 59.209 21.372 35.721 7.5 151.89 301.49
8 207 104.55 2729.2 122.66 47.021 40.874 81.596 59.209 21.372 35.721 7.5 145.42 293.91
8 208 104.48 2726.8 123.23 49.652 38.171 82.023 59.209 21.372 35.721 7.5 142.65 295.06
8 209 104.67 2718.3 123.28 54.866 39.309 82.454 59.209 21.372 35.721 7.5 143.98 281.81
8 210 103.61 2703.6 122.68 53.354 39.072 82.634 59.209 21.372 35.721 7.5 142.69 286.99
8 211 101.74 2700.4 122.63 48.21 35.677 82.073 59.209 21.372 32.672 7.5 137.42 298.25
8 212 105.27 2694.6 123.21 48.47 34.415 81.761 59.209 21.372 32.672 7.5 139.69 275.91
8 213 103.96 2683.1 122.95 43.324 34.759 81.128 59.209 21.372 32.672 7.5 138.72 270.38
8 214 100.86 2699.1 122.99 45.717 30.847 81.19 59.209 21.372 32.672 7.5 131.71 269.13
8 215 102.94 2698.2 122.79 50.472 33.698 81.638 59.209 21.372 32.672 7.5 136.64 256.9
8 216 106.03 2697.8 122.64 49.08 35.644 81.001 59.209 21.372 32.672 7.5 141.67 269.8
8 217 102.24 2705.7 122.33 51.103 37.742 81.137 59.209 21.372 29.396 7.5 139.98 275.53
8 218 99.547 2717.8 121.37 55.09 38.638 82.041 59.209 21.372 29.396 7.5 138.19 282.22
8 219 96.101 2712.5 121.76 60.193 38.821 82.177 59.209 21.372 29.396 7.5 134.92 288.54
8 220 99.466 2706.4 122.2 55.334 40.976 81.276 59.209 21.372 29.396 7.5 140.44 288.21
8 221 101.4 2697.6 121.06 55.046 40.627 81.648 59.209 21.372 29.396 7.5 142.03 286.32
8 222 103.28 2703.3 120.92 51.126 41.214 81.502 59.209 21.372 29.396 7.5 144.5 300.89
8 223 103.08 2704 120.35 49.45 41.421 80.801 59.209 21.372 28.266 7.5 144.51 302.46
8 224 102.47 2709.9 121.11 53.342 37.665 80.907 59.209 21.372 28.266 7.5 140.13 297.79
8 225 101.89 2712.9 121.85 49.064 36.391 80.032 59.209 21.372 28.266 7.5 138.28 286.87
8 226 105.53 2721.9 122.05 48.696 39.694 80.283 66.158 21.372 28.266 7.5 145.22 280.76
8 227 103.69 2711.4 121.74 50.236 41.62 80.956 66.158 21.372 28.266 7.5 145.31 286.97
8 228 101.76 2715.6 121.92 52.304 40.977 81.166 66.158 21.372 28.266 7.5 142.74 289.28
8 229 99.986 2706.2 121.99 47.786 38.334 80.767 66.158 21.372 32.276 7.5 138.32 288.87
8 230 101.22 2700.5 123.35 47.47 34.422 81.091 66.158 21.372 32.276 7.5 135.65 281.29
8 231 102.24 2706.4 122.43 46.319 37.973 80.632 66.158 21.372 32.276 7.5 140.21 274.03
8 232 101.26 2713.7 121.69 42.915 38.735 81.176 66.158 21.372 32.276 7.5 140 277.32
8 233 104.7 2722.6 121.18 50.664 41.975 81.291 66.158 21.372 32.276 7.5 146.68 282.92
8 234 109.43 2721.5 120.81 51.975 43.378 80.862 66.158 21.372 32.276 7.5 152.81 296.58
8 235 106.92 2739.5 120.14 51.388 47.876 81.113 66.158 21.372 29.085 7.5 154.8 305.47
8 236 109.04 2752.5 119.98 56.362 48.628 81.183 66.158 21.372 29.085 7.5 157.67 321.26
8 237 103.78 2740.7 121.03 57.344 46.408 81.449 66.158 21.372 29.085 7.5 150.18 320.37
8 238 105.12 2749.1 122.21 52.188 44.859 80.636 66.158 21.372 29.085 7.5 149.98 314.76
8 239 99.725 2729.6 121.3 51.557 46.123 81.298 66.158 21.372 29.085 7.5 145.85 305.44
8 240 99.931 2730.9 122 53.343 43.343 82.212 66.158 21.372 29.085 7.5 143.27 319.17
8 241 99.962 2741.3 121.35 54.997 45.016 81.699 66.158 79.348 30.709 7.5 144.98 308.41
8 242 102.31 2742.3 121.06 56.098 42.792 82.103 66.158 79.348 30.709 7.5 145.1 320.22
8 243 98.128 2744.4 120.49 57.96 46.05 81.704 66.158 79.348 30.709 7.5 144.18 315.19
8 244 93.513 2744.1 120.73 57.728 44.128 81.91 66.158 79.348 30.709 7.5 137.64 319.89
8 245 90.113 2742 121.22 56.853 42.952 81.413 66.158 79.348 30.709 7.5 133.06 311.62
8 246 94 2713.2 121.13 55.517 44.572 81.219 66.158 79.348 30.709 7.5 138.57 311.02
8 247 92.5 2701.6 121.51 60.436 39.947 81.429 66.158 79.348 24.312 7.5 132.45 313.32
8 248 93.889 2714.1 120.4 54.787 41.132 81.471 66.158 79.348 24.312 7.5 135.02 298.46
8 249 97.323 2714.5 119.49 54.718 41.244 80.658 66.158 79.348 24.312 7.5 138.57 293.09
8 250 96.437 2718.7 120.19 55.342 40.578 80.393 66.158 79.348 24.312 7.5 137.01 304.21
8 251 94.663 2737.2 119.95 53.257 41.265 79.52 62.314 79.348 24.312 7.5 135.93 292.6
8 252 96.706 2729.6 120.55 52.606 40.441 80.18 62.314 79.348 24.312 7.5 137.15 305.14
8 253 95.621 2732.5 121.02 52.997 41.558 80.04 62.314 79.348 25.603 7.5 137.18 301.07
8 254 89.871 2730.5 120.25 49.091 41.137 79.792 62.314 79.348 25.603 7.5 131.01 308.6
8 255 91.287 2728.1 120.4 49.96 42.953 80.812 62.314 79.348 25.603 7.5 134.24 303.07
8 256 90.781 2714.8 120.84 52.292 40.446 80.651 62.314 79.348 25.603 7.5 131.23 307.94
8 257 92.278 2715.6 121.08 49.221 40.592 80.209 62.314 79.348 25.603 7.5 132.87 298.08
8 258 89.332 2723.3 119.41 49.265 42.932 80.232 62.314 79.348 25.603 7.5 132.26 299.19
8 259 90.122 2724.9 119.61 53.648 42.85 80.635 62.314 79.348 23.638 7.5 132.97 312.59
8 260 90.641 2716.6 119.89 54.864 43.229 79.64 62.314 79.348 23.638 7.5 133.87 312.47
8 261 92.683 2707.2 120.34 51.868 41.616 80.068 62.314 79.348 23.638 7.5 134.3 308.37
8 262 95.876 2724 119.86 46.671 40.489 79.391 62.314 79.348 23.638 7.5 136.37 304.53
8 263 95.912 2717.6 119.78 42.339 40.149 79.314 62.314 79.348 23.638 7.5 136.06 303.71
8 264 98.393 2729.2 120.66 47.002 38.337 79.308 62.314 79.348 23.638 7.5 136.73 304.63
8 265 97.759 2731.7 120.71 46.313 39.389 79.045 62.314 79.348 25.538 7.5 137.15 290.62
8 266 97.128 2730.3 121.38 46.583 40.018 79.964 62.314 79.348 25.538 7.5 137.15 295.59
8 267 93.978 2731.1 122.69 46.321 36.119 79.714 62.314 79.348 25.538 7.5 130.1 293.62
8 268 97.583 2743.1 122.78 45.136 36.67 79.837 62.314 79.348 25.538 7.5 134.25 276.99
8 269 98.115 2727.8 121.78 50.355 39.239 81.022 62.314 79.348 25.538 7.5 137.35 289.14
8 270 102.83 2735.9 121.79 51.928 38.05 81.284 62.314 79.348 25.538 7.5 140.88 297.41
8 271 106.96 2741.4 121.65 56.71 38.943 81.372 62.314 79.348 27.463 7.5 145.9 291.51
8 272 109.53 2748.5 121.88 51.008 38.783 81.14 62.314 79.348 27.463 7.5 148.32 295.94
8 273 110.3 2761.2 122.25 53.634 38.348 81.312 62.314 79.348 27.463 7.5 148.65 297.68
8 274 110.26 2769.2 123.15 55.565 35.413 81.531 62.314 79.348 27.463 7.5 145.67 292.64
8 275 110.81 2771.4 124.33 48.836 35.801 81.208 62.314 79.348 27.463 7.5 146.62 285.57
8 276 110.38 2767.5 124.66 46.39 33.276 81.395 37.32 79.348 27.463 7.5 143.66 286.18
8 277 109.72 2785 125.09 44.282 32.658 82.52 37.32 79.348 34.792 7.5 142.38 283.85
8 278 105.91 2791.5 124.34 47.393 35.695 82.679 37.32 79.348 34.792 7.5 141.61 287
8 279 102.17 2788.8 124.83 49.622 37.099 82.612 37.32 79.348 34.792 7.5 139.27 289.61
8 280 105.12 2778.5 125.4 48.14 35.521 83.093 37.32 79.348 34.792 7.5 140.65 301.75
8 281 105.39 2765.7 125.39 51.707 34.325 83.222 37.32 70.459 34.792 7.5 139.72 291.67
8 282 106.9 2779.5 124.16 47.478 37.761 83.166 37.32 70.459 34.792 7.5 144.66 286.73
8 283 101.88 2776.2 123.22 47.947 38.688 83.195 37.32 70.459 34.306 7.5 140.57 300.38
8 284 100.56 2782.2 124.25 48.769 36.633 82.664 37.32 70.459 34.306 7.5 137.19 301.55
8 285 95.937 2765.8 124.18 48.034 37.696 81.759 37.32 70.459 34.306 7.5 133.63 292.32
8 286 92.458 2760.8 124.51 49.02 36.468 82.688 37.32 70.459 34.306 7.5 128.93 304.14
8 287 93.163 2755.8 123.83 50.539 35.882 82.872 37.32 70.459 34.306 7.5 129.05 297.07
8 288 91.791 2746.8 123.16 44.236 38.017 82.911 37.32 70.459 34.306 7.5 129.81 292.4
8 289 95.874 2742.2 122.24 44.254 38.701 81.967 37.32 70.459 27.385 7.5 134.57 300.2
8 290 91.755 2740.6 122.37 51.12 37.217 82.116 37.32 70.459 27.385 7.5 128.97 308
8 291 92.045 2754 122.03 44.658 37.771 81.08 37.32 70.459 27.385 7.5 129.82 302.69
8 292 89.767 2743.2 121.35 48.353 38.501 81.098 37.32 70.459 27.385 7.5 128.27 299.14
8 293 90.437 2746.2 122.1 49.087 38.709 81.202 37.32 70.459 27.385 7.5 129.15 307.84
8 294 91.969 2738.9 121.8 45.652 39.795 80.797 37.32 70.459 27.385 7.5 131.76 303.39
8 295 90.435 2747.2 121.67 47.46 38.078 80.873 37.32 70.459 24.748 7.5 128.51 305.78
8 296 86.603 2757.7 121.04 44.897 40.594 80.326 37.32 70.459 24.748 7.5 127.2 303.73
8 297 86.908 2747.8 120.87 40.648 43.335 80.181 37.32 70.459 24.748 7.5 130.24 307.18
8 298 87.637 2735.5 121.14 44.608 40.822 80.618 37.32 70.459 24.748 7.5 128.46 312.83
8 299 85.998 2732 121.54 49.191 39.217 80.423 37.32 70.459 24.748 7.5 125.22 311.66
8 300 88.588 2740 121.14 42.378 37.367 80.716 37.32 70.459 24.748 7.5 125.96 305.32
