order_id,created_at,customer_id,region,category,quantity,unit_price,discount_pct,amount,entered_by,status
ORD-000001,2026-03-01 08:02:17,1017.0,south,A,23,12.14,8.2,256.35,op5,closed
ORD-000002,2026-03-01 08:07:39,1001.0,north,B,5,46.83,8.1,215.19,op3,shipped
ORD-000003,2026-03-01 08:18:52,1039.0,central,A,25,13.21,7.8,304.54,op2,paid
ORD-000004,2026-03-01 08:19:19,1015.0,west,D,10,123.16,9.8,1110.89,op3,shipped
ORD-000005,2026-03-01 08:20:28,1023.0,north,B,35,46.09,0.0,1613.21,op6,closed
ORD-000006,2026-03-01 08:58:22,1024.0,west,C,6,3.31,5.4,18.78,op5,paid
ORD-000007,2026-03-01 08:59:04,1002.0,west,B,28,47.66,3.1,1293.24,op6,closed
ORD-000008,2026-03-01 09:00:57,1029.0,south,C,5,3.33,8.0,15.3,op4,paid
ORD-000009,2026-03-01 09:03:52,1004.0,east,B,13,45.95,2.0,585.46,op6,shipped
ORD-000010,2026-03-01 09:10:54,1031.0,central,B,30,47.76,6.3,1342.6,op5,paid
ORD-000011,2026-03-01 09:14:21,1020.0,north,C,22,3.15,7.5,64.14,op5,paid
ORD-000012,2026-03-01 09:22:29,1029.0,south,A,11,12.21,7.9,123.69,op2,paid
ORD-000013,2026-03-01 09:32:38,1006.0,east,A,14,12.03,9.7,152.12,op6,shipped
ORD-000014,2026-03-01 09:33:55,1038.0,south,D,35,126.85,9.5,4017.82,op2,paid
ORD-000015,2026-03-01 09:48:37,1027.0,west,A,34,12.47,5.4,401.19,op2,closed
ORD-000016,2026-03-01 10:02:10,1034.0,west,B,1,47.45,0.4,47.26,op2,paid
ORD-000017,2026-03-01 10:29:26,1006.0,west,A,9,11.85,6.2,100.02,op3,new
ORD-000018,2026-03-01 10:58:54,1015.0,east,C,13,3.3,9.5,38.86,op2,new
ORD-000019,2026-03-01 11:16:16,1009.0,south,C,6,3.3,8.5,18.14,op1,shipped
ORD-000020,2026-03-01 11:29:37,1006.0,north,A,12,12.41,0.0,148.97,op6,shipped
ORD-000021,2026-03-01 11:34:54,1009.0,central,C,3,3.06,2.2,8.98,op3,closed
ORD-000022,2026-03-01 11:40:27,1013.0,south,A,16,12.7,6.9,189.13,op2,paid
ORD-000023,2026-03-01 11:46:52,1003.0,west,B,27,47.92,6.7,1207.2,op3,new
ORD-000024,2026-03-01 11:55:59,1002.0,central,B,23,45.8,5.3,997.47,op6,shipped
ORD-000025,2026-03-01 12:19:29,1005.0,north,C,9,3.4,5.4,28.93,op6,new
ORD-000026,2026-03-01 12:28:04,1025.0,south,B,20,48.99,2.7,953.32,op1,closed
ORD-000027,2026-03-01 12:41:15,1003.0,north,C,28,3.1,6.6,81.04,op3,paid
ORD-000028,2026-03-01 13:20:47,1028.0,west,D,14,116.86,10.3,1467.57,op1,paid
ORD-000029,2026-03-01 13:21:09,1000.0,west,B,16,49.08,5.3,743.6,op3,closed
ORD-000030,2026-03-01 13:26:05,1027.0,east,C,14,3.31,0.0,46.36,op6,shipped
ORD-000031,2026-03-01 13:36:57,1005.0,south,C,5,3.25,3.0,15.78,op3,shipped
ORD-000032,2026-03-01 13:40:15,1024.0,west,A,28,12.68,6.6,331.73,op6,shipped
ORD-000033,2026-03-01 14:10:53,1015.0,central,B,14,47.4,6.7,619.2,op6,shipped
ORD-000034,2026-03-01 14:15:44,1014.0,south,D,13,127.47,2.8,1610.7,op5,shipped
ORD-000035,2026-03-01 14:19:17,1034.0,central,C,39,3.17,2.5,120.58,op1,shipped
ORD-000036,2026-03-01 14:31:39,1031.0,central,C,28,3.22,5.5,85.21,op4,paid
ORD-000037,2026-03-01 14:33:57,1019.0,north,B,16,48.54,5.9,730.8,op3,new
ORD-000038,2026-03-01 14:39:56,1032.0,north,A,20,12.39,5.5,234.15,op2,shipped
ORD-000039,2026-03-01 14:41:25,1001.0,west,C,3,3.27,5.0,9.33,op5,shipped
ORD-000040,2026-03-01 14:42:00,1016.0,east,A,10,13.09,4.9,124.46,op4,new
ORD-000041,2026-03-01 14:45:21,1018.0,west,B,7,44.74,2.9,304.12,op3,shipped
ORD-000042,2026-03-01 14:49:09,1001.0,central,A,30,12.42,0.0,372.55,op2,closed
ORD-000043,2026-03-01 15:00:32,1014.0,west,B,12,49.83,1.3,590.19,op6,new
ORD-000044,2026-03-01 15:08:50,1018.0,north,B,22,50.05,3.8,1059.35,op4,closed
ORD-000045,2026-03-01 15:39:03,1029.0,east,A,30,12.32,7.3,342.69,op5,new
ORD-000046,2026-03-01 15:44:32,1023.0,north,A,25,12.76,2.3,311.58,op5,shipped
ORD-000047,2026-03-01 15:44:33,1034.0,south,C,8,3.22,11.1,22.89,op6,shipped
ORD-000048,2026-03-01 15:47:41,1038.0,south,D,3,120.55,4.5,345.37,op1,new
ORD-000049,2026-03-01 15:50:21,1014.0,central,A,36,12.26,2.6,429.97,op2,paid
ORD-000050,2026-03-01 15:50:57,1000.0,north,A,18,12.88,7.3,214.99,op4,closed
ORD-000051,2026-03-01 15:51:04,1005.0,west,B,5,49.76,8.6,227.41,op5,closed
ORD-000052,2026-03-01 15:53:31,1028.0,west,A,21,13.11,9.5,249.16,op5,closed
ORD-000053,2026-03-01 16:23:13,1003.0,west,A,21,12.6,7.6,244.58,op6,paid
ORD-000054,2026-03-01 16:28:48,1005.0,east,D,17,120.54,6.7,1911.9,op2,new
ORD-000055,2026-03-01 16:37:54,1027.0,east,A,36,12.94,4.0,447.03,op5,new
ORD-000056,2026-03-01 16:40:13,1016.0,south,D,15,132.17,5.6,1871.59,op2,paid
ORD-000057,2026-03-01 16:41:56,1027.0,north,B,39,47.69,6.0,1748.26,op1,new
ORD-000058,2026-03-01 16:42:29,1009.0,west,B,6,47.9,2.9,279.07,op4,paid
ORD-000059,2026-03-01 16:51:10,1033.0,north,B,5,50.61,6.4,236.83,op2,closed
ORD-000060,2026-03-01 16:57:15,1004.0,east,B,20,46.38,0.0,927.56,op5,closed
ORD-000061,2026-03-01 17:02:14,1001.0,central,A,12,11.55,3.0,134.39,op5,closed
ORD-000062,2026-03-01 17:14:34,1035.0,south,B,31,49.47,3.7,1476.96,op6,paid
ORD-000063,2026-03-01 17:15:27,1008.0,west,B,32,50.08,5.2,1519.19,op4,paid
ORD-000064,2026-03-01 17:18:26,1028.0,south,C,23,3.33,6.4,71.73,op5,closed
ORD-000065,2026-03-01 17:28:39,1013.0,east,A,13,12.89,6.1,157.4,op3,closed
ORD-000066,2026-03-01 17:47:50,1029.0,south,A,13,12.93,5.9,158.17,op2,shipped
ORD-000067,2026-03-01 17:48:45,1005.0,central,C,30,3.14,0.7,93.42,op5,new
ORD-000068,2026-03-01 18:21:10,1003.0,central,B,8,49.58,11.5,351.03,op5,paid
ORD-000069,2026-03-01 18:27:28,1006.0,east,A,1,12.13,3.5,11.71,op4,paid
ORD-000070,2026-03-01 18:27:35,1023.0,central,C,15,3.05,8.7,41.78,op1,closed
ORD-000071,2026-03-01 18:28:19,1028.0,west,A,26,12.43,5.8,304.38,op4,closed
ORD-000072,2026-03-01 18:29:39,1018.0,south,C,13,3.08,5.5,37.81,op1,paid
ORD-000073,2026-03-01 18:43:19,1006.0,central,B,38,46.44,4.3,1688.71,op1,paid
ORD-000074,2026-03-01 18:53:00,1015.0,west,A,8,12.26,4.8,93.4,op4,shipped
ORD-000075,2026-03-01 19:36:06,1014.0,central,B,7,47.43,0.2,331.35,op4,closed
ORD-000076,2026-03-01 19:38:22,1023.0,west,B,17,48.25,3.9,788.24,op6,paid
ORD-000077,2026-03-01 19:41:29,1028.0,south,A,19,12.12,11.6,203.57,op6,new
ORD-000078,2026-03-01 19:52:40,1003.0,south,D,14,117.89,7.0,1534.99,op1,paid
ORD-000079,2026-03-01 19:59:37,1011.0,west,A,36,12.45,3.2,433.8,op2,shipped
ORD-000080,2026-03-01 20:11:17,1021.0,west,A,21,12.57,3.8,253.88,op2,new
ORD-000081,2026-03-01 20:14:02,1033.0,south,C,20,3.25,3.5,62.68,op4,paid
ORD-000082,2026-03-01 20:21:49,1030.0,east,B,33,49.15,4.4,1550.53,op1,shipped
ORD-000083,2026-03-01 20:23:34,1014.0,south,A,38,12.59,8.9,435.96,op4,paid
ORD-000084,2026-03-01 20:58:14,1019.0,central,B,14,48.68,6.5,637.28,op2,new
ORD-000085,2026-03-01 20:59:06,1002.0,central,A,19,12.76,3.4,234.23,op5,new
ORD-000086,2026-03-01 21:00:51,1017.0,north,C,27,3.2,0.0,86.4,op2,shipped
ORD-000087,2026-03-01 21:12:21,1012.0,west,B,38,48.29,10.0,1651.61,op5,closed
ORD-000088,2026-03-01 21:13:17,1039.0,north,B,7,46.7,8.3,299.75,op5,paid
ORD-000089,2026-03-01 21:30:44,1006.0,west,B,30,48.36,4.9,1379.8,op4,paid
ORD-000090,2026-03-01 21:42:13,1022.0,north,A,10,12.88,6.1,120.94,op5,new
ORD-000091,2026-03-01 22:06:40,1021.0,west,B,39,47.07,3.8,1765.89,op1,shipped
ORD-000092,2026-03-01 22:20:14,1030.0,east,B,34,49.94,3.0,1647.18,op4,shipped
ORD-000093,2026-03-01 22:29:02,1029.0,west,C,31,3.15,12.3,85.68,op5,shipped
ORD-000094,2026-03-01 22:32:16,1004.0,east,A,30,12.92,0.0,387.47,op5,shipped
ORD-000095,2026-03-01 22:54:58,1012.0,west,A,13,13.14,4.1,163.86,op6,paid
ORD-000096,2026-03-01 22:59:32,1018.0,north,A,28,12.59,6.3,330.4,op5,shipped
ORD-000097,2026-03-01 23:09:09,1012.0,central,B,37,47.46,6.6,1640.0,op1,new
ORD-000098,2026-03-01 23:12:27,1016.0,central,B,32,48.68,5.1,1478.35,op4,closed
ORD-000099,2026-03-01 23:31:04,1013.0,central,A,18,12.36,4.3,212.84,op2,closed
ORD-000100,2026-03-01 23:39:32,1007.0,west,D,35,116.76,6.0,3841.33,op2,shipped
ORD-000101,2026-03-01 23:57:13,1016.0,east,A,30,12.9,1.7,380.51,op1,closed
ORD-000102,2026-03-02 00:28:13,1014.0,west,A,37,11.78,1.7,428.39,op1,shipped
ORD-000103,2026-03-02 00:28:58,1030.0,north,C,19,3.29,6.8,58.25,op4,paid
ORD-000104,2026-03-02 00:44:32,1026.0,west,A,29,12.21,2.7,344.56,op6,shipped
ORD-000105,2026-03-02 00:51:58,1000.0,west,A,6,12.86,7.1,71.68,op5,new
ORD-000106,2026-03-02 01:09:56,1030.0,west,A,37,12.31,8.4,417.32,op1,closed
ORD-000107,2026-03-02 01:20:41,1014.0,central,B,17,50.69,9.2,782.41,op6,paid
ORD-000108,2026-03-02 01:24:41,1011.0,west,A,11,12.32,8.5,123.96,op6,paid
ORD-000109,2026-03-02 01:25:45,1031.0,east,A,33,11.65,1.9,377.23,op3,shipped
ORD-000110,2026-03-02 01:55:13,1005.0,east,A,19,13.62,5.2,245.27,op2,new
ORD-000111,2026-03-02 02:01:23,1032.0,south,A,13,12.52,5.0,154.58,op5,shipped
ORD-000112,2026-03-02 02:05:14,1015.0,south,C,8,3.19,8.2,23.42,op1,new
ORD-000113,2026-03-02 02:26:49,1016.0,north,A,8,12.5,4.1,95.91,op1,new
ORD-000114,2026-03-02 02:29:27,1035.0,north,B,5,47.55,9.0,216.35,op3,paid
ORD-000115,2026-03-02 02:51:01,1039.0,south,A,38,12.62,5.5,453.06,op2,new
ORD-000116,2026-03-02 02:59:52,1020.0,south,A,16,12.22,9.0,177.86,op2,closed
ORD-000117,2026-03-02 03:00:50,1006.0,west,A,17,13.33,5.4,214.42,op2,new
ORD-000118,2026-03-02 03:01:57,1035.0,east,A,14,12.24,5.4,162.09,op5,paid
ORD-000119,2026-03-02 03:29:22,1031.0,north,B,5,48.96,1.8,240.39,op3,new
ORD-000120,2026-03-02 03:39:50,1006.0,central,C,25,3.33,3.9,80.04,op6,closed
ORD-000121,2026-03-02 03:41:48,1035.0,south,B,1,47.69,9.7,43.06,op4,new
ORD-000122,2026-03-02 03:48:40,1033.0,central,A,16,12.83,9.6,185.65,op4,paid
ORD-000123,2026-03-02 03:49:48,1015.0,north,A,34,12.3,0.0,418.12,op4,paid
ORD-000124,2026-03-02 03:51:59,1006.0,east,C,7,3.1,12.1,19.1,op2,paid
ORD-000125,2026-03-02 03:53:22,1030.0,west,A,22,12.2,10.2,240.99,op6,shipped
ORD-000126,2026-03-02 04:18:58,1031.0,north,A,20,12.92,2.9,250.83,op5,closed
ORD-000127,2026-03-02 04:28:19,1013.0,south,B,13,49.55,7.3,597.07,op3,paid
ORD-000128,2026-03-02 04:29:21,1002.0,north,A,13,12.16,7.8,145.72,op2,paid
ORD-000129,2026-03-02 04:30:42,1030.0,west,D,20,123.74,0.0,2474.86,op2,shipped
ORD-000130,2026-03-02 04:32:57,1027.0,south,A,30,12.16,4.5,348.32,op3,new
ORD-000131,2026-03-02 05:09:21,1011.0,east,A,26,12.57,5.4,309.2,op1,closed
ORD-000132,2026-03-02 05:40:04,1020.0,north,B,27,49.03,4.4,1265.53,op6,paid
ORD-000133,2026-03-02 05:52:12,1027.0,north,B,28,45.0,0.9,1248.61,op4,paid
ORD-000134,2026-03-02 05:53:34,1003.0,south,B,38,48.91,4.6,1773.2,op6,shipped
ORD-000135,2026-03-02 05:57:08,1037.0,east,A,24,12.39,6.7,277.35,op3,shipped
ORD-000136,2026-03-02 06:05:27,1026.0,west,C,38,3.06,6.3,108.81,op6,shipped
ORD-000137,2026-03-02 06:08:33,1002.0,east,C,37,3.27,1.7,118.79,op4,closed
ORD-000138,2026-03-02 06:11:38,1006.0,north,B,23,48.42,12.0,979.98,op5,closed
ORD-000139,2026-03-02 06:12:23,1024.0,west,C,30,3.23,1.8,95.29,op5,paid
ORD-000140,2026-03-02 06:44:41,1031.0,south,C,11,3.17,3.1,33.82,op2,new
ORD-000141,2026-03-02 07:01:37,1033.0,north,A,3,12.24,6.6,34.3,op1,paid
ORD-000142,2026-03-02 07:34:28,1019.0,central,A,22,12.0,3.5,254.66,op6,paid
ORD-000143,2026-03-02 07:39:41,1010.0,west,A,20,12.41,3.3,239.98,op3,new
ORD-000144,2026-03-02 07:44:53,1028.0,east,A,12,12.1,3.4,140.21,op3,paid
ORD-000145,2026-03-02 08:15:51,1006.0,central,C,5,3.16,4.6,15.05,op2,new
ORD-000146,2026-03-02 08:22:02,1035.0,east,A,21,12.65,12.2,233.21,op5,new
ORD-000147,2026-03-02 08:24:59,1023.0,south,A,37,12.8,4.1,454.08,op5,shipped
ORD-000148,2026-03-02 08:37:34,1015.0,east,B,30,48.6,3.3,1409.79,op5,closed
ORD-000149,2026-03-02 08:38:49,1030.0,south,A,2,12.6,1.5,24.83,op3,paid
ORD-000150,2026-03-02 08:44:28,1010.0,west,A,29,12.39,5.6,339.18,op2,closed
ORD-000151,2026-03-02 09:07:05,1015.0,east,B,19,49.36,6.7,874.96,op1,shipped
ORD-000152,2026-03-02 09:15:09,1035.0,south,C,18,3.31,2.5,58.14,op3,new
ORD-000153,2026-03-02 09:16:24,1003.0,south,C,27,3.15,3.6,82.0,op5,closed
ORD-000154,2026-03-02 09:33:33,1015.0,west,D,12,118.34,6.1,1333.51,op3,paid
ORD-000155,2026-03-02 09:37:54,1021.0,central,B,28,46.54,3.2,1261.53,op4,shipped
ORD-000156,2026-03-02 09:52:58,1000.0,north,D,2,118.85,2.5,231.76,op5,new
ORD-000157,2026-03-02 09:55:37,1006.0,east,A,12,12.33,7.1,137.42,op4,closed
ORD-000158,2026-03-02 10:03:42,1029.0,west,B,34,50.83,8.8,1576.09,op6,new
ORD-000159,2026-03-02 10:16:15,1001.0,west,C,39,3.33,3.9,124.82,op5,paid
ORD-000160,2026-03-02 10:26:16,1004.0,west,B,33,45.99,0.0,1517.8,op3,paid
ORD-000161,2026-03-02 10:28:33,1025.0,north,A,25,12.79,6.3,299.55,op3,closed
ORD-000162,2026-03-02 10:30:18,1020.0,south,C,24,3.17,0.3,75.97,op1,closed
ORD-000163,2026-03-02 10:35:39,1023.0,central,D,20,113.58,10.5,2033.08,op4,closed
ORD-000164,2026-03-02 11:22:58,1017.0,west,A,32,12.59,5.8,379.49,op4,paid
ORD-000165,2026-03-02 11:24:12,1002.0,south,B,16,46.98,6.9,699.78,op3,paid
ORD-000166,2026-03-02 11:30:34,1012.0,north,A,8,12.61,5.8,95.03,op1,closed
ORD-000167,2026-03-02 11:58:19,1013.0,north,B,24,48.73,8.0,1075.98,op1,shipped
ORD-000168,2026-03-02 11:59:05,1029.0,central,B,26,47.02,7.1,1135.7,op4,paid
ORD-000169,2026-03-02 12:07:06,1016.0,north,A,24,13.06,6.3,293.71,op2,paid
ORD-000170,2026-03-02 12:10:11,1004.0,east,C,12,3.21,5.6,36.38,op6,paid
ORD-000171,2026-03-02 12:14:45,1028.0,west,A,33,12.19,0.4,400.8,op3,shipped
ORD-000172,2026-03-02 12:22:55,1022.0,east,C,33,3.04,7.0,93.27,op4,closed
ORD-000173,2026-03-02 12:26:07,1007.0,central,C,1,3.41,4.1,3.27,op5,shipped
ORD-000174,2026-03-02 12:51:26,1034.0,north,A,16,12.19,5.7,183.88,op4,closed
ORD-000175,2026-03-02 12:58:07,1003.0,north,A,9,12.52,7.8,103.86,op4,shipped
ORD-000176,2026-03-02 13:12:27,1029.0,west,B,19,48.38,2.4,897.22,op6,shipped
ORD-000177,2026-03-02 13:14:33,1014.0,east,B,23,49.27,2.6,1103.65,op3,closed
ORD-000178,2026-03-02 13:55:39,1027.0,east,A,15,11.98,7.4,166.37,op4,new
ORD-000179,2026-03-02 14:04:43,1032.0,north,B,35,44.41,2.8,1510.7,op4,new
ORD-000180,2026-03-02 14:05:22,1006.0,south,A,17,12.53,3.5,205.56,op2,closed
ORD-000181,2026-03-02 14:30:57,1015.0,central,B,5,45.78,3.6,220.65,op6,closed
ORD-000182,2026-03-02 14:50:46,1001.0,south,B,34,47.55,6.8,1506.64,op6,paid
ORD-000183,2026-03-02 15:08:04,1035.0,east,C,37,3.4,4.1,120.56,op3,shipped
ORD-000184,2026-03-02 15:14:38,1028.0,east,A,38,12.26,5.5,440.31,op2,shipped
ORD-000185,2026-03-02 15:35:21,1019.0,west,A,15,12.74,9.0,173.96,op3,shipped
ORD-000186,2026-03-02 15:45:31,1036.0,north,D,11,115.81,6.6,1189.82,op5,shipped
ORD-000187,2026-03-02 15:57:27,1024.0,central,B,21,52.31,6.4,1028.21,op3,paid
ORD-000188,2026-03-02 15:58:19,1003.0,south,A,32,12.34,4.8,376.01,op1,new
ORD-000189,2026-03-02 16:03:42,1035.0,east,A,33,12.64,3.7,401.62,op1,paid
ORD-000190,2026-03-02 16:09:18,1011.0,north,A,-38,12.43,0.5,470.09,op4,new
ORD-000191,2026-03-02 16:19:53,1025.0,north,A,30,12.25,4.3,351.82,op5,shipped
ORD-000192,2026-03-02 16:40:00,1039.0,central,A,21,12.89,8.2,248.54,op2,shipped
ORD-000193,2026-03-02 16:49:03,1037.0,north,A,36,12.4,10.5,399.43,op5,paid
ORD-000194,2026-03-02 16:57:47,1007.0,south,D,24,116.49,3.2,2706.25,op3,paid
ORD-000195,2026-03-02 17:02:20,1008.0,south,C,7,3.14,5.0,20.9,op3,shipped
ORD-000196,2026-03-02 17:05:35,1010.0,north,B,33,47.48,6.5,1465.09,op3,shipped
ORD-000197,2026-03-02 17:11:06,1030.0,south,A,37,12.52,5.9,435.78,op1,paid
ORD-000198,2026-03-02 17:11:35,1012.0,east,C,26,3.21,3.7,80.32,op5,new
ORD-000199,2026-03-02 17:16:27,1038.0,central,A,23,12.17,0.0,279.85,op4,shipped
ORD-000200,2026-03-02 17:28:58,1014.0,south,C,21,3.14,3.5,63.72,op2,shipped
ORD-000201,2026-03-02 17:36:43,1034.0,north,A,16,13.26,2.9,206.07,op2,shipped
ORD-000202,2026-03-02 18:17:53,1035.0,east,A,35,12.38,3.9,416.25,op5,paid
ORD-000203,2026-03-02 18:20:45,1037.0,west,A,12,12.99,4.4,149.02,op6,paid
ORD-000204,2026-03-02 18:38:18,1023.0,central,C,22,3.15,2.8,67.35,op3,closed
ORD-000205,2026-03-02 18:46:01,1035.0,west,D,15,121.01,5.6,1713.56,op4,closed
ORD-000206,2026-03-02 18:55:26,1007.0,east,C,31,3.13,2.9,94.24,op5,shipped
ORD-000207,2026-03-02 19:00:26,1000.0,east,A,2,11.71,0.7,23.26,op4,new
ORD-000208,2026-03-02 19:02:48,1016.0,central,A,36,12.26,6.0,414.72,op5,new
ORD-000209,2026-03-02 19:12:33,1022.0,central,D,9,122.87,4.7,1053.86,op5,closed
ORD-000210,2026-03-02 19:26:57,1033.0,west,A,13,12.95,6.1,158.04,op1,paid
ORD-000211,2026-03-02 19:33:40,1017.0,central,C,4,3.3,7.9,12.14,op5,paid
ORD-000212,2026-03-02 19:34:09,1015.0,west,B,33,47.04,0.4,1546.25,op6,new
ORD-000213,2026-03-02 19:35:21,1032.0,west,A,19,12.34,4.1,224.77,op3,new
ORD-000214,2026-03-02 19:46:02,1019.0,south,B,8,46.17,1.1,365.27,op5,paid
ORD-000215,2026-03-02 20:03:03,1021.0,central,A,18,12.56,5.5,213.7,op5,paid
ORD-000216,2026-03-02 20:03:41,1023.0,west,A,22,12.77,0.9,278.39,op3,new
ORD-000217,2026-03-02 20:17:31,1003.0,north,C,12,3.21,0.0,38.53,op5,new
ORD-000218,2026-03-02 20:33:18,1032.0,south,B,26,46.74,8.7,1109.55,op3,shipped
ORD-000219,2026-03-02 20:35:37,1017.0,west,B,27,48.42,1.6,1286.42,op6,new
ORD-000220,2026-03-02 20:50:23,1022.0,west,A,34,12.49,3.2,411.19,op6,shipped
ORD-000221,2026-03-02 20:58:07,1035.0,south,B,31,48.54,6.0,1414.4,op4,paid
ORD-000222,2026-03-02 21:10:35,1026.0,central,C,13,3.17,7.5,38.13,op2,paid
ORD-000223,2026-03-02 21:33:20,1005.0,west,B,37,48.13,5.3,1686.6,op6,shipped
ORD-000224,2026-03-02 21:35:02,1017.0,south,A,38,12.18,3.7,445.82,op1,paid
ORD-000225,2026-03-02 21:36:18,1031.0,west,B,39,46.62,10.6,1625.36,op4,shipped
ORD-000226,2026-03-02 21:58:53,1015.0,east,D,30,110.33,4.0,3177.55,op5,paid
ORD-000227,2026-03-02 22:01:36,1027.0,east,A,10,12.54,2.2,122.65,op2,new
ORD-000228,2026-03-02 22:08:30,1024.0,east,B,36,48.08,5.6,1634.08,op6,closed
ORD-000229,2026-03-02 22:36:38,1022.0,west,A,39,12.09,3.0,457.53,op4,closed
ORD-000230,2026-03-02 22:47:36,1015.0,north,A,10,13.05,5.8,122.93,op2,new
ORD-000231,2026-03-02 23:37:53,1029.0,north,A,6,12.93,2.1,75.94,op6,shipped
ORD-000232,2026-03-02 23:38:29,1005.0,south,C,22,3.36,6.1,69.38,op1,paid
ORD-000233,2026-03-02 23:39:24,1011.0,west,B,9,47.7,0.0,429.33,op2,shipped
ORD-000234,2026-03-02 23:43:39,1021.0,south,B,18,47.5,5.4,808.91,op5,paid
ORD-000235,2026-03-02 23:54:22,1027.0,north,A,9,12.59,6.9,105.53,op1,new
ORD-000236,2026-03-02 23:55:12,1014.0,central,A,38,12.82,5.4,461.01,op1,new
ORD-000237,2026-03-02 23:55:31,1035.0,north,B,27,50.1,4.8,1287.79,op5,shipped
ORD-000238,2026-03-02 23:59:06,1032.0,west,C,32,3.1,11.6,87.67,op1,new
ORD-000239,2026-03-03 00:03:33,1017.0,south,A,22,12.41,5.0,259.34,op1,new
ORD-000240,2026-03-03 00:23:35,1021.0,north,A,7,11.7,2.6,79.77,op2,new
ORD-000241,2026-03-03 00:27:17,1036.0,north,A,36,12.37,5.0,423.18,op2,paid
ORD-000242,2026-03-03 00:27:22,1024.0,north,B,36,49.24,8.9,1614.85,op5,paid
ORD-000243,2026-03-03 00:28:45,1024.0,west,B,4,48.91,3.5,188.8,op2,new
ORD-000244,2026-03-03 00:32:06,1006.0,south,B,15,51.37,0.0,770.48,op4,shipped
ORD-000245,2026-03-03 00:42:00,1010.0,north,D,19,122.28,3.9,2232.72,op2,shipped
ORD-000246,2026-03-03 00:53:08,1023.0,west,D,19,118.23,1.1,2221.64,op6,shipped
ORD-000247,2026-03-03 01:09:46,1030.0,south,A,6,12.19,4.1,70.13,op2,closed
ORD-000248,2026-03-03 01:17:37,1031.0,south,B,3,48.3,0.1,144.76,op4,shipped
ORD-000249,2026-03-03 01:51:31,1018.0,central,B,30,50.34,9.4,1368.29,op5,shipped
ORD-000250,2026-03-03 01:54:32,1016.0,north,C,20,3.07,4.7,58.55,op2,shipped
ORD-000251,2026-03-03 01:56:07,1027.0,west,B,19,46.51,6.7,824.53,op6,paid
ORD-000252,2026-03-03 02:03:14,1014.0,west,A,36,12.51,4.9,428.27,op4,paid
ORD-000253,2026-03-03 02:07:01,1003.0,west,A,29,12.35,7.2,332.33,op2,new
ORD-000254,2026-03-03 02:23:40,1010.0,south,A,19,12.82,4.0,233.84,op3,shipped
ORD-000255,2026-03-03 02:24:35,1028.0,east,B,34,47.24,3.5,1549.88,op2,closed
ORD-000256,2026-03-03 02:32:48,1020.0,east,A,2,12.5,2.1,24.47,op1,shipped
ORD-000257,2026-03-03 03:00:11,1003.0,south,B,39,47.9,3.0,1812.21,op2,closed
ORD-000258,2026-03-03 03:06:35,1013.0,central,A,33,12.56,7.3,384.29,op6,paid
ORD-000259,2026-03-03 03:11:21,1039.0,south,D,26,124.82,7.8,2992.22,op5,closed
ORD-000260,2026-03-03 03:13:42,1001.0,central,B,19,46.02,3.2,846.36,op6,shipped
ORD-000261,2026-03-03 03:45:54,1015.0,south,D,25,113.44,0.2,2830.33,op3,shipped
ORD-000262,2026-03-03 03:54:15,1014.0,west,B,4,45.73,7.5,169.2,op4,new
ORD-000263,2026-03-03 04:19:51,1031.0,east,B,11,47.49,2.1,511.44,op2,shipped
ORD-000264,2026-03-03 04:42:17,1035.0,west,D,28,120.22,2.7,3275.35,op4,new
ORD-000265,2026-03-03 05:03:00,1001.0,central,B,12,48.71,4.0,561.08,op6,new
ORD-000266,2026-03-03 05:04:08,1027.0,west,B,8,48.38,7.7,357.23,op3,shipped
ORD-000267,2026-03-03 05:05:55,1010.0,central,A,31,12.53,5.9,365.47,op6,shipped
ORD-000268,2026-03-03 05:19:27,1015.0,east,A,24,11.8,4.0,271.83,op3,new
ORD-000269,2026-03-03 05:22:56,1002.0,central,A,37,12.23,0.4,450.58,op2,closed
ORD-000270,2026-03-03 05:25:44,1005.0,north,A,17,12.64,4.9,204.4,op1,shipped
ORD-000271,2026-03-03 05:37:43,1034.0,central,B,10,46.1,8.3,422.74,op4,paid
ORD-000272,2026-03-03 05:44:30,1034.0,east,C,10,3.15,5.3,29.8,op6,shipped
ORD-000273,2026-03-03 05:48:19,1028.0,south,A,39,12.31,6.9,447.05,op5,shipped
ORD-000274,2026-03-03 05:52:20,1029.0,south,A,17,12.67,5.2,204.12,op5,shipped
ORD-000275,2026-03-03 05:55:50,1027.0,north,B,21,46.63,4.2,938.0,op6,new
ORD-000276,2026-03-03 05:56:38,1030.0,north,A,12,11.84,5.4,134.38,op2,new
ORD-000277,2026-03-03 06:32:03,1015.0,south,A,-21,12.34,4.9,246.39,op1,closed
ORD-000278,2026-03-03 06:44:23,1035.0,south,C,19,3.17,12.2,52.82,op5,paid
ORD-000279,2026-03-03 06:46:37,1030.0,central,D,13,122.84,5.6,1507.54,op5,closed
ORD-000280,2026-03-03 06:49:29,1015.0,east,C,23,3.14,4.8,68.65,op1,paid
ORD-000281,2026-03-03 06:59:42,1012.0,east,C,31,3.17,5.0,93.4,op4,closed
ORD-000282,2026-03-03 07:06:33,1000.0,central,C,20,3.14,5.7,59.29,op3,shipped
ORD-000283,2026-03-03 07:07:15,1039.0,south,D,33,118.01,5.8,3668.56,op4,new
ORD-000284,2026-03-03 07:07:23,1039.0,north,A,3,13.27,7.5,36.82,op5,paid
ORD-000285,2026-03-03 07:13:12,1007.0,west,C,29,2.95,7.4,79.1,op6,new
ORD-000286,2026-03-03 07:31:49,1020.0,south,C,23,3.25,5.8,70.46,op6,shipped
ORD-000287,2026-03-03 07:40:52,1018.0,west,D,9,116.86,0.0,1051.73,op6,closed
ORD-000288,2026-03-03 07:50:45,1018.0,north,C,37,3.2,7.5,109.57,op5,shipped
ORD-000289,2026-03-03 08:01:27,1020.0,east,B,30,45.65,5.8,1290.11,op6,new
ORD-000290,2026-03-03 08:09:38,1025.0,west,B,34,48.2,9.3,1486.47,op3,new
ORD-000291,2026-03-03 08:16:11,1025.0,west,A,24,12.17,0.0,292.01,op3,paid
ORD-000292,2026-03-03 08:25:29,1008.0,south,A,17,12.69,7.4,199.78,op6,new
ORD-000293,2026-03-03 08:27:48,1017.0,west,A,7,13.0,0.0,90.98,op4,new
ORD-000294,2026-03-03 08:30:53,1028.0,east,B,31,46.07,5.2,1354.05,op3,closed
ORD-000295,2026-03-03 08:32:35,1033.0,west,C,12,3.04,4.0,34.98,op4,shipped
ORD-000296,2026-03-03 08:33:11,1028.0,south,A,7,12.91,7.6,83.53,op3,new
ORD-000297,2026-03-03 08:55:00,1011.0,central,C,16,3.39,0.0,54.16,op6,closed
ORD-000298,2026-03-03 09:00:16,1024.0,east,A,28,12.48,7.2,324.29,op1,new
ORD-000299,2026-03-03 09:00:20,1019.0,east,B,15,44.87,0.0,673.09,op1,paid
ORD-000300,2026-03-03 09:04:24,1029.0,north,A,7,11.88,3.6,80.16,op2,paid
ORD-000301,2026-03-03 09:18:17,1000.0,central,B,-1,49.31,3.0,47.84,op2,paid
ORD-000302,2026-03-03 09:21:14,1022.0,west,C,4,3.37,6.6,12.58,op4,new
ORD-000303,2026-03-03 09:24:10,1004.0,south,C,12,3.18,3.6,36.81,op5,paid
ORD-000304,2026-03-03 09:38:29,1007.0,west,C,26,3.06,5.3,75.39,op4,closed
ORD-000305,2026-03-03 09:39:38,1002.0,west,A,27,12.92,2.8,339.01,op6,paid
ORD-000306,2026-03-03 09:39:40,1038.0,south,B,14,45.92,3.5,620.32,op6,closed
ORD-000307,2026-03-03 10:06:12,1017.0,central,A,-6,12.22,2.5,71.46,op5,paid
ORD-000308,2026-03-03 10:08:19,1023.0,central,B,21,46.99,6.1,926.51,op5,new
ORD-000309,2026-03-03 10:16:32,1016.0,north,A,12,12.23,3.0,142.38,op3,shipped
ORD-000310,2026-03-03 10:25:18,1021.0,west,B,2,48.71,1.9,95.56,op2,paid
ORD-000311,2026-03-03 10:27:26,1037.0,south,B,8,46.49,6.9,346.25,op2,closed
ORD-000312,2026-03-03 10:27:53,1039.0,north,A,9,12.53,6.2,105.81,op6,paid
ORD-000313,2026-03-03 10:28:38,1030.0,east,B,20,49.51,9.7,894.17,op6,new
ORD-000314,2026-03-03 11:03:50,1023.0,south,C,3,3.3,4.7,9.44,op1,new
ORD-000315,2026-03-03 11:09:05,1001.0,south,B,23,49.89,7.3,1063.74,op5,paid
ORD-000316,2026-03-03 11:09:11,1002.0,north,A,37,12.33,3.1,442.24,op3,new
ORD-000317,2026-03-03 11:15:13,1012.0,north,A,16,11.82,7.9,174.24,op1,paid
ORD-000318,2026-03-03 11:26:51,1033.0,south,B,5,48.19,9.4,218.31,op4,shipped
ORD-000319,2026-03-03 11:34:14,1018.0,west,A,12,12.56,9.3,136.75,op3,shipped
ORD-000320,2026-03-03 11:47:20,1000.0,north,B,36,48.34,0.0,1740.21,op4,paid
ORD-000321,2026-03-03 12:15:25,1011.0,east,C,36,3.16,1.4,112.04,op1,shipped
ORD-000322,2026-03-03 12:28:28,1003.0,west,B,3,48.59,0.0,145.76,op1,closed
ORD-000323,2026-03-03 12:31:12,1012.0,west,C,27,3.09,8.1,76.77,op4,shipped
ORD-000324,2026-03-03 12:35:33,1010.0,central,C,8,3.27,8.6,23.94,op2,shipped
ORD-000325,2026-03-03 12:35:34,1020.0,east,C,17,3.37,3.8,55.08,op2,shipped
ORD-000326,2026-03-03 12:43:45,1008.0,central,A,28,12.53,2.3,342.84,op1,closed
ORD-000327,2026-03-03 12:53:30,1005.0,south,B,19,48.01,3.0,884.77,op5,paid
ORD-000328,2026-03-03 13:04:54,1028.0,north,A,25,12.72,2.2,311.12,op1,new
ORD-000329,2026-03-03 13:05:19,1027.0,central,A,26,12.69,3.1,319.76,op6,closed
ORD-000330,2026-03-03 13:20:20,1037.0,east,B,2,48.77,2.5,95.1,op4,paid
ORD-000331,2026-03-03 13:33:13,1021.0,south,A,25,12.56,7.1,291.71,op2,new
ORD-000332,2026-03-03 14:05:11,1025.0,west,B,13,47.52,11.0,549.84,op3,paid
ORD-000333,2026-03-03 14:09:41,1033.0,east,B,21,50.24,4.5,1007.6,op3,closed
ORD-000334,2026-03-03 14:19:08,1026.0,east,A,6,12.03,7.4,66.82,op2,shipped
ORD-000335,2026-03-03 14:43:04,1031.0,west,B,10,49.58,9.6,448.23,op6,paid
ORD-000336,2026-03-03 14:46:33,1020.0,east,B,14,46.68,9.2,593.38,op1,new
ORD-000337,2026-03-03 14:48:41,1020.0,west,A,39,12.66,4.3,472.69,op6,closed
ORD-000338,2026-03-03 15:27:51,1010.0,north,D,14,116.34,6.5,1522.93,op6,closed
ORD-000339,2026-03-03 15:42:36,1024.0,north,D,20,114.17,9.0,2077.83,op3,shipped
ORD-000340,2026-03-03 15:53:28,1021.0,east,A,21,12.09,8.4,232.51,op5,paid
ORD-000341,2026-03-03 16:02:40,1037.0,west,C,33,3.1,9.2,92.9,op1,shipped
ORD-000342,2026-03-03 16:11:28,1004.0,east,B,30,49.88,3.0,1451.55,op2,closed
ORD-000343,2026-03-03 16:17:24,1026.0,north,C,4,3.14,5.0,11.92,op6,new
ORD-000344,2026-03-03 16:17:36,1016.0,east,D,2,117.23,7.7,216.41,op1,paid
ORD-000345,2026-03-03 16:24:19,1029.0,east,B,18,46.49,4.4,799.96,op2,shipped
ORD-000346,2026-03-03 16:37:28,1017.0,central,B,27,47.87,11.2,1147.79,op1,shipped
ORD-000347,2026-03-03 17:02:50,1001.0,west,A,8,12.47,12.5,87.28,op3,shipped
ORD-000348,2026-03-03 17:05:13,1030.0,east,B,37,48.74,2.5,1758.14,op2,paid
ORD-000349,2026-03-03 17:07:29,1021.0,west,D,32,117.24,3.2,3631.72,op3,paid
ORD-000350,2026-03-03 17:17:40,1026.0,east,A,14,12.02,4.8,160.18,op3,shipped
ORD-000351,2026-03-03 17:18:41,1021.0,east,A,20,12.45,6.0,234.1,op2,shipped
ORD-000352,2026-03-03 17:34:19,1001.0,west,D,-26,122.96,8.4,2928.38,op5,paid
ORD-000353,2026-03-03 17:35:29,1006.0,west,A,5,12.76,10.6,57.04,op5,shipped
ORD-000354,2026-03-03 17:42:03,1011.0,north,B,18,46.46,2.8,812.93,op4,shipped
ORD-000355,2026-03-03 18:07:16,1034.0,south,B,23,47.18,4.8,1033.09,op4,shipped
ORD-000356,2026-03-03 18:10:49,1022.0,east,B,12,48.4,7.5,537.2,op5,new
ORD-000357,2026-03-03 18:12:58,1025.0,south,D,11,117.66,3.4,1250.22,op6,paid
ORD-000358,2026-03-03 18:23:42,1019.0,east,A,21,11.94,6.6,234.24,op1,closed
ORD-000359,2026-03-03 18:39:29,1038.0,central,A,16,12.55,0.8,199.2,op6,shipped
ORD-000360,2026-03-03 18:48:47,1004.0,west,C,3,3.16,6.1,8.9,op3,closed
ORD-000361,2026-03-03 18:49:07,1015.0,south,A,7,12.59,4.6,84.07,op6,shipped
ORD-000362,2026-03-03 18:53:09,1001.0,east,A,27,12.8,6.4,323.46,op4,shipped
ORD-000363,2026-03-03 18:53:18,1005.0,central,A,35,12.29,1.7,422.83,op2,new
ORD-000364,2026-03-03 19:07:40,1026.0,west,B,21,46.25,2.6,946.03,op6,closed
ORD-000365,2026-03-03 19:08:10,1025.0,north,C,31,3.12,3.3,93.53,op5,shipped
ORD-000366,2026-03-03 19:41:29,1018.0,east,D,11,122.61,0.8,1337.88,op5,paid
ORD-000367,2026-03-03 19:48:33,1017.0,central,A,19,12.51,0.0,237.78,op1,new
ORD-000368,2026-03-03 19:51:21,1012.0,north,A,2,12.77,1.5,25.16,op6,new
ORD-000369,2026-03-03 20:06:57,1010.0,east,C,28,3.16,6.6,82.65,op2,paid
ORD-000370,2026-03-03 20:15:57,1022.0,south,D,37,122.48,4.3,4337.07,op4,shipped
ORD-000371,2026-03-03 20:26:23,1037.0,west,A,36,12.3,5.7,417.39,op3,paid
ORD-000372,2026-03-03 20:26:40,1018.0,central,B,26,46.98,4.7,1164.17,op4,shipped
ORD-000373,2026-03-03 20:35:22,1039.0,north,B,4,47.91,10.2,172.09,op5,paid
ORD-000374,2026-03-03 20:35:25,1030.0,east,B,2,47.74,3.6,92.04,op5,paid
ORD-000375,2026-03-03 20:37:18,1025.0,west,B,8,47.57,4.6,363.06,op1,closed
ORD-000376,2026-03-03 20:54:31,1022.0,west,A,31,12.5,7.4,358.79,op5,closed
ORD-000377,2026-03-03 21:08:05,1010.0,central,C,6,3.29,5.3,18.68,op2,shipped
ORD-000378,2026-03-03 21:13:28,1007.0,north,A,5,12.22,5.8,57.58,op1,closed
ORD-000379,2026-03-03 21:15:03,1015.0,east,D,28,113.42,6.5,2969.27,op2,closed
ORD-000380,2026-03-03 21:28:36,1023.0,central,D,18,121.31,2.1,2137.81,op4,paid
ORD-000381,2026-03-03 21:29:05,1022.0,central,C,39,3.38,1.4,129.89,op3,new
ORD-000382,2026-03-03 21:44:40,1009.0,east,A,5,12.88,3.0,62.46,op3,paid
ORD-000383,2026-03-03 21:57:14,1013.0,central,D,1,115.46,7.7,106.57,op2,closed
ORD-000384,2026-03-03 22:00:10,1029.0,south,A,36,12.65,12.6,398.09,op1,shipped
ORD-000385,2026-03-03 22:13:13,1003.0,north,B,6,49.55,1.7,292.24,op2,paid
ORD-000386,2026-03-03 22:20:44,1004.0,central,B,26,49.23,6.1,1201.98,op4,shipped
ORD-000387,2026-03-03 22:36:27,1030.0,central,A,8,13.17,0.0,105.38,op6,closed
ORD-000388,2026-03-03 22:42:25,1033.0,west,D,27,122.92,4.5,3169.38,op6,new
ORD-000389,2026-03-03 22:45:02,1019.0,south,A,25,11.42,6.0,268.45,op6,closed
ORD-000390,2026-03-03 23:15:41,1032.0,north,B,14,48.77,5.3,646.54,op2,paid
ORD-000391,2026-03-04 00:01:33,1017.0,east,A,32,12.19,1.1,385.75,op3,paid
ORD-000392,2026-03-04 00:23:58,1032.0,south,A,13,12.13,3.8,151.7,op4,new
ORD-000393,2026-03-04 00:26:32,1038.0,central,C,28,3.03,9.8,76.49,op5,shipped
ORD-000394,2026-03-04 00:44:16,1000.0,east,B,3,46.06,5.4,130.72,op5,shipped
ORD-000395,2026-03-04 00:51:23,1006.0,east,A,16,12.34,3.0,191.52,op3,shipped
ORD-000396,2026-03-04 00:56:21,1033.0,south,B,35,49.52,5.5,1637.98,op3,shipped
ORD-000397,2026-03-04 01:11:57,1033.0,north,A,35,12.91,2.5,440.72,op6,paid
ORD-000398,2026-03-04 01:14:38,1033.0,west,B,6,48.9,3.6,282.81,op5,paid
ORD-000399,2026-03-04 01:16:22,1037.0,central,C,28,3.32,4.0,89.12,op1,shipped
ORD-000400,2026-03-04 01:19:47,1010.0,north,A,24,12.33,4.8,281.71,op4,closed
ORD-000401,2026-03-04 01:29:04,1024.0,east,A,1,12.16,3.9,11.69,op2,new
ORD-000402,2026-03-04 01:40:13,1029.0,west,A,9,13.21,6.6,111.02,op5,paid
ORD-000403,2026-03-04 01:42:28,1032.0,north,A,20,12.66,0.7,251.39,op5,shipped
ORD-000404,2026-03-04 01:54:02,1036.0,central,D,4,118.53,1.5,467.02,op2,paid
ORD-000405,2026-03-04 02:09:59,1013.0,east,B,31,49.02,7.7,1402.73,op1,shipped
ORD-000406,2026-03-04 02:12:14,1022.0,east,B,2,46.84,3.6,90.31,op5,closed
ORD-000407,2026-03-04 02:20:15,1021.0,west,B,30,50.24,4.4,1440.83,op3,shipped
ORD-000408,2026-03-04 02:21:30,1039.0,north,B,13,46.02,3.5,577.3,op2,shipped
ORD-000409,2026-03-04 02:25:58,1022.0,west,A,14,12.28,3.4,166.03,op2,paid
ORD-000410,2026-03-04 02:38:19,1002.0,east,A,5,12.41,1.5,61.13,op6,paid
ORD-000411,2026-03-04 03:16:37,1027.0,east,A,36,12.41,5.2,423.42,op4,shipped
ORD-000412,2026-03-04 03:30:05,1019.0,west,A,33,12.01,4.8,377.16,op1,new
ORD-000413,2026-03-04 03:33:27,1030.0,east,A,7,12.81,2.1,87.79,op5,shipped
ORD-000414,2026-03-04 03:43:59,1028.0,east,C,24,3.26,5.1,74.17,op5,closed
ORD-000415,2026-03-04 03:48:31,1005.0,east,A,37,12.51,8.2,424.75,op2,new
ORD-000416,2026-03-04 03:49:53,1025.0,west,A,8,12.7,0.0,101.63,op6,new
ORD-000417,2026-03-04 04:06:36,1015.0,west,C,30,3.15,7.8,87.15,op1,paid
ORD-000418,2026-03-04 04:25:31,1009.0,central,D,2,123.39,3.1,239.13,op6,paid
ORD-000419,2026-03-04 04:36:49,1012.0,south,A,9,12.27,3.7,106.31,op5,closed
ORD-000420,2026-03-04 04:40:10,1009.0,east,B,19,46.38,5.7,830.97,op3,paid
ORD-000421,2026-03-04 04:47:01,1032.0,south,B,2,47.68,7.3,88.4,op6,shipped
ORD-000422,2026-03-04 04:58:57,1026.0,west,A,33,12.41,5.4,387.42,op6,paid
ORD-000423,2026-03-04 05:04:25,1036.0,west,A,2,12.62,6.6,23.57,op2,new
ORD-000424,2026-03-04 05:15:11,1021.0,central,C,10,3.26,1.0,32.3,op5,paid
ORD-000425,2026-03-04 05:29:53,1025.0,north,A,29,13.13,1.1,376.64,op1,new
ORD-000426,2026-03-04 05:35:08,1005.0,central,B,23,46.0,1.8,1039.05,op5,paid
ORD-000427,2026-03-04 05:46:35,1034.0,central,B,2,45.62,3.8,87.77,op5,shipped
ORD-000428,2026-03-04 05:49:23,1013.0,north,A,10,12.6,1.9,123.57,op6,closed
ORD-000429,2026-03-04 05:58:53,1028.0,south,C,31,3.32,1.6,101.42,op5,new
ORD-000430,2026-03-04 06:05:51,1015.0,west,C,38,3.3,7.1,116.43,op4,closed
ORD-000431,2026-03-04 06:27:08,1016.0,central,C,15,3.19,4.4,45.71,op2,new
ORD-000432,2026-03-04 06:30:06,1001.0,east,B,10,47.63,0.9,472.0,op4,shipped
ORD-000433,2026-03-04 06:32:25,1033.0,east,B,13,47.56,8.7,564.45,op6,shipped
ORD-000434,2026-03-04 06:41:10,1022.0,south,B,9,50.57,8.6,416.02,op6,new
ORD-000435,2026-03-04 06:46:59,1008.0,east,D,15,119.22,8.4,1638.03,op1,new
ORD-000436,2026-03-04 07:04:39,1001.0,west,B,24,48.46,0.0,1163.13,op5,paid
ORD-000437,2026-03-04 07:13:55,1019.0,east,A,33,12.03,1.1,392.74,op2,paid
ORD-000438,2026-03-04 07:18:54,1025.0,south,B,12,49.34,1.5,583.2,op1,shipped
ORD-000439,2026-03-04 07:54:55,1009.0,west,B,7,47.81,5.4,316.59,op4,shipped
ORD-000440,2026-03-04 08:00:03,1000.0,north,B,34,47.62,6.6,1512.2,op6,shipped
ORD-000441,2026-03-04 08:09:19,1018.0,east,D,10,118.93,6.4,1113.16,op3,new
ORD-000442,2026-03-04 08:23:14,1012.0,west,B,30,47.82,2.9,1392.91,op6,paid
ORD-000443,2026-03-04 08:35:28,1026.0,south,C,27,3.46,8.1,85.95,op3,paid
ORD-000444,2026-03-04 08:54:02,1006.0,west,B,28,48.9,11.2,1215.97,op1,paid
ORD-000445,2026-03-04 08:59:59,1027.0,central,B,24,48.98,5.2,1114.36,op2,shipped
ORD-000446,2026-03-04 09:11:16,1017.0,north,D,38,117.28,8.3,4086.67,op6,paid
ORD-000447,2026-03-04 09:11:36,1033.0,central,A,22,11.97,5.3,249.37,op4,paid
ORD-000448,2026-03-04 09:25:16,1017.0,south,A,17,11.69,0.0,198.73,op3,shipped
ORD-000449,2026-03-04 09:29:25,1013.0,east,B,9,47.16,3.0,411.74,op6,closed
ORD-000450,2026-03-04 10:13:10,1011.0,south,A,2,12.57,3.8,24.18,op2,closed
ORD-000451,2026-03-04 10:13:58,1028.0,west,A,38,12.59,6.6,446.94,op2,paid
ORD-000452,2026-03-04 10:40:35,1019.0,south,B,13,45.9,7.4,552.59,op6,paid
ORD-000453,2026-03-04 11:18:25,1034.0,south,B,18,48.97,3.2,853.23,op2,new
ORD-000454,2026-03-04 11:23:24,1012.0,north,D,10,118.02,1.8,1158.94,op5,closed
ORD-000455,2026-03-04 11:25:41,1032.0,west,A,15,12.93,2.2,189.75,op6,paid
ORD-000456,2026-03-04 11:28:38,1035.0,north,A,7,12.41,4.4,83.04,op4,shipped
ORD-000457,2026-03-04 11:29:41,1031.0,west,B,27,48.09,4.0,1246.53,op5,closed
ORD-000458,2026-03-04 11:31:55,1017.0,central,C,16,3.13,5.2,47.49,op3,paid
ORD-000459,2026-03-04 11:34:38,1027.0,west,A,19,12.25,7.9,214.33,op5,closed
ORD-000460,2026-03-04 11:34:53,1003.0,west,A,3,12.52,1.5,37.0,op6,closed
ORD-000461,2026-03-04 11:51:40,1011.0,west,B,29,48.87,10.6,1266.91,op1,closed
ORD-000462,2026-03-04 11:57:23,1017.0,central,B,1,49.08,3.8,47.21,op4,paid
ORD-000463,2026-03-04 12:02:55,1018.0,west,C,31,3.13,8.8,88.6,op3,closed
ORD-000464,2026-03-04 12:09:44,1018.0,central,B,21,46.23,5.0,922.29,op3,paid
ORD-000465,2026-03-04 12:35:41,1009.0,south,D,39,121.62,6.7,4425.42,op3,new
ORD-000466,2026-03-04 12:50:56,1016.0,east,A,6,12.99,2.8,75.78,op4,new
ORD-000467,2026-03-04 12:55:38,1015.0,west,C,9,3.15,7.6,26.24,op2,closed
ORD-000468,2026-03-04 13:02:41,1018.0,south,B,33,47.42,4.8,1489.67,op1,shipped
ORD-000469,2026-03-04 13:05:17,1039.0,east,A,17,12.34,0.6,208.55,op4,paid
ORD-000470,2026-03-04 13:06:50,1021.0,west,C,5,3.23,4.0,15.53,op3,paid
ORD-000471,2026-03-04 13:09:31,1008.0,east,C,26,3.29,2.3,83.7,op1,closed
ORD-000472,2026-03-04 13:23:20,1019.0,north,B,4,46.68,6.8,174.03,op5,new
ORD-000473,2026-03-04 13:29:05,1011.0,west,C,22,3.24,3.2,69.1,op2,shipped
ORD-000474,2026-03-04 13:30:39,1038.0,east,B,23,50.12,7.4,1067.46,op1,new
ORD-000475,2026-03-04 13:33:37,1037.0,central,C,6,3.26,7.1,18.17,op2,closed
ORD-000476,2026-03-04 13:39:42,1004.0,central,A,32,12.22,6.7,364.91,op4,paid
ORD-000477,2026-03-04 13:49:44,1023.0,central,B,19,45.95,3.3,844.19,op2,closed
ORD-000478,2026-03-04 13:49:58,1037.0,east,B,31,48.1,8.3,1367.44,op2,new
ORD-000479,2026-03-04 13:50:05,1017.0,north,B,30,50.01,4.6,1431.24,op4,paid
ORD-000480,2026-03-04 13:50:44,1001.0,north,D,34,123.02,4.4,3998.78,op5,paid
ORD-000481,2026-03-04 13:57:38,1015.0,west,C,34,3.34,8.1,104.45,op2,paid
ORD-000482,2026-03-04 13:59:41,1016.0,north,B,19,47.53,3.6,870.59,op6,new
ORD-000483,2026-03-04 14:21:07,1026.0,south,C,11,3.21,8.6,32.27,op5,shipped
ORD-000484,2026-03-04 14:35:49,1025.0,west,C,10,3.13,7.5,28.92,op3,paid
ORD-000485,2026-03-04 14:38:10,1033.0,west,A,32,12.72,6.9,379.09,op5,paid
ORD-000486,2026-03-04 15:15:13,1003.0,central,A,1,12.44,4.7,11.86,op6,shipped
ORD-000487,2026-03-04 15:17:21,1029.0,north,B,32,46.93,3.3,1452.26,op4,new
ORD-000488,2026-03-04 15:24:11,1013.0,south,A,37,12.37,6.3,428.97,op6,shipped
ORD-000489,2026-03-04 15:41:30,1008.0,central,C,37,3.26,1.5,118.78,op2,new
ORD-000490,2026-03-04 15:49:24,1001.0,west,C,23,3.29,5.8,71.27,op1,closed
ORD-000491,2026-03-04 15:51:08,1011.0,west,B,14,49.21,2.2,673.78,op2,paid
ORD-000492,2026-03-04 15:52:36,1004.0,central,A,37,13.4,8.5,453.56,op1,shipped
ORD-000493,2026-03-04 15:53:19,1018.0,central,D,26,122.94,5.3,3027.02,op4,paid
ORD-000494,2026-03-04 15:58:27,1003.0,west,C,33,3.12,8.0,94.65,op1,paid
ORD-000495,2026-03-04 16:11:22,1030.0,south,C,23,3.31,1.9,74.68,op4,paid
ORD-000496,2026-03-04 16:49:24,1033.0,north,C,26,3.12,4.9,77.26,op6,paid
ORD-000497,2026-03-04 17:00:39,1005.0,south,B,9,46.51,3.0,406.07,op1,new
ORD-000498,2026-03-04 17:08:22,1039.0,north,A,30,12.8,4.4,367.01,op2,new
ORD-000499,2026-03-04 17:51:58,1010.0,east,A,36,12.31,1.5,436.38,op5,shipped
ORD-000500,2026-03-04 18:00:13,1009.0,west,C,7,3.21,7.8,20.7,op4,shipped
ORD-000501,2026-03-04 18:18:14,1012.0,west,B,30,47.38,2.5,1385.8,op4,shipped
ORD-000502,2026-03-04 18:22:58,1024.0,east,A,36,12.46,6.3,420.21,op2,shipped
ORD-000503,2026-03-04 18:26:33,1035.0,south,A,20,11.88,6.6,221.89,op3,new
ORD-000504,2026-03-04 18:35:48,1030.0,east,B,34,49.41,9.1,1526.93,op6,shipped
ORD-000505,2026-03-04 18:40:13,1011.0,west,B,11,49.88,6.8,511.33,op2,shipped
ORD-000506,2026-03-04 18:57:18,1026.0,north,C,19,3.18,0.0,60.51,op1,paid
ORD-000507,2026-03-04 19:08:00,1007.0,east,B,34,49.92,2.6,1652.99,op2,paid
ORD-000508,2026-03-04 19:08:25,1018.0,east,A,18,12.85,1.3,228.37,op6,new
ORD-000509,2026-03-04 19:21:37,1012.0,central,B,19,49.85,1.1,936.71,op5,shipped
ORD-000510,2026-03-04 20:09:22,1019.0,east,A,20,13.09,1.8,257.05,op3,paid
ORD-000511,2026-03-04 20:17:27,1019.0,west,A,24,12.07,7.1,269.19,op1,shipped
ORD-000512,2026-03-04 20:44:59,1024.0,south,A,23,12.84,6.9,274.92,op5,new
ORD-000513,2026-03-04 20:50:59,1013.0,east,B,3,47.92,5.9,135.28,op2,closed
ORD-000514,2026-03-04 21:18:08,1033.0,east,A,7,12.82,1.7,88.21,op4,shipped
ORD-000515,2026-03-04 21:26:23,1035.0,north,A,11,12.44,3.4,132.14,op1,shipped
ORD-000516,2026-03-04 21:31:55,1012.0,east,C,38,3.41,6.8,120.67,op2,paid
ORD-000517,2026-03-04 21:36:17,1018.0,west,B,15,50.53,5.8,714.01,op1,shipped
ORD-000518,2026-03-04 21:59:18,1036.0,east,B,14,48.12,1.5,663.64,op5,shipped
ORD-000519,2026-03-04 22:02:47,1035.0,west,B,16,48.78,5.4,738.39,op3,shipped
ORD-000520,2026-03-04 22:16:58,1024.0,north,A,2,12.62,5.2,23.94,op2,closed
ORD-000521,2026-03-04 22:38:20,1037.0,west,D,10,121.29,9.6,1096.42,op2,shipped
ORD-000522,2026-03-04 22:46:55,1039.0,central,D,24,123.72,4.1,2847.5,op1,shipped
ORD-000523,2026-03-04 23:00:17,1032.0,central,B,9,46.75,0.0,420.75,op1,closed
ORD-000524,2026-03-04 23:35:18,1037.0,central,A,6,12.01,6.0,67.71,op2,new
ORD-000525,2026-03-04 23:36:05,1034.0,south,B,24,49.76,8.3,1095.2,op2,paid
ORD-000526,2026-03-04 23:37:36,1037.0,east,C,39,3.24,0.2,126.23,op3,paid
ORD-000527,2026-03-04 23:39:33,1005.0,east,A,12,12.37,7.7,137.0,op3,new
ORD-000528,2026-03-04 23:50:58,1025.0,south,A,37,12.29,8.5,415.93,op1,paid
ORD-000529,2026-03-04 23:59:19,1025.0,north,C,20,3.07,5.6,57.92,op6,shipped
ORD-000530,2026-03-05 00:09:06,1007.0,west,B,30,47.75,3.4,1383.66,op3,new
ORD-000531,2026-03-05 00:09:59,1021.0,central,A,39,11.89,5.2,439.63,op5,closed
ORD-000532,2026-03-05 00:16:23,1035.0,west,A,3,12.59,4.1,36.22,op1,paid
ORD-000533,2026-03-05 00:33:54,1025.0,west,D,13,121.37,5.9,1484.73,op3,shipped
ORD-000534,2026-03-05 00:44:32,1015.0,central,A,33,12.28,8.8,369.68,op6,new
ORD-000535,2026-03-05 00:55:35,1010.0,east,A,29,12.91,5.7,353.17,op6,paid
ORD-000536,2026-03-05 00:58:20,1037.0,north,B,8,49.22,3.6,379.55,op2,new
ORD-000537,2026-03-05 01:03:40,1019.0,south,B,38,48.41,7.3,1705.14,op1,new
ORD-000538,2026-03-05 01:09:07,1032.0,south,A,25,12.25,4.2,293.38,op3,new
ORD-000539,2026-03-05 01:13:22,1017.0,west,B,7,47.17,0.4,328.85,op2,paid
ORD-000540,2026-03-05 01:27:14,1010.0,central,A,7,12.17,5.9,80.18,op5,paid
ORD-000541,2026-03-05 01:34:54,1022.0,south,B,24,45.28,10.8,969.25,op1,shipped
ORD-000542,2026-03-05 01:35:36,1036.0,east,A,28,12.53,3.9,337.06,op6,new
ORD-000543,2026-03-05 01:44:08,1001.0,south,A,38,12.8,5.7,458.51,op4,closed
ORD-000544,2026-03-05 02:01:10,1004.0,south,C,28,3.06,0.8,84.97,op1,paid
ORD-000545,2026-03-05 02:02:21,1037.0,west,A,11,12.65,4.7,132.64,op4,paid
ORD-000546,2026-03-05 02:09:21,1028.0,west,A,14,12.42,4.1,166.81,op3,paid
ORD-000547,2026-03-05 02:11:23,1022.0,south,D,34,120.56,5.8,3861.44,op1,new
ORD-000548,2026-03-05 02:27:36,1019.0,west,B,10,49.09,5.2,465.42,op6,shipped
ORD-000549,2026-03-05 02:38:03,1002.0,west,A,12,12.86,4.6,147.23,op2,shipped
ORD-000550,2026-03-05 02:42:07,1010.0,south,B,33,47.07,7.5,1436.78,op5,shipped
ORD-000551,2026-03-05 02:49:43,1033.0,south,A,26,12.79,3.1,322.31,op6,new
ORD-000552,2026-03-05 03:07:23,1023.0,north,C,37,3.16,1.9,114.8,op6,closed
ORD-000553,2026-03-05 03:11:13,1030.0,east,C,17,2.96,8.4,46.03,op5,closed
ORD-000554,2026-03-05 03:36:57,1033.0,north,C,7,3.4,6.9,22.15,op1,closed
ORD-000555,2026-03-05 04:10:41,1014.0,central,B,17,48.09,2.3,798.7,op3,paid
ORD-000556,2026-03-05 04:21:00,1008.0,north,B,39,47.57,1.4,1829.24,op1,paid
ORD-000557,2026-03-05 04:24:33,1013.0,south,A,21,13.01,1.6,268.92,op1,shipped
ORD-000558,2026-03-05 04:29:23,1015.0,north,B,23,48.69,11.9,986.56,op6,closed
ORD-000559,2026-03-05 04:45:35,1034.0,west,A,39,12.3,7.3,444.52,op3,closed
ORD-000560,2026-03-05 04:55:44,1016.0,east,A,13,12.59,5.9,153.97,op5,closed
ORD-000561,2026-03-05 04:57:57,1030.0,south,B,21,48.5,7.3,944.07,op6,paid
ORD-000562,2026-03-05 05:01:33,1024.0,north,A,19,12.43,6.8,220.12,op3,shipped
ORD-000563,2026-03-05 05:02:43,1017.0,central,D,4,111.45,12.4,390.53,op5,new
ORD-000564,2026-03-05 05:03:06,1039.0,north,B,3,48.24,7.0,134.59,op1,closed
ORD-000565,2026-03-05 05:05:56,1031.0,south,C,25,3.11,6.7,72.55,op4,paid
ORD-000566,2026-03-05 05:11:43,1011.0,central,A,20,12.11,4.3,231.79,op2,paid
ORD-000567,2026-03-05 05:17:02,1008.0,central,A,2,12.52,7.9,23.07,op1,new
ORD-000568,2026-03-05 05:33:23,1004.0,south,A,24,13.32,6.3,299.43,op4,closed
ORD-000569,2026-03-05 05:55:02,1021.0,south,A,3,12.05,5.7,34.1,op6,shipped
ORD-000570,2026-03-05 06:17:33,1005.0,south,B,21,48.46,0.0,1017.68,op2,closed
ORD-000571,2026-03-05 06:20:22,1029.0,east,B,15,45.87,4.5,657.07,op3,new
ORD-000572,2026-03-05 06:49:09,1037.0,north,C,2,3.05,2.4,5.94,op2,new
ORD-000573,2026-03-05 06:58:14,1014.0,east,A,11,12.36,7.3,126.08,op2,closed
ORD-000574,2026-03-05 06:58:54,1031.0,east,B,29,49.34,0.0,1430.92,op4,new
ORD-000575,2026-03-05 07:01:57,1015.0,east,B,32,48.42,3.3,1498.2,op6,paid
ORD-000576,2026-03-05 07:08:40,1035.0,west,B,20,48.42,1.7,951.9,op1,shipped
ORD-000577,2026-03-05 07:18:03,1008.0,north,A,29,12.96,5.2,356.39,op4,shipped
ORD-000578,2026-03-05 07:39:48,1013.0,west,A,7,12.69,5.6,83.83,op4,paid
ORD-000579,2026-03-05 07:49:14,1026.0,south,A,25,12.28,6.4,287.38,op2,shipped
ORD-000580,2026-03-05 07:49:41,1004.0,central,A,33,12.14,3.3,387.48,op6,new
ORD-000581,2026-03-05 08:09:17,1002.0,south,A,14,12.39,4.1,166.3,op1,paid
ORD-000582,2026-03-05 08:09:33,1020.0,central,D,25,121.29,1.3,2992.84,op5,paid
ORD-000583,2026-03-05 08:11:58,1018.0,north,B,15,47.53,5.6,673.05,op5,shipped
ORD-000584,2026-03-05 08:19:46,1020.0,north,A,1,12.41,3.1,12.03,op5,paid
ORD-000585,2026-03-05 08:20:30,1016.0,north,B,10,47.19,8.7,430.88,op5,shipped
ORD-000586,2026-03-05 08:37:48,1020.0,north,B,17,46.84,11.5,704.71,op3,shipped
ORD-000587,2026-03-05 08:40:35,1022.0,north,C,13,3.08,0.4,39.94,op1,paid
ORD-000588,2026-03-05 08:45:07,1008.0,east,A,30,12.2,4.9,348.11,op6,closed
ORD-000589,2026-03-05 08:50:33,1027.0,north,A,16,13.17,1.3,208.03,op3,shipped
ORD-000590,2026-03-05 08:53:46,1037.0,west,B,26,49.57,1.5,1269.4,op6,paid
ORD-000591,2026-03-05 08:54:14,1003.0,north,B,15,50.01,5.6,708.16,op4,closed
ORD-000592,2026-03-05 08:56:02,1016.0,central,A,15,12.55,6.5,175.96,op3,paid
ORD-000593,2026-03-05 08:58:17,1004.0,east,C,15,3.19,4.2,45.82,op6,shipped
ORD-000594,2026-03-05 09:11:15,1027.0,central,A,32,12.81,7.6,378.74,op3,shipped
ORD-000595,2026-03-05 09:12:51,1028.0,east,B,2,47.46,5.2,89.99,op3,shipped
ORD-000596,2026-03-05 09:13:33,1024.0,central,B,19,49.66,3.4,911.53,op4,closed
ORD-000597,2026-03-05 09:15:35,1012.0,west,B,28,48.2,10.2,1212.0,op5,closed
ORD-000598,2026-03-05 09:21:18,1035.0,west,A,7,12.8,6.8,83.52,op4,paid
ORD-000599,2026-03-05 09:34:05,1008.0,central,C,10,3.13,5.2,29.63,op5,new
ORD-000600,2026-03-05 09:37:22,1033.0,east,B,6,50.65,7.5,281.09,op3,closed
ORD-000601,2026-03-05 09:44:49,,east,B,8,48.31,7.7,356.74,op4,new
ORD-000602,2026-03-05 09:48:54,,north,C,35,3.27,4.6,109.03,op6,closed
ORD-000603,2026-03-05 09:50:34,,west,D,39,117.33,8.3,4196.24,op4,shipped
ORD-000604,2026-03-05 09:55:11,,central,B,11,47.01,0.3,515.61,op6,new
ORD-000605,2026-03-05 10:01:38,,north,B,19,49.03,1.4,918.5,op3,shipped
ORD-000606,2026-03-05 10:02:08,,north,D,23,114.09,5.6,2477.09,op2,paid
ORD-000607,2026-03-05 10:05:45,,north,D,38,124.54,1.2,4675.57,op2,paid
ORD-000608,2026-03-05 10:23:02,,west,C,10,3.14,9.8,28.35,op6,shipped
ORD-000609,2026-03-05 10:25:04,,east,A,19,12.87,4.9,232.5,op4,shipped
ORD-000610,2026-03-05 10:25:26,,west,D,13,117.66,8.0,1407.24,op6,paid
ORD-000611,2026-03-05 10:26:32,,north,B,20,47.95,5.3,908.12,op6,shipped
ORD-000612,2026-03-05 10:29:04,,east,B,13,48.14,3.7,602.61,op3,paid
ORD-000613,2026-03-05 10:30:55,,east,A,32,12.85,4.4,393.08,op5,paid
ORD-000614,2026-03-05 11:07:14,,east,A,1,12.18,7.7,11.24,op4,closed
ORD-000615,2026-03-05 11:07:42,,central,C,24,3.25,4.2,74.82,op2,closed
ORD-000616,2026-03-05 11:08:41,,west,A,1,12.61,0.0,12.61,op6,new
ORD-000617,2026-03-05 11:17:34,,north,B,23,49.13,9.3,1024.99,op4,shipped
ORD-000618,2026-03-05 11:24:48,,south,B,4,46.8,4.0,179.72,op4,new
ORD-000619,2026-03-05 11:30:45,,west,A,36,12.5,4.2,431.27,op1,new
ORD-000620,2026-03-05 11:34:06,,central,B,29,46.95,4.5,1300.24,op6,shipped
ORD-000621,2026-03-05 11:36:15,,north,A,17,12.36,2.1,205.71,op6,closed
ORD-000622,2026-03-05 11:42:56,,west,C,11,3.3,0.0,36.35,op6,shipped
ORD-000623,2026-03-05 11:45:21,,east,B,26,49.73,3.3,1250.34,op1,paid
ORD-000624,2026-03-05 12:00:11,,west,A,18,12.15,3.0,212.18,op1,shipped
ORD-000625,2026-03-05 12:08:35,,south,A,25,12.44,5.5,293.95,op2,paid
ORD-000626,2026-03-05 12:12:21,,central,C,25,3.19,5.5,75.45,op6,paid
ORD-000627,2026-03-05 12:18:09,,east,C,23,3.11,3.7,68.87,op5,shipped
ORD-000628,2026-03-05 12:27:22,,west,C,20,3.16,2.6,61.61,op2,paid
ORD-000629,2026-03-05 12:41:40,,west,B,27,46.46,10.0,1128.99,op5,new
ORD-000630,2026-03-05 12:43:27,,central,A,35,12.71,6.3,416.9,op1,new
ORD-000631,2026-03-05 12:45:57,,central,A,30,12.14,4.9,346.46,op6,closed
ORD-000632,2026-03-05 12:46:53,,south,A,31,13.03,0.7,401.25,op4,shipped
ORD-000633,2026-03-05 12:47:01,,north,A,5,11.76,3.2,56.93,op5,closed
ORD-000634,2026-03-05 13:02:49,,south,A,35,12.72,5.1,422.39,op1,new
ORD-000635,2026-03-05 13:13:55,,south,A,35,12.73,1.7,437.97,op2,paid
ORD-000636,2026-03-05 13:20:15,,north,A,12,12.26,2.6,143.24,op3,closed
ORD-000637,2026-03-05 13:30:52,,east,A,21,11.86,1.9,244.34,op3,paid
ORD-000638,2026-03-05 13:43:42,,central,A,39,12.57,4.2,469.5,op5,shipped
ORD-000639,2026-03-05 13:45:32,,east,A,28,12.04,5.9,317.19,op6,shipped
ORD-000640,2026-03-05 14:07:30,,central,D,38,123.93,4.4,4502.01,op3,new
ORD-000641,2026-03-05 15:20:29,,east,D,29,120.38,4.1,3347.96,op2,shipped
ORD-000642,2026-03-05 15:39:07,1017.0,east,A,26,12.49,6.0,305.32,op2,closed
ORD-000643,2026-03-05 15:55:25,1014.0,north,B,30,48.15,7.4,1337.67,op4,shipped
ORD-000644,2026-03-05 15:57:16,1028.0,central,A,32,12.78,0.0,408.98,op2,closed
ORD-000645,2026-03-05 16:24:46,1018.0,central,B,30,47.96,1.8,1412.87,op3,new
ORD-000646,2026-03-05 16:25:50,1017.0,south,B,8,48.78,4.0,374.64,op5,paid
ORD-000647,2026-03-05 16:31:30,1021.0,west,B,35,48.52,5.9,1597.9,op5,paid
ORD-000648,2026-03-05 16:32:53,1026.0,central,A,38,12.3,0.0,467.46,op3,new
ORD-000649,2026-03-05 16:45:37,1004.0,north,B,22,49.58,3.6,1051.5,op6,shipped
ORD-000650,2026-03-05 16:51:03,1006.0,east,A,8,13.1,8.6,95.77,op4,new
ORD-000651,2026-03-05 16:55:09,1017.0,south,B,27,49.59,4.8,1274.55,op3,new
ORD-000652,2026-03-05 17:00:51,1036.0,east,C,31,3.21,5.3,94.25,op1,paid
ORD-000653,2026-03-05 17:19:31,1024.0,west,A,18,12.75,7.7,211.85,op6,paid
ORD-000654,2026-03-05 17:26:27,1015.0,north,D,2,116.12,6.9,216.22,op2,shipped
ORD-000655,2026-03-05 17:28:52,1000.0,east,A,13,12.19,2.7,154.15,op4,shipped
ORD-000656,2026-03-05 17:32:50,1034.0,north,D,30,116.78,5.5,3310.81,op1,paid
ORD-000657,2026-03-05 17:35:58,1005.0,north,D,7,117.85,2.6,803.52,op6,paid
ORD-000658,2026-03-05 17:51:53,1031.0,central,B,23,49.18,6.4,1058.73,op6,shipped
ORD-000659,2026-03-05 18:04:28,1017.0,east,C,27,3.12,7.0,78.33,op3,shipped
ORD-000660,2026-03-05 18:16:09,1016.0,south,B,16,47.06,7.9,693.47,op5,closed
ORD-000661,2026-03-05 18:24:08,1010.0,central,A,36,11.93,6.1,403.21,op6,closed
ORD-000662,2026-03-05 19:15:31,1032.0,north,B,11,46.98,0.0,516.76,op5,closed
ORD-000663,2026-03-05 19:21:59,1004.0,north,A,25,11.87,4.6,283.07,op2,shipped
ORD-000664,2026-03-05 19:22:33,1028.0,north,A,19,12.83,2.4,237.84,op6,shipped
ORD-000665,2026-03-05 19:28:47,1030.0,east,C,13,3.18,7.1,38.44,op5,closed
ORD-000666,2026-03-05 19:39:21,1017.0,central,A,12,12.84,8.3,141.28,op5,closed
ORD-000667,2026-03-05 20:38:02,1014.0,south,D,29,124.82,5.9,3406.24,op1,shipped
ORD-000668,2026-03-05 20:39:05,1003.0,west,A,15,12.67,3.5,183.36,op5,paid
ORD-000669,2026-03-05 20:47:30,1020.0,west,A,38,12.62,6.3,449.23,op4,closed
ORD-000670,2026-03-05 20:57:22,1009.0,south,C,39,3.21,7.4,115.95,op6,paid
ORD-000671,2026-03-05 21:00:31,1010.0,south,C,39,3.16,8.4,112.78,op3,new
ORD-000672,2026-03-05 21:02:09,1004.0,east,B,15,44.85,8.1,618.27,op5,new
ORD-000673,2026-03-05 21:07:07,1034.0,west,B,37,48.23,4.3,1707.79,op1,new
ORD-000674,2026-03-05 21:07:21,1023.0,south,D,34,117.42,5.6,3768.58,op6,closed
ORD-000675,2026-03-05 21:08:10,1039.0,west,A,19,12.12,5.1,218.54,op1,shipped
ORD-000676,2026-03-05 21:21:28,1018.0,central,A,18,12.28,8.6,201.95,op6,new
ORD-000677,2026-03-05 21:40:36,1014.0,north,A,22,12.48,0.5,273.24,op1,paid
ORD-000678,2026-03-05 21:58:10,1029.0,central,B,34,48.96,0.3,1659.68,op3,closed
ORD-000679,2026-03-05 22:10:01,1012.0,north,B,19,46.55,8.3,810.96,op6,paid
ORD-000680,2026-03-05 22:11:07,1036.0,north,A,28,12.02,8.3,308.66,op6,shipped
ORD-000681,2026-03-05 22:24:51,1011.0,west,C,24,3.3,7.0,73.67,op3,paid
ORD-000682,2026-03-05 22:26:08,1010.0,north,A,34,12.7,4.6,411.87,op6,paid
ORD-000683,2026-03-05 22:35:36,1017.0,east,B,1,49.11,7.9,45.23,op1,paid
ORD-000684,2026-03-05 22:38:52,1005.0,south,B,29,47.58,4.8,1313.5,op3,new
ORD-000685,2026-03-05 22:45:57,1024.0,north,B,27,45.98,3.1,1202.87,op3,closed
ORD-000686,2026-03-05 22:47:44,1029.0,central,B,25,49.86,6.9,1160.58,op5,shipped
ORD-000687,2026-03-05 22:51:06,1032.0,south,A,3,12.96,1.6,38.24,op2,shipped
ORD-000688,2026-03-05 23:03:22,1006.0,south,C,35,3.14,6.0,103.33,op6,paid
ORD-000689,2026-03-05 23:10:25,1002.0,west,A,15,12.65,4.2,181.73,op4,new
ORD-000690,2026-03-05 23:30:18,1006.0,south,C,26,3.3,5.3,81.31,op6,closed
ORD-000691,2026-03-05 23:33:19,1030.0,central,A,35,13.42,10.4,420.85,op5,new
ORD-000692,2026-03-05 23:40:07,1034.0,west,C,33,3.31,0.8,108.47,op3,new
ORD-000693,2026-03-05 23:41:23,1004.0,south,B,37,48.77,6.0,1696.38,op5,new
ORD-000694,2026-03-05 23:46:00,1016.0,central,B,27,47.68,8.6,1176.53,op1,new
ORD-000695,2026-03-06 00:06:10,1020.0,south,B,24,47.33,7.6,1049.69,op5,closed
ORD-000696,2026-03-06 00:25:31,1019.0,north,B,18,47.9,6.2,808.8,op5,new
ORD-000697,2026-03-06 00:26:06,1029.0,central,B,34,47.04,2.3,1562.68,op1,closed
ORD-000698,2026-03-06 00:33:55,1024.0,south,B,12,48.9,9.1,533.44,op4,closed
ORD-000699,2026-03-06 01:00:19,1006.0,south,B,12,48.2,3.8,556.43,op6,closed
ORD-000700,2026-03-06 01:10:18,1034.0,west,C,13,3.18,10.9,36.81,op4,closed
ORD-000701,2026-03-06 01:26:20,1023.0,west,A,34,12.12,5.0,391.62,op6,shipped
ORD-000702,2026-03-06 01:26:53,1015.0,central,C,33,3.21,8.0,97.49,op5,paid
ORD-000703,2026-03-06 01:32:41,1033.0,east,B,35,47.53,7.7,1535.43,op1,closed
ORD-000704,2026-03-06 01:59:38,1037.0,west,C,11,3.24,3.5,34.37,op4,shipped
ORD-000705,2026-03-06 02:02:42,1034.0,north,C,26,3.11,4.8,76.99,op6,new
ORD-000706,2026-03-06 02:04:02,1020.0,south,A,12,12.76,8.4,140.21,op4,shipped
ORD-000707,2026-03-06 02:11:04,1012.0,central,D,8,119.63,3.8,920.64,op6,shipped
ORD-000708,2026-03-06 02:15:37,1021.0,central,C,39,3.38,7.5,122.08,op4,new
ORD-000709,2026-03-06 02:17:42,1009.0,west,B,9,46.93,4.3,404.18,op6,new
ORD-000710,2026-03-06 02:21:23,1019.0,west,A,27,13.24,6.9,332.82,op6,shipped
ORD-000711,2026-03-06 02:34:18,1027.0,east,C,23,3.48,5.5,75.62,op5,new
ORD-000712,2026-03-06 03:03:11,1015.0,north,B,14,48.0,5.8,633.02,op1,closed
ORD-000713,2026-03-06 03:03:38,1027.0,south,A,24,13.27,8.9,290.24,op1,closed
ORD-000714,2026-03-06 03:08:46,1024.0,east,B,28,49.69,2.4,1357.95,op1,paid
ORD-000715,2026-03-06 03:13:42,1013.0,west,A,37,12.07,2.1,437.03,op6,new
ORD-000716,2026-03-06 03:21:59,1009.0,north,B,18,47.27,0.0,850.95,op2,shipped
ORD-000717,2026-03-06 03:35:14,1000.0,east,A,37,12.9,14.1,410.02,op4,closed
ORD-000718,2026-03-06 03:41:08,1003.0,east,A,3,12.64,3.7,36.51,op2,closed
ORD-000719,2026-03-06 04:00:03,1034.0,east,A,30,12.85,8.4,353.18,op4,new
ORD-000720,2026-03-06 04:01:40,1017.0,east,A,36,12.69,4.0,438.47,op1,paid
ORD-000721,2026-03-06 04:15:57,1020.0,north,B,11,50.2,3.5,532.9,op4,new
ORD-000722,2026-03-06 04:40:44,1032.0,east,B,3,47.77,2.6,139.58,op2,shipped
ORD-000723,2026-03-06 05:02:53,1015.0,south,B,35,46.6,11.2,1448.31,op4,shipped
ORD-000724,2026-03-06 05:04:37,1027.0,central,A,37,12.28,2.6,442.57,op3,closed
ORD-000725,2026-03-06 05:16:08,1001.0,central,A,36,12.52,2.0,441.67,op5,new
ORD-000726,2026-03-06 05:21:36,1011.0,south,A,17,12.19,6.2,194.41,op4,new
ORD-000727,2026-03-06 05:22:30,1032.0,north,C,6,3.2,6.8,17.92,op6,closed
ORD-000728,2026-03-06 05:33:07,1005.0,west,D,22,119.52,6.1,2469.0,op3,new
ORD-000729,2026-03-06 05:33:36,1036.0,north,D,27,119.15,2.0,3152.62,op2,closed
ORD-000730,2026-03-06 05:35:36,1011.0,north,A,19,12.51,5.3,225.12,op5,shipped
ORD-000731,2026-03-06 05:38:05,1038.0,east,A,16,12.38,7.5,183.26,op4,paid
ORD-000732,2026-03-06 05:55:43,1011.0,north,A,19,12.9,2.9,237.92,op2,paid
ORD-000733,2026-03-06 06:07:01,1035.0,north,B,30,48.25,9.8,1305.58,op5,closed
ORD-000734,2026-03-06 06:18:36,1003.0,central,A,33,12.81,3.5,408.06,op2,paid
ORD-000735,2026-03-06 06:59:11,1036.0,north,A,10,11.99,6.4,112.23,op3,shipped
ORD-000736,2026-03-06 07:00:18,1017.0,north,C,14,3.21,5.6,42.42,op1,new
ORD-000737,2026-03-06 07:07:36,1037.0,north,D,35,118.55,4.1,3979.21,op6,shipped
ORD-000738,2026-03-06 07:08:39,1024.0,west,B,39,45.31,8.1,1623.87,op2,paid
ORD-000739,2026-03-06 07:24:40,1032.0,north,C,38,3.4,0.8,128.22,op5,closed
ORD-000740,2026-03-06 07:25:40,1019.0,central,C,23,3.08,4.8,67.46,op6,closed
ORD-000741,2026-03-06 07:27:48,1028.0,west,C,21,3.29,1.4,68.02,op3,paid
ORD-000742,2026-03-06 07:33:30,1000.0,east,B,33,49.18,6.3,1520.63,op2,closed
ORD-000743,2026-03-06 07:44:09,1012.0,south,D,25,124.39,0.0,3109.8,op2,paid
ORD-000744,2026-03-06 07:49:44,1005.0,north,A,7,12.36,7.0,80.48,op5,new
ORD-000745,2026-03-06 07:55:46,1010.0,central,A,39,11.57,3.1,437.36,op3,closed
ORD-000746,2026-03-06 08:11:32,1017.0,north,B,8,49.01,7.8,361.47,op3,new
ORD-000747,2026-03-06 08:15:02,1005.0,west,A,6,12.49,3.8,72.09,op3,shipped
ORD-000748,2026-03-06 08:25:10,1021.0,north,C,13,3.27,9.8,38.34,op5,new
ORD-000749,2026-03-06 08:28:31,1025.0,east,C,35,3.19,4.3,106.93,op1,paid
ORD-000750,2026-03-06 08:31:15,1016.0,south,C,35,3.33,4.0,111.91,op2,closed
ORD-000751,2026-03-06 08:37:21,1007.0,central,C,6,3.26,3.2,18.92,op1,paid
ORD-000752,2026-03-06 08:41:17,1014.0,west,B,16,47.61,3.7,733.62,op3,shipped
ORD-000753,2026-03-06 08:43:40,1032.0,north,A,10,13.43,0.6,133.47,op3,shipped
ORD-000754,2026-03-06 08:44:13,1029.0,east,A,32,12.31,5.5,372.22,op1,closed
ORD-000755,2026-03-06 09:21:22,1039.0,south,A,11,11.72,0.0,128.87,op2,shipped
ORD-000756,2026-03-06 09:29:54,1020.0,north,A,27,12.58,4.6,323.93,op4,shipped
ORD-000757,2026-03-06 09:37:35,1007.0,east,B,34,48.81,3.4,1603.17,op4,new
ORD-000758,2026-03-06 09:38:13,1033.0,south,B,8,48.94,3.9,376.27,op1,new
ORD-000759,2026-03-06 10:09:37,1004.0,east,C,36,3.16,2.4,110.93,op3,new
ORD-000760,2026-03-06 10:12:27,1039.0,central,A,20,12.53,4.0,240.53,op3,shipped
ORD-000761,2026-03-06 10:19:46,1023.0,central,D,38,117.31,4.5,4257.05,op5,new
ORD-000762,2026-03-06 10:26:59,1019.0,west,B,6,47.53,5.4,269.79,op1,new
ORD-000763,2026-03-06 10:52:03,1028.0,west,A,27,12.78,9.3,313.0,op5,new
ORD-000764,2026-03-06 10:57:22,1025.0,east,D,20,118.45,3.9,2276.7,op5,shipped
ORD-000765,2026-03-06 11:28:44,1004.0,east,B,3,49.16,7.1,137.0,op4,paid
ORD-000766,2026-03-06 11:34:18,1033.0,north,B,7,47.77,7.6,309.01,op5,shipped
ORD-000767,2026-03-06 11:53:38,1024.0,east,B,4,48.25,7.4,178.73,op3,closed
ORD-000768,2026-03-06 11:56:10,1029.0,north,A,27,12.41,4.3,320.73,op6,closed
ORD-000769,2026-03-06 12:08:34,1038.0,south,B,32,49.77,11.0,1417.34,op2,paid
ORD-000770,2026-03-06 12:21:27,1005.0,south,C,18,3.22,0.6,57.6,op5,shipped
ORD-000771,2026-03-06 12:26:49,1021.0,south,B,32,47.0,3.2,1455.87,op1,paid
ORD-000772,2026-03-06 12:33:48,1014.0,east,A,24,12.58,5.9,284.07,op1,new
ORD-000773,2026-03-06 12:34:10,1014.0,central,B,38,49.82,3.0,1836.21,op5,closed
ORD-000774,2026-03-06 12:52:57,1020.0,east,C,18,3.23,5.4,55.06,op5,shipped
ORD-000775,2026-03-06 13:02:06,1036.0,west,D,4,116.51,6.9,433.9,op6,shipped
ORD-000776,2026-03-06 13:07:12,1010.0,north,A,23,12.25,4.8,268.19,op2,shipped
ORD-000777,2026-03-06 13:11:21,1003.0,south,B,7,46.63,4.0,313.38,op4,paid
ORD-000778,2026-03-06 13:31:25,1018.0,west,A,17,13.04,6.4,207.42,op2,paid
ORD-000779,2026-03-06 13:33:31,1035.0,north,A,3,12.6,3.9,36.31,op1,paid
ORD-000780,2026-03-06 13:37:00,1038.0,west,A,12,12.85,3.3,149.14,op2,new
ORD-000781,2026-03-06 13:39:43,1024.0,north,A,14,12.83,0.0,179.67,op4,paid
ORD-000782,2026-03-06 13:44:05,1029.0,east,A,38,12.4,6.9,438.82,op3,closed
ORD-000783,2026-03-06 13:46:14,1022.0,north,C,2,3.31,10.0,5.96,op2,closed
ORD-000784,2026-03-06 13:47:57,1015.0,west,A,21,12.48,1.9,257.13,op2,closed
ORD-000785,2026-03-06 14:10:04,1013.0,east,A,13,12.64,3.1,159.27,op5,closed
ORD-000786,2026-03-06 14:21:44,1016.0,south,A,6,11.77,8.8,64.4,op1,closed
ORD-000787,2026-03-06 14:22:41,1026.0,north,B,14,47.93,1.2,663.01,op6,new
ORD-000788,2026-03-06 15:00:20,1034.0,east,B,14,47.47,2.0,651.35,op4,shipped
ORD-000789,2026-03-06 15:13:51,1030.0,east,B,26,46.96,6.4,1142.83,op4,new
ORD-000790,2026-03-06 15:35:23,1009.0,central,B,31,48.35,5.0,1423.77,op4,closed
ORD-000791,2026-03-06 15:44:06,1006.0,central,B,30,46.23,6.8,1292.57,op2,closed
ORD-000792,2026-03-06 15:48:47,1028.0,north,B,22,47.66,0.7,1041.09,op5,closed
ORD-000793,2026-03-06 15:52:42,1009.0,central,A,22,11.56,7.2,235.93,op2,new
ORD-000794,2026-03-06 15:59:05,1028.0,central,A,19,12.42,2.9,229.18,op3,paid
ORD-000795,2026-03-06 16:05:58,1008.0,central,A,23,12.25,8.3,258.26,op5,new
ORD-000796,2026-03-06 16:11:05,1008.0,north,C,23,3.37,7.4,71.7,op3,new
ORD-000797,2026-03-06 16:24:46,1002.0,north,A,18,12.57,3.4,218.62,op6,shipped
ORD-000798,2026-03-06 16:33:13,1014.0,north,C,29,3.26,8.3,86.63,op6,new
ORD-000799,2026-03-06 16:35:32,1023.0,east,A,9,11.41,4.3,98.27,op6,paid
ORD-000800,2026-03-06 16:39:10,1019.0,east,C,39,3.16,1.9,120.84,op6,shipped
ORD-000801,2026-03-06 16:40:52,1035.0,west,C,38,3.09,3.7,113.02,op6,closed
ORD-000802,2026-03-06 16:47:19,1013.0,east,A,6,12.99,0.9,77.24,op1,paid
ORD-000803,2026-03-06 17:15:00,1033.0,north,A,13,12.86,4.2,160.15,op3,paid
ORD-000804,2026-03-06 17:24:25,1036.0,south,A,37,12.54,2.0,454.83,op5,paid
ORD-000805,2026-03-06 17:27:18,1023.0,central,B,2,48.23,8.4,88.35,op5,closed
ORD-000806,2026-03-06 17:30:46,1023.0,west,D,19,120.35,1.8,2245.43,op6,shipped
ORD-000807,2026-03-06 17:33:57,1011.0,south,B,27,47.91,8.7,1180.97,op3,closed
ORD-000808,2026-03-06 17:34:12,1004.0,south,A,25,12.74,7.2,295.53,op4,closed
ORD-000809,2026-03-06 17:54:13,1017.0,west,D,25,122.08,0.0,3051.99,op2,closed
ORD-000810,2026-03-06 18:14:29,1016.0,south,B,17,47.77,4.5,775.49,op5,paid
ORD-000811,2026-03-06 18:19:56,1036.0,east,C,17,3.13,4.2,50.97,op2,paid
ORD-000812,2026-03-06 18:22:43,1004.0,south,C,18,3.35,3.1,58.49,op5,closed
ORD-000813,2026-03-06 18:25:28,1024.0,central,D,9,118.43,4.4,1018.97,op3,new
ORD-000814,2026-03-06 18:34:00,1018.0,north,C,16,3.13,11.0,44.57,op6,paid
ORD-000815,2026-03-06 18:37:30,1014.0,north,A,32,13.36,4.5,408.43,op5,paid
ORD-000816,2026-03-06 18:52:09,1029.0,east,C,30,3.21,1.4,94.95,op6,paid
ORD-000817,2026-03-06 19:04:47,1006.0,south,B,24,47.78,2.2,1121.6,op5,closed
ORD-000818,2026-03-06 19:21:41,1016.0,west,B,19,46.06,3.4,845.41,op6,shipped
ORD-000819,2026-03-06 19:34:08,1039.0,east,C,16,3.1,11.7,43.81,op6,paid
ORD-000820,2026-03-06 19:38:52,1026.0,east,A,31,13.02,3.4,389.8,op5,closed
ORD-000821,2026-03-06 19:40:41,1031.0,west,B,17,47.56,9.3,733.29,op2,new
ORD-000822,2026-03-06 19:40:50,1011.0,east,C,5,3.31,0.6,16.46,op3,paid
ORD-000823,2026-03-06 19:56:29,1034.0,north,B,22,46.49,3.5,986.91,op2,paid
ORD-000824,2026-03-06 20:03:38,1006.0,west,A,2,12.82,3.7,24.69,op1,shipped
ORD-000825,2026-03-06 20:29:34,1023.0,west,A,36,12.57,3.6,436.24,op5,paid
ORD-000826,2026-03-06 20:46:24,1012.0,south,A,10,12.36,5.7,116.59,op3,new
ORD-000827,2026-03-06 21:15:19,1014.0,east,A,11,11.86,6.2,122.34,op2,closed
ORD-000828,2026-03-06 21:35:33,1032.0,central,D,10,125.02,4.4,1195.22,op2,paid
ORD-000829,2026-03-06 21:36:01,1027.0,east,B,13,48.29,0.9,622.13,op5,new
ORD-000830,2026-03-06 21:37:49,1006.0,east,A,10,12.52,5.5,118.29,op2,shipped
ORD-000831,2026-03-06 21:43:02,1024.0,north,C,25,3.29,4.8,78.35,op1,paid
ORD-000832,2026-03-06 21:52:01,1018.0,north,B,18,46.67,6.9,782.11,op2,shipped
ORD-000833,2026-03-06 22:11:48,1005.0,east,A,29,13.06,2.2,370.47,op1,paid
ORD-000834,2026-03-06 22:14:54,1027.0,central,B,27,49.29,8.7,1215.05,op1,closed
ORD-000835,2026-03-06 22:14:54,1010.0,north,A,17,12.74,5.9,203.88,op2,paid
ORD-000836,2026-03-06 22:33:30,1021.0,west,B,36,49.01,1.2,1743.1,op3,paid
ORD-000837,2026-03-06 22:40:08,1034.0,north,B,19,47.19,7.3,831.21,op4,shipped
ORD-000838,2026-03-06 22:41:45,1007.0,east,A,39,12.48,1.9,477.34,op5,shipped
ORD-000839,2026-03-06 22:54:52,1030.0,south,B,24,48.79,2.8,1138.17,op6,closed
ORD-000840,2026-03-06 22:56:46,1020.0,north,A,26,12.35,4.0,308.25,op3,closed
ORD-000841,2026-03-06 23:00:08,1036.0,north,A,39,13.05,5.8,479.36,op6,shipped
ORD-000842,2026-03-06 23:03:35,1036.0,central,C,36,3.29,11.8,104.44,op5,paid
ORD-000843,2026-03-06 23:14:30,1013.0,central,B,5,50.16,4.2,240.28,op4,new
ORD-000844,2026-03-06 23:23:09,1016.0,south,C,21,3.07,6.5,60.22,op5,closed
ORD-000845,2026-03-06 23:35:42,1025.0,central,B,7,50.38,6.3,330.43,op3,paid
ORD-000846,2026-03-06 23:54:11,1005.0,south,B,30,47.46,4.2,1363.9,op5,paid
ORD-000847,2026-03-07 00:03:54,1032.0,south,B,6,47.06,0.4,281.23,op5,shipped
ORD-000848,2026-03-07 00:08:52,1023.0,west,A,35,12.43,5.0,413.39,op1,new
ORD-000849,2026-03-07 00:18:39,1001.0,south,A,12,13.07,0.0,156.86,op2,closed
ORD-000850,2026-03-07 00:37:52,1021.0,central,D,27,122.05,6.0,3097.63,op3,new
ORD-000851,2026-03-07 00:41:42,1016.0,south,B,11,48.74,0.6,532.89,op2,new
ORD-000852,2026-03-07 00:48:21,1033.0,central,A,16,12.93,5.8,194.87,op5,paid
ORD-000853,2026-03-07 01:17:36,1009.0,west,B,7,49.71,8.0,320.15,op4,paid
ORD-000854,2026-03-07 01:41:32,1028.0,south,D,32,124.54,2.7,3877.55,op5,closed
ORD-000855,2026-03-07 01:47:50,1008.0,east,C,35,3.3,6.7,107.79,op2,shipped
ORD-000856,2026-03-07 01:56:40,1029.0,central,B,31,48.6,8.4,1380.1,op5,new
ORD-000857,2026-03-07 02:00:05,1030.0,north,B,15,48.9,1.7,721.06,op6,new
ORD-000858,2026-03-07 02:06:19,1022.0,central,B,39,46.21,0.0,1802.03,op6,shipped
ORD-000859,2026-03-07 02:38:22,1014.0,north,A,13,12.48,3.1,157.25,op1,new
ORD-000860,2026-03-07 02:53:56,1016.0,south,B,32,45.0,5.8,1356.36,op1,shipped
ORD-000861,2026-03-07 02:56:34,1031.0,north,C,19,3.2,1.8,59.72,op5,new
ORD-000862,2026-03-07 03:23:18,1027.0,central,A,23,12.58,4.9,275.07,op3,paid
ORD-000863,2026-03-07 03:32:13,1021.0,west,A,20,12.25,5.6,231.37,op6,paid
ORD-000864,2026-03-07 03:36:39,1036.0,south,B,9,47.39,7.1,396.23,op3,paid
ORD-000865,2026-03-07 04:20:31,1022.0,north,C,9,3.31,8.4,27.29,op2,paid
ORD-000866,2026-03-07 04:23:46,1006.0,central,C,1,3.18,6.1,2.98,op2,paid
ORD-000867,2026-03-07 04:24:28,1017.0,west,D,14,120.39,2.4,1645.0,op6,closed
ORD-000868,2026-03-07 04:24:33,1039.0,east,D,10,127.14,4.0,1220.56,op2,shipped
ORD-000869,2026-03-07 04:31:46,1021.0,west,A,7,12.65,0.1,88.49,op2,closed
ORD-000870,2026-03-07 05:02:12,1029.0,south,B,28,49.44,6.9,1288.87,op1,shipped
ORD-000871,2026-03-07 05:21:02,1015.0,east,B,38,48.77,11.1,1647.42,op6,shipped
ORD-000872,2026-03-07 05:22:16,1035.0,east,B,6,48.93,0.9,290.94,op2,shipped
ORD-000873,2026-03-07 05:51:23,1014.0,east,A,21,12.95,6.5,254.33,op1,paid
ORD-000874,2026-03-07 06:07:22,1019.0,north,A,28,12.45,7.1,323.79,op1,new
ORD-000875,2026-03-07 06:18:26,1029.0,west,A,37,12.81,13.9,408.02,op3,paid
ORD-000876,2026-03-07 06:29:05,1005.0,central,B,11,47.41,11.1,463.64,op5,shipped
ORD-000877,2026-03-07 06:31:40,1005.0,central,A,8,12.37,3.8,95.22,op6,paid
ORD-000878,2026-03-07 06:38:55,1008.0,north,A,7,12.76,8.0,82.14,op6,shipped
ORD-000879,2026-03-07 06:38:58,1010.0,central,A,14,12.29,7.3,159.56,op2,paid
ORD-000880,2026-03-07 06:39:18,1023.0,south,B,34,44.34,0.0,1507.64,op3,closed
ORD-000881,2026-03-07 06:56:06,1016.0,north,A,37,12.43,5.5,434.75,op4,shipped
ORD-000882,2026-03-07 06:56:23,1007.0,west,A,5,13.0,4.2,62.26,op2,paid
ORD-000883,2026-03-07 07:12:11,1005.0,south,D,14,116.58,10.0,1468.85,op6,new
ORD-000884,2026-03-07 07:18:11,1036.0,west,A,34,12.74,4.3,414.37,op3,paid
ORD-000885,2026-03-07 07:29:09,1005.0,west,A,24,12.38,6.4,278.04,op1,new
ORD-000886,2026-03-07 07:31:22,1010.0,central,A,24,11.95,9.4,259.84,op3,shipped
ORD-000887,2026-03-07 07:34:32,1037.0,east,B,29,47.59,8.1,1268.32,op2,shipped
ORD-000888,2026-03-07 07:35:36,1026.0,west,A,11,11.66,1.3,126.58,op2,paid
ORD-000889,2026-03-07 07:44:28,1034.0,west,B,6,49.74,4.9,283.8,op2,paid
ORD-000890,2026-03-07 08:27:30,1024.0,central,A,10,12.36,6.1,116.09,op6,paid
ORD-000891,2026-03-07 08:39:04,1011.0,east,B,23,48.56,6.6,1043.2,op3,shipped
ORD-000892,2026-03-07 09:01:40,1011.0,east,A,23,12.5,4.3,275.19,op6,paid
ORD-000893,2026-03-07 09:03:45,1007.0,north,A,16,11.95,7.9,176.12,op3,shipped
ORD-000894,2026-03-07 09:09:08,1007.0,north,D,11,118.61,2.8,1268.13,op6,shipped
ORD-000895,2026-03-07 09:10:44,1009.0,east,C,31,3.31,3.7,98.89,op2,closed
ORD-000896,2026-03-07 09:20:35,1001.0,central,B,24,49.16,9.4,1068.88,op2,shipped
ORD-000897,2026-03-07 09:34:28,1039.0,south,A,29,12.36,4.2,343.41,op2,closed
ORD-000898,2026-03-07 09:37:36,1015.0,south,B,25,46.96,0.8,1164.73,op5,paid
ORD-000899,2026-03-07 09:46:49,1027.0,south,B,14,47.89,9.3,608.06,op4,new
ORD-000900,2026-03-07 09:48:12,1035.0,west,B,2,46.14,1.1,91.27,op5,shipped
ORD-000901,2026-03-07 09:52:42,1021.0,east,D,36,120.88,7.5,4225.37,op6,new
ORD-000902,2026-03-07 09:53:29,1021.0,east,A,11,11.89,7.5,123.2,op6,closed
ORD-000903,2026-03-07 10:00:54,1036.0,south,D,31,117.3,7.5,3367.1,op5,closed
ORD-000904,2026-03-07 10:24:32,1014.0,north,B,29,49.19,7.5,1322.3,op2,new
ORD-000905,2026-03-07 10:34:24,1038.0,east,D,30,119.95,7.5,3310.67,op5,shipped
ORD-000906,2026-03-07 10:35:31,1026.0,east,D,6,117.62,7.5,653.51,op2,new
ORD-000907,2026-03-07 10:36:11,1015.0,south,B,5,48.19,7.5,224.56,op3,paid
ORD-000908,2026-03-07 10:47:19,1027.0,south,B,30,47.6,7.5,1353.85,op3,paid
ORD-000909,2026-03-07 11:06:00,1037.0,south,C,7,3.22,7.5,21.61,op5,shipped
ORD-000910,2026-03-07 11:08:35,1029.0,south,C,31,3.3,7.5,98.87,op1,closed
ORD-000911,2026-03-07 11:10:23,1010.0,west,A,9,12.46,7.5,98.78,op4,paid
ORD-000912,2026-03-07 11:11:32,1024.0,east,B,32,45.56,7.5,1344.33,op6,new
ORD-000913,2026-03-07 11:24:40,1034.0,west,A,15,12.65,7.5,178.59,op6,closed
ORD-000914,2026-03-07 11:32:33,1034.0,west,C,35,3.12,7.5,99.9,op4,shipped
ORD-000915,2026-03-07 11:33:29,1000.0,south,A,5,12.92,7.5,60.28,op4,new
ORD-000916,2026-03-07 11:44:29,1013.0,west,A,15,12.86,7.5,179.58,op2,paid
ORD-000917,2026-03-07 11:46:00,1002.0,south,A,8,12.49,7.5,94.13,op2,paid
ORD-000918,2026-03-07 12:13:07,1008.0,west,C,37,3.24,7.5,111.7,op4,closed
ORD-000919,2026-03-07 12:15:35,1036.0,south,A,38,11.96,7.5,428.4,op5,paid
ORD-000920,2026-03-07 12:21:43,1017.0,east,B,2,45.51,7.5,89.93,op3,closed
ORD-000921,2026-03-07 12:29:09,1002.0,south,C,28,3.17,7.5,83.43,op4,paid
ORD-000922,2026-03-07 12:36:16,1039.0,east,B,3,48.48,7.5,135.25,op4,closed
ORD-000923,2026-03-07 12:36:35,1012.0,north,D,2,124.79,7.5,236.61,op3,shipped
ORD-000924,2026-03-07 12:40:03,1026.0,west,D,24,117.59,7.5,2698.02,op4,paid
ORD-000925,2026-03-07 12:44:27,1029.0,central,B,8,46.68,7.5,351.75,op6,paid
ORD-000926,2026-03-07 12:56:55,1025.0,central,A,3,12.18,7.5,34.72,op2,paid
ORD-000927,2026-03-07 12:59:57,1005.0,west,D,15,117.33,7.5,1728.26,op6,paid
ORD-000928,2026-03-07 13:05:24,1004.0,east,B,21,48.24,7.5,963.42,op4,closed
ORD-000929,2026-03-07 13:13:36,1027.0,east,A,2,11.97,7.5,23.25,op5,shipped
ORD-000930,2026-03-07 13:20:11,1016.0,central,A,13,12.78,7.5,163.96,op3,new
ORD-000931,2026-03-07 13:31:07,1002.0,south,B,1,46.12,7.5,43.22,op6,paid
ORD-000932,2026-03-07 13:35:09,1025.0,north,A,27,13.33,7.5,338.78,op4,new
ORD-000933,2026-03-07 13:56:46,1031.0,east,B,27,47.81,7.5,1191.39,op1,shipped
ORD-000934,2026-03-07 14:02:28,1012.0,west,A,17,12.53,7.5,203.9,op2,new
ORD-000935,2026-03-07 14:12:30,1028.0,north,A,11,11.89,7.5,122.24,op5,shipped
ORD-000936,2026-03-07 14:23:46,1009.0,west,A,13,12.61,7.5,154.85,op2,closed
ORD-000937,2026-03-07 14:41:37,1033.0,west,C,18,3.02,7.5,50.64,op6,closed
ORD-000938,2026-03-07 14:50:27,1034.0,south,C,26,3.28,7.5,82.96,op5,paid
ORD-000939,2026-03-07 14:59:05,1006.0,east,A,-2,12.26,7.5,22.58,op1,closed
ORD-000940,2026-03-07 15:51:06,1018.0,north,B,38,48.35,7.5,1782.06,op5,closed
ORD-000941,2026-03-07 16:08:45,1031.0,south,A,3,12.69,7.5,38.06,op3,paid
ORD-000942,2026-03-07 16:16:48,1013.0,east,A,10,12.84,7.5,122.14,op2,new
ORD-000943,2026-03-07 16:23:18,1009.0,west,D,27,124.77,7.5,3348.51,op1,shipped
ORD-000944,2026-03-07 16:29:45,1022.0,south,A,3,12.91,7.5,35.65,op2,shipped
ORD-000945,2026-03-07 16:42:13,1032.0,north,B,39,49.05,7.5,1886.2,op1,closed
ORD-000946,2026-03-07 16:46:15,1015.0,west,D,7,117.81,7.5,780.99,op1,paid
ORD-000947,2026-03-07 16:56:49,1009.0,central,B,6,46.38,7.5,278.01,op1,paid
ORD-000948,2026-03-07 17:10:25,1037.0,west,A,36,12.77,7.5,431.34,op5,new
ORD-000949,2026-03-07 17:24:58,1011.0,east,C,25,3.23,7.5,73.26,op5,new
ORD-000950,2026-03-07 17:27:47,1009.0,east,C,29,3.15,7.5,87.71,op5,new
ORD-000951,2026-03-07 17:50:24,1016.0,north,B,4,47.92,7.5,175.19,op5,paid
ORD-000952,2026-03-07 18:20:45,1029.0,north,A,1,12.85,7.5,12.25,op3,paid
ORD-000953,2026-03-07 18:42:10,1033.0,north,C,26,3.29,7.5,83.97,op4,shipped
ORD-000954,2026-03-07 18:44:08,1014.0,west,A,-9,12.28,7.5,105.85,op3,new
ORD-000955,2026-03-07 19:51:02,1031.0,south,A,25,12.01,7.5,292.52,op3,shipped
ORD-000956,2026-03-07 19:54:11,1009.0,north,A,30,11.79,7.5,329.31,op1,shipped
ORD-000957,2026-03-07 19:55:49,1008.0,east,D,14,118.35,7.5,1545.92,op6,new
ORD-000958,2026-03-07 19:59:25,1011.0,west,A,6,12.38,7.5,66.79,op2,new
ORD-000959,2026-03-07 20:09:23,1005.0,central,A,20,12.01,7.5,233.7,op2,new
ORD-000960,2026-03-07 20:12:45,1021.0,east,A,20,12.89,7.5,245.71,op4,closed
ORD-000961,2026-03-07 20:22:44,1021.0,north,A,6,13.2,7.5,76.58,op6,paid
ORD-000962,2026-03-07 20:28:23,1029.0,north,A,8,12.22,2.6,95.19,op6,paid
ORD-000963,2026-03-07 20:45:13,1035.0,south,D,33,122.62,4.0,3884.46,op6,paid
ORD-000964,2026-03-07 20:55:30,1014.0,central,D,12,119.59,6.7,1338.9,op6,closed
ORD-000965,2026-03-07 21:13:10,1020.0,north,A,34,12.71,7.0,401.93,op3,closed
ORD-000966,2026-03-07 21:15:51,1028.0,west,A,18,12.56,8.2,207.62,op4,paid
ORD-000967,2026-03-07 21:17:19,1035.0,west,B,35,47.89,4.1,1607.3,op2,paid
ORD-000968,2026-03-07 21:25:05,1039.0,east,D,19,123.36,4.6,2236.0,op4,new
ORD-000969,2026-03-07 21:51:28,1034.0,east,A,16,12.76,3.8,196.41,op5,shipped
ORD-000970,2026-03-07 22:06:29,1026.0,east,C,34,3.16,0.0,107.48,op3,shipped
ORD-000971,2026-03-07 22:26:49,1027.0,west,B,9,48.7,5.1,415.9,op5,new
ORD-000972,2026-03-07 22:27:37,1030.0,south,C,19,3.14,5.2,56.62,op1,shipped
ORD-000973,2026-03-07 22:37:31,1029.0,central,A,25,12.49,3.4,301.57,op4,paid
ORD-000974,2026-03-07 22:42:25,1033.0,north,D,38,122.17,5.5,4387.09,op3,paid
ORD-000975,2026-03-07 23:11:27,1030.0,central,D,9,121.68,8.3,1004.19,op2,paid
ORD-000976,2026-03-08 00:03:22,1018.0,south,A,21,11.93,1.3,247.26,op3,shipped
ORD-000977,2026-03-08 00:04:52,1030.0,west,D,36,122.1,6.2,4123.21,op2,shipped
ORD-000978,2026-03-08 00:05:04,1010.0,south,C,19,3.09,3.1,56.85,op2,new
ORD-000979,2026-03-08 00:17:43,1037.0,east,A,7,12.58,4.5,84.12,op5,closed
ORD-000980,2026-03-08 00:28:28,1038.0,central,B,12,49.01,4.4,562.23,op3,shipped
ORD-000981,2026-03-08 00:47:37,1029.0,west,A,30,11.95,4.2,343.44,op4,paid
ORD-000982,2026-03-08 00:55:16,1007.0,south,D,16,116.23,9.5,1682.98,op2,paid
ORD-000983,2026-03-08 01:38:27,1006.0,central,A,17,12.8,4.7,207.44,op6,closed
ORD-000984,2026-03-08 01:38:30,1034.0,south,C,38,3.23,4.3,117.48,op1,shipped
ORD-000985,2026-03-08 01:38:52,1031.0,east,A,37,11.74,1.8,426.42,op3,new
ORD-000986,2026-03-08 01:48:47,1014.0,west,C,22,3.29,9.9,65.24,op6,closed
ORD-000987,2026-03-08 01:57:51,1011.0,north,C,5,3.14,6.4,14.71,op1,closed
ORD-000988,2026-03-08 02:05:14,1007.0,north,C,8,3.09,5.1,23.46,op4,new
ORD-000989,2026-03-08 02:18:01,1014.0,south,A,2,12.6,2.5,24.57,op2,paid
ORD-000990,2026-03-08 02:24:44,1030.0,east,C,6,3.14,4.0,18.09,op4,new
ORD-000991,2026-03-08 02:41:38,1018.0,central,B,11,48.07,10.0,475.88,op2,closed
ORD-000992,2026-03-08 02:46:55,1037.0,west,A,25,12.6,2.4,307.41,op4,shipped
ORD-000993,2026-03-08 02:51:34,1021.0,south,D,5,128.63,2.1,629.64,op2,shipped
ORD-000994,2026-03-08 02:57:00,1006.0,west,D,22,123.31,9.2,2463.27,op6,shipped
ORD-000995,2026-03-08 03:06:01,1027.0,south,B,12,48.38,2.0,568.91,op6,new
ORD-000996,2026-03-08 03:09:30,1007.0,south,D,20,120.38,7.1,2236.67,op4,paid
ORD-000997,2026-03-08 03:14:07,1023.0,east,A,20,12.63,10.8,225.34,op3,shipped
ORD-000998,2026-03-08 03:18:22,1012.0,south,A,24,12.68,1.3,300.44,op3,shipped
ORD-000999,2026-03-08 03:25:17,1014.0,central,A,29,12.27,2.0,348.77,op2,paid
ORD-001000,2026-03-08 03:50:11,1008.0,west,B,3,48.73,8.9,133.19,op2,shipped
ORD-001001,2026-03-08 03:57:05,1006.0,east,D,24,117.58,9.0,2568.05,op1,shipped
ORD-001002,2026-03-08 03:59:11,1026.0,west,C,3,3.15,11.1,8.39,op2,paid
ORD-001003,2026-03-08 04:12:54,1022.0,north,A,39,12.47,5.8,458.11,op6,paid
ORD-001004,2026-03-08 04:42:58,1001.0,west,C,11,3.3,5.6,34.23,op4,paid
ORD-001005,2026-03-08 04:50:17,1008.0,central,C,13,3.28,1.6,41.94,op5,closed
ORD-001006,2026-03-08 05:02:58,1015.0,east,B,11,43.81,4.3,461.2,op6,shipped
ORD-001007,2026-03-08 05:10:13,1006.0,south,B,28,49.72,4.9,1324.07,op3,paid
ORD-001008,2026-03-08 05:11:20,1019.0,north,B,28,48.09,5.9,1267.15,op5,paid
ORD-001009,2026-03-08 05:12:42,1005.0,central,A,26,12.53,2.4,317.99,op6,shipped
ORD-001010,2026-03-08 05:23:46,1030.0,east,A,34,13.04,4.3,424.3,op1,new
ORD-001011,2026-03-08 05:29:48,1016.0,south,B,33,46.99,8.0,1426.47,op6,shipped
ORD-001012,2026-03-08 05:32:45,1022.0,north,B,23,46.52,9.8,965.2,op6,closed
ORD-001013,2026-03-08 05:33:09,1033.0,west,B,36,45.19,6.9,1514.7,op6,closed
ORD-001014,2026-03-08 05:42:09,1019.0,north,B,31,46.33,7.5,1328.5,op4,new
ORD-001015,2026-03-08 05:44:15,1027.0,south,C,29,3.28,9.7,85.83,op6,paid
ORD-001016,2026-03-08 05:55:05,1036.0,central,A,31,12.2,0.0,378.21,op2,new
ORD-001017,2026-03-08 05:58:44,1039.0,east,A,13,12.12,10.8,140.5,op2,paid
ORD-001018,2026-03-08 06:00:31,1034.0,south,D,16,121.37,5.0,1844.86,op3,paid
ORD-001019,2026-03-08 06:04:00,1021.0,west,B,17,46.55,0.1,790.64,op5,paid
ORD-001020,2026-03-08 06:56:04,1024.0,south,B,23,46.91,6.0,1014.29,op4,closed
ORD-001021,2026-03-08 06:58:34,1031.0,north,B,24,46.84,7.2,1043.29,op5,paid
ORD-001022,2026-03-08 07:01:57,1024.0,central,B,32,48.55,3.3,1502.32,op5,shipped
ORD-001023,2026-03-08 07:13:20,1005.0,east,A,20,12.24,8.7,223.49,op6,shipped
ORD-001024,2026-03-08 07:31:26,1015.0,west,B,38,47.26,7.8,1655.96,op2,new
ORD-001025,2026-03-08 07:37:19,1034.0,central,C,17,3.18,12.1,47.53,op3,shipped
ORD-001026,2026-03-08 07:52:24,1035.0,south,A,32,11.81,5.0,359.16,op2,new
ORD-001027,2026-03-08 07:58:19,1028.0,north,D,13,119.03,5.1,1468.5,op4,new
ORD-001028,2026-03-08 08:02:49,1023.0,south,A,17,11.82,3.6,193.77,op5,closed
ORD-001029,2026-03-08 08:11:28,1026.0,west,B,8,46.26,1.9,363.08,op5,shipped
ORD-001030,2026-03-08 08:17:02,1008.0,west,C,4,3.15,6.2,11.83,op2,shipped
ORD-001031,2026-03-08 08:17:55,1006.0,central,A,15,12.53,11.6,166.16,op4,closed
ORD-001032,2026-03-08 08:21:49,1014.0,north,B,10,47.59,3.2,460.65,op3,shipped
ORD-001033,2026-03-08 08:23:24,1026.0,north,B,39,49.45,2.6,1878.31,op5,shipped
ORD-001034,2026-03-08 08:26:23,1036.0,central,B,21,48.11,5.5,954.82,op3,shipped
ORD-001035,2026-03-08 08:32:28,1012.0,central,C,15,3.25,3.0,47.29,op3,shipped
ORD-001036,2026-03-08 08:37:11,1032.0,central,A,9,12.31,6.6,103.47,op5,paid
ORD-001037,2026-03-08 08:48:19,1034.0,south,A,6,12.25,4.3,70.33,op6,shipped
ORD-001038,2026-03-08 09:12:03,1028.0,south,D,29,125.79,3.5,3520.36,op4,shipped
ORD-001039,2026-03-08 09:21:57,1023.0,east,D,4,114.04,3.5,440.21,op2,closed
ORD-001040,2026-03-08 09:34:13,1029.0,north,A,11,12.92,5.2,134.69,op4,paid
ORD-001041,2026-03-08 09:44:41,1036.0,central,B,9,46.88,9.4,382.22,op6,shipped
ORD-001042,2026-03-08 09:50:07,1035.0,central,A,17,12.73,0.0,216.42,op2,new
ORD-001043,2026-03-08 10:19:39,1028.0,central,D,24,115.28,10.7,2470.68,op5,closed
ORD-001044,2026-03-08 10:33:59,1000.0,west,D,16,121.6,6.2,1824.97,op4,new
ORD-001045,2026-03-08 10:35:57,1005.0,west,B,1,48.39,9.4,43.84,op4,paid
ORD-001046,2026-03-08 10:37:48,1026.0,central,B,39,44.95,7.8,1616.32,op5,shipped
ORD-001047,2026-03-08 10:38:21,1001.0,west,B,33,47.03,6.9,1444.84,op4,new
ORD-001048,2026-03-08 10:48:56,1025.0,north,B,17,48.85,2.5,809.7,op3,closed
ORD-001049,2026-03-08 11:08:13,1014.0,south,C,29,3.29,2.5,93.08,op3,new
ORD-001050,2026-03-08 11:08:13,1030.0,central,C,27,3.22,7.5,80.52,op4,shipped
ORD-001051,2026-03-08 11:20:02,1039.0,north,C,9,3.14,6.7,26.39,op4,new
ORD-001052,2026-03-08 11:36:47,1014.0,north,C,38,3.19,11.3,107.56,op3,shipped
ORD-001053,2026-03-08 11:37:16,1016.0,west,A,29,12.01,0.0,348.16,op3,new
ORD-001054,2026-03-08 11:40:02,1008.0,west,A,29,12.12,3.2,340.17,op2,shipped
ORD-001055,2026-03-08 11:40:52,1022.0,west,B,35,48.26,0.0,1689.0,op1,new
ORD-001056,2026-03-08 11:48:19,1023.0,central,B,28,47.93,11.0,1194.53,op6,paid
ORD-001057,2026-03-08 11:54:00,1020.0,east,D,22,122.34,2.9,2613.52,op6,paid
ORD-001058,2026-03-08 12:01:42,1036.0,south,A,33,12.55,0.6,411.7,op5,closed
ORD-001059,2026-03-08 12:03:33,1037.0,west,B,13,48.77,7.0,589.59,op3,paid
ORD-001060,2026-03-08 12:04:44,1037.0,central,C,16,3.19,7.2,47.31,op6,new
ORD-001061,2026-03-08 12:23:01,1036.0,south,B,19,48.81,1.2,916.25,op6,shipped
ORD-001062,2026-03-08 12:23:26,1000.0,east,A,10,13.39,2.8,130.16,op4,shipped
ORD-001063,2026-03-08 12:25:18,1011.0,south,A,33,12.12,4.3,382.91,op4,paid
ORD-001064,2026-03-08 12:26:38,1014.0,south,D,9,120.37,9.6,979.33,op2,new
ORD-001065,2026-03-08 12:26:38,1021.0,south,C,7,3.15,2.6,21.5,op1,new
ORD-001066,2026-03-08 12:33:24,1034.0,west,C,4,3.24,4.8,12.35,op1,paid
ORD-001067,2026-03-08 12:38:40,1002.0,central,A,3,12.66,8.0,34.94,op6,shipped
ORD-001068,2026-03-08 12:46:01,1004.0,east,C,3,3.12,5.3,8.87,op6,new
ORD-001069,2026-03-08 13:15:26,1039.0,north,A,16,12.55,3.8,193.16,op6,shipped
ORD-001070,2026-03-08 13:31:08,1031.0,east,A,34,12.57,5.3,404.73,op6,new
ORD-001071,2026-03-08 13:37:06,1034.0,central,B,27,47.82,9.0,1174.92,op6,shipped
ORD-001072,2026-03-08 13:37:13,1037.0,north,B,36,48.42,5.0,1656.09,op2,paid
ORD-001073,2026-03-08 13:40:42,1037.0,central,B,30,49.94,8.0,1378.43,op2,new
ORD-001074,2026-03-08 13:57:27,1029.0,central,D,33,122.12,2.0,3949.33,op4,shipped
ORD-001075,2026-03-08 14:04:20,1026.0,south,A,25,12.4,4.0,297.64,op4,new
ORD-001076,2026-03-08 14:11:33,1034.0,west,A,9,12.59,3.0,109.88,op2,paid
ORD-001077,2026-03-08 14:14:36,1025.0,west,A,17,13.23,8.1,206.77,op3,new
ORD-001078,2026-03-08 14:20:28,1000.0,north,C,2,3.14,1.6,6.18,op3,paid
ORD-001079,2026-03-08 14:21:03,1000.0,east,C,19,3.31,0.0,62.81,op2,paid
ORD-001080,2026-03-08 14:23:19,1001.0,east,C,29,3.14,6.3,85.24,op3,new
ORD-001081,2026-03-08 14:34:53,1018.0,north,B,35,45.74,8.3,1467.93,op1,closed
ORD-001082,2026-03-08 14:39:19,1032.0,south,A,22,12.25,11.4,238.69,op4,new
ORD-001083,2026-03-08 15:06:31,1010.0,north,B,7,48.48,0.0,339.36,op5,new
ORD-001084,2026-03-08 15:16:40,1017.0,east,A,23,12.41,1.1,282.35,op2,paid
ORD-001085,2026-03-08 15:23:16,1008.0,central,A,23,12.24,8.9,256.49,op5,shipped
ORD-001086,2026-03-08 15:31:30,1024.0,south,A,16,12.21,6.9,181.89,op1,new
ORD-001087,2026-03-08 15:33:06,1016.0,south,B,37,46.64,3.6,1663.38,op2,closed
ORD-001088,2026-03-08 15:36:25,1016.0,east,A,24,12.11,5.8,273.72,op6,paid
ORD-001089,2026-03-08 15:40:44,1014.0,east,B,37,47.13,8.4,1597.49,op6,closed
ORD-001090,2026-03-08 15:45:54,1001.0,east,D,29,111.17,6.8,3004.65,op6,shipped
ORD-001091,2026-03-08 16:05:36,1037.0,west,A,19,12.66,0.0,240.46,op5,new
ORD-001092,2026-03-08 16:06:07,1004.0,central,A,19,12.6,4.9,227.73,op5,shipped
ORD-001093,2026-03-08 16:10:08,1013.0,west,A,14,12.53,5.6,165.65,op1,shipped
ORD-001094,2026-03-08 16:18:41,1012.0,east,A,17,12.83,8.4,199.82,op3,closed
ORD-001095,2026-03-08 16:21:12,1035.0,east,B,34,47.15,8.7,1463.49,op1,shipped
ORD-001096,2026-03-08 16:47:40,1001.0,south,B,18,47.97,5.4,816.9,op2,shipped
ORD-001097,2026-03-08 16:53:20,1017.0,east,B,23,44.3,6.6,951.73,op1,paid
ORD-001098,2026-03-08 17:09:21,1003.0,central,D,2,120.62,3.9,231.84,op5,paid
ORD-001099,2026-03-08 17:15:05,1017.0,north,B,32,47.42,2.4,1480.89,op5,shipped
ORD-001100,2026-03-08 17:27:31,1005.0,north,B,15,48.84,5.7,690.79,op4,shipped
ORD-001101,2026-03-08 17:55:36,1039.0,north,C,7,3.28,0.7,22.79,op4,shipped
ORD-001102,2026-03-08 18:02:04,1010.0,north,C,16,3.18,0.0,50.91,op4,closed
ORD-001103,2026-03-08 18:06:42,1004.0,central,B,26,46.19,0.8,1191.34,op2,paid
ORD-001104,2026-03-08 18:14:56,1037.0,east,B,10,48.45,6.8,451.58,op1,paid
ORD-001105,2026-03-08 18:22:51,1022.0,west,A,11,12.81,5.2,133.53,op3,paid
ORD-001106,2026-03-08 18:26:32,1039.0,east,B,28,49.26,4.7,1314.58,op3,shipped
ORD-001107,2026-03-08 18:44:57,1015.0,west,B,27,47.23,9.6,1152.85,op2,closed
ORD-001108,2026-03-08 19:00:23,1019.0,west,B,32,46.67,6.1,1402.3,op5,paid
ORD-001109,2026-03-08 19:05:11,1020.0,central,A,11,12.39,4.0,130.86,op5,paid
ORD-001110,2026-03-08 19:06:56,1008.0,north,B,16,46.5,8.6,679.98,op5,closed
ORD-001111,2026-03-08 19:11:11,1020.0,east,A,39,11.7,4.9,433.87,op2,shipped
ORD-001112,2026-03-08 19:40:03,1023.0,east,A,29,12.62,0.0,366.12,op1,paid
ORD-001113,2026-03-08 20:02:09,1003.0,central,A,12,12.65,3.1,147.11,op6,shipped
ORD-001114,2026-03-08 20:09:07,1002.0,west,C,20,3.26,3.3,63.03,op2,paid
ORD-001115,2026-03-08 20:14:09,1006.0,east,A,22,12.17,5.8,252.3,op1,closed
ORD-001116,2026-03-08 20:25:13,1037.0,south,D,12,119.75,4.6,1370.94,op4,paid
ORD-001117,2026-03-08 20:40:08,1001.0,central,A,20,12.04,6.5,225.18,op1,paid
ORD-001118,2026-03-08 20:40:54,1001.0,west,B,2,45.86,5.0,87.14,op5,closed
ORD-001119,2026-03-08 20:56:24,1028.0,east,A,24,12.66,4.1,291.39,op5,shipped
ORD-001120,2026-03-08 21:03:51,1026.0,central,B,13,45.37,3.9,566.83,op4,shipped
ORD-001121,2026-03-08 21:14:30,1032.0,west,C,27,3.16,4.4,81.68,op3,paid
ORD-001122,2026-03-08 21:16:47,1000.0,central,B,35,51.28,3.7,1728.32,op6,new
ORD-001123,2026-03-08 21:17:43,1037.0,west,B,33,49.67,0.6,1629.24,op6,shipped
ORD-001124,2026-03-08 21:21:30,1003.0,east,D,33,122.26,2.5,3933.69,op4,shipped
ORD-001125,2026-03-08 21:28:24,1015.0,west,B,21,48.81,6.6,957.34,op5,closed
ORD-001126,2026-03-08 21:41:20,1022.0,central,A,37,12.41,1.5,452.41,op6,paid
ORD-001127,2026-03-08 21:55:15,1039.0,south,A,16,12.27,9.0,178.65,op2,shipped
ORD-001128,2026-03-08 22:02:20,1026.0,south,C,31,3.39,6.1,98.6,op2,closed
ORD-001129,2026-03-08 22:19:54,1029.0,north,B,35,47.68,4.4,1595.38,op5,shipped
ORD-001130,2026-03-08 22:35:10,1011.0,central,A,25,12.27,0.2,306.17,op5,shipped
ORD-001131,2026-03-08 22:37:56,1011.0,north,B,33,48.9,4.4,1542.79,op6,shipped
ORD-001132,2026-03-08 22:38:14,1000.0,central,A,3,12.47,3.9,35.95,op2,new
ORD-001133,2026-03-08 23:12:35,1004.0,west,C,27,3.32,6.5,83.82,op2,paid
ORD-001134,2026-03-08 23:43:14,1019.0,north,C,3,3.14,8.5,8.61,op2,paid
ORD-001135,2026-03-09 00:10:06,1038.0,south,C,37,3.12,8.0,106.2,op5,shipped
ORD-001136,2026-03-09 00:24:01,1021.0,south,C,33,3.16,7.1,96.88,op6,shipped
ORD-001137,2026-03-09 00:42:30,1009.0,west,A,30,13.08,7.7,362.26,op1,shipped
ORD-001138,2026-03-09 00:46:53,1009.0,south,D,6,123.24,10.3,663.25,op6,paid
ORD-001139,2026-03-09 01:13:10,1021.0,central,B,9,48.35,7.1,404.27,op5,shipped
ORD-001140,2026-03-09 01:23:20,1036.0,west,C,5,3.21,6.9,14.93,op1,paid
ORD-001141,2026-03-09 01:40:48,1006.0,east,C,32,3.23,3.3,99.99,op6,paid
ORD-001142,2026-03-09 01:56:18,1005.0,central,C,36,3.11,5.3,105.94,op2,shipped
ORD-001143,2026-03-09 01:57:39,1014.0,east,C,26,3.25,6.8,78.69,op1,shipped
ORD-001144,2026-03-09 01:59:24,1013.0,central,C,17,3.15,0.0,53.6,op2,new
ORD-001145,2026-03-09 02:16:37,1013.0,west,B,28,48.32,10.8,1206.9,op4,closed
ORD-001146,2026-03-09 02:23:00,1036.0,north,A,4,12.51,4.6,47.73,op1,new
ORD-001147,2026-03-09 02:34:58,1015.0,east,A,11,12.61,7.0,129.01,op3,new
ORD-001148,2026-03-09 02:40:55,1017.0,west,D,9,118.37,0.0,1065.29,op6,new
ORD-001149,2026-03-09 02:57:50,1027.0,north,C,21,3.29,5.4,65.35,op1,new
ORD-001150,2026-03-09 02:58:08,1016.0,north,A,10,12.63,1.6,124.3,op4,shipped
ORD-001151,2026-03-09 03:29:28,1004.0,north,A,34,12.22,4.7,395.85,op4,new
ORD-001152,2026-03-09 03:38:24,1026.0,west,C,20,3.24,1.5,63.86,op2,shipped
ORD-001153,2026-03-09 03:57:02,1023.0,west,A,32,12.38,1.7,389.27,op4,paid
ORD-001154,2026-03-09 04:32:18,1023.0,west,B,4,48.55,0.0,194.19,op4,paid
ORD-001155,2026-03-09 05:25:26,1037.0,south,C,30,3.28,8.8,89.75,op1,paid
ORD-001156,2026-03-09 05:28:27,1037.0,south,B,20,47.32,2.7,920.8,op6,paid
ORD-001157,2026-03-09 05:30:15,1031.0,east,D,29,119.9,1.6,3421.59,op6,shipped
ORD-001158,2026-03-09 05:41:42,1026.0,east,B,13,48.1,0.3,623.46,op5,shipped
ORD-001159,2026-03-09 05:53:50,1014.0,north,D,33,120.16,4.5,3786.75,op6,shipped
ORD-001160,2026-03-09 05:54:31,1029.0,west,B,4,50.88,9.7,183.79,op5,shipped
ORD-001161,2026-03-09 05:54:34,1035.0,west,B,25,48.51,4.7,1155.65,op6,new
ORD-001162,2026-03-09 05:58:28,1007.0,central,A,18,12.08,2.2,212.71,op1,paid
ORD-001163,2026-03-09 06:10:16,1028.0,north,C,38,3.21,4.5,116.54,op6,shipped
ORD-001164,2026-03-09 06:10:49,1025.0,central,A,23,12.3,2.8,275.02,op4,paid
ORD-001165,2026-03-09 06:29:17,1018.0,east,A,5,13.4,4.2,64.19,op1,new
ORD-001166,2026-03-09 06:34:26,1017.0,east,B,12,47.12,2.6,550.75,op3,closed
ORD-001167,2026-03-09 06:46:45,1018.0,south,B,7,46.45,9.2,295.25,op5,shipped
ORD-001168,2026-03-09 06:57:09,1034.0,central,D,13,122.63,11.5,1410.88,op1,paid
ORD-001169,2026-03-09 07:02:24,1011.0,north,D,19,118.2,3.8,2160.44,op2,shipped
ORD-001170,2026-03-09 07:06:40,1023.0,central,D,14,118.69,2.1,1626.82,op5,shipped
ORD-001171,2026-03-09 07:12:28,1019.0,south,C,34,3.18,5.6,102.04,op2,paid
ORD-001172,2026-03-09 07:20:37,1012.0,east,A,38,12.26,5.3,441.07,op2,paid
ORD-001173,2026-03-09 07:55:17,1022.0,central,C,37,3.16,8.0,107.65,op6,shipped
ORD-001174,2026-03-09 08:23:45,1009.0,east,A,34,11.7,3.3,384.56,op2,new
ORD-001175,2026-03-09 08:30:04,1009.0,east,A,28,12.47,4.4,333.76,op5,shipped
ORD-001176,2026-03-09 08:32:51,1027.0,east,D,13,122.34,5.0,1510.89,op3,new
ORD-001177,2026-03-09 08:33:32,1032.0,south,B,4,50.67,4.5,193.54,op3,shipped
ORD-001178,2026-03-09 08:37:02,1008.0,north,D,29,120.3,6.2,3272.44,op1,paid
ORD-001179,2026-03-09 08:48:46,1022.0,east,A,12,12.81,6.5,143.76,op2,paid
ORD-001180,2026-03-09 08:49:15,1024.0,east,B,34,47.01,6.3,1497.66,op6,shipped
ORD-001181,2026-03-09 08:54:51,1008.0,east,A,21,13.05,0.0,273.98,op6,closed
ORD-001182,2026-03-09 08:56:21,1036.0,south,C,27,3.41,6.6,86.09,op1,new
ORD-001183,2026-03-09 09:00:45,1026.0,central,D,24,121.28,5.6,2747.79,op1,shipped
ORD-001184,2026-03-09 09:04:21,1036.0,north,B,28,47.56,0.0,1331.72,op5,closed
ORD-001185,2026-03-09 09:13:50,1036.0,east,A,5,12.53,5.2,59.4,op2,new
ORD-001186,2026-03-09 09:17:10,1005.0,north,A,4,13.08,2.9,50.81,op5,shipped
ORD-001187,2026-03-09 09:35:43,1008.0,central,A,5,12.06,4.6,57.5,op4,paid
ORD-001188,2026-03-09 09:37:08,1004.0,east,B,32,49.86,1.5,1571.52,op5,shipped
ORD-001189,2026-03-09 09:37:55,1023.0,central,C,33,3.11,7.4,95.03,op3,paid
ORD-001190,2026-03-09 09:40:59,1025.0,central,D,3,117.21,7.0,327.02,op5,closed
ORD-001191,2026-03-09 09:42:09,1028.0,central,A,13,12.61,8.0,150.85,op1,new
ORD-001192,2026-03-09 09:53:17,1026.0,west,A,39,12.75,6.5,464.98,op4,paid
ORD-001193,2026-03-09 10:45:08,1030.0,central,A,35,12.87,6.6,420.73,op1,closed
ORD-001194,2026-03-09 10:48:54,1016.0,east,A,8,13.04,6.7,97.33,op2,paid
ORD-001195,2026-03-09 11:05:44,1031.0,central,A,29,12.1,8.7,320.33,op5,new
ORD-001196,2026-03-09 11:07:44,1023.0,north,A,9,12.54,5.1,107.12,op6,closed
ORD-001197,2026-03-09 11:29:38,1039.0,west,C,16,3.28,7.6,48.44,op3,shipped
ORD-001198,2026-03-09 11:41:18,1022.0,central,A,19,12.62,1.4,236.35,op4,closed
ORD-001199,2026-03-09 11:51:00,1015.0,west,A,31,12.93,7.4,371.19,op3,closed
ORD-001200,2026-03-09 11:56:02,1036.0,north,A,16,12.53,4.5,191.46,op2,closed
ORD-001201,2026-03-07 12:01:37,1020.0,east,C,3,3.18,9.9,8.59,op1,shipped
ORD-001202,2026-03-07 12:14:25,1007.0,central,B,5,44.89,6.6,209.66,op3,shipped
ORD-001203,2026-03-07 12:22:57,1001.0,east,A,16,11.82,2.4,184.65,op1,closed
ORD-001204,2026-03-07 12:25:49,1029.0,west,C,7,3.28,6.3,21.5,op3,closed
ORD-001205,2026-03-07 12:36:13,1029.0,east,B,27,46.44,3.7,1207.39,op1,closed
ORD-001206,2026-03-07 12:39:12,1024.0,west,B,38,48.49,8.5,1686.11,op1,shipped
ORD-001207,2026-03-07 12:55:44,1008.0,east,B,2,48.98,5.2,92.86,op5,paid
ORD-001208,2026-03-07 13:12:31,1013.0,south,A,9,12.47,4.7,106.97,op4,closed
ORD-001209,2026-03-07 13:17:35,1022.0,north,B,34,49.49,5.0,1598.43,op3,new
ORD-001210,2026-03-07 13:29:40,1008.0,central,B,2,47.14,1.6,92.78,op6,paid
ORD-001211,2026-03-07 13:33:24,1007.0,north,A,34,12.73,5.3,409.95,op2,paid
ORD-001212,2026-03-07 13:48:42,1018.0,east,B,13,47.88,4.3,595.67,op5,closed
ORD-001213,2026-03-07 14:03:38,1001.0,central,A,7,11.97,5.3,79.33,op4,shipped
ORD-001214,2026-03-07 14:24:57,1030.0,west,A,19,11.78,8.3,205.18,op5,shipped
ORD-001215,2026-03-07 14:46:42,1003.0,east,B,11,47.78,1.4,518.23,op5,shipped
ORD-001216,2026-03-07 15:01:22,1027.0,south,B,3,50.35,4.7,143.96,op1,shipped
ORD-001217,2026-03-07 15:27:29,1032.0,west,C,19,3.31,9.5,56.97,op5,new
ORD-001218,2026-03-07 15:28:10,1014.0,east,C,27,3.25,4.5,83.76,op5,shipped
ORD-001219,2026-03-07 15:46:25,1015.0,west,B,28,49.18,3.9,1323.31,op4,shipped
ORD-001220,2026-03-07 15:48:18,1039.0,south,A,19,12.85,5.6,230.4,op6,shipped
ORD-001221,2026-03-07 16:11:56,1000.0,north,A,27,12.42,8.6,306.58,op3,paid
ORD-001222,2026-03-07 16:22:48,1038.0,south,B,33,49.91,5.3,1559.63,op4,paid
ORD-001223,2026-03-07 16:35:27,1005.0,south,A,35,12.61,8.5,403.84,op2,paid
ORD-001224,2026-03-07 16:44:16,1037.0,east,B,10,47.33,2.0,463.83,op4,new
ORD-001225,2026-03-07 16:45:48,1010.0,south,A,15,13.94,9.1,190.04,op5,shipped
ORD-001226,2026-03-07 17:00:08,1008.0,east,C,2,3.27,4.1,6.27,op5,paid
ORD-001227,2026-03-09 17:16:29,1024.0,south,A,4,12.47,6.9,46.44,op3,closed
ORD-001228,2026-03-09 17:29:51,1022.0,south,B,22,49.14,8.2,992.44,op2,paid
ORD-001229,2026-03-09 17:31:23,1037.0,east,A,24,12.07,3.1,280.6,op1,closed
ORD-001230,2026-03-09 17:44:02,1016.0,north,A,39,12.06,11.0,418.66,op1,closed
ORD-001231,2026-03-09 18:15:17,1034.0,north,B,14,50.77,5.7,670.32,op2,new
ORD-001232,2026-03-09 18:22:32,1008.0,south,B,2,48.94,3.8,94.16,op1,shipped
ORD-001233,2026-03-09 18:23:13,1019.0,east,C,15,3.1,10.1,41.82,op4,paid
ORD-001234,2026-03-09 18:25:37,1030.0,west,A,30,11.91,7.3,331.27,op1,shipped
ORD-001235,2026-03-09 18:31:05,1020.0,north,C,18,3.19,11.8,50.69,op6,closed
ORD-001236,2026-03-09 18:31:23,1037.0,north,A,18,12.12,5.2,206.87,op6,closed
ORD-001237,2026-03-09 18:46:26,1035.0,west,A,13,13.0,1.2,166.95,op6,closed
ORD-001238,2026-03-09 18:48:59,1007.0,east,D,28,113.23,6.3,2970.69,op6,shipped
ORD-001239,2026-03-09 19:24:56,1023.0,central,B,11,49.77,0.0,547.45,op6,shipped
ORD-001240,2026-03-09 19:31:38,1021.0,east,A,14,12.13,7.6,156.89,op3,shipped
ORD-001241,2026-03-09 19:53:42,1010.0,central,B,31,46.24,5.3,1357.38,op2,closed
ORD-001242,2026-03-09 20:10:02,1029.0,east,C,33,3.2,0.0,105.76,op3,new
ORD-001243,2026-03-09 20:12:23,1004.0,central,C,9,3.08,4.6,26.45,op2,shipped
ORD-001244,2026-03-09 20:14:47,1039.0,north,A,22,12.28,2.2,264.32,op2,new
ORD-001245,2026-03-09 20:29:57,1027.0,north,B,23,47.21,0.0,1085.82,op1,paid
ORD-001246,2026-03-09 20:35:39,1031.0,west,A,13,11.6,2.2,147.48,op2,paid
ORD-001247,2026-03-09 20:39:19,1023.0,central,A,24,12.06,2.4,282.46,op4,new
ORD-001248,2026-03-09 20:40:42,1030.0,east,B,13,48.48,337.2,596.89,op4,new
ORD-001249,2026-03-09 20:48:46,1025.0,central,A,28,11.73,2.1,321.46,op6,paid
ORD-001250,2026-03-09 20:52:15,1004.0,central,C,26,3.07,8.7,72.86,op3,shipped
ORD-001251,2026-03-09 21:19:54,1010.0,west,A,24,12.16,11.6,257.89,op2,paid
ORD-001252,2026-03-09 21:25:16,1028.0,central,B,12,49.3,6.7,551.97,op1,paid
ORD-001253,2026-03-09 21:49:28,1030.0,south,A,18,12.84,2.4,225.55,op5,new
ORD-001254,2026-03-09 21:50:12,1038.0,central,B,13,50.12,4.9,619.6,op2,new
ORD-001255,2026-03-09 21:59:37,1000.0,east,B,21,46.61,5.0,929.81,op3,new
ORD-001256,2026-03-09 22:04:19,1009.0,north,D,37,122.88,2.3,4441.92,op5,closed
ORD-001257,2026-03-09 22:33:44,1033.0,south,B,3,48.32,4.1,139.02,op4,shipped
ORD-001258,2026-03-09 22:34:15,1012.0,west,A,9,12.01,8.9,98.48,op2,new
ORD-001259,2026-03-09 23:02:24,1036.0,east,A,1,12.69,2.5,12.37,op2,shipped
ORD-001260,2026-03-09 23:08:36,1008.0,central,B,27,47.97,7.7,1195.44,op5,paid
ORD-001261,2026-03-09 23:09:31,1023.0,east,D,3,117.57,4.3,337.55,op2,closed
ORD-001262,2026-03-09 23:32:51,1003.0,south,B,7,46.43,2.0,318.5,op2,shipped
ORD-001263,2026-03-09 23:34:47,1031.0,central,D,12,114.16,4.1,1313.73,op6,paid
ORD-001264,2026-03-09 23:43:05,1019.0,central,A,8,12.68,7.6,93.74,op4,closed
ORD-001265,2026-03-09 23:52:54,1036.0,central,B,19,48.61,4.7,880.24,op6,paid
ORD-001266,2026-03-09 23:56:19,1030.0,south,C,27,3.17,3.2,82.88,op3,shipped
ORD-001267,2026-03-10 00:12:02,1030.0,west,C,3,3.16,4.3,9.08,op3,closed
ORD-001268,2026-03-10 00:14:01,1030.0,east,A,15,12.27,1.9,180.56,op2,paid
ORD-001269,2026-03-10 00:15:20,1003.0,west,B,3,49.07,5.6,138.96,op6,new
ORD-001270,2026-03-10 00:17:40,1016.0,west,C,18,3.22,7.8,53.39,op6,shipped
ORD-001271,2026-03-10 00:23:28,1010.0,south,B,27,45.42,8.1,1126.98,op4,paid
ORD-001272,2026-03-10 00:27:41,1023.0,central,A,9,12.53,10.4,101.01,op6,closed
ORD-001273,2026-03-10 00:48:17,1034.0,north,B,14,48.65,7.0,633.46,op6,closed
ORD-001274,2026-03-10 00:56:35,1011.0,west,B,36,47.11,0.0,1696.08,op4,paid
ORD-001275,2026-03-10 00:56:45,1038.0,central,A,12,12.32,6.1,138.78,op2,shipped
ORD-001276,2026-03-10 01:02:40,1011.0,north,B,28,47.13,0.8,1309.05,op1,paid
ORD-001277,2026-03-10 01:04:07,1039.0,south,B,20,48.88,3.7,941.51,op2,paid
ORD-001278,2026-03-10 01:20:41,1014.0,west,D,10,118.5,2.8,1151.79,op3,shipped
ORD-001279,2026-03-10 01:33:09,1008.0,south,B,34,47.93,6.5,1523.85,op1,shipped
ORD-001280,2026-03-10 01:49:04,1027.0,west,B,15,48.1,4.8,686.87,op1,new
ORD-001281,2026-03-10 01:57:43,1012.0,central,A,33,13.07,3.5,416.28,op1,shipped
ORD-001282,2026-03-10 02:29:23,1034.0,south,A,11,11.93,5.2,124.42,op4,shipped
ORD-001283,2026-03-10 02:35:40,1028.0,east,B,39,51.33,0.2,1997.78,op3,paid
ORD-001284,2026-03-10 02:42:29,1014.0,south,B,31,46.24,2.0,1404.92,op3,shipped
ORD-001285,2026-03-10 02:50:05,1030.0,central,A,14,12.41,6.8,161.96,op1,closed
ORD-001286,2026-03-10 02:50:54,1032.0,central,B,25,46.82,10.4,1048.66,op6,closed
ORD-001287,2026-03-10 03:01:22,1023.0,west,A,37,12.54,3.1,449.74,op6,closed
ORD-001288,2026-03-10 03:18:24,1032.0,central,A,13,12.7,8.8,150.59,op2,shipped
ORD-001289,2026-03-10 03:18:57,1016.0,north,B,31,51.34,4.2,1524.55,op1,shipped
ORD-001290,2026-03-10 03:29:48,1034.0,west,A,21,12.94,8.5,248.69,op1,closed
ORD-001291,2026-03-10 03:33:35,1015.0,west,B,37,47.01,1.3,1716.69,op4,new
ORD-001292,2026-03-10 03:58:00,1026.0,west,C,31,3.22,5.7,94.13,op5,shipped
ORD-001293,2026-03-10 03:58:15,1024.0,east,A,11,12.54,8.4,126.37,op1,closed
ORD-001294,2026-03-10 04:01:36,1015.0,central,B,10,47.03,1.3,464.18,op6,closed
ORD-001295,2026-03-10 04:04:50,1032.0,east,D,34,122.1,4.9,3947.95,op4,shipped
ORD-001296,2026-03-10 04:11:16,1036.0,north,C,16,3.22,2.0,50.57,op4,shipped
ORD-001297,2026-03-10 04:13:59,1008.0,west,A,8,12.33,4.0,94.7,op3,paid
ORD-001298,2026-03-10 04:54:01,1017.0,central,B,16,47.0,6.0,706.84,op5,shipped
ORD-001299,2026-03-10 04:55:53,1032.0,west,A,32,12.76,3.9,392.49,op2,new
ORD-001300,2026-03-10 04:56:20,1025.0,west,C,22,3.19,2.9,68.11,op6,paid
ORD-001301,2026-03-10 05:02:10,1005.0,north,C,35,3.31,5.4,109.72,op4,shipped
ORD-001302,2026-03-10 05:29:01,1002.0,south,A,2,12.82,2.6,24.98,op4,new
ORD-001303,2026-03-10 05:33:48,1006.0,central,A,31,12.04,3.8,359.18,op5,paid
ORD-001304,2026-03-10 06:02:26,1009.0,north,B,13,44.97,2.6,569.35,op2,new
ORD-001305,2026-03-10 06:04:02,1009.0,north,B,15,48.05,5.5,681.15,op6,paid
ORD-001306,2026-03-10 06:09:43,1014.0,east,B,9,47.02,2.4,412.99,op4,paid
ORD-001307,2026-03-10 06:11:33,1005.0,north,C,39,3.1,2.0,118.47,op6,new
ORD-001308,2026-03-10 06:15:59,1033.0,east,C,6,3.13,1.9,18.42,op6,paid
ORD-001309,2026-03-10 06:20:20,1032.0,south,B,30,50.07,1.3,1482.67,op5,closed
ORD-001310,2026-03-10 06:54:13,1039.0,west,A,14,12.41,6.0,163.38,op1,paid
ORD-001311,2026-03-10 06:58:02,1015.0,central,C,9,3.38,7.7,28.09,op1,paid
ORD-001312,2026-03-10 06:59:57,1003.0,west,A,10,12.79,4.4,122.28,op4,paid
ORD-001313,2026-03-10 07:08:51,1031.0,east,B,27,45.49,1.2,1213.47,op2,new
ORD-001314,2026-03-10 07:10:52,1007.0,central,C,26,3.24,0.1,84.22,op5,shipped
ORD-001315,2026-03-10 07:11:19,1009.0,central,C,16,3.34,3.4,51.67,op4,shipped
ORD-001316,2026-03-10 07:19:59,1032.0,south,B,5,45.43,3.6,218.97,op1,paid
ORD-001317,2026-03-10 07:45:25,1006.0,central,B,14,46.17,4.9,614.65,op6,shipped
ORD-001318,2026-03-10 07:52:32,1027.0,north,D,33,119.59,4.6,3765.04,op4,shipped
ORD-001319,2026-03-10 08:08:04,1027.0,south,C,20,3.15,6.5,58.85,op1,new
ORD-001320,2026-03-10 08:16:26,1008.0,north,A,34,13.13,2.4,435.87,op1,paid
ORD-001321,2026-03-10 08:30:58,1031.0,west,D,26,116.89,10.7,2713.86,op3,closed
ORD-001322,2026-03-10 08:38:25,1011.0,west,B,38,50.45,1.8,1882.74,op1,closed
ORD-001323,2026-03-10 08:57:02,1001.0,west,A,15,11.97,3.9,172.6,op3,new
ORD-001324,2026-03-10 09:02:21,1003.0,central,A,5,12.18,4.3,58.27,op6,paid
ORD-001325,2026-03-10 09:03:50,1022.0,west,B,37,48.48,2.5,1748.81,op4,closed
ORD-001326,2026-03-10 09:13:53,1039.0,west,B,3,48.75,0.0,146.25,op5,paid
ORD-001327,2026-03-10 09:28:21,1010.0,west,C,7,3.21,8.0,20.7,op3,paid
ORD-001328,2026-03-10 09:34:07,1029.0,north,B,38,50.33,15.2,1621.72,op1,shipped
ORD-001329,2026-03-10 09:53:35,1005.0,south,C,35,3.38,8.2,108.45,op2,closed
ORD-001330,2026-03-10 10:04:06,1002.0,east,A,4,13.24,0.0,52.97,op3,shipped
ORD-001331,2026-03-10 10:24:11,1037.0,central,B,8,47.87,4.9,364.21,op5,paid
ORD-001332,2026-03-10 10:25:26,1038.0,west,A,5,12.83,4.1,61.53,op1,new
ORD-001333,2026-03-10 10:27:21,1036.0,west,A,38,12.4,8.5,431.18,op4,paid
ORD-001334,2026-03-10 10:35:53,1012.0,south,B,8,50.08,5.3,379.43,op3,shipped
ORD-001335,2026-03-10 10:39:10,1029.0,east,A,10,11.63,4.3,111.33,op1,new
ORD-001336,2026-03-10 10:58:12,1014.0,east,B,24,47.08,2.5,1101.6,op2,shipped
ORD-001337,2026-03-10 11:10:44,1026.0,north,C,33,3.18,6.1,98.55,op3,shipped
ORD-001338,2026-03-10 11:39:33,1025.0,central,A,32,12.32,3.8,379.29,op3,paid
ORD-001339,2026-03-10 11:47:25,1023.0,north,B,34,50.32,5.7,1613.32,op5,paid
ORD-001340,2026-03-10 11:57:08,1034.0,south,C,3,3.07,6.1,8.64,op3,paid
ORD-001341,2026-03-10 12:45:08,1025.0,central,B,20,46.84,5.0,889.91,op4,shipped
ORD-001342,2026-03-10 13:02:18,1009.0,south,C,14,3.09,4.7,41.17,op6,new
ORD-001343,2026-03-10 13:07:20,1002.0,east,A,11,12.49,3.9,132.03,op6,paid
ORD-001344,2026-03-10 13:21:03,1026.0,north,B,15,46.71,4.7,667.67,op3,paid
ORD-001345,2026-03-10 13:39:56,1025.0,north,A,20,12.86,0.8,255.15,op1,paid
ORD-001346,2026-03-10 13:49:36,1001.0,north,A,37,12.84,0.0,475.13,op6,shipped
ORD-001347,2026-03-10 13:58:06,1025.0,south,C,37,3.0,4.2,106.26,op3,shipped
ORD-001348,2026-03-10 13:59:20,1032.0,east,A,25,11.7,6.9,272.4,op3,paid
ORD-001349,2026-03-10 14:13:06,1026.0,south,C,7,3.28,3.5,22.16,op4,shipped
ORD-001350,2026-03-10 14:13:32,1030.0,north,C,18,3.24,2.5,56.84,op2,new
ORD-001351,2026-03-10 14:33:23,1014.0,east,C,31,3.05,5.0,89.75,op6,closed
ORD-001352,2026-03-10 14:38:39,1000.0,south,A,15,12.49,1.7,184.19,op4,closed
ORD-001353,2026-03-10 14:40:58,1000.0,east,C,1,3.08,1.8,3.03,op4,closed
ORD-001354,2026-03-10 14:49:30,1000.0,central,A,14,12.81,3.5,173.02,op1,shipped
ORD-001355,2026-03-10 14:59:45,1031.0,south,B,7,46.11,5.1,306.3,op5,closed
ORD-001356,2026-03-10 15:09:45,1026.0,central,A,10,12.27,4.7,116.94,op1,shipped
ORD-001357,2026-03-10 15:27:39,1014.0,west,C,7,3.25,8.6,20.77,op3,closed
ORD-001358,2026-03-10 15:31:52,1019.0,west,A,28,12.52,3.8,337.31,op1,paid
ORD-001359,2026-03-10 15:32:46,1038.0,west,C,19,3.3,0.4,62.5,op5,paid
ORD-001360,2026-03-10 15:54:27,1039.0,north,B,7,48.62,1.7,334.55,op4,paid
ORD-001361,2026-03-10 15:55:04,1010.0,north,A,3,11.94,2.8,34.82,op1,shipped
ORD-001362,2026-03-10 16:03:29,1035.0,central,B,22,48.36,4.1,1020.26,op4,new
ORD-001363,2026-03-10 16:05:06,1016.0,north,C,33,3.09,1.1,100.92,op5,new
ORD-001364,2026-03-10 16:12:38,1012.0,central,C,31,3.34,6.4,96.93,op2,paid
ORD-001365,2026-03-10 16:35:28,1022.0,north,D,30,125.75,6.3,3534.73,op4,new
ORD-001366,2026-03-10 16:37:58,1018.0,south,A,20,12.93,2.4,252.43,op3,paid
ORD-001367,2026-03-10 17:05:04,1003.0,south,B,4,51.19,8.3,187.78,op3,new
ORD-001368,2026-03-10 17:07:41,1012.0,west,A,18,12.81,4.4,220.36,op3,paid
ORD-001369,2026-03-10 17:11:23,1035.0,central,B,9,50.15,2.0,442.32,op6,closed
ORD-001370,2026-03-10 17:12:27,1015.0,east,A,25,12.86,3.2,311.21,op2,shipped
ORD-001371,2026-03-10 17:19:50,1020.0,central,B,29,49.3,2.7,1391.04,op1,closed
ORD-001372,2026-03-10 17:27:28,1031.0,south,A,3,12.83,7.8,35.49,op3,shipped
ORD-001373,2026-03-10 17:29:55,1011.0,south,A,33,12.61,3.0,403.81,op4,paid
ORD-001374,2026-03-10 17:35:33,1024.0,south,C,4,3.38,8.5,12.35,op5,new
ORD-001375,2026-03-10 17:42:54,1006.0,south,B,16,46.44,6.0,698.47,op3,shipped
ORD-001376,2026-03-10 18:01:37,1025.0,south,C,4,3.05,4.7,11.63,op2,closed
ORD-001377,2026-03-10 18:15:45,1033.0,north,B,10,46.9,460.8,439.47,op1,closed
ORD-001378,2026-03-10 18:18:23,1004.0,central,C,12,3.35,4.2,38.56,op4,paid
ORD-001379,2026-03-10 18:20:17,1019.0,south,B,33,47.63,3.6,1515.11,op2,shipped
ORD-001380,2026-03-10 18:29:47,1016.0,east,A,16,12.2,1.1,193.0,op6,paid
ORD-001381,2026-03-10 18:31:03,1026.0,north,D,34,116.97,7.7,3670.84,op4,shipped
ORD-001382,2026-03-10 18:32:40,1000.0,central,A,13,12.68,12.3,144.54,op5,paid
ORD-001383,2026-03-10 18:44:58,1016.0,east,C,17,3.2,1.9,53.29,op2,paid
ORD-001384,2026-03-10 18:46:59,1012.0,central,A,14,12.95,5.0,172.3,op2,paid
ORD-001385,2026-03-10 18:52:08,1005.0,north,B,7,47.54,10.4,298.19,op5,shipped
ORD-001386,2026-03-10 18:57:52,1025.0,north,A,28,12.85,10.8,320.84,op3,new
ORD-001387,2026-03-10 19:02:23,1003.0,north,B,28,46.76,9.8,1181.03,op6,paid
ORD-001388,2026-03-10 19:17:00,1024.0,east,A,32,12.71,4.8,387.08,op1,closed
ORD-001389,2026-03-10 19:26:04,1033.0,west,A,7,13.65,9.1,86.84,op4,shipped
ORD-001390,2026-03-10 19:41:02,1005.0,west,B,29,47.73,5.2,1312.13,op6,paid
ORD-001391,2026-03-10 19:42:48,1022.0,central,C,12,3.19,2.0,37.5,op1,paid
ORD-001392,2026-03-10 19:45:49,1018.0,west,B,28,49.42,6.0,1300.8,op3,shipped
ORD-001393,2026-03-10 19:55:49,1024.0,east,A,13,12.13,6.4,147.62,op3,paid
ORD-001394,2026-03-10 19:55:53,1005.0,south,D,2,118.38,9.5,214.28,op6,new
ORD-001395,2026-03-10 19:59:38,1006.0,south,A,4,12.3,3.3,47.57,op2,shipped
ORD-001396,2026-03-10 20:34:05,1014.0,west,A,14,12.6,2.4,172.17,op6,paid
ORD-001397,2026-03-10 20:39:05,1014.0,west,B,32,46.04,6.1,1383.3,op1,closed
ORD-001398,2026-03-10 20:42:43,1033.0,west,A,16,13.04,6.8,194.5,op2,new
ORD-001399,2026-03-10 21:05:20,1005.0,south,B,20,48.22,10.1,866.93,op4,closed
ORD-001400,2026-03-10 21:19:55,1039.0,east,B,25,48.29,6.1,1133.52,op5,shipped
ORD-001401,2026-03-10 21:42:07,1033.0,central,C,3,3.19,3.6,9.21,op2,shipped
ORD-001402,2026-03-10 21:52:34,1023.0,north,A,17,12.49,5.1,201.54,op4,closed
ORD-001403,2026-03-10 21:53:15,1015.0,west,C,17,2.98,13.7,43.7,op1,paid
ORD-001404,2026-03-10 22:03:49,1039.0,north,D,24,124.66,0.0,2991.84,op3,shipped
ORD-001405,2026-03-10 22:04:44,1019.0,east,A,22,12.17,5.0,254.44,op4,paid
ORD-001406,2026-03-10 22:25:50,1016.0,north,A,31,12.82,10.2,356.77,op2,closed
ORD-001407,2026-03-10 22:30:34,1035.0,west,C,26,3.19,5.5,78.3,op4,paid
ORD-001408,2026-03-10 22:33:47,1008.0,south,B,23,47.72,2.4,1071.24,op1,shipped
ORD-001409,2026-03-10 22:34:05,1020.0,east,A,30,12.69,3.3,368.24,op5,paid
ORD-001410,2026-03-10 22:34:06,1004.0,central,B,10,50.45,7.4,467.21,op1,paid
ORD-001411,2026-03-10 22:41:11,1018.0,north,B,2,47.89,2.1,93.76,op1,shipped
ORD-001412,2026-03-10 22:55:09,1021.0,west,C,36,3.15,5.8,106.68,op4,paid
ORD-001413,2026-03-10 23:01:05,1023.0,east,B,19,48.7,5.2,877.21,op6,shipped
ORD-001414,2026-03-10 23:21:39,1002.0,south,C,34,2.96,7.0,93.71,op3,paid
ORD-001415,2026-03-10 23:28:12,1035.0,west,B,27,46.78,7.4,1169.6,op2,shipped
ORD-001416,2026-03-10 23:31:29,1005.0,central,B,19,46.59,7.5,818.83,op3,shipped
ORD-001417,2026-03-10 23:42:17,1025.0,north,C,36,3.17,5.8,107.38,op1,paid
ORD-001418,2026-03-10 23:45:42,1038.0,west,C,30,3.07,7.2,85.46,op2,shipped
ORD-001419,2026-03-10 23:51:24,1001.0,east,B,14,49.24,4.8,656.27,op6,closed
ORD-001420,2026-03-10 23:54:34,1029.0,west,B,3,47.57,2.4,139.29,op6,new
ORD-001421,2026-03-11 00:00:41,1023.0,south,A,30,12.56,4.7,359.01,op2,new
ORD-001422,2026-03-11 00:22:17,1013.0,east,B,24,48.04,6.7,1075.71,op2,closed
ORD-001423,2026-03-11 00:28:50,1016.0,west,A,36,12.39,7.9,410.69,op2,shipped
ORD-001424,2026-03-11 00:31:56,1023.0,west,B,24,47.07,10.6,1009.99,op4,closed
ORD-001425,2026-03-11 00:52:01,1037.0,east,A,34,12.99,4.0,424.01,op5,shipped
ORD-001426,2026-03-11 00:59:34,1023.0,east,A,37,12.82,2.0,464.73,op2,shipped
ORD-001427,2026-03-11 01:02:03,1019.0,south,A,23,13.07,2.0,294.53,op5,closed
ORD-001428,2026-03-11 01:10:08,1005.0,east,B,29,47.79,5.7,1306.86,op3,closed
ORD-001429,2026-03-11 01:22:29,1032.0,east,B,23,48.42,0.0,1113.67,op4,paid
ORD-001430,2026-03-11 01:27:42,1034.0,central,A,1,12.64,0.8,12.54,op5,closed
ORD-001431,2026-03-11 01:42:56,1010.0,central,B,39,47.54,5.7,1748.55,op1,new
ORD-001432,2026-03-11 01:55:28,1038.0,central,C,20,3.2,5.9,60.18,op6,closed
ORD-001433,2026-03-11 01:57:33,1027.0,east,A,36,11.9,0.4,426.53,op4,paid
ORD-001434,2026-03-11 02:02:27,1014.0,east,A,38,12.06,6.9,426.57,op2,shipped
ORD-001435,2026-03-11 02:40:24,1024.0,west,A,11,12.16,5.2,126.79,op6,new
ORD-001436,2026-03-11 02:49:48,1034.0,central,B,6,46.37,7.2,258.18,op2,closed
ORD-001437,2026-03-11 02:54:17,1025.0,north,A,4,12.67,8.2,46.51,op1,shipped
ORD-001438,2026-03-11 02:57:45,1039.0,east,A,26,12.64,4.6,313.56,op4,paid
ORD-001439,2026-03-11 02:59:12,1007.0,west,A,37,12.66,5.1,444.46,op2,shipped
ORD-001440,2026-03-11 03:06:10,1023.0,central,A,15,12.41,6.5,174.0,op6,paid
ORD-001441,2026-03-11 03:06:24,1016.0,central,A,26,12.88,1.9,328.64,op4,closed
ORD-001442,2026-03-11 03:12:11,1035.0,north,C,17,3.29,6.6,52.23,op1,shipped
ORD-001443,2026-03-11 03:20:42,1035.0,south,A,26,12.72,0.4,329.38,op4,closed
ORD-001444,2026-03-11 03:29:03,1018.0,south,C,36,3.17,8.3,104.62,op5,new
ORD-001445,2026-03-11 03:42:17,1010.0,north,A,25,13.09,6.7,305.21,op6,closed
ORD-001446,2026-03-11 03:43:26,1030.0,south,A,33,12.06,3.0,385.96,op1,shipped
ORD-001447,2026-03-11 03:51:44,1000.0,south,D,8,114.15,5.0,867.55,op2,shipped
ORD-001448,2026-03-11 04:04:58,1020.0,east,A,14,12.01,3.4,162.48,op1,paid
ORD-001449,2026-03-11 04:23:38,1035.0,central,A,35,12.96,6.1,425.86,op5,closed
ORD-001450,2026-03-11 04:26:58,1000.0,west,C,27,3.21,8.8,79.05,op6,shipped
ORD-001451,2026-03-11 04:41:46,1013.0,south,C,4,3.14,4.3,12.04,op2,paid
ORD-001452,2026-03-11 04:45:57,1010.0,north,B,11,44.66,5.9,462.29,op1,shipped
ORD-001453,2026-03-11 04:46:01,1027.0,east,A,24,12.42,8.7,272.13,op6,new
ORD-001454,2026-03-11 05:09:25,1019.0,east,A,22,12.13,4.8,254.07,op3,closed
ORD-001455,2026-03-11 05:20:38,1018.0,south,B,18,45.0,7.9,745.98,op1,closed
ORD-001456,2026-03-11 05:37:02,1008.0,north,D,8,123.97,2.8,964.01,op2,new
ORD-001457,2026-03-11 05:37:27,1016.0,north,A,30,12.52,4.3,359.35,op2,shipped
ORD-001458,2026-03-11 05:40:56,1032.0,west,B,31,50.02,7.5,1434.37,op4,shipped
ORD-001459,2026-03-11 05:54:26,1038.0,north,C,37,3.2,8.7,108.08,op3,new
ORD-001460,2026-03-11 06:07:11,1037.0,north,C,6,3.26,1.4,19.26,op4,new
ORD-001461,2026-03-11 06:23:22,1022.0,west,B,21,47.02,4.8,940.03,op4,shipped
ORD-001462,2026-03-11 06:30:49,1008.0,east,A,3,12.74,9.0,34.78,op4,paid
ORD-001463,2026-03-11 06:42:15,1039.0,east,B,31,47.44,6.2,1379.38,op4,shipped
ORD-001464,2026-03-11 06:45:11,1010.0,south,B,1,48.9,2.7,47.58,op4,new
ORD-001465,2026-03-11 06:49:30,1011.0,south,B,10,48.33,6.2,453.3,op6,shipped
ORD-001466,2026-03-11 07:03:33,1018.0,south,B,33,46.44,3.5,1478.85,op2,shipped
ORD-001467,2026-03-11 07:08:51,1033.0,central,A,36,12.51,9.0,409.96,op5,paid
ORD-001468,2026-03-11 07:18:43,1033.0,west,C,27,3.22,2.7,84.53,op3,paid
ORD-001469,2026-03-11 07:30:50,1008.0,south,A,9,12.24,2.0,107.98,op1,closed
ORD-001470,2026-03-11 07:45:05,1010.0,east,B,26,47.86,5.4,1177.13,op1,closed
ORD-001471,2026-03-11 07:55:49,1020.0,north,A,28,12.86,5.0,341.96,op1,shipped
ORD-001472,2026-03-11 08:01:54,1023.0,north,B,36,49.81,5.0,1703.36,op1,closed
ORD-001473,2026-03-11 08:02:50,1023.0,north,D,31,120.29,2.4,3639.59,op1,closed
ORD-001474,2026-03-11 08:25:54,1004.0,south,A,28,11.65,7.2,302.78,op1,shipped
ORD-001475,2026-03-11 08:29:43,1001.0,central,B,39,49.11,4.6,1827.17,op3,shipped
ORD-001476,2026-03-11 08:32:25,1003.0,south,A,2,13.2,1.8,25.92,op6,shipped
ORD-001477,2026-03-11 08:36:01,1011.0,south,D,19,119.23,14.2,1943.64,op6,shipped
ORD-001478,2026-03-11 08:51:52,1012.0,west,C,3,3.12,6.7,8.73,op5,new
ORD-001479,2026-03-11 09:11:40,1016.0,north,C,21,3.23,3.5,65.48,op3,shipped
ORD-001480,2026-03-11 09:14:33,1004.0,south,C,3,3.22,7.7,8.92,op2,new
ORD-001481,2026-03-11 09:17:49,1032.0,west,A,31,12.84,2.3,388.86,op5,paid
ORD-001482,2026-03-11 09:38:38,1029.0,central,B,5,47.12,8.7,215.12,op3,new
ORD-001483,2026-03-11 09:45:04,1030.0,south,D,32,126.38,9.3,3667.94,op2,shipped
ORD-001484,2026-03-11 09:47:31,1037.0,east,B,5,49.35,7.3,228.74,op1,shipped
ORD-001485,2026-03-11 09:48:37,1028.0,west,D,34,116.42,8.0,3641.69,op3,paid
ORD-001486,2026-03-11 09:57:05,1013.0,central,C,11,3.3,8.5,33.23,op4,paid
ORD-001487,2026-03-11 10:01:27,1004.0,central,B,24,47.85,11.4,1017.43,op1,closed
ORD-001488,2026-03-11 10:14:00,1034.0,east,B,13,49.03,15.8,536.72,op2,paid
ORD-001489,2026-03-11 10:15:29,1035.0,south,B,29,48.56,0.0,1408.23,op3,shipped
ORD-001490,2026-03-11 10:20:17,1023.0,east,A,22,12.53,7.4,255.24,op6,paid
ORD-001491,2026-03-11 10:28:14,1012.0,west,A,6,12.63,5.2,71.83,op2,new
ORD-001492,2026-03-11 10:36:14,1005.0,west,B,19,47.42,10.7,804.66,op4,new
ORD-001493,2026-03-11 10:40:47,1007.0,east,B,9,46.97,6.0,397.39,op6,closed
ORD-001494,2026-03-11 10:40:57,1023.0,central,C,29,3.18,7.0,85.75,op6,paid
ORD-001495,2026-03-11 10:56:16,1004.0,north,B,16,47.62,4.3,729.22,op2,closed
ORD-001496,2026-03-11 11:02:00,1034.0,central,B,17,48.6,8.8,753.48,op6,closed
ORD-001497,2026-03-11 11:07:40,1008.0,west,C,34,3.22,7.7,101.06,op2,shipped
ORD-001498,2026-03-11 11:08:54,1009.0,south,C,39,3.05,5.8,111.92,op4,new
ORD-001499,2026-03-11 11:16:27,1036.0,central,D,4,123.1,10.8,439.21,op3,shipped
ORD-001500,2026-03-11 11:53:24,1018.0,north,C,29,3.2,11.6,81.98,op1,closed
ORD-001501,2026-03-11 11:58:01,1019.0,central,B,27,49.27,7.0,1237.15,op5,paid
ORD-001502,2026-03-11 12:23:35,1011.0,south,C,1,3.27,5.1,3.1,op3,shipped
ORD-001503,2026-03-11 12:25:39,1030.0,south,A,21,12.61,3.5,255.56,op1,new
ORD-001504,2026-03-11 12:28:46,1026.0,north,C,17,3.26,12.1,48.67,op1,paid
ORD-001505,2026-03-11 12:34:24,1030.0,west,A,1,11.97,2.9,11.62,op1,shipped
ORD-001506,2026-03-11 12:50:14,1011.0,central,C,12,3.35,6.7,37.52,op1,new
ORD-001507,2026-03-11 13:08:08,1031.0,north,C,22,3.39,3.1,72.24,op6,closed
ORD-001508,2026-03-11 13:14:04,1017.0,central,B,31,48.95,3.0,1472.07,op5,new
ORD-001509,2026-03-11 13:21:47,1009.0,south,D,29,118.24,2.9,3329.6,op3,closed
ORD-001510,2026-03-11 13:23:34,1019.0,central,A,3,12.77,10.0,34.48,op6,paid
ORD-001511,2026-03-11 13:42:36,1034.0,south,A,5,12.38,4.1,59.38,op3,closed
ORD-001512,2026-03-11 13:45:35,1027.0,central,B,35,50.39,0.2,1760.05,op6,paid
ORD-001513,2026-03-11 14:02:52,1000.0,south,A,7,12.35,2.2,84.53,op2,shipped
ORD-001514,2026-03-11 14:02:52,1038.0,east,A,25,12.08,1.0,298.88,op6,paid
ORD-001515,2026-03-11 14:09:42,1016.0,west,D,38,117.14,4.0,4273.21,op5,closed
ORD-001516,2026-03-11 14:29:44,1037.0,west,B,35,46.98,3.6,1585.0,op4,shipped
ORD-001517,2026-03-11 14:38:15,1013.0,south,C,6,3.27,9.7,17.73,op5,closed
ORD-001518,2026-03-11 14:55:36,1014.0,central,A,13,12.5,2.4,158.54,op6,new
ORD-001519,2026-03-11 15:00:53,1025.0,west,B,14,48.45,1.7,666.72,op4,new
ORD-001520,2026-03-11 15:06:23,1019.0,east,A,36,12.39,5.9,419.56,op5,closed
ORD-001521,2026-03-11 15:16:09,1006.0,central,B,34,49.95,10.9,1513.03,op1,shipped
ORD-001522,2026-03-11 15:24:19,1001.0,central,C,3,3.2,4.1,9.22,op5,paid
ORD-001523,2026-03-11 15:27:58,1013.0,north,B,16,48.37,3.0,750.68,op4,paid
ORD-001524,2026-03-11 15:31:59,1014.0,south,B,29,50.32,9.4,1322.04,op5,shipped
ORD-001525,2026-03-11 15:44:10,1018.0,west,C,21,3.23,0.1,67.81,op6,closed
ORD-001526,2026-03-11 15:45:59,1016.0,east,A,5,12.32,5.1,58.45,op4,paid
ORD-001527,2026-03-11 16:19:02,1004.0,west,B,13,47.7,3.9,595.95,op2,new
ORD-001528,2026-03-11 16:29:36,1029.0,north,A,36,12.94,7.1,432.8,op3,new
ORD-001529,2026-03-11 16:32:28,1026.0,north,A,1,12.66,6.6,11.82,op3,shipped
ORD-001530,2026-03-11 16:45:58,1030.0,south,A,13,12.22,4.7,151.45,op2,new
ORD-001531,2026-03-11 16:49:50,1011.0,north,C,14,3.32,4.1,44.52,op1,new
ORD-001532,2026-03-11 17:00:24,1035.0,north,A,24,11.97,5.3,272.02,op4,closed
ORD-001533,2026-03-11 17:12:58,1011.0,west,C,29,3.0,4.2,83.28,op4,new
ORD-001534,2026-03-11 17:15:46,1032.0,central,A,12,12.15,3.5,140.66,op3,shipped
ORD-001535,2026-03-11 17:22:19,1008.0,south,B,18,45.33,5.3,772.73,op5,new
ORD-001536,2026-03-11 17:47:36,1005.0,south,A,26,12.44,5.7,305.01,op6,paid
ORD-001537,2026-03-11 17:57:25,1024.0,east,A,22,12.53,10.3,247.2,op4,closed
ORD-001538,2026-03-11 18:18:37,1019.0,east,B,18,47.67,6.4,803.11,op6,paid
ORD-001539,2026-03-11 18:20:09,1030.0,north,D,1,118.07,2.5,115.11,op2,new
ORD-001540,2026-03-11 18:24:30,1024.0,east,A,10,12.12,5.9,114.03,op6,shipped
ORD-001541,2026-03-11 18:35:30,1020.0,south,B,1,49.39,3.1,47.85,op5,shipped
ORD-001542,2026-03-11 18:50:48,1007.0,west,C,3,3.02,10.5,8.1,op1,closed
ORD-001543,2026-03-11 18:57:55,1039.0,west,C,36,3.27,6.3,110.41,op2,paid
ORD-001544,2026-03-11 19:20:07,1029.0,west,D,36,121.05,3.3,4213.97,op5,shipped
ORD-001545,2026-03-11 19:30:24,1024.0,south,A,20,12.49,2.3,243.99,op5,shipped
ORD-001546,2026-03-11 19:56:25,1033.0,south,B,19,48.69,7.2,858.52,op1,paid
ORD-001547,2026-03-11 20:08:06,1037.0,central,A,14,11.93,2.6,162.67,op6,new
ORD-001548,2026-03-11 20:11:33,1030.0,north,A,14,12.88,1.5,177.6,op1,new
ORD-001549,2026-03-11 20:17:06,1007.0,north,B,31,48.78,4.8,1439.58,op4,paid
ORD-001550,2026-03-11 20:27:57,1012.0,north,D,30,124.12,2.6,3626.81,op1,closed
ORD-001551,2026-03-11 20:33:20,1023.0,east,A,7,11.74,5.1,77.98,op5,closed
ORD-001552,2026-03-11 20:34:58,1009.0,north,A,28,12.61,6.0,331.78,op5,paid
ORD-001553,2026-03-11 20:42:51,1000.0,north,D,3,119.63,10.5,321.2,op2,new
ORD-001554,2026-03-11 21:00:44,1004.0,north,B,33,44.73,9.5,1335.85,op5,shipped
ORD-001555,2026-03-11 21:03:46,1005.0,central,A,3,12.39,9.0,33.81,op5,shipped
ORD-001556,2026-03-11 21:08:35,1000.0,south,A,30,12.53,3.0,364.64,op3,new
ORD-001557,2026-03-11 21:14:40,1006.0,south,A,18,12.22,6.8,204.92,op3,closed
ORD-001558,2026-03-11 21:16:42,1003.0,south,A,35,12.65,2.3,432.69,op2,new
ORD-001559,2026-03-11 21:19:58,1038.0,east,C,3,3.26,3.6,9.42,op1,closed
ORD-001560,2026-03-11 21:22:36,1003.0,west,C,31,3.16,3.4,94.61,op1,shipped
ORD-001561,2026-03-11 21:41:25,1032.0,east,A,18,12.38,1.5,219.49,op4,paid
ORD-001562,2026-03-11 22:03:45,1037.0,west,B,25,49.14,0.0,1228.6,op1,shipped
ORD-001563,2026-03-11 22:12:04,1004.0,central,B,19,46.62,7.7,817.64,op4,shipped
ORD-001564,2026-03-11 22:12:15,1027.0,south,C,31,3.25,5.3,95.42,op3,shipped
ORD-001565,2026-03-11 22:13:20,1021.0,east,D,14,124.87,2.6,1702.75,op1,paid
ORD-001566,2026-03-11 22:34:40,1027.0,east,A,36,12.5,5.9,423.37,op1,paid
ORD-001567,2026-03-11 22:40:06,1013.0,east,A,35,12.65,4.3,423.7,op2,paid
ORD-001568,2026-03-11 22:47:51,1034.0,north,B,7,48.07,7.3,311.95,op2,new
ORD-001569,2026-03-11 22:53:31,1005.0,central,A,18,12.82,4.0,221.48,op6,shipped
ORD-001570,2026-03-11 22:56:02,1005.0,west,B,16,45.87,6.6,685.5,op2,shipped
ORD-001571,2026-03-11 23:23:01,1019.0,east,B,1,45.58,0.0,45.58,op1,new
ORD-001572,2026-03-11 23:42:13,1036.0,central,B,19,46.8,10.9,792.3,op5,paid
ORD-001573,2026-03-11 23:59:15,1001.0,west,A,15,12.28,7.3,170.72,op2,closed
ORD-001574,2026-03-11 23:59:17,1035.0,north,A,27,12.87,3.2,336.44,op1,new
ORD-001575,2026-03-12 00:22:02,1008.0,central,B,31,50.01,1.4,1528.47,op5,shipped
ORD-001576,2026-03-12 00:41:43,1007.0,west,A,9,12.73,0.0,114.54,op1,shipped
ORD-001577,2026-03-12 00:43:21,1009.0,east,D,28,124.58,3.6,3362.56,op6,closed
ORD-001578,2026-03-12 00:48:58,1005.0,south,A,22,12.36,2.9,263.94,op2,closed
ORD-001579,2026-03-12 00:49:53,1039.0,east,C,20,3.15,4.0,60.49,op6,shipped
ORD-001580,2026-03-12 00:51:54,1028.0,west,A,16,11.93,4.0,183.26,op3,paid
ORD-001581,2026-03-12 00:57:44,1010.0,central,B,16,49.7,5.2,753.87,op6,paid
ORD-001582,2026-03-12 01:00:06,1020.0,north,C,7,3.25,0.0,22.77,op2,closed
ORD-001583,2026-03-12 01:00:27,1031.0,north,B,19,47.97,0.0,911.43,op2,closed
ORD-001584,2026-03-12 01:10:46,1008.0,central,A,9,12.0,7.6,99.8,op6,new
ORD-001585,2026-03-12 01:18:52,1021.0,central,A,39,12.12,4.9,449.68,op3,shipped
ORD-001586,2026-03-12 01:28:32,1027.0,west,A,38,12.69,8.6,440.72,op3,closed
ORD-001587,2026-03-12 01:57:24,1023.0,west,B,30,48.01,1.2,1423.09,op1,new
ORD-001588,2026-03-12 02:05:18,1004.0,central,D,9,124.0,3.8,1073.63,op5,closed
ORD-001589,2026-03-12 02:09:27,1036.0,south,A,37,12.58,1.3,459.25,op3,closed
ORD-001590,2026-03-12 02:24:42,1038.0,east,A,9,12.24,12.9,95.97,op2,paid
ORD-001591,2026-03-12 02:31:20,1022.0,south,B,18,46.32,0.0,833.76,op5,closed
ORD-001592,2026-03-12 02:39:38,1008.0,east,A,15,12.5,1.6,184.55,op1,shipped
ORD-001593,2026-03-12 02:41:24,1014.0,south,C,27,3.36,6.2,85.05,op2,new
ORD-001594,2026-03-12 03:24:49,1007.0,south,A,4,13.25,8.2,48.65,op2,shipped
ORD-001595,2026-03-12 03:36:56,1006.0,north,C,24,3.13,0.0,75.13,op6,new
ORD-001596,2026-03-12 03:42:26,1023.0,east,D,12,121.89,2.1,1431.96,op1,shipped
ORD-001597,2026-03-12 03:49:25,1011.0,south,A,22,12.23,0.0,269.13,op3,paid
ORD-001598,2026-03-12 03:50:08,1024.0,north,C,36,3.23,7.6,107.32,op5,new
ORD-001599,2026-03-12 03:56:11,1016.0,central,C,34,2.93,6.8,92.83,op1,shipped
ORD-001600,2026-03-12 04:07:14,1024.0,west,C,16,3.14,4.3,48.08,op6,closed
ORD-001601,2026-03-12 04:18:19,1035.0,west,B,31,45.41,1.6,1385.2,op6,closed
ORD-001602,2026-03-12 04:46:55,1024.0,central,B,22,50.11,4.8,1049.43,op1,shipped
ORD-001603,2026-03-12 04:52:13,1023.0,north,A,33,12.36,4.3,390.24,op6,paid
ORD-001604,2026-03-12 04:59:45,1017.0,west,B,20,48.68,5.7,918.05,op2,shipped
ORD-001605,2026-03-12 05:05:00,1038.0,north,A,27,12.51,1.7,332.16,op1,paid
ORD-001606,2026-03-12 05:16:10,1020.0,east,B,33,46.09,8.4,1393.08,op2,paid
ORD-001607,2026-03-12 05:16:43,1027.0,east,B,27,48.9,1.8,1296.64,op2,shipped
ORD-001608,2026-03-12 05:19:13,1033.0,east,A,28,12.91,3.4,349.15,op1,shipped
ORD-001609,2026-03-12 05:33:41,1022.0,south,A,30,12.59,4.2,361.75,op3,new
ORD-001610,2026-03-12 05:53:54,1010.0,west,A,27,12.71,7.7,316.75,op2,shipped
ORD-001611,2026-03-12 05:56:40,1009.0,central,A,22,12.92,4.7,270.88,op2,shipped
ORD-001612,2026-03-12 06:08:57,1013.0,south,A,14,12.72,10.1,160.07,op6,shipped
ORD-001613,2026-03-12 06:16:25,1033.0,east,C,39,3.19,8.7,113.57,op4,paid
ORD-001614,2026-03-12 06:20:58,1017.0,east,A,20,11.89,3.3,230.01,op6,closed
ORD-001615,2026-03-12 06:24:08,1025.0,west,A,24,12.19,8.1,268.77,op5,new
ORD-001616,2026-03-12 06:31:05,1006.0,central,D,2,117.29,1.7,230.6,op3,shipped
ORD-001617,2026-03-12 06:33:20,1025.0,east,D,28,122.77,1.0,3403.16,op4,closed
ORD-001618,2026-03-12 06:33:37,1014.0,south,C,6,3.33,10.3,17.92,op4,shipped
ORD-001619,2026-03-12 06:52:44,1011.0,central,B,39,48.06,6.8,1746.75,op6,shipped
ORD-001620,2026-03-12 07:03:43,1024.0,north,D,21,123.64,10.2,2331.54,op6,paid
ORD-001621,2026-03-12 07:07:40,1013.0,north,D,21,111.46,4.6,2232.89,op1,new
ORD-001622,2026-03-12 07:09:04,1024.0,west,B,33,48.43,3.5,1542.22,op4,closed
ORD-001623,2026-03-12 07:27:03,1031.0,east,B,21,46.33,2.7,946.67,op6,paid
ORD-001624,2026-03-12 07:35:31,1039.0,north,C,16,3.29,10.1,47.36,op3,paid
ORD-001625,2026-03-12 07:36:11,1011.0,central,B,36,49.85,7.1,1667.2,op1,closed
ORD-001626,2026-03-12 07:51:10,1016.0,east,C,3,3.31,0.1,9.92,op5,shipped
ORD-001627,2026-03-12 08:14:59,1022.0,south,C,35,3.28,2.1,112.37,op4,new
ORD-001628,2026-03-12 08:21:31,1022.0,east,C,29,3.31,2.5,93.67,op3,new
ORD-001629,2026-03-12 08:32:40,1035.0,north,C,28,3.38,1.0,93.59,op5,new
ORD-001630,2026-03-12 08:41:09,1028.0,north,B,14,47.32,8.2,608.14,op4,shipped
ORD-001631,2026-03-12 08:50:32,1004.0,central,A,1,13.11,4.5,12.52,op3,new
ORD-001632,2026-03-12 09:06:30,1032.0,central,D,14,119.03,7.0,1549.76,op6,paid
ORD-001633,2026-03-12 09:14:20,1026.0,east,B,3,46.11,5.5,130.72,op6,new
ORD-001634,2026-03-12 09:27:29,1037.0,south,D,36,122.37,0.0,4405.18,op2,closed
ORD-001635,2026-03-12 09:39:21,1006.0,west,A,17,12.81,3.2,210.8,op3,paid
ORD-001636,2026-03-12 10:11:34,1009.0,central,A,21,12.65,1.8,260.78,op4,new
ORD-001637,2026-03-12 10:47:23,1025.0,north,C,7,3.15,7.8,20.3,op3,new
ORD-001638,2026-03-12 10:48:12,1001.0,north,B,37,48.98,6.2,1699.98,op6,closed
ORD-001639,2026-03-12 10:48:44,1018.0,west,B,30,47.78,3.2,1387.52,op1,shipped
ORD-001640,2026-03-12 10:51:10,1039.0,south,B,39,51.64,9.3,1826.7,op5,shipped
ORD-001641,2026-03-12 10:53:14,1027.0,west,D,10,121.56,12.6,1062.4,op3,closed
ORD-001642,2026-03-12 10:58:34,1016.0,east,B,2,48.7,2.0,95.46,op6,new
ORD-001643,2026-03-12 11:23:07,1022.0,south,B,3,47.38,0.0,142.13,op1,paid
ORD-001644,2026-03-12 11:24:28,1006.0,east,A,29,12.76,5.8,348.47,op3,new
ORD-001645,2026-03-12 11:25:34,1027.0,central,A,28,13.16,6.4,344.8,op4,paid
ORD-001646,2026-03-12 11:29:19,1027.0,north,A,21,12.26,0.0,257.54,op1,closed
ORD-001647,2026-03-12 11:30:18,1021.0,west,A,4,12.4,1.1,49.04,op1,shipped
ORD-001648,2026-03-12 11:30:44,1031.0,east,C,2,3.02,2.2,5.92,op2,paid
ORD-001649,2026-03-12 11:46:18,1001.0,central,D,23,120.01,6.9,2569.8,op4,shipped
ORD-001650,2026-03-12 11:51:13,1013.0,west,C,27,3.36,5.8,85.5,op4,shipped
ORD-001651,2026-03-12 12:01:21,1002.0,east,A,15,12.08,0.9,179.57,op1,closed
ORD-001652,2026-03-12 12:04:17,1032.0,east,A,16,12.38,2.0,19409.0,op3,new
ORD-001653,2026-03-12 12:04:42,1010.0,central,B,8,47.01,1.4,370.83,op5,paid
ORD-001654,2026-03-12 12:32:11,1012.0,south,C,25,3.18,5.0,75.5,op6,new
ORD-001655,2026-03-12 12:32:59,1002.0,south,A,20,12.23,11.4,216.71,op1,closed
ORD-001656,2026-03-12 12:36:20,1010.0,south,A,5,12.39,9.5,56.04,op2,paid
ORD-001657,2026-03-12 12:51:46,1022.0,south,B,13,46.46,7.7,557.53,op4,closed
ORD-001658,2026-03-12 12:56:02,1032.0,north,C,6,3.22,1.4,19.08,op4,shipped
ORD-001659,2026-03-12 13:01:59,1019.0,central,B,8,49.46,8.3,36282.0,op3,shipped
ORD-001660,2026-03-12 13:07:10,1029.0,south,A,27,12.8,2.7,33634.0,op3,paid
ORD-001661,2026-03-12 13:13:19,1015.0,north,B,17,45.38,2.6,751.42,op4,shipped
ORD-001662,2026-03-12 13:25:10,1024.0,south,C,22,3.33,8.4,67.12,op1,paid
ORD-001663,2026-03-12 13:29:41,1011.0,north,B,8,49.09,4.3,375.86,op2,closed
ORD-001664,2026-03-12 13:29:56,1008.0,central,A,6,12.94,7.4,71.9,op5,paid
ORD-001665,2026-03-12 13:29:59,1029.0,south,A,10,12.19,6.8,113.59,op6,closed
ORD-001666,2026-03-12 13:35:26,1013.0,south,B,25,47.21,3.1,1143.6,op5,paid
ORD-001667,2026-03-12 13:55:26,1005.0,west,B,25,49.04,5.6,1157.23,op5,new
ORD-001668,2026-03-12 13:58:55,1029.0,west,A,26,13.17,6.8,319.15,op5,shipped
ORD-001669,2026-03-12 14:01:12,1021.0,north,A,1,12.16,4.8,11.58,op1,shipped
ORD-001670,2026-03-12 14:06:11,1027.0,east,B,22,48.46,1.3,1052.35,op4,closed
ORD-001671,2026-03-12 14:12:48,1034.0,north,B,33,48.69,8.9,1463.89,op2,closed
ORD-001672,2026-03-12 14:27:13,1028.0,east,D,28,118.9,3.3,3219.29,op5,paid
ORD-001673,2026-03-12 14:33:52,1026.0,west,C,12,3.24,2.6,3784.0000000000005,op3,shipped
ORD-001674,2026-03-12 14:44:23,1024.0,east,B,5,47.33,3.3,228.86,op4,closed
ORD-001675,2026-03-12 14:50:56,1025.0,east,A,37,13.0,7.9,44287.0,op3,shipped
ORD-001676,2026-03-12 14:56:25,1006.0,south,A,38,11.91,5.7,426.87,op4,closed
ORD-001677,2026-03-12 14:57:01,1033.0,north,C,6,3.23,10.5,17.36,op4,paid
ORD-001678,2026-03-12 15:20:15,1011.0,north,B,6,47.33,0.4,282.83,op1,new
ORD-001679,2026-03-12 15:21:09,1035.0,east,B,30,47.97,3.6,1387.28,op6,paid
ORD-001680,2026-03-12 15:33:13,1003.0,east,A,4,12.18,5.4,46.08,op1,paid
ORD-001681,2026-03-12 15:47:49,1018.0,south,D,23,109.39,4.2,241021.99999999997,op3,new
ORD-001682,2026-03-12 15:49:13,1035.0,south,B,23,50.24,0.5,1149.7,op5,closed
ORD-001683,2026-03-12 15:55:34,1005.0,east,B,14,49.1,1.9,674.4,op1,shipped
ORD-001684,2026-03-12 15:58:26,1028.0,central,B,33,48.67,3.3,1553.05,op2,paid
ORD-001685,2026-03-12 16:00:21,1025.0,central,B,22,48.02,3.4,1020.62,op5,shipped
ORD-001686,2026-03-12 16:19:39,1015.0,north,C,34,3.23,4.4,105.14,op1,closed
ORD-001687,2026-03-12 16:36:04,1014.0,east,A,17,12.4,4.0,202.42,op4,closed
ORD-001688,2026-03-12 16:37:06,1003.0,east,A,18,12.56,1.7,22231.0,op3,new
ORD-001689,2026-03-12 16:52:23,1033.0,west,B,35,50.08,0.0,1752.82,op2,new
ORD-001690,2026-03-12 16:57:40,1039.0,west,C,15,3.15,9.0,42.94,op4,paid
ORD-001691,2026-03-12 16:57:50,1004.0,north,C,26,3.12,9.5,73.49,op6,shipped
ORD-001692,2026-03-12 17:11:03,1003.0,west,A,28,13.22,5.0,351.67,op6,paid
ORD-001693,2026-03-12 17:20:42,1020.0,east,C,13,3.16,8.2,37.7,op6,paid
ORD-001694,2026-03-12 17:34:20,1020.0,west,C,5,3.23,7.8,14.88,op5,paid
ORD-001695,2026-03-12 17:43:35,1035.0,east,C,18,3.19,7.7,52.99,op5,closed
ORD-001696,2026-03-12 17:45:02,1035.0,north,D,26,122.36,3.0,3085.92,op5,shipped
ORD-001697,2026-03-12 17:48:59,1011.0,south,B,8,49.02,5.4,370.95,op2,paid
ORD-001698,2026-03-12 18:14:54,1015.0,east,C,2,3.22,3.5,6.21,op2,paid
ORD-001699,2026-03-12 18:20:01,1034.0,south,D,3,116.76,0.1,349.92,op4,paid
ORD-001700,2026-03-12 18:20:14,1006.0,south,A,1,12.17,1.0,12.05,op2,paid
ORD-001701,2026-03-12 18:21:12,1028.0,central,D,38,120.5,5.7,431791.0,op3,closed
ORD-001702,2026-03-12 18:30:41,1007.0,north,A,23,13.2,5.0,288.51,op1,shipped
ORD-001703,2026-03-12 18:32:14,1036.0,east,B,3,45.54,6.4,127.87,op1,closed
ORD-001704,2026-03-12 18:56:55,1002.0,central,A,23,12.48,5.2,272.21,op6,shipped
ORD-001705,2026-03-12 18:57:06,1006.0,north,A,6,12.7,5.5,71.99,op4,paid
ORD-001706,2026-03-12 18:59:33,1017.0,central,A,15,12.31,5.9,173.75,op6,new
ORD-001707,2026-03-12 19:00:48,1034.0,east,B,16,48.42,1.7,761.49,op1,shipped
ORD-001708,2026-03-12 19:12:56,1024.0,central,A,10,12.48,2.7,12146.0,op3,shipped
ORD-001709,2026-03-12 19:13:56,1016.0,west,B,17,49.22,12.0,736.34,op2,new
ORD-001710,2026-03-12 20:03:15,1012.0,east,C,33,3.36,6.2,10412.0,op3,closed
ORD-001711,2026-03-12 20:06:21,1038.0,central,A,2,12.4,8.8,22.62,op1,closed
ORD-001712,2026-03-12 20:25:58,1018.0,south,A,25,12.63,3.5,304.75,op5,closed
ORD-001713,2026-03-12 20:34:11,1021.0,south,D,24,121.8,5.2,2771.09,op2,closed
ORD-001714,2026-03-12 20:38:32,1023.0,west,A,11,12.58,9.2,125.65,op6,paid
ORD-001715,2026-03-12 20:40:07,1007.0,east,B,12,48.09,6.0,542.44,op2,shipped
ORD-001716,2026-03-12 20:43:46,1023.0,south,B,6,45.01,6.7,251.98,op1,closed
ORD-001717,2026-03-12 21:05:09,1039.0,west,D,35,120.52,7.8,3889.11,op2,new
ORD-001718,2026-03-12 21:06:45,1017.0,central,B,27,46.54,4.9,1195.08,op4,closed
ORD-001719,2026-03-12 21:06:59,1029.0,east,B,13,47.44,1.2,609.35,op2,shipped
ORD-001720,2026-03-12 21:20:18,1030.0,central,A,38,12.68,1.0,476.91,op6,closed
ORD-001721,2026-03-12 21:44:31,1000.0,east,C,3,3.26,1.0,9.68,op1,shipped
ORD-001722,2026-03-12 21:58:10,1010.0,north,A,31,12.35,0.6,38045.0,op3,paid
ORD-001723,2026-03-12 22:10:51,1037.0,east,C,15,3.16,0.0,47.39,op5,paid
ORD-001724,2026-03-12 22:19:04,1035.0,south,B,9,47.65,1.4,422.8,op6,closed
ORD-001725,2026-03-12 22:23:07,1025.0,west,B,33,46.54,2.9,1491.41,op1,shipped
ORD-001726,2026-03-12 22:23:52,1024.0,west,D,5,125.65,10.1,564.8,op4,paid
ORD-001727,2026-03-12 22:47:02,1021.0,north,B,2,50.53,2.4,98.64,op4,closed
ORD-001728,2026-03-12 22:52:20,1005.0,west,B,24,47.77,5.3,108580.0,op3,paid
ORD-001729,2026-03-12 23:06:37,1014.0,south,C,39,3.36,4.4,125.13,op6,paid
ORD-001730,2026-03-12 23:13:13,1017.0,south,A,4,12.8,4.6,48.84,op4,closed
ORD-001731,2026-03-12 23:13:33,1003.0,north,B,4,46.5,1.3,183.59,op1,shipped
ORD-001732,2026-03-12 23:21:17,1010.0,central,A,31,12.85,6.6,372.12,op6,paid
ORD-001733,2026-03-12 23:30:24,1017.0,east,A,29,12.76,3.3,357.8,op5,new
ORD-001734,2026-03-12 23:42:37,1016.0,north,A,4,12.57,8.4,46.05,op4,new
ORD-001735,2026-03-12 23:46:30,1007.0,south,B,2,45.95,5.8,86.58,op1,closed
ORD-001736,2026-03-12 23:55:08,1006.0,central,A,13,12.29,0.9,15829.0,op3,shipped
ORD-001737,2026-03-13 00:24:19,1005.0,south,A,37,11.65,7.6,398.34,op5,shipped
ORD-001738,2026-03-13 00:31:18,1011.0,west,A,4,12.5,1.2,49.39,op2,closed
ORD-001739,2026-03-13 00:45:47,1009.0,central,D,39,119.04,0.0,4642.6,op2,new
ORD-001740,2026-03-13 01:14:40,1004.0,north,A,2,12.09,11.3,21.45,op5,shipped
ORD-001741,2026-03-13 01:37:44,1028.0,north,A,25,12.04,6.9,280.27,op2,paid
ORD-001742,2026-03-13 01:41:29,1022.0,west,C,10,3.33,8.3,3053.0,op3,new
ORD-001743,2026-03-13 01:48:23,1001.0,north,A,10,11.94,3.9,11477.0,op3,new
ORD-001744,2026-03-13 02:00:07,1028.0,north,B,11,49.07,3.8,519.28,op2,paid
ORD-001745,2026-03-13 02:30:40,1020.0,south,A,17,12.55,2.2,208.59,op6,shipped
ORD-001746,2026-03-13 02:32:28,1007.0,west,A,28,12.97,3.4,350.73,op2,shipped
ORD-001747,2026-03-13 03:00:52,1022.0,south,B,25,45.7,3.2,1106.05,op5,shipped
ORD-001748,2026-03-13 03:09:45,1039.0,west,C,20,3.21,0.2,64.11,op2,paid
ORD-001749,2026-03-13 03:19:34,1036.0,north,A,36,12.97,9.0,424.89,op6,paid
ORD-001750,2026-03-13 03:48:20,1011.0,west,B,35,47.79,2.0,163915.0,op3,paid
ORD-001751,2026-03-13 03:55:06,1015.0,south,A,23,11.98,7.7,254.33,op2,new
ORD-001752,2026-03-13 04:01:45,1033.0,west,C,16,3.02,1.5,47.53,op5,shipped
ORD-001753,2026-03-13 04:07:48,1019.0,east,A,38,12.24,5.3,440.65,op6,shipped
ORD-001754,2026-03-13 04:19:26,1010.0,central,B,20,49.47,2.1,968.69,op5,paid
ORD-001755,2026-03-13 04:23:28,1025.0,west,D,32,125.53,3.5,3876.24,op5,paid
ORD-001756,2026-03-13 04:25:18,1001.0,east,A,26,12.53,4.5,311.09,op1,new
ORD-001757,2026-03-13 04:41:05,1029.0,south,C,22,3.29,3.3,69.91,op4,shipped
ORD-001758,2026-03-13 05:02:56,1002.0,central,B,20,49.46,4.6,943.7,op5,paid
ORD-001759,2026-03-13 05:11:42,1039.0,north,C,16,3.26,4.0,50.07,op4,new
ORD-001760,2026-03-13 05:26:52,1002.0,south,C,15,3.12,2.1,45.85,op5,new
ORD-001761,2026-03-13 05:39:41,1032.0,south,B,12,49.07,4.9,559.96,op1,paid
ORD-001762,2026-03-13 05:41:15,1036.0,south,B,30,46.59,5.1,1326.41,op2,closed
ORD-001763,2026-03-13 05:47:31,1038.0,south,C,38,3.21,7.5,112.93,op5,paid
ORD-001764,2026-03-13 05:58:22,1020.0,east,C,32,3.28,4.2,100.49,op2,closed
ORD-001765,2026-03-13 06:20:57,1004.0,south,A,28,12.91,1.2,35718.0,op3,new
ORD-001766,2026-03-13 06:29:47,1033.0,south,D,34,119.67,2.9,3950.66,op6,new
ORD-001767,2026-03-13 06:47:38,1009.0,west,B,39,49.66,4.7,1845.7,op6,shipped
ORD-001768,2026-03-13 06:58:05,1022.0,south,A,9,13.08,4.2,112.77,op4,new
ORD-001769,2026-03-13 07:04:52,1009.0,south,A,8,12.87,7.2,95.57,op1,shipped
ORD-001770,2026-03-13 07:05:22,1000.0,east,B,18,47.98,9.7,779.93,op6,shipped
ORD-001771,2026-03-13 07:07:38,1036.0,west,B,37,48.5,6.3,1681.4,op1,paid
ORD-001772,2026-03-13 07:08:14,1025.0,east,A,18,12.52,6.4,21098.0,op3,shipped
ORD-001773,2026-03-13 07:15:04,1032.0,south,B,24,48.14,7.0,1074.37,op5,closed
ORD-001774,2026-03-13 07:16:23,1031.0,central,D,32,122.75,4.2,3763.03,op1,closed
ORD-001775,2026-03-13 07:39:24,1029.0,central,D,7,124.07,5.3,822.43,op5,paid
ORD-001776,2026-03-13 07:42:23,1018.0,east,A,10,12.52,7.7,11557.0,op3,closed
ORD-001777,2026-03-13 08:24:10,1029.0,west,A,8,12.79,7.2,94.99,op5,new
ORD-001778,2026-03-13 08:27:49,1029.0,central,A,11,12.61,0.2,13844.999999999998,op3,shipped
ORD-001779,2026-03-13 08:29:00,1000.0,south,A,35,12.58,4.6,419.92,op4,paid
ORD-001780,2026-03-13 08:30:24,1008.0,south,A,28,12.15,4.4,32536.0,op3,paid
ORD-001781,2026-03-13 08:35:28,1039.0,west,B,30,48.61,5.8,137383.0,op3,shipped
ORD-001782,2026-03-13 08:48:51,1037.0,south,B,34,47.91,9.8,1469.22,op6,shipped
ORD-001783,2026-03-13 08:58:47,1005.0,east,A,22,12.63,9.6,251.1,op1,closed
ORD-001784,2026-03-13 09:01:30,1038.0,north,B,32,49.51,2.7,154151.0,op3,new
ORD-001785,2026-03-13 09:03:52,1019.0,south,B,23,49.14,9.8,1019.55,op4,closed
ORD-001786,2026-03-13 09:04:18,1037.0,east,D,3,122.73,3.8,354.19,op2,new
ORD-001787,2026-03-13 09:07:15,1032.0,west,C,14,3.16,8.1,40.61,op2,closed
ORD-001788,2026-03-13 09:09:53,1015.0,west,B,18,45.78,6.3,772.06,op6,shipped
ORD-001789,2026-03-13 09:11:38,1036.0,south,B,6,47.51,5.3,26993.0,op3,closed
ORD-001790,2026-03-13 09:20:44,1034.0,east,A,15,12.51,3.0,182.01,op1,new
ORD-001791,2026-03-13 09:32:10,1021.0,south,B,31,48.34,8.2,1375.55,op1,shipped
ORD-001792,2026-03-13 09:57:32,1025.0,west,D,31,124.97,7.3,3591.34,op1,paid
ORD-001793,2026-03-13 09:59:34,1000.0,south,D,8,121.22,0.7,962.96,op1,new
ORD-001794,2026-03-13 10:15:50,1012.0,north,D,18,125.24,9.3,2044.71,op2,shipped
ORD-001795,2026-03-13 10:24:35,1031.0,central,C,21,3.17,4.8,63.29,op5,paid
ORD-001796,2026-03-13 10:57:42,1012.0,south,A,9,12.11,6.9,101.5,op1,new
ORD-001797,2026-03-13 10:59:06,1021.0,west,A,19,12.84,2.9,236.82,op4,paid
ORD-001798,2026-03-13 11:17:39,1003.0,central,A,1,12.1,5.0,1149.0,op3,new
ORD-001799,2026-03-13 11:31:58,1033.0,south,A,20,11.93,4.8,22720.0,op3,new
ORD-001800,2026-03-13 11:34:42,1036.0,central,A,37,12.31,0.0,455.39,op2,shipped
ORD-001801,2026-03-13 11:56:20,1035.0,east,A,28,12.64,9.7,31957.0,op3,shipped
ORD-001802,2026-03-13 12:00:31,1008.0,south,D,35,124.05,6.9,4042.16,op6,shipped
ORD-001803,2026-03-13 12:07:22,1006.0,west,C,10,3.2,4.7,3054.0,op3,paid
ORD-001804,2026-03-13 12:09:41,1039.0,central,C,22,3.29,10.7,64.63,op4,paid
ORD-001805,2026-03-13 12:21:14,1030.0,central,A,13,12.51,9.6,14697.999999999998,op3,paid
ORD-001806,2026-03-13 12:35:56,1013.0,west,B,26,45.74,9.1,108096.0,op3,paid
ORD-001807,2026-03-13 12:38:29,1013.0,south,B,10,46.49,1.8,456.5,op1,new
ORD-001808,2026-03-13 12:48:25,1012.0,central,D,22,114.19,11.3,2228.33,op6,new
ORD-001809,2026-03-13 12:51:27,1020.0,central,B,12,47.76,6.5,535.9,op6,new
ORD-001810,2026-03-13 13:06:54,1034.0,east,A,14,11.74,10.1,14775.0,op3,paid
ORD-001811,2026-03-13 13:32:33,1013.0,north,A,26,11.98,2.6,303.44,op6,paid
ORD-001812,2026-03-13 13:49:33,1029.0,west,A,12,12.2,4.9,139.25,op6,paid
ORD-001813,2026-03-13 13:49:59,1002.0,north,B,4,49.31,2.7,19193.0,op3,paid
ORD-001814,2026-03-13 13:53:07,1002.0,north,B,20,48.8,3.5,941.77,op4,new
ORD-001815,2026-03-13 14:01:54,1027.0,north,A,9,12.37,2.5,108.53,op5,closed
ORD-001816,2026-03-13 14:06:28,1020.0,south,D,12,120.79,2.3,1416.1,op4,shipped
ORD-001817,2026-03-13 14:29:53,1038.0,central,C,34,3.18,7.9,99.53,op2,new
ORD-001818,2026-03-13 14:32:35,1015.0,west,B,22,51.91,4.6,1089.51,op5,closed
ORD-001819,2026-03-13 14:38:00,1012.0,east,A,27,11.89,4.3,30726.0,op3,closed
ORD-001820,2026-03-13 14:38:29,1006.0,west,B,19,45.14,0.0,857.57,op4,shipped
ORD-001821,2026-03-13 14:45:33,1008.0,west,B,25,45.28,5.4,107090.00000000001,op3,shipped
ORD-001822,2026-03-13 14:51:22,1020.0,north,C,18,3.07,1.5,54.35,op1,shipped
ORD-001823,2026-03-13 14:53:26,1026.0,south,A,38,12.37,7.9,432.99,op6,paid
ORD-001824,2026-03-13 15:10:29,1039.0,north,B,3,49.33,3.9,142.21,op2,shipped
ORD-001825,2026-03-13 15:12:59,1021.0,north,A,12,12.41,6.4,139.39,op4,paid
ORD-001826,2026-03-13 15:24:05,1029.0,east,A,30,12.4,4.0,357.07,op2,new
ORD-001827,2026-03-13 15:32:53,1007.0,north,A,11,12.44,2.4,133.56,op4,shipped
ORD-001828,2026-03-13 15:33:14,1031.0,east,A,29,12.57,1.1,360.38,op2,new
ORD-001829,2026-03-13 15:36:22,1035.0,central,A,2,12.15,7.7,22.44,op2,shipped
ORD-001830,2026-03-13 15:49:24,1020.0,west,B,33,48.86,5.2,1528.53,op6,closed
ORD-001831,2026-03-13 15:50:28,1002.0,north,A,3,12.47,1.5,36.86,op5,shipped
ORD-001832,2026-03-13 15:51:22,1003.0,north,C,8,3.22,5.5,24.35,op2,paid
ORD-001833,2026-03-13 15:56:27,1014.0,south,A,6,12.69,8.0,70.06,op1,closed
ORD-001834,2026-03-13 15:59:09,1001.0,south,C,19,3.25,5.2,58.56,op2,closed
ORD-001835,2026-03-13 16:12:49,1010.0,north,C,2,3.27,7.3,6.07,op2,new
ORD-001836,2026-03-13 16:22:51,1002.0,north,B,25,46.73,3.7,1124.91,op4,paid
ORD-001837,2026-03-13 16:28:23,1028.0,east,C,6,3.24,0.0,1945.0,op3,paid
ORD-001838,2026-03-13 16:37:27,1035.0,east,A,29,11.91,0.9,34242.0,op3,paid
ORD-001839,2026-03-13 16:40:35,1025.0,west,A,21,11.71,3.9,23639.0,op3,shipped
ORD-001840,2026-03-13 17:07:05,1032.0,west,A,19,12.35,5.6,221.45,op6,shipped
ORD-001841,2026-03-13 17:22:37,1015.0,east,B,9,48.52,7.6,403.47,op5,new
ORD-001842,2026-03-13 17:37:33,1017.0,central,A,18,12.66,10.8,203.28,op5,new
ORD-001843,2026-03-13 17:41:32,1005.0,west,B,20,48.44,5.0,92038.0,op3,paid
ORD-001844,2026-03-13 17:46:34,1007.0,north,A,39,12.8,5.2,473.07,op6,paid
ORD-001845,2026-03-13 17:56:24,1018.0,south,A,37,11.83,7.5,404.95,op4,closed
ORD-001846,2026-03-13 18:00:03,1033.0,north,C,18,3.14,5.6,53.42,op2,paid
ORD-001847,2026-03-13 18:00:43,1010.0,south,D,14,119.01,4.0,159955.0,op3,closed
ORD-001848,2026-03-13 18:05:23,1021.0,central,A,38,12.18,5.2,438.89,op2,shipped
ORD-001849,2026-03-13 18:12:03,1008.0,west,C,24,3.23,9.7,69.91,op6,shipped
ORD-001850,2026-03-13 18:27:55,1021.0,north,A,19,12.69,4.7,22985.0,op3,paid
ORD-001851,2026-03-13 18:44:24,1013.0,east,C,15,3.22,0.0,48.36,op4,shipped
ORD-001852,2026-03-13 18:58:32,1039.0,west,B,11,48.09,9.6,478.2,op5,closed
ORD-001853,2026-03-13 19:04:41,1027.0,west,C,29,3.41,4.6,9442.0,op3,closed
ORD-001854,2026-03-13 19:20:41,1013.0,north,D,15,120.09,8.8,1642.84,op2,shipped
ORD-001855,2026-03-13 19:37:12,1021.0,east,A,35,12.49,3.2,423.22,op4,new
ORD-001856,2026-03-13 19:43:35,1000.0,west,C,29,3.31,0.0,95.99,op5,closed
ORD-001857,2026-03-13 19:49:53,1001.0,west,A,39,13.15,3.1,49701.0,op3,paid
ORD-001858,2026-03-13 19:51:35,1039.0,west,C,20,3.11,0.4,61.96,op4,shipped
ORD-001859,2026-03-13 19:58:47,1032.0,central,A,2,12.12,5.4,22.93,op4,new
ORD-001860,2026-03-13 20:05:05,1028.0,west,A,31,12.98,5.4,380.67,op4,new
ORD-001861,2026-03-13 20:08:48,1036.0,south,B,24,49.53,3.7,1144.67,op2,paid
ORD-001862,2026-03-13 20:09:01,1006.0,east,A,29,12.8,10.1,333.64,op5,new
ORD-001863,2026-03-13 20:13:42,1038.0,east,C,38,3.17,1.6,11863.0,op3,shipped
ORD-001864,2026-03-13 20:14:08,1019.0,east,A,21,12.73,0.9,264.9,op2,shipped
ORD-001865,2026-03-13 20:21:11,1017.0,west,A,38,11.97,5.3,430.8,op6,paid
ORD-001866,2026-03-13 20:39:18,1006.0,north,B,30,46.34,7.1,1291.44,op5,paid
ORD-001867,2026-03-13 20:52:52,1006.0,north,C,29,3.34,5.2,91.9,op5,paid
ORD-001868,2026-03-13 20:55:16,1025.0,east,D,11,115.46,2.6,1237.06,op1,shipped
ORD-001869,2026-03-13 21:24:32,1036.0,west,B,36,47.73,7.8,1584.27,op4,new
ORD-001870,2026-03-13 21:26:30,1034.0,central,A,8,12.72,0.0,101.75,op6,shipped
ORD-001871,2026-03-13 21:37:42,1031.0,west,A,35,12.6,1.0,436.68,op2,new
ORD-001872,2026-03-13 21:44:15,1029.0,east,B,31,46.42,3.9,1382.77,op6,closed
ORD-001873,2026-03-13 21:49:28,1010.0,central,A,7,12.27,0.0,85.9,op2,shipped
ORD-001874,2026-03-13 22:04:54,1014.0,south,C,3,3.25,4.7,9.3,op5,paid
ORD-001875,2026-03-13 22:07:46,1031.0,south,C,21,3.16,3.5,63.95,op4,shipped
ORD-001876,2026-03-13 22:12:08,1001.0,east,C,3,3.35,4.2,9.63,op2,new
ORD-001877,2026-03-13 22:12:14,1003.0,east,D,19,119.38,5.1,215253.00000000003,op3,new
ORD-001878,2026-03-13 22:17:22,1017.0,north,B,4,50.5,6.4,189.07,op4,shipped
ORD-001879,2026-03-13 22:35:14,1009.0,central,D,30,119.8,5.3,340345.0,op3,shipped
ORD-001880,2026-03-13 22:46:58,1026.0,north,A,15,12.94,5.1,184.13,op6,paid
ORD-001881,2026-03-13 23:13:29,1019.0,north,A,-4,12.64,0.0,50.58,op1,shipped
ORD-001882,2026-03-13 23:14:56,1026.0,east,B,4,48.03,4.0,184.45,op5,new
ORD-001883,2026-03-13 23:23:12,1005.0,west,C,38,3.07,2.0,11429.0,op3,paid
ORD-001884,2026-03-13 23:35:46,1038.0,west,A,8,12.7,2.7,98.82,op6,shipped
ORD-001885,2026-03-13 23:53:37,1012.0,west,C,26,3.2,0.0,83.27,op1,shipped
ORD-001886,2026-03-13 23:59:02,1018.0,south,A,28,12.61,1.4,348.22,op1,shipped
ORD-001887,2026-03-14 00:09:19,1037.0,west,C,7,3.14,3.6,21.22,op2,closed
ORD-001888,2026-03-14 00:16:32,1031.0,west,C,6,3.11,8.7,17.02,op1,shipped
ORD-001889,2026-03-14 00:42:36,1030.0,central,C,39,3.1,1.1,11974.0,op3,paid
ORD-001890,2026-03-14 00:43:56,1025.0,west,B,18,47.77,0.0,859.87,op1,paid
ORD-001891,2026-03-14 01:01:38,1002.0,north,A,15,12.81,4.9,182.76,op1,new
ORD-001892,2026-03-14 01:04:09,1029.0,east,A,23,12.35,10.1,255.39,op4,closed
ORD-001893,2026-03-14 01:05:20,1026.0,central,A,24,12.07,7.1,269.11,op2,shipped
ORD-001894,2026-03-14 01:10:40,1017.0,south,B,37,46.73,3.8,1663.25,op5,shipped
ORD-001895,2026-03-14 01:13:16,1038.0,north,A,19,12.05,5.9,215.5,op5,shipped
ORD-001896,2026-03-14 01:41:57,1038.0,south,B,13,45.6,2.5,577.98,op2,paid
ORD-001897,2026-03-14 01:43:26,1028.0,west,A,32,12.33,5.6,372.49,op1,paid
ORD-001898,2026-03-14 01:50:05,1003.0,north,B,5,46.96,3.9,225.65,op5,paid
ORD-001899,2026-03-14 01:50:13,1002.0,central,A,9,12.34,10.9,98.93,op6,shipped
ORD-001900,2026-03-14 01:53:44,1019.0,north,A,32,13.16,2.3,41145.0,op3,closed
ORD-001901,2026-03-14 01:54:56,1026.0,central,C,18,3.28,6.3,55.33,op2,closed
ORD-001902,2026-03-14 02:11:26,1023.0,south,A,8,13.0,6.1,97.68,op4,paid
ORD-001903,2026-03-14 02:26:52,1002.0,central,B,14,47.93,4.5,640.89,op6,shipped
ORD-001904,2026-03-14 03:04:45,1034.0,central,C,31,3.22,5.4,94.38,op2,closed
ORD-001905,2026-03-14 03:05:16,1036.0,north,B,35,46.78,11.9,1442.39,op4,closed
ORD-001906,2026-03-14 03:44:28,1028.0,west,B,6,45.43,0.8,270.38,op1,closed
ORD-001907,2026-03-14 04:13:43,1036.0,west,A,38,11.9,5.6,426.75,op5,closed
ORD-001908,2026-03-14 04:16:55,1015.0,east,C,1,3.16,7.7,2.92,op4,closed
ORD-001909,2026-03-14 04:39:31,1023.0,east,D,36,121.43,2.0,4284.02,op6,paid
ORD-001910,2026-03-14 04:40:57,1010.0,east,C,34,3.4,1.2,114.33,op2,closed
ORD-001911,2026-03-14 04:45:46,1028.0,east,C,35,3.19,0.0,11153.0,op3,shipped
ORD-001912,2026-03-14 04:50:29,1022.0,north,C,26,3.05,10.6,70.9,op6,closed
ORD-001913,2026-03-14 05:04:09,1022.0,west,C,6,3.16,6.5,1772.0,op3,paid
ORD-001914,2026-03-14 05:08:05,1037.0,north,B,4,48.62,2.9,188.83,op5,closed
ORD-001915,2026-03-14 05:08:27,1010.0,west,A,27,12.05,3.2,31495.999999999996,op3,new
ORD-001916,2026-03-14 05:10:43,1025.0,south,B,11,47.23,4.0,498.72,op6,paid
ORD-001917,2026-03-14 05:35:34,1016.0,east,A,34,12.66,6.0,404.62,op4,new
ORD-001918,2026-03-14 05:43:28,1008.0,east,A,31,12.52,2.3,379.19,op2,new
ORD-001919,2026-03-14 05:47:29,1027.0,central,B,29,48.53,6.9,1310.21,op1,paid
ORD-001920,2026-03-14 05:49:54,1032.0,east,C,5,3.2,7.0,14.88,op5,new
ORD-001921,2026-03-14 05:55:24,1002.0,south,B,7,47.9,9.2,304.43,op6,paid
ORD-001922,2026-03-14 05:57:06,1009.0,central,B,35,49.85,6.5,1631.35,op6,paid
ORD-001923,2026-03-14 06:12:49,1021.0,east,A,26,12.81,7.2,309.15,op4,shipped
ORD-001924,2026-03-14 06:35:06,1007.0,central,A,5,12.58,6.3,58.92,op2,shipped
ORD-001925,2026-03-14 06:43:59,1004.0,west,D,18,121.71,8.5,200461.0,op3,closed
ORD-001926,2026-03-14 06:46:02,1018.0,east,D,22,119.67,6.7,245639.0,op3,paid
ORD-001927,2026-03-14 06:57:17,1033.0,central,A,33,12.47,4.3,393.71,op4,shipped
ORD-001928,2026-03-14 07:20:11,1025.0,south,A,8,12.64,3.2,97.86,op4,paid
ORD-001929,2026-03-14 07:29:38,1020.0,east,A,27,12.57,3.3,328.08,op6,paid
ORD-001930,2026-03-14 07:41:25,1033.0,west,A,22,13.42,5.3,279.68,op5,paid
ORD-001931,2026-03-14 07:49:56,1038.0,north,B,12,48.32,2.5,565.39,op4,shipped
ORD-001932,2026-03-14 08:24:01,1005.0,east,A,7,12.65,4.8,84.28,op1,new
ORD-001933,2026-03-14 08:32:03,1014.0,south,D,11,127.46,2.7,1364.23,op1,new
ORD-001934,2026-03-14 08:32:17,1011.0,south,A,5,12.16,5.1,5770.0,op3,shipped
ORD-001935,2026-03-14 08:39:40,1006.0,west,B,10,48.16,4.7,458.93,op5,closed
ORD-001936,2026-03-14 08:44:25,1003.0,north,A,15,12.96,5.7,183.36,op2,shipped
ORD-001937,2026-03-14 08:45:10,1004.0,west,A,39,12.58,8.5,448.92,op2,shipped
ORD-001938,2026-03-14 08:47:53,1006.0,north,C,28,3.2,5.2,8485.0,op3,paid
ORD-001939,2026-03-14 08:48:52,1008.0,south,A,39,12.2,0.0,475.73,op6,shipped
ORD-001940,2026-03-14 09:03:49,1038.0,west,B,21,48.04,7.0,938.21,op1,paid
ORD-001941,2026-03-14 09:17:22,1011.0,west,B,14,47.02,5.4,622.72,op5,paid
ORD-001942,2026-03-14 09:34:15,1024.0,west,B,22,49.48,5.7,1026.57,op6,new
ORD-001943,2026-03-14 09:34:24,1035.0,west,B,24,48.81,4.7,1116.38,op6,paid
ORD-001944,2026-03-14 09:54:24,1006.0,central,B,20,47.61,2.9,924.61,op2,closed
ORD-001945,2026-03-14 09:54:42,1033.0,north,A,23,12.93,0.8,294.93,op5,new
ORD-001946,2026-03-14 09:56:57,1033.0,east,A,23,12.13,6.4,261.2,op6,closed
ORD-001947,2026-03-14 10:21:55,1007.0,west,C,38,3.12,7.4,109.81,op5,paid
ORD-001948,2026-03-14 10:28:27,1001.0,west,A,6,12.78,0.0,76.66,op5,new
ORD-001949,2026-03-14 10:35:49,1006.0,north,C,16,3.23,3.3,49.93,op6,closed
ORD-001950,2026-03-14 10:39:24,1000.0,south,C,18,3.09,0.0,55.7,op6,new
ORD-001951,2026-03-14 10:56:21,1030.0,west,B,30,46.97,0.0,140905.0,op3,new
ORD-001952,2026-03-14 11:05:16,1033.0,west,A,4,12.42,7.7,45.85,op2,closed
ORD-001953,2026-03-14 11:20:49,1032.0,north,B,22,47.11,4.5,989.85,op6,shipped
ORD-001954,2026-03-14 11:21:09,1025.0,south,B,4,48.3,9.4,175.06,op2,shipped
ORD-001955,2026-03-14 11:28:50,1021.0,north,B,16,47.86,0.3,763.46,op4,shipped
ORD-001956,2026-03-14 11:50:36,1027.0,central,D,10,121.74,5.4,115167.0,op3,paid
ORD-001957,2026-03-14 11:56:36,1000.0,central,B,36,47.92,7.9,1588.82,op5,shipped
ORD-001958,2026-03-14 12:03:23,1018.0,north,A,2,12.63,7.7,23.32,op2,shipped
ORD-001959,2026-03-14 12:11:07,1007.0,east,A,39,12.35,10.8,429.46,op2,paid
ORD-001960,2026-03-14 12:14:46,1001.0,north,D,6,121.37,6.3,682.35,op5,paid
ORD-001961,2026-03-14 12:41:34,1007.0,west,A,39,12.63,6.3,461.51,op2,paid
ORD-001962,2026-03-14 13:03:18,1008.0,central,A,16,12.76,6.3,191.27,op1,new
ORD-001963,2026-03-14 13:07:14,1007.0,central,A,14,12.63,7.1,164.25,op1,paid
ORD-001964,2026-03-14 13:09:39,1032.0,west,B,1,47.46,5.9,44.66,op1,paid
ORD-001965,2026-03-14 13:13:07,1027.0,south,B,37,47.92,5.0,1684.28,op5,shipped
ORD-001966,2026-03-14 13:20:05,1000.0,south,C,39,3.32,4.4,123.84,op6,shipped
ORD-001967,2026-03-14 13:24:13,1026.0,east,B,20,47.64,7.0,886.1,op6,paid
ORD-001968,2026-03-14 13:25:18,1013.0,west,B,35,48.1,3.6,1622.89,op2,paid
ORD-001969,2026-03-14 13:28:15,1020.0,north,B,3,50.22,2.4,14704.0,op3,shipped
ORD-001970,2026-03-14 13:40:41,1029.0,south,B,29,48.9,7.9,1306.13,op6,shipped
ORD-001971,2026-03-14 14:07:48,1010.0,west,A,11,12.75,4.2,13438.0,op3,paid
ORD-001972,2026-03-14 14:20:23,1002.0,north,A,11,12.18,4.0,128.64,op5,closed
ORD-001973,2026-03-14 14:21:51,1032.0,north,A,26,12.18,5.9,297.89,op2,new
ORD-001974,2026-03-14 14:22:36,1010.0,east,A,25,12.6,3.5,304.09,op5,closed
ORD-001975,2026-03-14 14:23:28,1005.0,central,A,6,13.27,2.2,7789.0,op3,closed
ORD-001976,2026-03-14 14:26:29,1023.0,west,A,8,11.85,7.8,87.39,op6,shipped
ORD-001977,2026-03-14 14:27:16,1030.0,north,B,9,45.65,8.5,375.96,op1,paid
ORD-001978,2026-03-14 14:37:24,1036.0,central,A,39,12.7,2.2,484.58,op4,shipped
ORD-001979,2026-03-14 14:56:21,1024.0,central,A,8,12.59,4.4,96.31,op1,new
ORD-001980,2026-03-14 15:12:31,1016.0,north,C,28,3.11,6.5,81.39,op1,shipped
ORD-001981,2026-03-14 15:13:03,1033.0,west,A,4,12.83,8.7,46.84,op1,new
ORD-001982,2026-03-14 15:14:00,1027.0,central,A,16,12.57,7.3,186.4,op2,new
ORD-001983,2026-03-14 15:34:44,1013.0,east,A,10,12.32,7.3,11425.0,op3,shipped
ORD-001984,2026-03-14 15:48:01,1021.0,north,A,18,12.47,3.8,21588.0,op3,shipped
ORD-001985,2026-03-14 15:48:08,1021.0,south,C,39,3.15,5.7,115.81,op6,paid
ORD-001986,2026-03-14 15:48:17,1027.0,north,B,16,48.47,8.2,711.93,op2,paid
ORD-001987,2026-03-14 16:03:41,1021.0,central,B,5,47.08,1.7,231.4,op1,paid
ORD-001988,2026-03-14 16:17:44,1019.0,central,C,34,3.09,7.8,9699.0,op3,closed
ORD-001989,2026-03-14 16:21:33,1023.0,central,C,30,3.13,5.7,88.61,op2,shipped
ORD-001990,2026-03-14 16:24:23,1020.0,east,B,25,48.6,3.2,1176.12,op6,shipped
ORD-001991,2026-03-14 16:29:11,1036.0,west,D,1,123.86,6.9,115.32,op1,shipped
ORD-001992,2026-03-14 16:41:37,1027.0,west,B,5,47.23,6.4,221.04,op3,closed
ORD-001993,2026-03-14 16:42:55,1011.0,west,C,38,3.1,3.3,114.07,op1,shipped
ORD-001994,2026-03-14 16:45:08,1009.0,east,B,4,48.54,4.5,185.42,op6,closed
ORD-001995,2026-03-14 16:46:23,1025.0,central,A,35,12.9,2.6,439.7,op6,shipped
ORD-001996,2026-03-14 17:10:29,1039.0,north,B,31,47.62,4.4,1411.27,op1,paid
ORD-001997,2026-03-14 17:19:51,1004.0,south,A,7,13.04,1.7,89.74,op6,paid
ORD-001998,2026-03-14 17:50:00,1001.0,central,A,12,12.21,0.7,145.54,op1,paid
ORD-001999,2026-03-14 17:56:32,1000.0,north,A,24,13.01,7.6,288.58,op1,paid
ORD-002000,2026-03-14 18:43:49,1018.0,north,B,17,49.17,0.3,833.38,op3,shipped
ORD-002001,2026-03-14 18:43:51,1035.0,south,A,35,11.88,0.9,412.17,op4,shipped
ORD-002002,2026-03-14 18:49:21,1005.0,east,B,24,48.97,2.0,1151.77,op4,shipped
ORD-002003,2026-03-14 18:51:10,1038.0,west,B,13,47.94,11.4,552.17,op4,closed
ORD-002004,2026-03-14 18:52:36,1025.0,south,D,12,119.36,0.6,1423.68,op2,new
ORD-002005,2026-03-14 19:03:23,1005.0,south,D,14,117.43,3.7,1583.15,op1,new
ORD-002006,2026-03-14 19:19:25,1006.0,north,B,30,48.3,2.9,1406.98,op2,paid
ORD-002007,2026-03-14 19:25:25,1023.0,west,B,20,47.38,7.4,877.48,op3,shipped
ORD-002008,2026-03-14 19:40:30,1027.0,south,C,28,3.21,2.8,87.41,op6,shipped
ORD-002009,2026-03-14 19:45:18,1011.0,east,D,15,123.66,8.8,1691.61,op6,new
ORD-002010,2026-03-14 19:58:26,1002.0,central,B,3,50.24,5.0,143.18,op6,shipped
ORD-002011,2026-03-14 20:16:58,1037.0,central,A,3,12.9,9.0,3521.0,op3,shipped
ORD-002012,2026-03-14 20:43:52,1004.0,central,B,23,49.57,6.0,1071.7,op1,paid
ORD-002013,2026-03-14 20:46:24,1039.0,east,B,36,48.97,4.9,1676.54,op3,closed
ORD-002014,2026-03-14 20:51:49,1003.0,central,D,37,119.27,1.3,4355.73,op6,paid
ORD-002015,2026-03-14 20:52:50,1007.0,south,B,15,46.83,3.2,679.97,op6,closed
ORD-002016,2026-03-14 20:59:57,1023.0,south,D,26,123.48,4.5,3066.02,op4,paid
ORD-002017,2026-03-14 21:02:38,1002.0,south,A,21,12.34,4.1,248.48,op5,paid
ORD-002018,2026-03-14 21:06:36,1014.0,west,B,9,48.69,6.8,408.41,op4,shipped
ORD-002019,2026-03-14 21:11:23,1020.0,west,A,23,12.0,4.9,262.54,op6,shipped
ORD-002020,2026-03-14 21:18:33,1001.0,central,B,11,49.06,7.5,499.19,op1,new
ORD-002021,2026-03-14 21:21:27,1019.0,central,C,39,3.33,4.5,123.92,op1,paid
ORD-002022,2026-03-14 21:23:31,1019.0,east,D,34,119.65,4.1,3901.3,op1,paid
ORD-002023,2026-03-14 21:38:16,1025.0,north,A,37,12.82,7.7,43793.0,op3,paid
ORD-002024,2026-03-14 21:42:59,1022.0,west,C,31,3.19,5.9,92.92,op1,paid
ORD-002025,2026-03-14 21:49:26,1020.0,east,A,32,12.56,7.5,371.68,op2,shipped
ORD-002026,2026-03-14 21:54:57,1021.0,east,A,11,12.32,6.2,127.17,op2,paid
ORD-002027,2026-03-14 22:10:18,1021.0,north,A,13,11.53,3.5,144.67,op4,new
ORD-002028,2026-03-14 22:11:30,1027.0,east,D,20,121.23,5.7,228646.99999999997,op3,paid
ORD-002029,2026-03-14 22:17:03,1000.0,central,A,27,12.67,6.3,320.6,op6,paid
ORD-002030,2026-03-14 22:28:19,1029.0,south,C,14,3.25,5.4,4308.0,op3,paid
ORD-002031,2026-03-14 22:29:39,1022.0,south,B,35,50.97,9.5,1614.47,op3,closed
ORD-002032,2026-03-14 22:36:34,1030.0,central,C,32,3.28,0.0,105.1,op6,shipped
ORD-002033,2026-03-14 22:41:21,1015.0,east,A,30,12.66,5.8,35790.0,op3,closed
ORD-002034,2026-03-14 23:07:31,1031.0,east,B,3,47.69,5.4,135.34,op6,new
ORD-002035,2026-03-14 23:07:32,1026.0,central,B,18,52.73,7.9,874.16,op2,closed
ORD-002036,2026-03-14 23:13:12,1031.0,west,A,2,12.01,3.6,23.16,op1,paid
ORD-002037,2026-03-14 23:15:01,1025.0,north,B,-17,48.11,5.8,770.43,op1,new
ORD-002038,2026-03-14 23:22:23,1000.0,east,A,39,12.32,3.0,46608.0,op3,shipped
ORD-002039,2026-03-14 23:38:26,1019.0,central,A,17,12.89,0.5,217.99,op1,shipped
ORD-002040,2026-03-14 23:43:11,1013.0,north,B,9,49.16,2.0,433.59,op5,paid
ORD-002041,2026-03-14 23:55:57,1010.0,central,A,25,12.7,9.0,288.81,op2,shipped
ORD-002042,2026-03-14 23:59:30,1025.0,south,C,10,3.04,0.8,30.13,op5,closed
ORD-002043,2026-03-15 00:04:20,1022.0,west,B,8,47.99,6.1,360.5,op2,paid
ORD-002044,2026-03-15 00:05:09,1014.0,south,C,33,3.3,0.6,108.12,op2,paid
ORD-002045,2026-03-15 00:06:56,1006.0,east,C,19,3.15,7.2,55.6,op2,shipped
ORD-002046,2026-03-15 00:08:19,1027.0,south,C,35,3.08,6.8,10062.0,op3,shipped
ORD-002047,2026-03-15 00:12:42,1023.0,central,D,27,120.72,5.3,3086.71,op1,paid
ORD-002048,2026-03-15 00:27:43,1034.0,west,A,24,12.29,3.3,285.18,op2,closed
ORD-002049,2026-03-15 00:29:46,1017.0,west,B,22,48.8,5.0,1019.92,op3,closed
ORD-002050,2026-03-15 00:41:04,1039.0,east,A,8,12.63,5.9,95.08,op4,closed
ORD-002051,2026-03-15 00:53:31,1004.0,south,C,9,3.11,3.9,26.89,op4,paid
ORD-002052,2026-03-15 01:08:41,1005.0,west,C,10,3.2,0.0,31.96,op6,closed
ORD-002053,2026-03-15 01:08:45,1026.0,east,C,15,3.33,7.1,4635.0,op3,paid
ORD-002054,2026-03-15 01:11:17,1033.0,central,B,8,48.5,5.1,368.21,op2,shipped
ORD-002055,2026-03-15 01:24:30,1037.0,east,D,22,119.28,4.6,250344.99999999997,op3,paid
ORD-002056,2026-03-15 01:37:03,1035.0,central,A,1,12.3,3.6,11.86,op1,shipped
ORD-002057,2026-03-15 01:38:23,1010.0,north,A,8,12.63,0.0,101.01,op6,shipped
ORD-002058,2026-03-15 01:45:54,1016.0,north,C,1,3.25,4.5,3.1,op2,shipped
ORD-002059,2026-03-15 02:37:05,1019.0,north,D,12,117.0,3.8,1350.6,op6,paid
ORD-002060,2026-03-15 02:40:00,1008.0,central,A,18,12.55,857.9,21148.0,op3,shipped
ORD-002061,2026-03-15 03:12:56,1015.0,north,B,19,51.34,5.7,919.86,op4,shipped
ORD-002062,2026-03-15 03:15:02,1039.0,east,B,23,46.64,2.7,1043.76,op6,shipped
ORD-002063,2026-03-15 03:42:19,1003.0,central,A,12,12.87,6.5,144.39,op4,shipped
ORD-002064,2026-03-15 03:43:10,1004.0,south,A,6,12.83,4.4,73.6,op5,closed
ORD-002065,2026-03-15 03:55:48,1013.0,central,C,10,3.06,5.6,28.88,op6,closed
ORD-002066,2026-03-15 04:01:21,1033.0,west,D,1,114.31,4.5,109.16,op1,closed
ORD-002067,2026-03-15 04:14:50,1025.0,north,B,3,48.23,6.7,135.0,op3,shipped
ORD-002068,2026-03-15 04:27:25,1011.0,west,A,8,13.01,6.9,96.88,op6,shipped
ORD-002069,2026-03-15 04:34:31,1016.0,south,D,38,117.8,6.4,418988.0,op3,closed
ORD-002070,2026-03-15 04:43:27,1037.0,east,B,5,49.11,9.7,221.73,op5,shipped
ORD-002071,2026-03-15 05:19:41,1036.0,south,A,14,12.55,8.4,160.88,op5,new
ORD-002072,2026-03-15 05:28:29,1032.0,west,C,4,3.19,6.5,11.94,op4,closed
ORD-002073,2026-03-15 05:35:02,1003.0,east,B,27,51.94,3.7,1350.49,op3,new
ORD-002074,2026-03-15 05:38:20,1031.0,north,B,10,49.5,4.2,474.21,op4,closed
ORD-002075,2026-03-15 06:03:27,1025.0,east,A,29,12.08,5.3,331.63,op4,closed
ORD-002076,2026-03-15 06:04:57,1027.0,central,A,11,12.61,5.3,131.35,op2,paid
ORD-002077,2026-03-15 06:47:05,1001.0,north,A,23,12.74,2.6,285.35,op1,paid
ORD-002078,2026-03-15 06:50:29,1029.0,south,B,5,47.61,1.8,233.77,op4,new
ORD-002079,2026-03-15 07:10:45,1036.0,east,A,2,12.57,6.5,23.51,op4,closed
ORD-002080,2026-03-15 07:11:05,1013.0,south,C,5,3.14,5.2,14.9,op1,paid
ORD-002081,2026-03-15 07:12:37,1037.0,west,D,15,115.43,5.4,163796.0,op3,shipped
ORD-002082,2026-03-15 07:15:40,1036.0,north,C,2,3.12,0.0,6.23,op6,paid
ORD-002083,2026-03-15 07:49:32,1006.0,west,A,2,12.8,0.0,25.59,op6,closed
ORD-002084,2026-03-15 07:58:21,1017.0,south,B,19,48.98,5.8,876.64,op1,shipped
ORD-002085,2026-03-15 08:30:57,1015.0,central,A,31,11.9,8.0,339.35,op6,paid
ORD-002086,2026-03-15 08:34:15,1008.0,south,A,3,12.76,8.1,3519.0,op3,shipped
ORD-002087,2026-03-15 08:44:13,1024.0,south,A,33,12.39,6.5,38219.0,op3,shipped
ORD-002088,2026-03-15 09:24:01,1015.0,central,B,26,45.01,7.3,1084.83,op2,closed
ORD-002089,2026-03-15 09:35:47,1015.0,south,A,33,12.1,0.6,39696.0,op3,new
ORD-002090,2026-03-15 09:39:13,1001.0,west,A,36,11.63,7.7,386.58,op5,new
ORD-002091,2026-03-15 09:44:30,1030.0,east,D,10,117.79,6.6,1100.12,op1,new
ORD-002092,2026-03-15 09:47:41,1014.0,central,A,9,13.5,0.0,121.54,op5,closed
ORD-002093,2026-03-15 09:57:25,1005.0,east,A,12,13.24,8.9,144.78,op5,paid
ORD-002094,2026-03-15 10:31:43,1006.0,west,B,9,49.71,8.7,408.47,op4,paid
ORD-002095,2026-03-15 10:46:34,1014.0,north,A,3,12.19,3.9,35.14,op4,new
ORD-002096,2026-03-15 10:57:34,1021.0,central,A,29,12.07,1.4,345.07,op2,paid
ORD-002097,2026-03-15 11:25:28,1038.0,south,B,23,48.28,9.1,1009.39,op3,shipped
ORD-002098,2026-03-15 11:26:54,1028.0,west,A,22,12.59,5.3,262.25,op6,shipped
ORD-002099,2026-03-15 11:58:03,1014.0,west,B,35,51.21,1.3,1769.05,op5,closed
ORD-002100,2026-03-15 12:16:08,1005.0,north,D,3,120.18,2.9,350.09,op6,shipped
ORD-002101,2026-03-15 12:18:33,1017.0,west,A,28,12.96,6.7,338.53,op5,paid
ORD-002102,2026-03-15 12:24:48,1036.0,south,B,37,49.24,3.6,1756.29,op1,paid
ORD-002103,2026-03-15 12:33:11,1021.0,east,A,23,11.73,10.0,242.87,op1,paid
ORD-002104,2026-03-15 12:37:39,1014.0,central,A,2,12.62,2.8,24.53,op1,paid
ORD-002105,2026-03-15 13:01:04,1026.0,west,C,3,3.3,7.5,9.15,op5,paid
ORD-002106,2026-03-15 13:05:40,1003.0,north,D,22,122.08,8.5,2457.56,op4,closed
ORD-002107,2026-03-15 13:12:05,1025.0,south,B,25,51.09,5.6,1205.72,op4,new
ORD-002108,2026-03-15 13:40:17,1006.0,west,B,8,48.16,6.9,358.7,op5,paid
ORD-002109,2026-03-15 13:43:00,1007.0,south,B,5,49.13,3.1,238.03,op5,paid
ORD-002110,2026-03-15 14:07:18,1034.0,east,A,30,12.51,9.0,341.63,op4,closed
ORD-002111,2026-03-15 14:34:02,1037.0,north,A,32,12.63,5.4,382.45,op4,paid
ORD-002112,2026-03-15 14:35:55,1037.0,central,B,6,50.4,3.2,292.72,op2,shipped
ORD-002113,2026-03-15 14:43:43,1009.0,north,C,37,3.29,5.2,115.53,op1,closed
ORD-002114,2026-03-15 14:46:14,1010.0,central,A,21,12.36,8.7,236.9,op3,shipped
ORD-002115,2026-03-15 14:48:08,1004.0,east,C,35,3.1,4.6,103.56,op4,shipped
ORD-002116,2026-03-15 15:19:52,1012.0,north,B,19,48.96,0.5,925.59,op5,shipped
ORD-002117,2026-03-15 15:24:24,1024.0,north,A,17,12.43,2.1,206.9,op5,closed
ORD-002118,2026-03-15 15:52:09,1000.0,central,B,17,48.98,8.8,759.39,op1,paid
ORD-002119,2026-03-15 15:58:19,1007.0,north,A,28,12.16,4.7,324.56,op5,paid
ORD-002120,2026-03-15 16:00:10,1019.0,west,A,19,12.83,2.2,238.34,op2,paid
ORD-002121,2026-03-15 16:02:41,1031.0,east,A,15,12.86,5.8,181.74,op1,paid
ORD-002122,2026-03-15 16:09:55,1015.0,south,B,18,51.12,6.3,862.19,op3,paid
ORD-002123,2026-03-15 16:16:54,1035.0,east,A,13,12.79,6.7,155.14,op2,paid
ORD-002124,2026-03-15 16:17:59,1006.0,south,A,11,12.7,3.6,134.7,op6,shipped
ORD-002125,2026-03-15 16:19:34,1017.0,south,D,35,118.46,5.4,3922.2,op4,paid
ORD-002126,2026-03-15 16:21:47,1029.0,north,B,19,49.14,5.6,881.38,op2,new
ORD-002127,2026-03-15 16:33:16,1002.0,south,C,2,3.23,5.4,6.11,op3,paid
ORD-002128,2026-03-15 16:33:19,1006.0,east,D,6,113.53,5.7,642.38,op4,shipped
ORD-002129,2026-03-15 16:38:09,1023.0,south,A,23,12.6,5.2,274.63,op1,closed
ORD-002130,2026-03-15 16:50:48,1006.0,central,A,6,11.78,5.3,66.93,op2,new
ORD-002131,2026-03-15 17:02:57,1008.0,south,D,6,126.51,1.0,751.5,op6,paid
ORD-002132,2026-03-15 17:17:24,1020.0,central,A,23,12.74,2.2,286.5,op2,new
ORD-002133,2026-03-15 17:48:29,1006.0,west,D,18,117.83,8.7,1936.38,op6,shipped
ORD-002134,2026-03-15 18:09:11,1015.0,west,D,19,119.96,4.9,2167.54,op1,paid
ORD-002135,2026-03-15 18:11:59,1002.0,west,C,38,3.15,3.3,115.87,op4,paid
ORD-002136,2026-03-15 18:15:57,1003.0,central,A,23,13.07,7.8,277.22,op4,paid
ORD-002137,2026-03-15 18:25:46,1022.0,north,B,2,51.49,12.3,90.31,op5,paid
ORD-002138,2026-03-15 18:47:52,1019.0,south,A,21,12.54,12.2,231.25,op6,new
ORD-002139,2026-03-15 18:53:37,1030.0,west,A,21,12.32,5.1,245.58,op3,paid
ORD-002140,2026-03-15 18:56:48,1003.0,west,A,24,12.73,6.0,287.1,op6,shipped
ORD-002141,2026-03-15 19:02:24,1030.0,west,B,4,50.31,2.5,196.21,op4,paid
ORD-002142,2026-03-15 19:03:01,1025.0,east,B,11,49.87,7.8,505.78,op3,shipped
ORD-002143,2026-03-15 19:17:09,1033.0,central,A,21,12.32,8.4,237.0,op1,shipped
ORD-002144,2026-03-15 19:29:15,1011.0,central,C,39,3.06,3.7,114.82,op6,paid
ORD-002145,2026-03-15 19:45:54,1001.0,north,A,24,12.01,0.9,285.63,op2,closed
ORD-002146,2026-03-15 19:49:35,1004.0,north,A,11,12.24,2.6,131.16,op2,paid
ORD-002147,2026-03-15 20:03:11,1015.0,central,A,33,11.91,5.8,370.23,op6,shipped
ORD-002148,2026-03-15 20:09:39,1001.0,east,A,10,12.16,0.6,120.9,op5,shipped
ORD-002149,2026-03-15 20:15:31,1037.0,central,C,7,3.37,8.0,21.7,op6,paid
ORD-002150,2026-03-15 20:18:43,1039.0,north,B,-11,50.06,4.9,523.68,op2,paid
ORD-002151,2026-03-15 20:20:41,1017.0,south,B,36,51.06,3.3,1777.5,op5,closed
ORD-002152,2026-03-15 20:30:23,1015.0,north,B,2,49.18,5.1,93.34,op2,shipped
ORD-002153,2026-03-15 20:59:00,1026.0,north,B,31,52.02,2.5,1572.3,op6,closed
ORD-002154,2026-03-15 20:59:36,1002.0,north,A,39,12.56,7.4,453.46,op1,new
ORD-002155,2026-03-15 21:07:46,1039.0,south,B,31,51.27,4.4,1519.44,op1,paid
ORD-002156,2026-03-15 21:24:20,1034.0,west,C,34,3.31,6.9,104.66,op3,paid
ORD-002157,2026-03-15 21:39:48,1009.0,south,C,9,3.24,9.8,26.34,op1,paid
ORD-002158,2026-03-15 21:48:01,1019.0,north,A,38,13.22,4.3,480.79,op2,shipped
ORD-002159,2026-03-15 21:54:06,1013.0,west,C,4,3.12,5.5,11.78,op3,paid
ORD-002160,2026-03-15 21:56:58,1027.0,north,A,18,12.39,0.0,223.01,op6,shipped
ORD-002161,2026-03-15 22:26:05,1022.0,west,B,20,50.89,7.2,944.52,op4,paid
ORD-002162,2026-03-15 22:28:08,1021.0,east,C,33,3.19,6.4,98.66,op6,closed
ORD-002163,2026-03-15 22:45:14,1006.0,east,B,34,50.86,6.5,1616.84,op3,shipped
ORD-002164,2026-03-15 23:00:33,1009.0,central,C,31,3.41,3.4,102.04,op3,new
ORD-002165,2026-03-15 23:01:26,1019.0,north,D,9,119.05,3.4,1034.99,op4,paid
ORD-002166,2026-03-15 23:42:27,1023.0,east,A,9,12.61,0.0,113.5,op3,new
ORD-002167,2026-03-15 23:56:59,1012.0,north,A,9,12.32,5.2,105.11,op3,shipped
ORD-002168,2026-03-16 00:12:38,1021.0,south,A,22,12.21,2.9,260.82,op5,new
ORD-002169,2026-03-16 00:18:06,1028.0,south,A,19,11.81,5.4,212.21,op1,new
ORD-002170,2026-03-16 00:28:47,1004.0,east,D,3,121.79,5.5,345.26,op2,shipped
ORD-002171,2026-03-16 00:29:37,1032.0,central,A,21,13.02,5.7,257.93,op1,new
ORD-002172,2026-03-16 00:35:04,1001.0,north,A,32,12.52,1.7,393.95,op2,shipped
ORD-002173,2026-03-16 00:44:21,1034.0,north,B,16,52.09,7.3,772.6,op4,new
ORD-002174,2026-03-16 00:46:30,1011.0,west,D,14,115.41,6.4,1512.29,op2,shipped
ORD-002175,2026-03-16 00:52:19,1017.0,central,C,4,3.19,3.5,12.29,op6,shipped
ORD-002176,2026-03-16 00:54:26,1000.0,west,C,33,3.19,1.1,104.06,op6,paid
ORD-002177,2026-03-16 01:14:50,1000.0,south,A,3,12.78,3.4,37.04,op4,shipped
ORD-002178,2026-03-16 01:24:45,1024.0,east,A,25,12.53,0.4,311.92,op2,shipped
ORD-002179,2026-03-16 01:30:55,1032.0,north,A,14,12.71,5.3,168.48,op5,closed
ORD-002180,2026-03-16 01:35:01,1020.0,west,B,23,52.56,3.4,1167.78,op1,paid
ORD-002181,2026-03-16 01:55:16,1004.0,central,A,9,12.1,10.0,98.02,op1,shipped
ORD-002182,2026-03-16 02:04:39,1026.0,east,B,11,50.23,7.9,508.88,op1,new
ORD-002183,2026-03-16 02:16:59,1035.0,east,A,16,12.65,3.0,196.37,op3,new
ORD-002184,2026-03-16 02:40:56,1012.0,central,C,31,3.14,3.5,93.91,op6,closed
ORD-002185,2026-03-16 03:08:06,1000.0,west,A,2,12.64,3.8,24.33,op6,new
ORD-002186,2026-03-16 03:14:50,1033.0,west,D,9,113.86,2.3,1001.21,op6,shipped
ORD-002187,2026-03-16 03:29:32,1014.0,central,A,22,12.13,7.6,246.65,op6,closed
ORD-002188,2026-03-16 04:18:19,1033.0,central,B,6,50.07,3.6,289.6,op6,new
ORD-002189,2026-03-16 04:28:50,1006.0,east,C,12,3.03,0.0,36.37,op4,paid
ORD-002190,2026-03-16 04:33:38,1018.0,central,B,13,53.69,3.6,672.84,op4,new
ORD-002191,2026-03-16 04:35:57,1033.0,west,A,20,13.19,0.0,263.82,op4,closed
ORD-002192,2026-03-16 04:58:06,1025.0,south,D,27,124.47,4.6,3206.0,op6,shipped
ORD-002193,2026-03-16 05:00:31,1021.0,west,C,15,3.28,6.8,45.85,op6,closed
ORD-002194,2026-03-16 05:12:41,1025.0,west,C,29,3.29,3.6,91.88,op1,paid
ORD-002195,2026-03-16 05:20:23,1002.0,west,B,11,50.14,0.0,551.54,op4,shipped
ORD-002196,2026-03-16 05:44:20,1026.0,south,A,4,12.42,3.8,47.79,op3,closed
ORD-002197,2026-03-16 05:59:02,1025.0,north,B,1,47.52,7.6,43.91,op6,paid
ORD-002198,2026-03-16 06:08:37,1025.0,south,A,36,12.85,4.6,441.17,op1,new
ORD-002199,2026-03-16 06:10:49,1030.0,central,C,19,3.18,0.0,60.48,op6,paid
ORD-002200,2026-03-16 06:17:06,1012.0,west,A,8,11.78,1.4,92.89,op2,paid
ORD-002201,2026-03-16 06:43:24,1026.0,central,B,39,49.36,4.8,1832.64,op3,closed
ORD-002202,2026-03-16 07:04:28,1016.0,central,B,35,51.36,4.7,1713.11,op1,closed
ORD-002203,2026-03-16 07:24:06,1012.0,south,A,6,11.9,5.8,67.28,op2,shipped
ORD-002204,2026-03-16 07:59:51,1004.0,central,B,22,49.85,2.6,1068.19,op2,paid
ORD-002205,2026-03-16 08:17:17,1012.0,north,D,37,112.31,0.0,4155.29,op3,paid
ORD-002206,2026-03-16 08:21:45,1032.0,south,A,39,12.32,4.0,461.26,op1,paid
ORD-002207,2026-03-16 08:24:06,1012.0,west,B,37,50.53,8.9,1703.21,op5,new
ORD-002208,2026-03-16 08:30:28,1006.0,west,B,4,47.06,7.5,174.12,op6,paid
ORD-002209,2026-03-16 08:32:18,1008.0,central,C,34,3.13,0.0,106.28,op6,paid
ORD-002210,2026-03-16 08:56:44,1024.0,west,A,23,12.66,2.7,283.24,op5,closed
ORD-002211,2026-03-16 09:22:24,1035.0,central,C,35,3.16,2.4,108.07,op5,paid
ORD-002212,2026-03-16 09:36:10,1007.0,west,C,19,3.34,9.5,57.39,op2,new
ORD-002213,2026-03-16 09:41:53,1029.0,central,A,32,12.81,5.6,387.08,op4,shipped
ORD-002214,2026-03-16 09:56:13,1016.0,east,C,8,3.31,0.0,26.46,op3,paid
ORD-002215,2026-03-16 10:10:25,1021.0,north,B,22,48.88,2.6,1047.4,op5,shipped
ORD-002216,2026-03-16 10:49:24,1038.0,central,A,30,12.15,9.1,331.27,op2,shipped
ORD-002217,2026-03-16 10:51:05,1006.0,east,A,14,12.62,6.7,164.79,op2,paid
ORD-002218,2026-03-16 11:09:01,1007.0,south,A,19,12.68,4.7,229.67,op1,closed
ORD-002219,2026-03-16 11:18:05,1030.0,central,C,22,3.15,0.0,69.26,op2,paid
ORD-002220,2026-03-16 11:29:32,1000.0,central,A,34,12.41,0.0,422.0,op2,shipped
ORD-002221,2026-03-16 11:44:41,1011.0,north,B,2,49.34,12.4,86.44,op1,new
ORD-002222,2026-03-16 11:59:28,1029.0,central,C,33,3.15,3.7,100.2,op3,paid
ORD-002223,2026-03-16 12:01:31,1004.0,north,B,38,51.41,1.3,1928.18,op6,new
ORD-002224,2026-03-16 12:01:55,1006.0,south,D,10,125.03,3.6,1205.32,op5,shipped
ORD-002225,2026-03-16 12:02:33,1027.0,central,C,9,3.25,11.9,25.78,op5,shipped
ORD-002226,2026-03-16 12:10:40,1005.0,north,B,13,52.2,9.6,613.45,op5,paid
ORD-002227,2026-03-16 12:21:35,1022.0,west,D,31,120.22,7.0,3465.85,op1,paid
ORD-002228,2026-03-16 12:27:48,1005.0,west,B,11,51.67,3.4,549.05,op3,paid
ORD-002229,2026-03-16 12:32:51,1014.0,north,A,26,12.86,7.7,308.52,op1,shipped
ORD-002230,2026-03-16 12:34:46,1032.0,north,A,30,12.16,9.3,330.98,op1,paid
ORD-002231,2026-03-16 12:39:13,1009.0,north,C,22,3.29,4.8,68.93,op3,shipped
ORD-002232,2026-03-16 12:51:50,1031.0,east,C,33,3.26,3.6,103.58,op6,new
ORD-002233,2026-03-16 13:34:30,1038.0,central,A,9,12.87,5.4,109.6,op5,paid
ORD-002234,2026-03-16 13:53:46,1034.0,central,A,32,12.66,6.3,379.65,op5,shipped
ORD-002235,2026-03-16 14:02:33,1018.0,west,A,33,12.25,3.2,391.33,op4,paid
ORD-002236,2026-03-16 14:08:07,1004.0,west,C,1,3.16,0.0,3.16,op5,closed
ORD-002237,2026-03-16 14:26:41,1033.0,west,D,29,120.1,10.2,3127.64,op6,paid
ORD-002238,2026-03-16 14:34:19,1026.0,central,D,24,111.05,7.0,2478.61,op5,paid
ORD-002239,2026-03-16 14:35:04,1024.0,east,B,3,49.77,2.6,145.43,op1,paid
ORD-002240,2026-03-16 14:48:40,1014.0,north,C,2,3.14,5.8,5.92,op4,shipped
ORD-002241,2026-03-16 14:49:41,1033.0,east,A,13,12.29,7.5,147.83,op6,new
ORD-002242,2026-03-16 14:58:18,1007.0,east,A,39,12.13,8.2,434.19,op5,shipped
ORD-002243,2026-03-16 15:04:05,1022.0,east,B,20,49.43,3.9,950.04,op5,shipped
ORD-002244,2026-03-16 15:06:49,1030.0,west,A,35,12.39,3.6,417.98,op5,new
ORD-002245,2026-03-16 15:23:56,1021.0,central,B,39,50.13,4.2,1872.96,op5,shipped
ORD-002246,2026-03-16 15:24:28,1029.0,north,A,15,12.97,6.4,182.13,op5,closed
ORD-002247,2026-03-16 15:27:09,1022.0,west,A,2,12.48,0.0,24.97,op5,paid
ORD-002248,2026-03-16 15:41:17,1027.0,north,B,14,50.98,10.3,640.21,op6,paid
ORD-002249,2026-03-16 15:54:40,1019.0,central,B,12,52.36,4.1,602.56,op6,paid
ORD-002250,2026-03-16 15:57:54,1018.0,west,C,5,3.19,4.9,15.16,op5,new
ORD-002251,2026-03-16 16:05:48,1018.0,east,C,15,3.19,2.7,46.63,op5,paid
ORD-002252,2026-03-16 16:11:58,1026.0,south,A,22,12.92,2.7,276.52,op1,shipped
ORD-002253,2026-03-16 16:45:25,1029.0,south,B,9,52.61,5.5,447.45,op6,paid
ORD-002254,2026-03-16 16:46:11,1006.0,north,A,26,12.41,4.1,309.53,op4,shipped
ORD-002255,2026-03-16 16:54:39,1037.0,west,A,33,12.01,4.9,376.88,op5,paid
ORD-002256,2026-03-16 17:00:02,1038.0,west,B,29,50.29,2.7,1419.03,op1,shipped
ORD-002257,2026-03-16 17:17:37,1031.0,west,B,20,52.04,7.9,958.58,op5,new
ORD-002258,2026-03-16 17:38:05,1031.0,north,D,6,114.16,3.2,663.01,op2,paid
ORD-002259,2026-03-16 17:49:52,1014.0,north,C,21,3.17,6.1,62.48,op6,paid
ORD-002260,2026-03-16 18:01:10,1015.0,north,C,22,3.19,1.9,68.91,op6,shipped
ORD-002261,2026-03-16 18:13:40,1013.0,north,C,24,3.06,6.9,68.31,op4,paid
ORD-002262,2026-03-16 18:14:46,1010.0,north,D,28,124.14,6.7,3242.96,op5,new
ORD-002263,2026-03-16 18:15:20,1033.0,north,D,20,119.05,6.8,2219.04,op4,shipped
ORD-002264,2026-03-16 18:24:26,1012.0,central,A,32,11.93,2.6,371.89,op2,closed
ORD-002265,2026-03-16 18:26:41,1023.0,south,A,16,12.13,4.9,184.52,op1,paid
ORD-002266,2026-03-16 18:37:14,1035.0,south,A,1,12.65,6.0,11.89,op4,closed
ORD-002267,2026-03-16 18:55:59,1007.0,west,C,31,3.33,9.0,93.83,op4,paid
ORD-002268,2026-03-16 19:01:52,1016.0,north,B,19,51.79,4.5,939.73,op3,closed
ORD-002269,2026-03-16 19:05:31,1034.0,west,D,6,120.6,6.3,678.02,op3,closed
ORD-002270,2026-03-16 19:06:58,1036.0,west,B,12,51.09,4.9,583.04,op4,paid
ORD-002271,2026-03-16 19:10:48,1027.0,central,A,30,13.08,2.0,384.64,op4,paid
ORD-002272,2026-03-16 19:30:47,1025.0,west,A,22,12.97,0.6,283.52,op2,closed
ORD-002273,2026-03-16 19:35:57,1004.0,east,B,10,49.01,0.9,485.69,op1,new
ORD-002274,2026-03-16 19:41:54,1009.0,north,A,22,12.51,7.4,254.76,op2,shipped
ORD-002275,2026-03-16 19:46:30,1012.0,north,B,27,52.32,0.0,1412.64,op4,shipped
ORD-002276,2026-03-16 20:00:41,1011.0,north,A,16,12.43,4.0,190.87,op1,new
ORD-002277,2026-03-16 20:11:18,1028.0,north,A,25,12.66,0.9,313.65,op6,new
ORD-002278,2026-03-16 20:22:27,1033.0,central,A,38,12.74,4.8,460.81,op1,closed
ORD-002279,2026-03-16 20:22:30,1032.0,east,A,5,12.17,3.8,58.53,op2,shipped
ORD-002280,2026-03-16 20:24:19,1022.0,north,C,25,3.32,8.1,76.26,op6,closed
ORD-002281,2026-03-16 20:25:34,1001.0,central,B,16,51.75,5.6,781.63,op5,paid
ORD-002282,2026-03-16 20:28:24,1011.0,central,D,13,123.73,2.1,1574.71,op3,new
ORD-002283,2026-03-16 20:39:08,1021.0,east,A,17,12.6,7.1,198.98,op5,shipped
ORD-002284,2026-03-16 20:54:55,1016.0,central,A,37,12.47,3.4,445.58,op3,paid
ORD-002285,2026-03-16 20:57:21,1015.0,north,A,33,12.99,6.7,399.91,op5,closed
ORD-002286,2026-03-16 21:52:10,1023.0,east,A,14,12.64,3.2,171.25,op4,paid
ORD-002287,2026-03-16 22:03:35,1017.0,north,A,12,13.07,0.0,156.89,op5,shipped
ORD-002288,2026-03-16 22:05:19,1023.0,north,B,31,52.53,6.8,1517.7,op2,closed
ORD-002289,2026-03-16 22:20:20,1032.0,west,A,3,13.29,3.9,38.32,op3,paid
ORD-002290,2026-03-16 22:40:40,1039.0,east,A,30,12.21,11.8,323.19,op4,new
ORD-002291,2026-03-16 22:44:34,1030.0,central,A,31,12.53,5.4,367.46,op4,paid
ORD-002292,2026-03-16 22:45:30,1003.0,west,A,6,12.22,0.6,72.89,op2,new
ORD-002293,2026-03-16 22:56:33,1017.0,east,C,37,3.1,3.6,110.51,op3,new
ORD-002294,2026-03-16 23:09:20,1038.0,west,B,14,51.97,9.5,658.46,op3,shipped
ORD-002295,2026-03-16 23:16:15,1032.0,central,B,14,49.46,4.4,661.97,op5,new
ORD-002296,2026-03-16 23:24:26,1036.0,south,B,10,51.56,3.1,499.62,op5,closed
ORD-002297,2026-03-16 23:26:45,1023.0,south,B,24,53.67,4.3,1232.69,op6,closed
ORD-002298,2026-03-16 23:27:03,1025.0,central,D,38,121.87,5.1,4394.98,op4,new
ORD-002299,2026-03-16 23:37:49,1011.0,east,A,4,12.3,3.3,47.59,op6,shipped
ORD-002300,2026-03-16 23:40:13,1011.0,central,B,17,51.36,1.6,859.15,op2,paid
ORD-002301,2026-03-17 00:00:37,1027.0,east,A,21,12.76,0.5,266.59,op3,new
ORD-002302,2026-03-17 00:09:54,1026.0,west,A,35,13.07,7.8,421.69,op1,closed
ORD-002303,2026-03-17 00:20:00,1002.0,south,A,19,12.41,13.2,204.59,op5,new
ORD-002304,2026-03-17 00:20:15,1029.0,east,C,24,3.21,6.3,72.21,op6,shipped
ORD-002305,2026-03-17 00:25:40,1034.0,north,B,25,52.55,9.1,1194.2,op2,paid
ORD-002306,2026-03-17 00:49:10,1005.0,east,C,30,3.18,7.0,88.79,op2,new
ORD-002307,2026-03-17 00:50:43,1019.0,west,C,8,3.23,5.8,24.36,op2,closed
ORD-002308,2026-03-17 00:55:13,1038.0,central,A,10,12.6,0.7,125.09,op6,paid
ORD-002309,2026-03-17 00:55:44,1010.0,west,B,14,53.84,5.1,715.32,op1,paid
ORD-002310,2026-03-17 01:22:08,1021.0,central,A,15,12.28,5.7,173.75,op1,paid
ORD-002311,2026-03-17 02:14:16,1026.0,central,B,29,51.99,4.4,1441.37,op1,new
ORD-002312,2026-03-17 02:22:33,1010.0,south,A,33,12.62,3.8,400.73,op5,shipped
ORD-002313,2026-03-17 02:28:21,1000.0,south,A,16,12.23,5.2,185.57,op4,paid
ORD-002314,2026-03-17 02:34:58,1032.0,north,A,28,12.38,5.0,329.23,op4,new
ORD-002315,2026-03-17 03:03:57,1030.0,central,B,22,51.89,4.1,1094.78,op5,shipped
ORD-002316,2026-03-17 03:40:14,1014.0,north,A,37,11.97,3.5,427.37,op3,closed
ORD-002317,2026-03-17 03:52:15,1036.0,central,A,20,12.32,4.7,234.82,op1,shipped
ORD-002318,2026-03-17 03:53:47,1033.0,south,B,31,50.24,5.9,1465.55,op6,new
ORD-002319,2026-03-17 03:54:14,1017.0,north,D,5,118.19,5.9,556.11,op1,shipped
ORD-002320,2026-03-17 03:55:03,1014.0,south,C,27,3.14,6.1,79.51,op4,shipped
ORD-002321,2026-03-17 04:07:17,1013.0,south,B,38,51.24,8.2,1787.46,op5,closed
ORD-002322,2026-03-17 04:29:46,1001.0,west,C,27,3.26,6.7,82.22,op6,shipped
ORD-002323,2026-03-17 04:58:34,1039.0,west,A,18,12.94,8.6,212.96,op3,new
ORD-002324,2026-03-17 05:01:49,1021.0,south,A,11,12.8,8.9,128.23,op2,closed
ORD-002325,2026-03-17 05:21:41,1009.0,south,A,16,12.2,2.6,190.2,op2,paid
ORD-002326,2026-03-17 05:38:58,1018.0,west,B,6,52.53,5.0,299.42,op1,new
ORD-002327,2026-03-17 06:06:27,1024.0,west,A,39,12.04,5.1,445.49,op4,shipped
ORD-002328,2026-03-17 06:33:08,1003.0,south,D,24,121.91,5.5,2764.81,op6,shipped
ORD-002329,2026-03-17 06:42:43,1022.0,west,A,37,12.76,2.8,458.94,op6,shipped
ORD-002330,2026-03-17 06:46:25,1030.0,central,C,24,3.17,11.5,67.26,op5,shipped
ORD-002331,2026-03-17 07:18:21,1026.0,west,C,24,3.2,0.0,76.86,op6,shipped
ORD-002332,2026-03-17 07:22:16,1014.0,east,B,34,53.35,3.2,1755.86,op1,new
ORD-002333,2026-03-17 07:22:47,1009.0,west,A,2,12.76,6.7,23.81,op3,shipped
ORD-002334,2026-03-17 07:47:00,1023.0,west,A,10,12.29,0.0,122.93,op3,paid
ORD-002335,2026-03-17 07:49:25,1004.0,north,A,5,12.23,4.0,58.7,op4,paid
ORD-002336,2026-03-17 07:53:36,1027.0,central,C,10,3.04,5.4,28.78,op6,closed
ORD-002337,2026-03-17 08:07:17,1039.0,west,B,27,51.64,2.8,1355.24,op1,new
ORD-002338,2026-03-17 08:10:03,1015.0,west,D,37,117.86,6.8,4064.41,op1,new
ORD-002339,2026-03-17 08:35:20,1014.0,west,D,6,119.89,0.0,719.37,op1,paid
ORD-002340,2026-03-17 08:44:07,1003.0,south,A,19,12.69,1.4,237.8,op3,shipped
ORD-002341,2026-03-17 09:00:13,1004.0,east,D,4,115.06,10.2,413.29,op3,paid
ORD-002342,2026-03-17 09:08:38,1032.0,south,B,19,51.06,5.4,917.75,op5,new
ORD-002343,2026-03-17 09:11:12,1001.0,north,A,38,12.37,5.6,443.59,op1,paid
ORD-002344,2026-03-17 09:29:10,1030.0,north,A,26,11.91,0.0,309.71,op5,paid
ORD-002345,2026-03-17 09:32:39,1012.0,east,A,28,12.42,3.1,336.94,op5,shipped
ORD-002346,2026-03-17 09:52:00,1012.0,south,B,1,51.5,6.5,48.15,op5,closed
ORD-002347,2026-03-17 10:17:18,1039.0,south,A,34,12.62,1.5,422.52,op2,closed
ORD-002348,2026-03-17 10:21:27,1018.0,north,D,8,122.2,2.3,955.14,op5,closed
ORD-002349,2026-03-17 10:55:50,1010.0,south,A,21,12.74,7.7,246.93,op6,paid
ORD-002350,2026-03-17 11:06:11,1023.0,east,C,36,3.17,1.5,112.53,op6,shipped
ORD-002351,2026-03-17 11:12:46,1029.0,east,A,3,12.58,5.0,35.84,op5,new
ORD-002352,2026-03-17 11:16:38,1015.0,north,B,5,52.63,3.9,252.89,op2,shipped
ORD-002353,2026-03-17 11:29:21,1018.0,central,A,37,12.87,1.1,470.8,op5,new
ORD-002354,2026-03-17 11:32:50,1038.0,central,C,37,3.03,5.0,106.41,op2,shipped
ORD-002355,2026-03-17 11:35:16,1019.0,east,A,38,12.4,5.8,443.77,op6,paid
ORD-002356,2026-03-17 11:39:30,1024.0,north,A,36,12.21,0.0,439.66,op1,closed
ORD-002357,2026-03-17 11:52:19,1029.0,west,C,15,3.21,8.0,44.25,op6,closed
ORD-002358,2026-03-17 11:52:46,1004.0,central,B,3,53.96,2.2,158.32,op2,closed
ORD-002359,2026-03-17 12:11:55,1001.0,central,A,13,12.56,2.5,159.25,op1,paid
ORD-002360,2026-03-17 12:46:09,1001.0,south,A,21,12.54,5.5,248.79,op2,new
ORD-002361,2026-03-17 12:53:12,1002.0,north,A,25,12.24,7.1,284.17,op2,paid
ORD-002362,2026-03-17 13:11:18,1020.0,west,C,12,3.23,7.9,35.66,op5,shipped
ORD-002363,2026-03-17 13:16:05,1021.0,south,B,27,52.8,0.4,1419.9,op1,new
ORD-002364,2026-03-17 13:36:01,1030.0,south,C,27,3.1,4.8,79.8,op3,closed
ORD-002365,2026-03-17 13:41:12,1036.0,south,B,39,53.43,7.6,1925.4,op4,paid
ORD-002366,2026-03-17 14:02:54,1012.0,west,C,37,3.15,3.0,113.19,op1,shipped
ORD-002367,2026-03-17 14:10:14,1012.0,east,C,28,3.0,2.9,81.6,op5,paid
ORD-002368,2026-03-17 14:16:31,1020.0,east,B,12,52.21,4.8,596.45,op6,paid
ORD-002369,2026-03-17 14:22:03,1001.0,east,A,5,12.67,7.8,58.4,op3,closed
ORD-002370,2026-03-17 14:22:05,1034.0,north,A,6,12.65,7.4,70.26,op5,shipped
ORD-002371,2026-03-17 14:23:52,1008.0,west,B,36,52.72,6.1,1782.15,op5,paid
ORD-002372,2026-03-17 14:24:38,1009.0,west,D,37,119.68,4.5,4228.98,op2,shipped
ORD-002373,2026-03-17 14:25:05,1011.0,south,A,11,12.72,1.8,137.42,op4,shipped
ORD-002374,2026-03-17 14:33:57,1028.0,west,C,31,3.25,2.7,97.98,op1,closed
ORD-002375,2026-03-17 14:35:00,1009.0,central,A,37,11.83,0.0,437.58,op6,paid
ORD-002376,2026-03-17 14:46:42,1032.0,west,B,15,51.48,8.9,703.47,op5,new
ORD-002377,2026-03-17 14:51:10,1022.0,east,C,4,3.2,6.2,12.02,op4,paid
ORD-002378,2026-03-17 15:15:51,1011.0,east,A,34,12.46,4.8,403.19,op1,paid
ORD-002379,2026-03-17 15:16:47,1038.0,west,C,11,3.27,4.3,34.44,op6,paid
ORD-002380,2026-03-17 15:21:10,1018.0,west,C,21,3.29,6.0,64.91,op1,shipped
ORD-002381,2026-03-17 15:33:46,1022.0,west,D,38,120.36,0.0,4573.67,op3,new
ORD-002382,2026-03-17 15:52:22,1030.0,central,C,5,3.16,9.1,14.37,op6,shipped
ORD-002383,2026-03-17 15:52:29,1032.0,east,A,23,13.1,7.0,280.27,op4,paid
ORD-002384,2026-03-17 16:33:29,1038.0,west,A,15,12.18,2.6,177.93,op5,closed
ORD-002385,2026-03-17 16:36:13,1032.0,east,A,27,12.45,4.5,320.96,op6,paid
ORD-002386,2026-03-17 16:50:59,1017.0,south,C,29,3.38,11.2,87.13,op3,paid
ORD-002387,2026-03-17 17:00:14,1035.0,east,B,6,53.68,7.4,298.25,op3,new
ORD-002388,2026-03-17 17:18:00,1019.0,west,B,13,53.65,9.4,631.89,op1,shipped
ORD-002389,2026-03-17 17:26:33,1008.0,west,A,35,12.48,5.3,413.81,op3,new
ORD-002390,2026-03-17 17:35:07,1005.0,east,A,26,12.92,2.5,327.56,op3,shipped
ORD-002391,2026-03-17 17:37:54,1033.0,south,B,28,57.23,3.9,1539.94,op4,shipped
ORD-002392,2026-03-17 17:39:03,1036.0,north,C,7,3.23,8.1,20.76,op2,shipped
ORD-002393,2026-03-17 18:07:31,1004.0,north,B,10,52.45,5.7,494.6,op1,new
ORD-002394,2026-03-17 18:24:35,1014.0,south,A,31,12.91,3.3,387.03,op4,new
ORD-002395,2026-03-17 18:31:45,1023.0,central,A,37,13.18,0.0,487.61,op3,paid
ORD-002396,2026-03-17 18:34:06,1018.0,north,A,9,12.62,7.3,105.33,op1,shipped
ORD-002397,2026-03-17 18:41:04,1023.0,south,B,3,51.59,288.6,142.54,op1,closed
ORD-002398,2026-03-17 18:52:40,1030.0,west,A,14,12.62,4.9,167.99,op4,paid
ORD-002399,2026-03-17 18:58:41,1023.0,south,B,9,51.69,5.2,441.02,op3,shipped
ORD-002400,2026-03-17 19:07:13,1021.0,north,A,31,12.84,4.7,379.35,op4,shipped
ORD-002401,2026-03-17 19:14:07,1004.0,east,B,15,52.6,1.2,779.53,op4,closed
ORD-002402,2026-03-17 19:29:47,1038.0,west,B,8,53.73,5.9,404.48,op4,new
ORD-002403,2026-03-17 20:02:14,1007.0,central,A,25,12.52,1.3,308.99,op3,paid
ORD-002404,2026-03-17 20:03:10,1033.0,south,C,18,3.27,4.8,56.11,op4,paid
ORD-002405,2026-03-17 20:05:43,1008.0,south,C,7,3.01,5.6,19.9,op1,shipped
ORD-002406,2026-03-17 20:08:15,1030.0,east,A,32,12.61,5.0,383.47,op4,shipped
ORD-002407,2026-03-17 20:11:08,1018.0,west,B,2,53.28,1.7,104.75,op1,new
ORD-002408,2026-03-17 20:27:22,1005.0,central,C,25,3.23,2.2,78.86,op5,shipped
ORD-002401,2026-03-17 19:14:07,1004.0,east,B,15,52.6,1.2,779.53,op4,closed
ORD-002402,2026-03-17 19:29:47,1038.0,west,B,8,53.73,5.9,404.48,op4,new
ORD-002403,2026-03-17 20:02:14,1007.0,central,A,25,12.52,1.3,308.99,op3,paid
ORD-002404,2026-03-17 20:03:10,1033.0,south,C,18,3.27,4.8,56.11,op4,paid
ORD-002405,2026-03-17 20:05:43,1008.0,south,C,7,3.01,5.6,19.9,op1,shipped
ORD-002406,2026-03-17 20:08:15,1030.0,east,A,32,12.61,5.0,383.47,op4,shipped
ORD-002407,2026-03-17 20:11:08,1018.0,west,B,2,53.28,1.7,104.75,op1,new
ORD-002408,2026-03-17 20:27:22,1005.0,central,C,25,3.23,2.2,78.86,op5,shipped
ORD-002409,2026-03-17 20:29:38,1002.0,west,B,7,50.79,6.0,334.2,op6,shipped
ORD-002410,2026-03-17 20:29:43,1020.0,central,C,4,3.32,1.0,13.16,op6,shipped
ORD-002411,2026-03-17 20:39:07,1015.0,west,A,27,12.26,2.0,324.38,op5,paid
ORD-002412,2026-03-17 20:51:17,1036.0,west,A,4,12.66,6.4,47.41,op2,closed
ORD-002413,2026-03-17 21:13:38,1038.0,north,A,7,12.31,3.4,83.23,op5,paid
ORD-002414,2026-03-17 21:25:51,1009.0,central,C,31,3.18,6.2,92.47,op6,closed
ORD-002415,2026-03-17 21:33:03,1032.0,south,A,21,12.33,4.7,246.79,op5,new
ORD-002416,2026-03-17 21:36:04,1028.0,east,C,3,3.05,5.4,8.65,op4,shipped
ORD-002417,2026-03-17 21:37:54,1002.0,south,A,18,12.26,4.0,211.9,op6,new
ORD-002418,2026-03-17 21:39:23,1020.0,east,B,7,55.13,1.6,379.74,op1,paid
ORD-002419,2026-03-17 21:40:28,1023.0,west,B,18,51.38,0.6,919.29,op4,paid
ORD-002420,2026-03-17 21:48:53,1034.0,central,C,-3,3.21,6.9,8.97,op3,shipped
ORD-002421,2026-03-17 22:14:35,1013.0,west,B,38,50.45,6.3,1796.32,op6,paid
ORD-002422,2026-03-17 22:24:32,1001.0,west,C,8,3.3,2.6,25.71,op4,paid
ORD-002423,2026-03-17 22:41:00,1003.0,central,B,15,51.06,10.2,687.78,op4,shipped
ORD-002424,2026-03-17 23:01:14,1039.0,east,A,25,12.08,5.8,284.4,op5,new
ORD-002425,2026-03-17 23:09:07,1010.0,west,C,34,3.18,5.3,102.53,op5,new
ORD-002426,2026-03-17 23:11:57,1017.0,south,C,12,3.25,6.7,36.38,op2,paid
ORD-002427,2026-03-17 23:29:25,1020.0,west,C,20,3.08,2.6,59.95,op2,paid
ORD-002428,2026-03-17 23:30:22,1006.0,south,B,1,53.09,3.0,51.5,op3,closed
ORD-002429,2026-03-17 23:37:20,1015.0,west,B,6,54.08,3.2,314.1,op5,new
ORD-002430,2026-03-17 23:38:58,1012.0,central,A,26,12.5,4.6,310.07,op1,new
ORD-002431,2026-03-17 23:45:36,1014.0,south,C,21,3.13,7.7,60.63,op6,new
ORD-002432,2026-03-17 23:49:07,1012.0,west,B,23,53.98,7.0,1154.63,op2,shipped
ORD-002433,2026-03-17 23:58:48,1036.0,west,D,20,123.85,2.4,2417.5,op3,closed
ORD-002434,2026-03-18 00:04:09,1001.0,north,A,22,13.33,8.1,269.6,op5,closed
ORD-002435,2026-03-18 00:06:35,1001.0,east,B,12,55.32,13.6,573.56,op6,closed
ORD-002436,2026-03-18 00:14:27,1006.0,south,A,24,11.88,2.6,277.76,op2,paid
ORD-002437,2026-03-18 00:17:46,1005.0,south,B,2,55.37,9.5,100.22,op4,paid
ORD-002438,2026-03-18 00:26:37,1031.0,north,D,25,123.58,1.2,3052.46,op5,paid
ORD-002439,2026-03-18 00:26:54,1014.0,north,A,35,12.61,3.5,425.88,op6,shipped
ORD-002440,2026-03-18 00:48:25,1031.0,central,A,8,12.75,5.4,96.5,op6,shipped
ORD-002441,2026-03-18 00:48:52,1036.0,central,A,39,12.91,0.0,503.38,op3,paid
ORD-002442,2026-03-18 00:59:35,1020.0,central,A,1,12.41,4.3,11.87,op6,paid
ORD-002443,2026-03-18 00:59:42,1012.0,north,A,37,12.06,6.1,418.84,op5,shipped
ORD-002444,2026-03-18 01:53:16,1028.0,east,D,16,119.11,8.5,1743.71,op6,shipped
ORD-002445,2026-03-18 01:57:44,1022.0,north,A,6,12.74,6.2,71.72,op2,closed
ORD-002446,2026-03-18 02:09:58,1016.0,south,C,1,3.15,6.4,2.95,op1,paid
ORD-002447,2026-03-18 02:12:03,1019.0,north,C,35,3.14,0.0,109.9,op6,paid
ORD-002448,2026-03-18 02:18:09,1008.0,south,B,17,51.53,4.8,833.96,op5,shipped
ORD-002449,2026-03-18 02:19:55,1003.0,central,A,30,12.7,4.2,364.93,op3,paid
ORD-002450,2026-03-18 02:44:16,1013.0,east,B,33,51.87,12.1,1504.59,op6,new
ORD-002451,2026-03-18 02:48:49,1026.0,north,D,19,119.29,8.9,2064.77,op4,shipped
ORD-002452,2026-03-18 02:53:02,1015.0,north,B,5,52.43,2.7,255.07,op5,paid
ORD-002453,2026-03-18 03:04:01,1024.0,north,C,25,3.32,8.8,75.74,op1,new
ORD-002454,2026-03-18 03:05:21,1036.0,south,C,27,3.29,1.6,87.53,op5,closed
ORD-002455,2026-03-18 03:24:17,1013.0,north,C,11,3.42,6.7,35.05,op2,paid
ORD-002456,2026-03-18 03:28:04,1006.0,central,B,24,52.52,2.0,1235.27,op3,shipped
ORD-002457,2026-03-18 03:29:42,1006.0,central,D,30,116.61,9.0,3183.43,op6,paid
ORD-002458,2026-03-18 03:31:23,1026.0,south,B,34,54.05,6.6,1716.41,op3,paid
ORD-002459,2026-03-18 03:44:41,1017.0,west,D,13,115.24,8.9,1364.74,op2,closed
ORD-002460,2026-03-18 03:47:06,1024.0,north,A,21,12.32,7.3,239.91,op2,shipped
ORD-002461,2026-03-18 03:47:31,1036.0,central,C,15,3.26,4.8,46.62,op3,new
ORD-002462,2026-03-18 03:53:13,1010.0,north,A,27,12.52,2.9,328.35,op5,new
ORD-002463,2026-03-18 03:57:13,1035.0,north,A,11,12.81,4.3,134.9,op5,new
ORD-002464,2026-03-18 04:02:11,1038.0,north,B,30,52.54,5.2,1494.24,op1,closed
ORD-002465,2026-03-18 04:04:48,1033.0,north,B,6,52.98,6.5,297.22,op2,closed
ORD-002466,2026-03-18 04:14:09,1037.0,south,B,24,53.52,6.6,1199.7,op1,paid
ORD-002467,2026-03-18 04:14:22,1035.0,north,A,30,12.81,5.0,365.11,op6,closed
ORD-002468,2026-03-18 04:15:15,1034.0,east,A,9,12.91,7.1,107.93,op3,shipped
ORD-002469,2026-03-18 04:27:03,1030.0,central,A,22,12.95,2.4,277.98,op4,paid
ORD-002470,2026-03-18 04:54:40,1035.0,west,B,37,53.94,5.6,1884.02,op2,shipped
ORD-002471,2026-03-18 04:58:07,1015.0,south,A,36,12.24,0.6,438.1,op5,paid
ORD-002472,2026-03-18 04:59:17,1010.0,east,D,19,118.6,5.9,2120.4,op3,shipped
ORD-002473,2026-03-18 05:29:13,1038.0,east,B,31,53.82,4.4,1595.01,op1,shipped
ORD-002474,2026-03-18 05:31:05,1036.0,north,A,9,11.94,9.4,97.39,op4,closed
ORD-002475,2026-03-18 05:31:35,1021.0,central,B,36,52.38,3.4,1821.57,op5,shipped
ORD-002476,2026-03-18 05:52:18,1017.0,central,A,34,11.87,3.3,390.33,op2,paid
ORD-002477,2026-03-18 06:01:52,1006.0,west,B,11,54.32,0.0,597.52,op5,closed
ORD-002478,2026-03-18 06:09:31,1006.0,central,A,25,12.59,7.2,291.98,op3,paid
ORD-002479,2026-03-18 06:14:30,1002.0,east,B,11,52.43,0.8,572.12,op2,new
ORD-002480,2026-03-18 06:19:58,1006.0,west,A,15,12.85,9.1,175.25,op4,closed
ORD-002481,2026-03-18 06:36:28,1034.0,west,B,8,54.05,1.0,428.08,op2,shipped
ORD-002482,2026-03-18 07:32:26,1014.0,west,C,29,3.19,2.5,90.18,op1,shipped
ORD-002483,2026-03-18 07:36:57,1015.0,west,A,13,12.75,0.0,165.72,op3,shipped
ORD-002484,2026-03-18 07:39:20,1011.0,east,A,19,12.63,4.9,228.18,op6,new
ORD-002485,2026-03-18 07:55:40,1003.0,west,A,35,12.12,6.5,396.66,op2,paid
ORD-002486,2026-03-18 08:05:22,1013.0,central,C,26,3.14,10.1,73.37,op5,shipped
ORD-002487,2026-03-18 08:06:36,1007.0,north,D,34,115.05,7.2,3630.17,op6,closed
ORD-002488,2026-03-18 08:09:23,1035.0,east,B,35,54.94,5.2,1822.91,op1,closed
ORD-002489,2026-03-18 08:12:07,1037.0,south,A,13,12.47,3.0,157.19,op5,shipped
ORD-002490,2026-03-18 08:28:11,1009.0,south,B,1,55.44,4.3,53.06,op3,new
ORD-002491,2026-03-18 08:31:38,1039.0,west,A,34,12.25,11.7,367.7,op2,paid
ORD-002492,2026-03-18 08:38:08,1011.0,north,A,30,12.07,10.7,323.45,op5,shipped
ORD-002493,2026-03-18 08:44:30,1003.0,south,C,5,3.3,7.4,15.3,op3,paid
ORD-002494,2026-03-18 08:48:33,1023.0,south,C,36,3.28,1.3,116.5,op4,shipped
ORD-002495,2026-03-18 08:52:39,1003.0,east,B,32,51.78,5.8,1560.86,op5,paid
ORD-002496,2026-03-18 09:02:30,1038.0,north,B,33,55.74,7.3,1705.14,op1,shipped
ORD-002497,2026-03-18 09:10:27,1029.0,central,D,29,117.54,1.8,3347.35,op1,paid
ORD-002498,2026-03-18 09:31:18,1029.0,east,A,39,13.05,6.6,475.5,op1,paid
ORD-002499,2026-03-18 09:45:05,1004.0,east,C,27,3.25,6.8,81.73,op4,closed
ORD-002500,2026-03-18 09:45:47,1020.0,west,D,17,117.92,5.0,1904.37,op4,new
ORD-002501,2026-03-18 09:46:37,1034.0,north,C,26,3.18,2.9,80.26,op6,paid
ORD-002502,2026-03-18 09:58:18,1009.0,west,B,10,53.88,9.0,490.31,op1,closed
ORD-002503,2026-03-18 10:26:26,1004.0,north,C,15,2.93,3.4,42.42,op3,shipped
ORD-002504,2026-03-18 10:31:50,1033.0,north,B,14,55.24,6.8,720.77,op4,new
ORD-002505,2026-03-18 10:35:31,1030.0,north,A,24,12.39,7.7,274.51,op3,paid
ORD-002506,2026-03-18 10:44:02,1018.0,south,B,2,55.38,3.0,107.44,op5,shipped
ORD-002507,2026-03-18 11:19:13,1001.0,central,A,5,11.48,6.8,53.49,op1,paid
ORD-002508,2026-03-18 11:25:18,1001.0,central,A,26,12.76,9.1,301.63,op6,new
ORD-002509,2026-03-18 11:28:56,1012.0,central,B,24,54.27,7.1,1210.0,op3,paid
ORD-002510,2026-03-18 11:31:03,1003.0,central,B,6,52.46,4.2,301.54,op5,paid
ORD-002511,2026-03-18 11:35:56,1033.0,south,A,5,13.22,5.9,62.2,op2,closed
ORD-002512,2026-03-18 12:03:35,1007.0,central,C,34,3.28,4.5,106.42,op1,shipped
ORD-002513,2026-03-18 12:10:30,1018.0,north,A,15,12.16,3.3,176.44,op6,shipped
ORD-002514,2026-03-18 12:36:47,1020.0,south,A,39,12.21,5.1,452.0,op2,closed
ORD-002515,2026-03-18 12:53:11,1030.0,west,B,18,55.22,4.3,951.22,op6,shipped
ORD-002516,2026-03-18 12:53:46,1014.0,south,C,17,3.37,3.2,55.42,op3,new
ORD-002517,2026-03-18 13:04:29,1020.0,north,B,28,55.14,2.7,1502.23,op1,shipped
ORD-002518,2026-03-18 13:14:01,1006.0,south,D,30,118.55,0.9,3524.45,op6,new
ORD-002519,2026-03-18 13:25:56,1029.0,south,C,11,3.37,6.3,34.73,op5,closed
ORD-002520,2026-03-18 13:44:18,1021.0,south,B,12,53.42,3.2,620.53,op5,closed
ORD-002521,2026-03-18 14:00:03,1014.0,central,C,32,3.32,8.0,97.88,op5,shipped
ORD-002522,2026-03-18 14:02:48,1019.0,south,A,39,12.75,4.9,472.99,op4,paid
ORD-002523,2026-03-18 14:11:20,1016.0,west,B,32,54.21,5.6,1637.58,op1,paid
ORD-002524,2026-03-18 14:22:54,1013.0,north,B,36,53.46,4.1,1845.65,op2,new
ORD-002525,2026-03-18 14:28:34,1016.0,east,A,33,12.3,8.3,372.22,op4,shipped
ORD-002526,2026-03-18 14:43:38,1012.0,south,A,26,12.5,0.7,322.69,op4,new
ORD-002527,2026-03-18 14:47:33,1023.0,east,D,14,124.9,4.9,1662.94,op1,closed
ORD-002528,2026-03-18 14:54:46,1013.0,east,A,21,12.48,6.2,245.93,op2,closed
ORD-002529,2026-03-18 15:02:45,1027.0,east,D,18,117.0,2.3,2057.65,op4,new
ORD-002530,2026-03-18 15:07:12,1026.0,central,A,1,12.99,3.7,12.51,op3,closed
ORD-002531,2026-03-18 15:20:21,1002.0,north,A,6,12.88,4.1,74.13,op6,paid
ORD-002532,2026-03-18 15:26:29,1005.0,west,A,39,12.54,12.3,428.9,op6,closed
ORD-002533,2026-03-18 15:34:33,1034.0,central,A,4,12.96,9.3,47.03,op3,new
ORD-002534,2026-03-18 15:36:58,1013.0,south,C,1,3.22,7.4,2.98,op2,new
ORD-002535,2026-03-18 15:48:13,1025.0,east,A,38,13.17,12.0,440.54,op6,new
ORD-002536,2026-03-18 15:57:52,1022.0,east,B,37,54.4,11.2,1787.37,op3,paid
ORD-002537,2026-03-18 16:14:13,1032.0,west,A,37,12.24,7.6,418.54,op5,new
ORD-002538,2026-03-18 16:14:36,1022.0,west,B,19,53.89,5.5,967.59,op3,closed
ORD-002539,2026-03-18 16:17:51,1009.0,east,B,12,54.8,0.9,651.68,op6,paid
ORD-002540,2026-03-18 16:37:31,1031.0,central,B,39,54.86,1.6,2105.31,op2,new
ORD-002541,2026-03-18 16:46:11,1006.0,south,C,26,3.15,3.9,78.7,op1,paid
ORD-002542,2026-03-18 16:50:15,1018.0,east,A,16,12.32,4.0,189.22,op1,closed
ORD-002543,2026-03-18 17:02:51,1030.0,south,C,4,3.08,6.9,11.47,op3,shipped
ORD-002544,2026-03-18 17:05:52,1015.0,west,C,14,3.15,2.0,43.24,op2,closed
ORD-002545,2026-03-18 17:10:44,1021.0,north,A,31,13.1,7.8,374.42,op5,closed
ORD-002546,2026-03-18 17:20:37,1009.0,west,A,25,12.44,2.8,302.23,op2,shipped
ORD-002547,2026-03-18 17:27:59,1028.0,central,B,18,53.13,5.0,908.52,op3,paid
ORD-002548,2026-03-18 17:28:20,1012.0,west,A,29,12.26,1.5,350.29,op2,new
ORD-002549,2026-03-18 17:47:42,1028.0,central,A,3,12.23,5.5,34.66,op1,shipped
ORD-002550,2026-03-18 17:51:19,1008.0,south,B,23,54.52,0.0,1253.96,op2,shipped
ORD-002551,2026-03-18 17:54:29,1036.0,north,C,10,3.12,4.7,29.75,op1,closed
ORD-002552,2026-03-18 18:02:35,1032.0,west,A,2,12.93,7.3,23.97,op5,shipped
ORD-002553,2026-03-18 18:19:37,1018.0,north,B,19,53.41,0.0,1014.79,op2,closed
ORD-002554,2026-03-18 18:28:02,1009.0,west,B,7,54.34,4.1,364.78,op3,closed
ORD-002555,2026-03-18 18:44:03,1013.0,west,B,26,57.09,1.9,1456.14,op1,closed
ORD-002556,2026-03-18 18:55:52,1032.0,east,D,16,119.9,3.7,1847.47,op3,new
ORD-002557,2026-03-18 19:02:21,1010.0,north,A,30,12.96,2.8,377.93,op5,shipped
ORD-002558,2026-03-18 19:23:45,1028.0,south,A,13,12.43,7.0,150.29,op1,paid
ORD-002559,2026-03-18 19:31:30,1007.0,north,A,1,12.79,10.6,11.43,op1,new
ORD-002560,2026-03-18 19:32:05,1031.0,central,B,26,58.28,6.3,1419.82,op1,shipped
ORD-002561,2026-03-18 19:33:29,1022.0,central,C,35,3.11,4.5,104.11,op5,shipped
ORD-002562,2026-03-18 19:34:43,1028.0,east,B,38,55.68,0.0,2115.84,op6,paid
ORD-002563,2026-03-18 19:56:42,1031.0,east,A,31,12.1,1.9,368.0,op1,closed
ORD-002564,2026-03-18 19:58:53,1000.0,south,B,25,54.8,5.7,1291.91,op6,paid
ORD-002565,2026-03-18 20:00:01,1011.0,central,A,7,12.26,2.6,83.56,op2,new
ORD-002566,2026-03-18 20:12:01,1012.0,west,A,23,12.55,7.0,268.34,op6,paid
ORD-002567,2026-03-18 20:27:52,1031.0,south,A,10,12.06,6.0,113.4,op6,shipped
ORD-002568,2026-03-18 20:36:31,1035.0,east,C,3,3.0,5.2,8.54,op3,paid
ORD-002569,2026-03-18 20:52:28,1039.0,central,B,1,55.84,4.9,53.1,op4,paid
ORD-002570,2026-03-18 21:01:19,1001.0,central,D,12,120.36,6.6,1349.05,op6,shipped
ORD-002571,2026-03-18 21:23:04,1010.0,west,B,21,57.01,7.1,1112.21,op1,closed
ORD-002572,2026-03-18 21:28:17,1002.0,north,A,32,12.57,3.0,390.25,op4,closed
ORD-002573,2026-03-18 21:59:28,1022.0,central,A,25,12.54,5.9,294.92,op3,paid
ORD-002574,2026-03-18 22:00:46,1018.0,east,A,33,12.18,0.2,401.29,op1,shipped
ORD-002575,2026-03-18 22:01:26,1008.0,north,B,6,52.77,6.7,295.41,op4,shipped
ORD-002576,2026-03-18 22:05:47,1032.0,west,B,7,55.22,8.8,352.52,op4,new
ORD-002577,2026-03-18 22:21:28,1017.0,central,B,24,53.12,7.4,1180.54,op2,new
ORD-002578,2026-03-18 22:25:55,1008.0,central,D,28,124.86,5.3,3310.77,op4,shipped
ORD-002579,2026-03-18 22:46:48,1008.0,central,A,34,13.02,6.2,415.28,op3,paid
ORD-002580,2026-03-18 22:48:02,1024.0,east,A,34,12.7,7.0,401.46,op2,shipped
ORD-002581,2026-03-18 22:48:37,1009.0,south,C,3,3.31,4.5,9.5,op3,paid
ORD-002582,2026-03-18 22:53:25,1018.0,east,A,37,12.47,12.5,403.7,op4,closed
ORD-002583,2026-03-18 23:06:22,1023.0,west,A,37,12.3,5.9,428.37,op1,paid
ORD-002584,2026-03-18 23:14:05,1020.0,west,A,19,13.39,5.7,239.82,op4,paid
ORD-002585,2026-03-18 23:14:15,1012.0,south,C,22,3.18,3.5,67.45,op2,paid
ORD-002586,2026-03-18 23:20:02,1026.0,north,C,16,3.32,7.3,49.24,op1,paid
ORD-002587,2026-03-18 23:23:29,1011.0,east,A,4,12.2,4.8,46.48,op4,new
ORD-002588,2026-03-18 23:45:26,1007.0,north,B,3,55.8,7.6,154.68,op1,closed
ORD-002589,2026-03-19 00:00:19,1031.0,east,A,8,12.81,6.6,95.75,op3,new
ORD-002590,2026-03-19 00:02:47,1036.0,south,B,12,52.45,0.9,623.74,op4,shipped
ORD-002591,2026-03-19 00:27:03,1013.0,north,A,19,11.94,5.3,214.92,op2,closed
ORD-002592,2026-03-19 00:28:00,1019.0,south,A,4,12.24,7.6,45.24,op5,paid
ORD-002593,2026-03-19 00:42:00,1015.0,west,B,14,54.61,7.9,704.14,op6,shipped
ORD-002594,2026-03-19 00:43:11,1004.0,north,B,21,55.29,5.5,1097.23,op4,paid
ORD-002595,2026-03-19 00:57:22,1001.0,central,C,5,3.13,0.3,15.59,op6,shipped
ORD-002596,2026-03-19 00:57:55,1012.0,central,A,9,12.23,2.4,107.39,op4,shipped
ORD-002597,2026-03-19 01:04:40,1034.0,central,A,33,12.12,11.0,355.84,op4,new
ORD-002598,2026-03-19 01:13:40,1032.0,central,A,35,12.12,7.1,394.0,op4,new
ORD-002599,2026-03-19 01:15:14,1001.0,west,A,39,12.63,8.6,450.28,op3,shipped
ORD-002600,2026-03-19 01:25:19,1011.0,east,C,7,3.15,0.0,22.05,op4,paid
ORD-002601,2026-03-19 01:28:21,1026.0,west,D,1,116.12,5.2,110.08,op5,new
ORD-002602,2026-03-19 01:52:11,1002.0,south,D,3,115.81,6.4,325.2,op3,new
ORD-002603,2026-03-19 01:55:20,1002.0,north,A,29,12.2,5.3,335.1,op4,paid
ORD-002604,2026-03-19 02:01:45,1006.0,east,A,36,11.9,7.5,396.36,op1,paid
ORD-002605,2026-03-19 02:10:25,1030.0,west,A,13,12.57,8.6,149.34,op1,paid
ORD-002606,2026-03-19 02:33:12,1022.0,central,B,24,55.99,7.2,1247.01,op4,closed
ORD-002607,2026-03-19 02:34:32,1036.0,east,C,5,3.07,2.0,15.06,op5,closed
ORD-002608,2026-03-19 02:42:00,1032.0,south,B,24,54.47,0.2,1304.67,op6,paid
ORD-002609,2026-03-19 02:46:34,1001.0,north,A,27,12.36,4.4,319.02,op3,paid
ORD-002610,2026-03-19 02:48:05,1032.0,east,B,26,56.68,0.0,1473.68,op5,closed
ORD-002611,2026-03-19 02:52:57,1035.0,central,B,6,54.18,4.9,309.15,op2,closed
ORD-002612,2026-03-19 02:58:25,1038.0,west,A,3,12.37,9.9,33.43,op1,new
ORD-002613,2026-03-19 03:12:59,1026.0,west,B,10,53.73,2.6,523.33,op6,paid
ORD-002614,2026-03-19 03:27:23,1028.0,west,A,3,12.14,7.6,33.64,op4,new
ORD-002615,2026-03-19 03:30:13,1038.0,central,A,36,12.25,6.8,410.98,op3,shipped
ORD-002616,2026-03-19 04:06:19,1014.0,north,B,13,60.82,3.7,761.41,op2,shipped
ORD-002617,2026-03-19 04:07:08,1033.0,central,A,31,12.91,4.9,380.61,op6,shipped
ORD-002618,2026-03-19 04:12:55,1030.0,east,A,18,12.63,1.9,222.96,op4,closed
ORD-002619,2026-03-19 04:15:13,1025.0,central,A,17,12.6,4.9,203.66,op5,shipped
ORD-002620,2026-03-19 04:20:45,1007.0,central,C,20,3.05,7.0,56.81,op6,shipped
ORD-002621,2026-03-19 04:27:20,1034.0,west,B,9,53.91,2.9,471.12,op5,paid
ORD-002622,2026-03-19 04:34:51,1010.0,central,C,29,3.27,4.8,90.29,op6,shipped
ORD-002623,2026-03-19 04:37:40,1037.0,north,B,8,55.58,4.0,426.85,op3,shipped
ORD-002624,2026-03-19 04:38:38,1010.0,north,A,24,12.9,7.8,285.54,op3,paid
ORD-002625,2026-03-19 05:03:04,1030.0,west,A,6,12.5,9.2,68.11,op4,closed
ORD-002626,2026-03-19 05:09:13,1025.0,east,A,19,12.7,3.1,233.84,op1,closed
ORD-002627,2026-03-19 05:12:54,1003.0,north,A,29,12.54,1.8,357.17,op2,new
ORD-002628,2026-03-19 05:27:27,1018.0,central,A,31,12.7,6.3,368.79,op2,shipped
ORD-002629,2026-03-19 05:32:55,1010.0,south,A,6,12.64,4.4,72.49,op1,paid
ORD-002630,2026-03-19 05:44:26,1012.0,south,D,22,123.88,5.8,2567.22,op3,paid
ORD-002631,2026-03-19 05:45:33,1001.0,central,A,5,12.31,7.9,56.67,op2,paid
ORD-002632,2026-03-19 05:46:37,1039.0,west,A,3,12.42,5.5,35.2,op3,new
ORD-002633,2026-03-19 05:52:35,1008.0,west,C,38,3.14,6.9,110.91,op3,paid
ORD-002634,2026-03-19 06:49:07,1006.0,west,C,20,3.2,0.6,63.59,op2,paid
ORD-002635,2026-03-19 07:08:48,1008.0,south,A,19,12.67,4.1,230.85,op6,paid
ORD-002636,2026-03-19 07:34:53,1022.0,north,A,15,12.53,4.2,180.02,op6,shipped
ORD-002637,2026-03-19 07:39:37,1034.0,east,A,17,11.78,5.8,188.64,op4,closed
ORD-002638,2026-03-19 07:40:10,1033.0,west,B,15,54.58,5.4,774.49,op4,closed
ORD-002639,2026-03-19 07:42:21,1034.0,central,A,39,12.3,4.4,458.59,op2,paid
ORD-002640,2026-03-19 07:46:16,1007.0,east,B,8,55.21,0.6,439.03,op6,shipped
ORD-002641,2026-03-19 07:54:11,1005.0,central,B,39,54.71,6.1,2003.53,op4,closed
ORD-002642,2026-03-19 07:54:53,1035.0,east,C,28,3.16,6.9,82.5,op3,closed
ORD-002643,2026-03-19 07:54:59,1006.0,south,B,38,57.29,4.1,2087.76,op6,new
ORD-002644,2026-03-19 07:57:42,1035.0,south,A,9,12.72,5.5,108.18,op2,paid
ORD-002645,2026-03-19 08:01:04,1018.0,west,A,39,13.03,3.5,490.2,op2,paid
ORD-002646,2026-03-19 08:15:29,1027.0,east,A,5,11.9,2.3,58.12,op5,paid
ORD-002647,2026-03-19 08:15:43,1021.0,north,C,38,3.1,3.3,113.93,op3,paid
ORD-002648,2026-03-19 08:21:40,1011.0,central,A,26,12.03,1.0,309.7,op4,paid
ORD-002649,2026-03-19 08:36:41,1001.0,west,A,38,12.87,3.2,473.45,op1,paid
ORD-002650,2026-03-19 09:13:18,1025.0,north,A,32,12.76,0.0,408.34,op5,paid
ORD-002651,2026-03-19 09:14:06,1032.0,central,B,24,54.92,5.4,1246.9,op2,paid
ORD-002652,2026-03-19 09:15:45,1001.0,west,B,36,55.0,8.7,1807.74,op1,new
ORD-002653,2026-03-19 09:27:18,1026.0,east,A,5,12.6,6.8,58.72,op1,paid
ORD-002654,2026-03-19 09:35:27,1013.0,east,B,9,58.1,4.5,499.37,op3,paid
ORD-002655,2026-03-19 09:39:07,1039.0,west,C,3,3.35,3.6,9.68,op4,closed
ORD-002656,2026-03-19 09:39:27,1018.0,north,C,1,3.14,0.3,3.13,op6,new
ORD-002657,2026-03-19 09:41:29,1008.0,west,A,36,12.83,4.2,442.55,op3,shipped
ORD-002658,2026-03-19 09:41:56,1031.0,south,A,21,12.43,8.6,238.58,op1,shipped
ORD-002659,2026-03-19 09:45:27,1033.0,north,A,25,13.09,6.5,306.04,op1,closed
ORD-002660,2026-03-19 09:52:38,1009.0,north,A,39,13.47,0.0,525.15,op2,paid
ORD-002661,2026-03-19 09:56:25,1023.0,east,D,32,121.97,0.0,3903.11,op5,shipped
ORD-002662,2026-03-19 10:22:25,1038.0,west,B,10,57.04,5.5,539.03,op2,shipped
ORD-002663,2026-03-19 10:34:11,1019.0,north,A,22,11.55,0.5,252.77,op3,shipped
ORD-002664,2026-03-19 10:36:48,1017.0,west,C,14,3.25,0.0,45.56,op4,new
ORD-002665,2026-03-19 10:53:02,1031.0,west,B,26,53.21,7.9,1274.17,op5,paid
ORD-002666,2026-03-19 11:02:59,1000.0,central,A,35,12.28,0.0,429.81,op5,new
ORD-002667,2026-03-19 11:10:53,1006.0,north,A,8,12.82,4.5,97.97,op6,shipped
ORD-002668,2026-03-19 11:27:43,1007.0,south,A,26,11.91,6.2,290.49,op4,shipped
ORD-002669,2026-03-19 11:29:41,1009.0,east,D,13,128.42,8.0,1535.87,op6,new
ORD-002670,2026-03-19 11:45:02,1034.0,east,B,24,55.21,0.6,1317.09,op2,closed
ORD-002671,2026-03-19 11:54:55,1024.0,central,A,26,12.79,4.6,317.29,op2,shipped
ORD-002672,2026-03-19 12:00:58,1005.0,east,C,29,3.15,8.6,83.46,op6,paid
ORD-002673,2026-03-19 12:07:08,1015.0,central,A,35,12.76,0.0,446.56,op6,paid
ORD-002674,2026-03-19 12:24:23,1001.0,south,D,7,117.93,1.9,809.82,op1,closed
ORD-002675,2026-03-19 12:28:29,1029.0,east,B,9,56.07,4.2,483.44,op2,paid
ORD-002676,2026-03-19 12:43:23,1011.0,west,A,18,11.63,3.8,201.46,op2,paid
ORD-002677,2026-03-19 13:06:25,1001.0,west,B,39,57.8,3.5,2175.3,op1,closed
ORD-002678,2026-03-19 13:08:26,1023.0,east,B,9,57.35,7.4,477.95,op2,paid
ORD-002679,2026-03-19 13:18:35,1026.0,south,B,35,55.63,4.4,1861.38,op1,new
ORD-002680,2026-03-19 13:31:38,1003.0,central,B,24,55.71,3.6,1288.91,op2,new
ORD-002681,2026-03-19 13:35:05,1010.0,central,A,30,12.09,0.6,360.63,op1,paid
ORD-002682,2026-03-19 13:43:35,1027.0,central,A,26,12.23,6.5,297.19,op1,paid
ORD-002683,2026-03-19 14:02:08,1013.0,central,A,39,12.59,7.2,455.6,op2,new
ORD-002684,2026-03-19 14:18:19,1017.0,north,B,21,56.77,2.7,1159.98,op6,new
ORD-002685,2026-03-19 14:31:16,1027.0,north,A,11,12.77,9.5,127.16,op2,shipped
ORD-002686,2026-03-19 14:33:21,1009.0,west,C,30,3.31,4.0,95.34,op6,shipped
ORD-002687,2026-03-19 14:52:15,1033.0,central,C,35,3.29,5.3,109.21,op6,closed
ORD-002688,2026-03-19 14:55:58,1007.0,central,A,6,12.65,4.6,72.42,op4,paid
ORD-002689,2026-03-19 15:02:49,1030.0,west,A,27,12.63,5.5,322.22,op4,shipped
ORD-002690,2026-03-19 15:06:23,1022.0,north,B,19,56.01,4.9,1012.04,op6,shipped
ORD-002691,2026-03-19 15:15:40,1039.0,north,B,21,58.43,12.7,1071.2,op1,paid
ORD-002692,2026-03-19 15:28:35,1016.0,south,C,1,3.13,5.0,2.97,op2,closed
ORD-002693,2026-03-19 15:30:29,1037.0,central,A,30,12.21,5.9,344.58,op4,closed
ORD-002694,2026-03-19 15:37:57,1032.0,north,A,10,12.63,11.1,112.26,op6,paid
ORD-002695,2026-03-19 15:53:16,1025.0,west,C,14,3.06,12.8,37.4,op4,shipped
ORD-002696,2026-03-19 16:13:10,1034.0,east,B,4,55.88,2.2,218.6,op5,shipped
ORD-002697,2026-03-19 16:15:08,1011.0,east,D,17,114.59,7.3,1805.8,op2,new
ORD-002698,2026-03-19 16:18:50,1004.0,north,A,12,12.18,5.2,138.57,op5,closed
ORD-002699,2026-03-19 16:21:14,1034.0,north,A,15,13.8,5.6,195.47,op1,closed
ORD-002700,2026-03-19 16:22:04,1037.0,east,A,36,11.89,4.5,408.75,op5,paid
ORD-002701,2026-03-19 16:33:09,1015.0,central,C,1,3.29,4.5,3.15,op6,closed
ORD-002702,2026-03-19 16:33:52,1034.0,north,A,36,12.28,5.8,416.39,op1,paid
ORD-002703,2026-03-19 16:37:22,1033.0,west,A,16,12.07,4.2,185.06,op1,shipped
ORD-002704,2026-03-19 17:08:49,1035.0,north,A,12,11.94,7.0,133.31,op5,shipped
ORD-002705,2026-03-19 17:29:28,1018.0,east,B,30,57.54,9.8,1557.03,op1,paid
ORD-002706,2026-03-19 17:30:50,1034.0,south,A,22,12.36,3.6,262.08,op3,shipped
ORD-002707,2026-03-19 17:34:21,1016.0,south,C,7,3.2,3.0,21.73,op6,paid
ORD-002708,2026-03-19 17:37:01,1026.0,east,B,11,59.33,4.7,621.96,op4,shipped
ORD-002709,2026-03-19 17:37:13,1027.0,west,A,15,11.99,14.3,154.14,op5,shipped
ORD-002710,2026-03-19 17:59:34,1035.0,east,B,10,52.97,6.3,496.33,op2,closed
ORD-002711,2026-03-19 18:22:01,1012.0,central,A,29,12.55,0.0,363.89,op6,closed
ORD-002712,2026-03-19 18:29:58,1027.0,east,B,19,58.91,2.6,1090.19,op6,closed
ORD-002713,2026-03-19 18:32:20,1039.0,central,A,3,12.56,1.0,37.3,op5,closed
ORD-002714,2026-03-19 18:32:37,1024.0,south,A,37,13.02,5.5,455.34,op6,closed
ORD-002715,2026-03-19 18:59:20,1001.0,south,A,1,12.92,5.9,12.16,op1,shipped
ORD-002716,2026-03-19 19:13:01,1006.0,central,A,36,12.63,3.9,436.99,op5,paid
ORD-002717,2026-03-19 19:16:56,1022.0,central,B,31,55.4,2.6,1672.75,op4,paid
ORD-002718,2026-03-19 19:55:42,1029.0,east,B,35,56.93,2.2,1948.71,op6,shipped
ORD-002719,2026-03-19 20:00:10,1004.0,west,B,28,58.64,10.3,1472.8,op3,new
ORD-002720,2026-03-19 20:11:47,1024.0,south,A,37,12.69,3.9,451.31,op4,shipped
ORD-002721,2026-03-19 20:13:29,1021.0,central,A,36,12.5,3.6,433.86,op2,shipped
ORD-002722,2026-03-19 20:38:08,1004.0,south,B,34,57.4,5.5,1844.26,op3,paid
ORD-002723,2026-03-19 20:54:29,1014.0,west,A,8,12.5,3.6,96.43,op6,paid
ORD-002724,2026-03-19 21:05:07,1003.0,central,B,6,58.17,7.5,322.84,op6,shipped
ORD-002725,2026-03-19 21:08:09,1031.0,south,A,9,12.42,2.8,108.68,op6,paid
ORD-002726,2026-03-19 21:55:08,1038.0,west,A,1,13.12,1.1,12.97,op6,shipped
ORD-002727,2026-03-19 21:59:20,1002.0,west,B,9,57.5,529.8,483.86,op1,paid
ORD-002728,2026-03-19 22:08:11,1001.0,central,A,13,12.58,4.9,155.53,op2,shipped
ORD-002729,2026-03-19 22:12:25,1024.0,west,A,15,11.85,4.0,170.63,op4,closed
ORD-002730,2026-03-19 22:19:13,1031.0,central,C,3,3.0,1.2,8.88,op4,shipped
ORD-002731,2026-03-19 22:26:10,1021.0,north,A,32,12.44,2.1,389.85,op2,new
ORD-002732,2026-03-19 22:39:12,1024.0,north,B,10,56.12,5.5,530.33,op1,shipped
ORD-002733,2026-03-19 22:40:11,1039.0,north,B,5,60.16,4.4,287.56,op6,new
ORD-002734,2026-03-19 22:40:11,1008.0,south,A,8,12.23,7.3,90.72,op1,closed
ORD-002735,2026-03-19 22:47:46,1031.0,south,A,21,12.15,3.1,247.23,op4,paid
ORD-002736,2026-03-19 22:49:07,1007.0,west,B,20,58.27,0.0,1165.4,op1,shipped
ORD-002737,2026-03-19 23:08:48,1008.0,south,A,15,11.75,5.1,167.26,op1,paid
ORD-002738,2026-03-19 23:28:34,1037.0,north,A,37,12.54,5.7,437.42,op6,paid
ORD-002739,2026-03-19 23:36:04,1005.0,central,A,18,12.02,6.0,203.4,op1,new
ORD-002740,2026-03-19 23:50:48,1026.0,north,A,27,11.46,5.2,293.46,op2,shipped
ORD-002741,2026-03-20 00:00:06,1003.0,south,D,3,113.56,0.1,340.35,op1,paid
ORD-002742,2026-03-20 00:11:21,1035.0,south,A,27,12.44,6.4,314.47,op1,paid
ORD-002743,2026-03-20 00:13:07,1025.0,west,B,39,56.94,0.0,2220.66,op2,new
ORD-002744,2026-03-20 00:14:30,1029.0,east,B,19,56.51,7.8,989.94,op6,shipped
ORD-002745,2026-03-20 00:16:03,1008.0,east,C,20,3.11,5.1,59.04,op4,closed
ORD-002746,2026-03-20 00:21:23,1018.0,south,C,34,3.2,7.6,100.63,op1,paid
ORD-002747,2026-03-20 00:39:49,1036.0,central,B,6,57.44,0.1,344.3,op3,paid
ORD-002748,2026-03-20 00:46:42,1005.0,north,A,27,12.51,5.1,320.58,op3,paid
ORD-002749,2026-03-20 00:47:13,1021.0,south,D,27,125.72,0.0,3394.52,op3,closed
ORD-002750,2026-03-20 01:01:56,1039.0,west,C,38,3.29,7.8,115.26,op3,shipped
ORD-002751,2026-03-20 01:30:45,1006.0,central,C,27,3.11,4.9,79.82,op2,shipped
ORD-002752,2026-03-20 01:31:22,1012.0,east,A,3,12.24,1.0,36.36,op4,closed
ORD-002753,2026-03-20 01:46:51,1034.0,central,A,6,12.14,10.5,65.17,op5,closed
ORD-002754,2026-03-20 01:47:14,1029.0,west,B,14,57.28,4.0,769.84,op1,closed
ORD-002755,2026-03-20 02:04:32,1030.0,west,A,19,12.87,1.6,240.63,op1,shipped
ORD-002756,2026-03-20 02:35:52,1011.0,north,A,26,13.07,0.0,339.91,op3,new
ORD-002757,2026-03-20 02:46:10,1021.0,north,A,1,12.55,9.7,11.33,op1,closed
ORD-002758,2026-03-20 02:48:43,1030.0,east,A,14,12.26,4.7,163.58,op1,shipped
ORD-002759,2026-03-20 03:11:28,1036.0,north,D,12,116.07,4.1,1335.69,op3,shipped
ORD-002760,2026-03-20 03:17:03,1000.0,west,D,15,114.02,5.9,1609.41,op3,paid
ORD-002761,2026-03-20 03:21:45,1004.0,north,B,23,60.06,4.3,1321.98,op5,paid
ORD-002762,2026-03-20 03:32:19,1025.0,south,B,15,56.54,8.0,780.25,op5,paid
ORD-002763,2026-03-20 03:41:52,1025.0,central,D,15,118.08,1.4,1746.41,op1,shipped
ORD-002764,2026-03-20 03:48:55,1012.0,north,B,32,60.29,5.6,1821.24,op1,paid
ORD-002765,2026-03-20 04:02:08,1025.0,south,C,3,3.14,7.4,8.71,op5,shipped
ORD-002766,2026-03-20 04:16:38,1035.0,north,A,9,12.46,1.3,110.65,op1,closed
ORD-002767,2026-03-20 04:24:24,1017.0,east,B,25,57.94,5.5,1368.83,op3,new
ORD-002768,2026-03-20 04:25:56,1014.0,east,A,29,11.81,8.9,311.88,op4,new
ORD-002769,2026-03-20 04:26:49,1028.0,south,A,25,11.99,1.0,296.76,op4,shipped
ORD-002770,2026-03-20 04:32:56,1039.0,east,C,8,3.51,8.0,25.82,op6,closed
ORD-002771,2026-03-20 04:37:47,1009.0,north,C,12,3.23,6.4,36.32,op4,closed
ORD-002772,2026-03-20 05:04:41,1037.0,east,A,25,11.76,5.4,278.17,op1,shipped
ORD-002773,2026-03-20 05:08:14,1024.0,south,A,37,12.28,6.1,426.66,op4,closed
ORD-002774,2026-03-20 05:12:54,1004.0,central,C,23,3.19,6.0,68.96,op1,closed
ORD-002775,2026-03-20 06:13:50,1016.0,central,A,23,12.72,8.1,268.92,op2,paid
ORD-002776,2026-03-20 06:32:51,1003.0,north,C,8,3.19,7.6,23.58,op2,paid
ORD-002777,2026-03-20 06:44:27,1035.0,central,B,8,55.34,1.4,436.52,op1,paid
ORD-002778,2026-03-20 06:47:31,1016.0,east,C,24,3.2,4.2,73.57,op1,new
ORD-002779,2026-03-20 07:11:15,1018.0,west,B,8,59.29,0.2,473.37,op2,paid
ORD-002780,2026-03-20 07:24:09,1028.0,south,D,7,117.85,6.6,770.47,op4,shipped
ORD-002781,2026-03-20 07:24:21,1018.0,west,A,22,12.07,6.6,248.01,op1,closed
ORD-002782,2026-03-20 07:37:46,1001.0,west,C,23,3.1,3.5,68.7,op6,shipped
ORD-002783,2026-03-20 08:02:31,1014.0,south,B,5,53.49,4.8,254.61,op6,new
ORD-002784,2026-03-20 08:55:25,1034.0,north,B,27,59.57,7.5,1487.76,op4,shipped
ORD-002785,2026-03-20 08:57:38,1035.0,west,D,25,121.18,6.9,2820.38,op2,new
ORD-002786,2026-03-20 09:03:49,1037.0,east,A,11,12.47,5.8,129.17,op1,closed
ORD-002787,2026-03-20 09:15:15,1009.0,south,A,6,12.56,8.1,69.28,op4,new
ORD-002788,2026-03-20 09:40:22,1000.0,central,C,10,3.32,0.2,33.13,op2,shipped
ORD-002789,2026-03-20 09:43:52,1001.0,north,C,13,3.16,3.4,39.74,op4,new
ORD-002790,2026-03-20 09:45:33,1004.0,east,A,11,12.01,9.8,119.12,op5,new
ORD-002791,2026-03-20 09:46:33,1009.0,east,B,22,59.4,3.5,1261.06,op6,new
ORD-002792,2026-03-20 09:46:47,1005.0,west,C,2,2.98,0.0,5.96,op4,shipped
ORD-002793,2026-03-20 09:51:59,1002.0,central,D,4,118.72,4.7,452.57,op5,new
ORD-002794,2026-03-20 09:53:24,1026.0,central,D,22,124.19,4.3,2614.73,op3,new
ORD-002795,2026-03-20 10:04:30,1036.0,central,A,6,13.07,6.0,73.73,op2,new
ORD-002796,2026-03-20 10:10:37,1007.0,south,A,24,12.47,2.0,293.38,op5,shipped
ORD-002797,2026-03-20 10:20:57,1007.0,south,B,24,57.46,6.3,1292.16,op4,shipped
ORD-002798,2026-03-20 10:50:54,1031.0,central,B,36,57.4,2.2,2020.94,op3,closed
ORD-002799,2026-03-20 10:53:17,1030.0,north,C,1,3.17,6.8,2.96,op2,paid
ORD-002800,2026-03-20 10:54:43,1002.0,west,B,4,57.44,6.2,215.51,op1,closed
ORD-002801,2026-03-20 11:55:01,1033.0,south,A,37,13.02,0.0,481.73,op3,new
ORD-002802,2026-03-20 12:04:58,1016.0,west,B,13,58.51,1.8,746.94,op1,shipped
ORD-002803,2026-03-20 12:17:52,1023.0,east,C,8,3.36,6.7,25.11,op1,paid
ORD-002804,2026-03-20 12:22:19,1018.0,south,B,39,58.67,5.7,2157.71,op4,shipped
ORD-002805,2026-03-20 12:41:44,1031.0,west,D,37,118.71,4.0,4216.55,op6,new
ORD-002806,2026-03-20 12:50:42,1034.0,east,D,22,119.06,3.4,2530.18,op6,paid
ORD-002807,2026-03-20 13:02:06,1021.0,east,C,24,3.41,5.3,77.48,op2,paid
ORD-002808,2026-03-20 13:02:22,1002.0,west,C,19,3.14,9.3,54.15,op4,shipped
ORD-002809,2026-03-20 13:03:29,1025.0,central,A,1,12.89,7.3,11.95,op3,new
ORD-002810,2026-03-20 13:05:13,1017.0,north,B,17,56.12,8.0,877.72,op5,paid
ORD-002811,2026-03-20 13:10:35,1028.0,north,A,7,12.71,10.5,79.61,op2,closed
ORD-002812,2026-03-20 13:24:37,1016.0,south,A,22,12.37,2.4,265.61,op5,closed
ORD-002813,2026-03-20 13:36:39,1021.0,central,B,20,57.05,1.4,1125.03,op2,new
ORD-002814,2026-03-20 14:11:00,1011.0,west,B,31,56.32,4.2,1672.59,op5,paid
ORD-002815,2026-03-20 14:28:57,1004.0,east,C,35,3.13,6.8,102.06,op6,new
ORD-002816,2026-03-20 14:36:02,1014.0,west,C,3,3.22,1.1,9.54,op1,shipped
ORD-002817,2026-03-20 14:38:17,1037.0,north,A,29,13.02,4.0,362.39,op2,new
ORD-002818,2026-03-20 15:21:03,1014.0,south,B,19,58.53,4.8,1058.69,op3,paid
ORD-002819,2026-03-20 15:44:01,1011.0,east,C,1,3.12,6.7,2.91,op6,paid
ORD-002820,2026-03-20 15:44:07,1008.0,south,A,3,12.67,1.6,37.39,op5,closed
ORD-002821,2026-03-20 15:44:11,1001.0,north,C,31,2.96,13.7,79.19,op4,closed
ORD-002822,2026-03-20 15:54:38,1030.0,west,A,4,12.47,6.7,46.54,op1,shipped
ORD-002823,2026-03-20 16:06:43,1029.0,south,A,29,13.34,7.6,357.52,op3,shipped
ORD-002824,2026-03-20 16:24:16,1021.0,north,A,16,11.6,4.8,176.71,op1,shipped
ORD-002825,2026-03-20 16:25:35,1029.0,west,A,32,12.38,6.6,369.96,op3,paid
ORD-002826,2026-03-20 16:31:34,1034.0,central,C,7,3.29,11.0,20.53,op4,paid
ORD-002827,2026-03-20 16:53:59,1009.0,central,D,2,126.78,3.1,245.7,op5,new
ORD-002828,2026-03-20 16:54:35,1037.0,west,B,8,60.15,4.2,460.99,op2,new
ORD-002829,2026-03-20 16:56:02,1004.0,west,A,35,12.34,0.7,428.77,op4,new
ORD-002830,2026-03-20 17:27:56,1001.0,central,A,18,13.12,2.8,229.57,op4,closed
ORD-002831,2026-03-20 17:42:01,1018.0,east,C,2,3.35,2.8,6.52,op5,new
ORD-002832,2026-03-20 17:44:53,1000.0,central,A,34,12.38,5.1,399.41,op1,shipped
ORD-002833,2026-03-20 17:46:16,1022.0,south,C,27,3.21,5.7,81.71,op5,new
ORD-002834,2026-03-20 17:50:59,1026.0,west,A,38,12.17,4.4,442.05,op1,closed
ORD-002835,2026-03-20 18:01:51,1004.0,north,A,5,12.39,2.2,60.59,op1,shipped
ORD-002836,2026-03-20 18:32:15,1022.0,south,C,20,3.33,1.8,65.48,op1,paid
ORD-002837,2026-03-20 18:44:14,1034.0,south,A,3,12.07,4.9,34.43,op5,shipped
ORD-002838,2026-03-20 18:45:25,1007.0,north,D,10,124.36,3.9,1195.11,op4,paid
ORD-002839,2026-03-20 19:02:36,1028.0,east,B,6,58.74,1.5,347.15,op3,shipped
ORD-002840,2026-03-20 19:09:57,1000.0,west,D,22,121.41,6.4,2500.09,op4,closed
ORD-002841,2026-03-20 19:18:26,1013.0,east,C,21,3.14,7.3,61.21,op1,paid
ORD-002842,2026-03-20 19:21:01,1036.0,central,C,14,3.28,5.6,43.28,op4,paid
ORD-002843,2026-03-20 19:23:29,1021.0,north,B,5,57.94,3.9,278.4,op2,paid
ORD-002844,2026-03-20 19:24:31,1021.0,north,D,33,119.38,4.4,3766.21,op6,shipped
ORD-002845,2026-03-20 19:38:44,1011.0,north,C,15,3.05,3.0,44.35,op3,paid
ORD-002846,2026-03-20 19:59:33,1008.0,central,B,38,58.25,7.3,2051.91,op2,shipped
ORD-002847,2026-03-20 20:03:09,1038.0,west,A,37,12.36,2.1,447.82,op4,paid
ORD-002848,2026-03-20 20:18:22,1013.0,west,A,1,12.83,8.6,11.73,op2,new
ORD-002849,2026-03-20 20:28:33,1020.0,east,C,22,3.21,5.5,66.81,op5,new
ORD-002850,2026-03-20 20:43:49,1005.0,north,D,2,119.75,0.0,239.51,op5,shipped
ORD-002851,2026-03-20 20:52:59,1010.0,central,A,34,12.31,11.4,370.71,op6,paid
ORD-002852,2026-03-20 21:05:25,1015.0,north,B,28,57.19,2.7,1558.08,op4,paid
ORD-002853,2026-03-20 21:05:56,1039.0,north,B,15,57.0,5.9,804.56,op6,paid
ORD-002854,2026-03-20 21:15:03,1016.0,north,A,38,12.76,3.2,469.52,op2,shipped
ORD-002855,2026-03-20 21:32:44,1002.0,central,A,1,11.95,2.0,11.71,op3,closed
ORD-002856,2026-03-20 22:39:36,1001.0,east,C,11,3.06,7.6,31.09,op3,new
ORD-002857,2026-03-20 22:49:54,1015.0,south,C,35,3.22,6.7,105.3,op4,closed
ORD-002858,2026-03-20 22:54:11,1034.0,west,C,25,3.34,6.1,78.35,op2,new
ORD-002859,2026-03-20 22:59:21,1018.0,west,A,26,12.62,5.4,310.44,op6,paid
ORD-002860,2026-03-20 23:02:42,1005.0,east,C,1,3.18,4.9,3.03,op4,closed
ORD-002861,2026-03-20 23:30:35,1026.0,central,D,14,127.61,3.0,1732.91,op4,shipped
ORD-002862,2026-03-20 23:33:47,1019.0,north,C,29,3.23,3.0,90.85,op2,paid
ORD-002863,2026-03-20 23:45:38,1000.0,central,A,26,12.28,3.0,309.74,op5,shipped
ORD-002864,2026-03-20 23:50:47,1005.0,south,A,20,12.56,5.7,236.89,op3,paid
ORD-002865,2026-03-20 23:58:58,1019.0,west,B,8,60.15,5.0,457.14,op3,closed
ORD-002866,2026-03-21 00:07:54,1028.0,central,D,39,118.57,6.4,4328.15,op4,paid
ORD-002867,2026-03-21 00:13:28,1023.0,central,B,19,59.8,2.7,1105.52,op3,shipped
ORD-002868,2026-03-21 00:21:36,1011.0,north,B,37,57.8,7.4,1980.34,op4,new
ORD-002869,2026-03-21 00:48:32,1027.0,south,A,21,12.55,6.1,247.4,op2,paid
ORD-002870,2026-03-21 00:54:59,1007.0,east,A,5,12.61,0.0,63.04,op4,paid
ORD-002871,2026-03-21 01:00:57,1034.0,central,A,34,11.56,4.7,374.7,op1,shipped
ORD-002872,2026-03-21 01:02:32,1036.0,north,B,8,60.6,11.1,430.99,op1,shipped
ORD-002873,2026-03-21 01:06:28,1004.0,east,B,23,59.47,4.7,1303.52,op5,paid
ORD-002874,2026-03-21 01:08:48,1033.0,south,A,25,12.65,3.9,303.94,op4,closed
ORD-002875,2026-03-21 01:13:38,1016.0,east,A,9,12.55,3.1,109.46,op5,paid
ORD-002876,2026-03-21 01:14:00,1036.0,north,B,6,58.02,5.9,327.58,op3,new
ORD-002877,2026-03-21 01:19:45,1034.0,central,A,19,12.99,5.2,233.93,op1,paid
ORD-002878,2026-03-21 01:34:24,1016.0,central,B,24,58.46,5.7,1323.07,op2,paid
ORD-002879,2026-03-21 01:34:47,1004.0,south,B,30,59.98,5.7,1696.83,op3,closed
ORD-002880,2026-03-21 01:38:06,1009.0,north,C,31,3.03,1.7,92.33,op5,closed
ORD-002881,2026-03-21 01:54:12,1004.0,central,A,25,13.22,3.7,318.24,op1,closed
ORD-002882,2026-03-21 02:03:00,1034.0,south,D,21,120.53,6.5,2366.62,op5,paid
ORD-002883,2026-03-21 02:13:32,1006.0,central,C,38,3.22,2.1,119.83,op4,paid
ORD-002884,2026-03-21 02:14:03,1006.0,central,B,18,56.71,5.4,965.66,op6,paid
ORD-002885,2026-03-21 02:24:03,1021.0,east,A,3,12.14,7.0,33.86,op3,closed
ORD-002886,2026-03-21 02:33:05,1034.0,north,A,39,12.63,3.6,474.73,op1,paid
ORD-002887,2026-03-21 02:41:41,1016.0,west,B,37,52.73,6.8,1818.34,op5,paid
ORD-002888,2026-03-21 02:56:25,1029.0,west,A,34,12.94,1.8,431.96,op3,paid
ORD-002889,2026-03-21 03:03:20,1016.0,east,A,8,12.18,1.4,96.1,op6,paid
ORD-002890,2026-03-21 03:04:11,1022.0,west,A,29,12.16,0.8,349.85,op5,closed
ORD-002891,2026-03-21 03:33:12,1007.0,east,B,39,58.57,6.9,2126.62,op2,paid
ORD-002892,2026-03-21 03:37:59,1006.0,north,B,26,61.87,3.7,1549.1,op2,shipped
ORD-002893,2026-03-21 03:51:30,1008.0,south,B,28,58.93,6.3,1546.09,op1,shipped
ORD-002894,2026-03-21 03:52:58,1034.0,central,C,7,3.29,1.2,22.79,op2,paid
ORD-002895,2026-03-21 04:02:37,1039.0,south,B,11,56.33,7.2,575.02,op6,closed
ORD-002896,2026-03-21 04:03:25,1035.0,west,A,9,12.23,3.5,106.22,op2,paid
ORD-002897,2026-03-21 04:04:27,1025.0,west,A,24,12.79,5.8,289.08,op4,closed
ORD-002898,2026-03-21 04:06:19,1025.0,south,B,26,56.55,4.8,1399.73,op1,shipped
ORD-002899,2026-03-21 04:10:42,1013.0,east,B,1,53.92,4.2,51.66,op3,paid
ORD-002900,2026-03-21 04:13:01,1000.0,central,B,29,57.37,2.5,1622.14,op5,paid
ORD-002901,2026-03-21 04:19:09,1036.0,west,A,31,12.31,4.9,362.95,op4,paid
ORD-002902,2026-03-21 04:19:36,1008.0,east,A,13,12.37,1.9,157.73,op5,new
ORD-002903,2026-03-21 04:19:47,1020.0,central,C,14,3.26,11.6,40.3,op3,new
ORD-002904,2026-03-21 04:25:19,1024.0,north,D,22,121.85,9.7,2420.59,op1,new
ORD-002905,2026-03-21 04:44:17,1003.0,west,B,17,57.88,12.5,860.96,op6,paid
ORD-002906,2026-03-21 04:54:17,1038.0,east,B,13,59.66,2.5,756.19,op1,paid
ORD-002907,2026-03-21 05:01:40,1018.0,east,A,6,12.41,4.6,71.02,op3,shipped
ORD-002908,2026-03-21 05:25:03,1007.0,north,B,35,58.89,1.5,2030.23,op4,shipped
ORD-002909,2026-03-21 05:27:43,1013.0,west,D,31,116.12,6.5,3365.8,op5,paid
ORD-002910,2026-03-21 05:47:26,1001.0,east,D,19,121.95,6.2,2173.47,op6,paid
ORD-002911,2026-03-21 05:50:25,1017.0,east,A,29,12.33,7.8,329.68,op1,closed
ORD-002912,2026-03-21 05:51:36,1013.0,east,C,12,3.31,6.7,37.03,op6,paid
ORD-002913,2026-03-21 05:52:16,1006.0,north,A,4,11.93,0.0,47.71,op3,closed
ORD-002914,2026-03-21 05:54:10,1016.0,west,D,33,123.67,4.5,3897.61,op4,paid
ORD-002915,2026-03-21 06:03:21,1011.0,east,A,36,12.02,11.9,381.17,op6,closed
ORD-002916,2026-03-21 06:19:36,1014.0,east,C,16,3.23,4.1,49.58,op4,paid
ORD-002917,2026-03-21 06:24:42,1026.0,west,D,29,115.61,6.9,3121.39,op1,shipped
ORD-002918,2026-03-21 06:29:09,1019.0,west,A,30,12.12,4.0,348.98,op6,shipped
ORD-002919,2026-03-21 06:38:26,1003.0,north,A,19,12.73,7.5,223.71,op1,closed
ORD-002920,2026-03-21 06:42:45,1012.0,east,B,10,55.96,6.0,526.02,op1,new
ORD-002921,2026-03-21 06:43:28,1009.0,central,B,1,60.51,5.3,57.3,op4,paid
ORD-002922,2026-03-21 07:07:15,1009.0,north,D,24,127.26,7.1,2837.41,op3,paid
ORD-002923,2026-03-21 07:13:18,1004.0,central,A,2,12.73,3.7,24.52,op6,paid
ORD-002924,2026-03-21 07:18:06,1003.0,south,A,15,11.88,6.2,167.18,op5,new
ORD-002925,2026-03-21 07:25:55,1004.0,central,C,35,3.25,5.2,107.93,op6,closed
ORD-002926,2026-03-21 07:34:00,1038.0,east,B,8,58.77,6.8,438.19,op6,closed
ORD-002927,2026-03-21 07:45:00,1036.0,south,B,21,59.28,4.8,1185.13,op6,shipped
ORD-002928,2026-03-21 07:46:58,1026.0,north,B,27,58.96,0.0,1591.92,op5,shipped
ORD-002929,2026-03-21 07:50:01,1035.0,south,D,29,123.57,4.1,3436.48,op5,shipped
ORD-002930,2026-03-21 07:54:45,1026.0,south,A,30,13.11,2.9,381.93,op3,new
ORD-002931,2026-03-21 08:28:11,1003.0,east,A,12,12.6,2.0,148.15,op5,new
ORD-002932,2026-03-21 08:35:54,1005.0,west,D,24,124.89,6.7,2796.47,op3,closed
ORD-002933,2026-03-21 08:38:23,1006.0,north,B,15,58.24,0.0,873.6,op6,closed
ORD-002934,2026-03-21 08:47:42,1012.0,central,A,19,13.37,5.2,240.87,op6,paid
ORD-002935,2026-03-21 09:36:20,1035.0,north,C,33,3.1,6.2,96.05,op6,paid
ORD-002936,2026-03-21 09:36:39,1025.0,east,B,29,57.2,6.5,1550.98,op5,paid
ORD-002937,2026-03-21 10:24:03,1005.0,south,A,33,12.34,7.6,376.32,op5,new
ORD-002938,2026-03-21 10:30:41,1011.0,east,A,5,12.79,4.9,60.81,op2,closed
ORD-002939,2026-03-21 10:57:27,1027.0,central,B,17,60.96,2.5,1010.41,op1,new
ORD-002940,2026-03-21 11:08:59,1020.0,central,C,2,3.05,8.5,5.57,op6,shipped
ORD-002941,2026-03-21 11:12:20,1003.0,south,B,5,59.65,5.3,282.44,op4,shipped
ORD-002942,2026-03-21 11:17:07,1035.0,north,B,9,59.96,5.8,508.34,op5,closed
ORD-002943,2026-03-21 11:21:02,1008.0,central,C,12,3.44,4.7,39.38,op3,paid
ORD-002944,2026-03-21 11:21:42,1025.0,east,B,29,58.74,5.0,1618.29,op4,closed
ORD-002945,2026-03-21 11:35:17,1010.0,west,C,-9,3.06,7.9,25.38,op3,shipped
ORD-002946,2026-03-21 11:51:01,1010.0,west,C,22,3.04,5.9,62.85,op5,shipped
ORD-002947,2026-03-21 12:23:28,1008.0,east,A,37,12.41,4.6,438.18,op4,new
ORD-002948,2026-03-21 12:23:32,1020.0,east,C,12,3.25,8.3,35.73,op5,paid
ORD-002949,2026-03-21 12:25:44,1037.0,central,C,16,3.22,7.0,47.9,op4,closed
ORD-002950,2026-03-21 12:27:20,1036.0,west,D,27,119.61,5.7,3045.42,op3,paid
ORD-002951,2026-03-21 12:33:53,1034.0,north,B,36,57.95,5.1,1979.8,op3,new
ORD-002952,2026-03-21 12:51:34,1005.0,east,A,14,12.47,741.0,161.2,op5,shipped
ORD-002953,2026-03-21 12:55:20,1021.0,west,B,23,59.46,1.3,1349.8,op4,paid
ORD-002954,2026-03-21 13:01:33,1004.0,central,A,14,13.44,3.1,182.38,op3,paid
ORD-002955,2026-03-21 13:10:24,1030.0,west,B,31,59.25,8.6,1678.79,op2,closed
ORD-002956,2026-03-21 13:35:31,1027.0,east,C,31,3.09,4.5,91.54,op1,paid
ORD-002957,2026-03-21 13:49:55,1030.0,east,B,36,58.61,4.1,2023.45,op4,shipped
ORD-002958,2026-03-21 13:50:24,1025.0,north,B,39,59.02,9.1,2092.32,op3,shipped
ORD-002959,2026-03-21 13:52:17,1007.0,north,C,2,2.99,8.1,5.5,op2,new
ORD-002960,2026-03-21 13:55:41,1018.0,central,B,39,59.38,5.7,2183.82,op4,shipped
ORD-002961,2026-03-21 14:03:38,1017.0,west,A,2,12.55,7.2,23.29,op5,shipped
ORD-002962,2026-03-21 14:11:46,1026.0,north,C,11,3.21,5.9,33.22,op5,shipped
ORD-002963,2026-03-21 14:14:49,1023.0,north,B,6,57.67,5.0,328.72,op6,closed
ORD-002964,2026-03-21 14:19:08,1006.0,east,B,24,59.01,7.8,1305.77,op4,shipped
ORD-002965,2026-03-21 14:19:36,1005.0,west,A,18,12.59,7.9,208.68,op5,closed
ORD-002966,2026-03-21 14:43:43,1010.0,west,D,9,122.84,5.1,1049.14,op1,shipped
ORD-002967,2026-03-21 14:47:54,1000.0,central,A,18,12.6,5.5,214.26,op6,closed
ORD-002968,2026-03-21 14:55:33,1029.0,south,B,8,57.17,1.2,451.87,op3,shipped
ORD-002969,2026-03-21 15:04:10,1008.0,east,B,33,60.79,3.2,1941.88,op4,shipped
ORD-002970,2026-03-21 15:15:59,1035.0,central,B,9,62.36,2.1,549.45,op5,paid
ORD-002971,2026-03-21 15:25:16,1034.0,central,C,25,3.17,8.1,72.89,op5,closed
ORD-002972,2026-03-21 15:31:52,1024.0,south,A,29,11.51,8.6,305.05,op3,paid
ORD-002973,2026-03-21 15:42:27,1027.0,north,A,16,12.81,1.9,201.04,op6,closed
ORD-002974,2026-03-21 15:42:44,1025.0,east,A,30,12.89,6.3,362.26,op5,shipped
ORD-002975,2026-03-21 16:13:08,1030.0,central,B,39,59.71,8.8,2123.77,op5,shipped
ORD-002976,2026-03-21 16:13:41,1036.0,central,C,18,3.16,6.7,53.06,op2,shipped
ORD-002977,2026-03-21 16:21:52,1028.0,central,A,15,12.93,1.5,191.06,op2,new
ORD-002978,2026-03-21 16:25:28,1001.0,central,B,13,61.22,3.5,768.0,op2,closed
ORD-002979,2026-03-21 16:52:40,1035.0,west,B,27,59.74,6.4,1509.75,op1,paid
ORD-002980,2026-03-21 16:53:36,1007.0,north,A,12,12.44,7.6,137.97,op6,closed
ORD-002981,2026-03-21 16:57:06,1018.0,west,B,37,60.15,6.4,2083.11,op1,paid
ORD-002982,2026-03-21 16:57:55,1030.0,west,B,14,61.68,6.3,809.12,op1,closed
ORD-002983,2026-03-21 16:59:23,1038.0,north,A,4,12.56,5.3,47.58,op5,paid
ORD-002984,2026-03-21 17:07:36,1028.0,east,C,32,3.09,7.3,91.61,op5,shipped
ORD-002985,2026-03-21 17:28:29,1036.0,north,D,32,117.84,3.6,3635.13,op1,new
ORD-002986,2026-03-21 17:44:03,1000.0,west,D,16,120.64,6.4,1806.71,op4,new
ORD-002987,2026-03-21 17:56:47,1029.0,central,A,29,12.65,3.9,352.59,op2,closed
ORD-002988,2026-03-21 18:00:39,1024.0,west,A,9,12.29,6.4,103.54,op1,new
ORD-002989,2026-03-21 18:01:07,1034.0,west,B,14,61.24,0.0,857.36,op2,paid
ORD-002990,2026-03-21 18:09:38,1007.0,west,C,33,3.14,6.2,97.21,op1,paid
ORD-002991,2026-03-21 18:21:56,1025.0,west,A,11,12.87,3.0,137.36,op6,shipped
ORD-002992,2026-03-21 18:36:50,1014.0,east,A,7,13.14,6.8,85.72,op2,shipped
ORD-002993,2026-03-21 18:42:16,1020.0,west,B,3,61.42,0.0,184.26,op2,shipped
ORD-002994,2026-03-21 18:55:00,1013.0,north,A,37,12.54,5.8,437.02,op5,paid
ORD-002995,2026-03-21 18:58:32,1021.0,south,A,19,12.72,2.3,236.11,op3,shipped
ORD-002996,2026-03-21 19:00:48,1025.0,south,D,16,112.25,4.7,1711.65,op5,new
ORD-002997,2026-03-21 19:00:53,1013.0,south,B,34,62.58,3.1,2061.76,op3,shipped
ORD-002998,2026-03-21 19:01:02,1038.0,central,B,31,58.34,0.0,1808.54,op3,shipped
ORD-002999,2026-03-21 19:12:21,1037.0,west,A,22,12.11,9.2,241.92,op4,shipped
ORD-003000,2026-03-21 19:19:31,1017.0,north,A,20,12.32,5.6,232.63,op6,new
