1 1 6770.71 57.1 109.553 2.38209 150.988 1.52023 726.96 -0.106127 59.5329 3168 43.2 1.24864 -5.27549
1 2 6775.21 57.1 140.352 1.88059 155.205 1.52023 712.156 -0.102759 58.1835 3240 43.2 1.25059 0.653353
1 3 6776.56 57.1 112.084 1.78131 161.667 1.52023 714.77 -0.112531 60.0058 3240 43.2 1.26267 -12.3755
1 4 6892.79 57.1 159.367 -1.22632 178.336 1.52023 688.005 -0.157012 55.7162 3312 43.2 1.26333 -4.93775
1 5 7040.7 57.1 140.13 -0.595108 182.981 1.52023 653.28 -0.186933 57.5353 3168 43.2 1.26642 -6.46177
1 6 7107.27 57.1 166.305 -1.78437 182.968 1.52023 722.949 -0.0929136 58.0813 3312 43.2 1.24515 2.5901
1 7 7232.67 57.1 153.861 -2.11622 169.468 1.52023 717.972 -0.0459503 58.9113 3456 43.2 1.25843 5.70034
1 8 7121.67 57.1 42.7033 -3.52554 167.147 1.52023 632.646 -0.111978 60.6789 3528 43.2 1.25059 -1.54111
1 9 6990.97 57.1 -144.547 -0.0435396 174.043 1.52023 658.165 -0.168574 61.7856 3672 43.2 1.28064 -2.49859
1 10 6989.89 57.1 -102.515 0.411761 168.548 1.52023 671.16 -0.144951 59.0809 3456 43.2 1.3686 -29.6284
1 11 6948.7 57.1 -84.6633 1.95246 157.558 1.52023 751.52 -0.0698548 64.4802 3312 43.2 1.44371 -15.5581
1 12 6967.25 57.1 -140.016 2.9054 153.013 1.21181 820.408 -0.0424812 63.8064 3384 43.2 1.42445 -11.6105
1 13 6951.53 57.1 -93.8314 2.14869 158.853 1.21181 798.874 -0.0495488 64.3006 3312 43.2 1.3617 27.309
1 14 6972.04 57.1 -130.26 -0.00223933 160.654 1.21181 775.529 -0.0695463 64.9074 3312 43.2 1.3043 50.9185
1 15 6961.55 57.1 -243.125 -1.41055 173.115 1.21181 729.374 -0.0418491 63.7877 3312 43.2 1.23206 23.4623
1 16 7185.37 57.1 -181.635 -2.567 182.554 1.21181 719.181 -0.0507149 62.667 3456 43.2 1.23327 14.2631
1 17 7326.25 57.1 -124.636 -2.93198 204.101 1.21181 629.862 -0.209132 58.755 3384 43.2 1.27713 -9.4361
1 18 7383.78 57.1 19.1419 -2.82434 192.889 1.21181 665.955 -0.155549 60.5415 3528 43.2 1.3145 -35.9497
1 19 7288.09 57.1 -15.0496 -1.74291 183.021 1.21181 704.523 -0.10457 60.7286 3600 43.2 1.3355 -32.3762
1 20 7221.44 57.1 -103.901 -1.18615 179.795 1.21181 801.217 -0.0305993 62.2998 3528 43.2 1.36728 -15.9522
1 21 7343.43 57.1 -290.325 0.628459 160.824 1.21181 894.277 0.102706 67.231 3456 43.2 1.40645 -0.138575
1 22 7260.3 57.1 -428.26 0.991242 163.581 1.21181 909.09 0.0576037 69.848 3384 43.2 1.433 14.7294
1 23 NaN 57.1 -474.541 5.52849 138.132 1.17066 978.379 0.10326 69.0942 3384 43.2 1.39859 28.6877
1 24 6968.03 57.1 -471.003 2.72022 126.69 1.17066 940.843 0.181472 70.189 3456 43.2 1.35246 34.5255
1 25 6921.31 57.1 -629.672 4.06711 142.491 1.17066 880.074 0.0349637 71.5648 3456 43.2 1.30188 44.6967
1 26 6859.71 57.1 -702.778 4.32472 131.385 1.17066 882.563 0.0811594 67.1513 3168 43.2 1.2808 33.3877
1 27 6727.04 57.1 -516.449 4.65246 133.504 1.17066 901.82 0.0414343 70.2229 3168 43.2 1.34469 29.0033
1 28 6797.16 57.1 -226.488 4.14991 139.022 1.17066 859.268 0.0308676 63.2997 3168 43.2 1.34383 26.8696
1 29 6828.24 57.1 -153.201 4.12886 138.255 1.17066 844.813 0.0303709 65.0323 2952 43.2 1.2195 44.0672
1 30 6832.52 57.1 -148.248 3.13258 130.091 1.17066 831.759 0.0520529 62.7775 3168 43.2 1.18925 33.1548
1 31 6722.48 57.1 -33.6398 2.52898 135.414 1.17066 726.889 -0.071531 60.1052 3096 43.2 1.18877 26.1019
1 32 6578.12 57.1 32.0485 2.52896 127.025 1.17066 756.176 -0.0167526 59.9702 3096 43.2 1.17557 19.0921
1 33 6580.12 57.1 -22.1074 1.46761 121.75 1.17066 793.154 0.0534677 59.3911 2880 43.2 1.20709 1.27209
1 34 6661.98 57.1 85.7368 5.05972 115.947 1.47322 922.258 0.146269 58.4579 2808 43.2 1.27361 -15.3441
1 35 6654.38 57.1 245.931 3.27606 124.018 1.47322 918.095 0.146347 55.8797 2808 43.2 1.29726 -10.49
1 36 6817.75 57.1 427.993 4.97723 130.754 1.47322 962.063 0.114372 59.1963 2952 43.2 1.26432 35.2375
1 37 6856.68 57.1 212.112 5.33286 136.481 1.47322 910.283 0.0201965 58.9074 2952 43.2 1.14387 44.3275
1 38 6798.96 57.1 121.007 1.82635 136.439 1.47322 774.168 -0.00340017 62.4315 3096 43.2 1.11409 41.8137
1 39 6776.9 57.1 4.5572 -0.300534 132.389 1.47322 757.305 0.00821276 61.5243 3096 43.2 1.06159 49.9512
1 40 6718.11 57.1 -188.207 -0.473942 134.016 1.47322 747.049 0.0246383 59.1877 3096 43.2 1.07391 -12.3494
1 41 6745.98 57.1 50.5258 -1.53889 129.976 1.47322 754.491 0.0332305 56.6798 2952 43.2 1.27568 -12.5364
1 42 6692.1 57.1 280.301 -2.00361 134.029 1.47322 743.186 0.0509407 56.6416 2880 43.2 1.31374 -38.6933
1 43 6850.17 52.8 337.975 -2.27919 127.773 1.47322 747.444 0.102316 53.7809 3096 43.2 1.34806 -30.6658
1 44 6747.28 52.8 350.757 -2.91144 142.116 1.47322 717.237 0.0653088 54.3685 3096 43.2 1.31707 -44.814
1 45 6927.78 52.8 363.664 -1.93004 146.747 1.52599 700.998 0.000452925 53.3095 3096 43.2 1.31946 -48.93
1 46 6904.4 52.8 434.988 -1.03111 146.955 1.52599 770.597 0.056232 51.6101 3024 43.2 1.35115 -71.7387
1 47 6958.56 52.8 342.358 -0.242417 134.191 1.52599 800.556 0.0764032 55.8916 3312 43.2 1.34904 -39.3433
1 48 6830.6 52.8 321.3 0.92698 155.542 1.52599 767.609 -0.00861743 55.5412 3240 43.2 1.35194 1.19633
1 49 6959.09 52.8 57.5857 0.544982 157.523 1.52599 759.002 -0.0578495 59.4008 3240 43.2 1.2536 -13.1627
1 50 6945.23 52.8 105.362 2.72391 153.088 1.52599 828.732 -0.021026 60.6338 3240 43.2 1.32472 -14.4451
1 51 6897.22 52.8 -34.9668 -0.428544 160.964 1.52599 740.659 -0.0328222 61.315 3312 59.7 1.29383 0.762869
1 52 7079.77 52.8 9.79484 -0.298964 152.355 1.52599 721.207 -0.063799 61.992 3168 59.7 1.30363 39.3093
1 53 7032.23 52.8 -229.636 -0.950886 128.271 1.52599 817.072 0.0976873 59.8004 3168 59.7 1.20159 6.08469
1 54 7150.61 52.8 -31.7693 1.33486 132.5 1.52599 803.465 0.0342908 60.4108 3312 59.7 1.32831 9.29515
1 55 7099.4 52.8 13.0197 1.05907 147.974 1.52599 762.29 -0.0446365 59.2074 3312 59.7 1.3091 -8.81033
1 56 7185.31 52.8 -78.7654 -2.77265 137.944 1.49237 687.647 -0.0119374 63.5524 3312 59.7 1.31382 30.8399
1 57 7117.28 52.8 -124.779 -2.61214 157.269 1.49237 637.598 -0.104606 62.0145 3240 59.7 1.32675 9.76312
1 58 7190.12 52.8 -94.1859 -3.09823 147.5 1.49237 644.445 -0.0703433 56.7528 3240 59.7 1.31894 -26.8609
1 59 7178.14 52.8 180.145 -1.51096 145.212 1.49237 711.967 -0.0436912 58.3052 3024 59.7 1.39961 -15.0381
1 60 7180.07 52.8 90.4599 1.55564 123.884 1.49237 902.918 0.167265 55.8339 3024 59.7 1.36167 -46.6682
1 61 7148.46 52.8 272.373 2.85405 113.879 1.49237 897.801 0.137747 58.7561 3168 59.7 1.43748 -17.5103
1 62 6948.94 52.8 -14.4 1.64648 120.149 1.49237 781.582 0.0532806 62.5289 3240 59.7 1.35825 46.8604
1 63 6924.17 52.8 -152.955 2.55505 135.925 1.49237 764.665 -0.0572362 63.4596 3312 59.7 1.26755 40.9515
1 64 7015.58 52.8 -156.739 1.66942 140.19 1.49237 703.725 -0.0917303 60.0673 3240 59.7 1.27771 -2.72022
1 65 6995.21 52.8 5.0309 3.24012 142.364 1.49237 708.757 -0.164097 62.3726 3168 59.7 1.31975 28.3281
1 66 6910.25 52.8 62.3832 0.245359 146.57 1.49237 672.532 -0.140513 57.7285 3384 59.7 1.27044 15.7733
1 67 6995.08 52.8 147.87 1.12655 162.521 1.58429 613.578 -0.258201 60.8824 3312 59.7 1.22766 33.0919
1 68 7079.38 52.8 -68.6607 2.43942 157.58 1.58429 695.769 -0.213614 57.8849 3096 59.7 1.17903 -2.07531
1 69 7082.3 52.8 200.099 0.349334 160.939 1.58429 723.629 -0.103474 59.5411 3240 59.7 1.27646 10.0028
1 70 7284.04 52.8 165.854 1.6101 168.88 1.58429 680.667 -0.203662 60.4727 3240 59.7 1.24899 40.3654
1 71 7254.73 52.8 -49.9457 -0.0807362 158.953 1.58429 741.212 -0.0855318 60.3335 3024 59.7 1.14855 12.4586
1 72 7328.99 52.8 -44.1815 -0.379646 141.01 1.58429 815.78 0.0756121 60.8115 3312 59.7 1.23816 45.8311
1 73 7313.09 52.8 -79.6159 -0.155954 137.125 1.58429 738.847 -0.00874447 61.9808 3240 59.7 1.23938 27.3765
1 74 7076.88 52.8 -224.685 -0.960484 144.252 1.58429 726.564 -0.00289338 62.4916 3384 59.7 1.23398 9.73374
1 75 7154.42 52.8 -138.17 -2.92753 138.83 1.58429 673.163 -0.00131829 62.1938 3384 59.7 1.35117 -17.9133
1 76 7114.46 52.8 -159.746 -3.01342 139.215 1.58429 637.884 -0.0619294 60.1411 3024 59.7 1.36796 -20.9535
1 77 7080.88 52.8 -40.2723 -3.45585 132.343 1.58429 771.153 0.138922 58.2286 3096 59.7 1.44796 -32.4347
1 78 7280.66 52.8 250.759 -5.93348 129.619 1.41807 702.887 0.134571 55.5786 2952 59.7 1.47473 -45.4025
1 79 7167.75 52.8 219.741 -6.46002 111.212 1.41807 691.991 0.169297 56.3785 3024 59.7 1.41595 -37.8668
1 80 7050.81 52.8 243.15 -4.18826 127.24 1.41807 700.733 0.08514 51.8975 3240 59.7 1.42125 -81.9416
1 81 7059.49 52.8 429.859 -1.99198 122.994 1.41807 725.469 0.0939779 51.3108 3096 59.7 1.48304 -95.6483
1 82 7020.69 52.8 340.084 -3.73165 124.898 1.41807 716.504 0.0878563 55.9126 3024 59.7 1.51019 -53.4676
1 83 7131.1 52.8 308.792 0.33556 128.751 1.41807 792.112 0.0646099 55.8803 3024 59.7 1.51676 -34.8951
1 84 7147.23 52.8 358.384 0.704216 125.857 1.41807 854.949 0.123649 53.0976 2952 59.7 1.41639 -35.0353
1 85 7236.5 55.2 351.275 0.943686 126.739 1.41807 838.163 0.105783 57.5856 2880 59.7 1.41661 10.6139
1 86 7151.61 55.2 127.502 0.0948989 124.089 1.41807 913.502 0.189352 59.7963 3024 59.7 1.30489 21.4538
1 87 7277.62 55.2 -76.7979 2.42543 117.037 1.41807 915.59 0.14635 60.6274 2952 59.7 1.25685 15.1048
1 88 7123.49 55.2 -34.5638 1.06019 114.08 1.41807 926.325 0.244475 61.131 2952 59.7 1.28606 21.8814
1 89 7130.16 55.2 -88.4981 0.192518 107.435 1.46456 910.006 0.215059 65.0512 3096 59.7 1.27681 35.9693
1 90 7078.65 55.2 -130.176 0.174627 107.18 1.46456 849.634 0.169209 60.7652 2952 59.7 1.27182 15.5377
1 91 6937.64 55.2 -128.461 1.82207 89.4616 1.46456 889.265 0.202191 61.9423 2952 59.7 1.29575 -2.82471
1 92 6824.32 55.2 31.2149 1.63433 105.485 1.46456 853.688 0.14855 57.6083 3024 59.7 1.3709 -21.2108
1 93 6842.21 55.2 125.553 2.76272 111.917 1.46456 881.907 0.126493 59.1656 2808 59.7 1.34127 -18.1422
1 94 6953.08 55.2 88.1573 2.30416 113.708 1.46456 922.672 0.172693 58.1511 2736 59.7 1.31534 -2.98509
1 95 7081.74 55.2 215.885 3.26651 110.107 1.46456 861.26 0.0769544 57.8943 2808 59.7 1.29409 24.7836
1 96 6878.7 55.2 269.806 6.35188 116.414 1.46456 924.641 0.0784669 57.9407 2952 59.7 1.21567 22.2171
1 97 6972.25 55.2 100.207 2.54236 124.321 1.46456 869.201 0.0908923 58.4387 3168 59.7 1.14128 9.7173
1 98 7075.82 55.2 22.2361 1.06023 152.518 1.46456 795.962 -0.0355377 62.7957 3096 59.7 1.14023 57.438
1 99 7301.48 55.2 -292.917 3.93688 150.513 1.46456 777.704 -0.121506 61.5438 3096 59.7 1.12448 30.3095
1 100 7069.74 55.2 11.258 4.05653 137.414 1.52344 821.245 -0.0514486 59.6929 3240 59.7 1.22313 25.5161
1 101 7083.72 55.2 -15.1339 3.0729 143.186 1.52344 786.015 -0.0604796 62.2251 3528 46 1.1616 75.1112
1 102 7098.05 55.2 -177.123 -0.147641 174.5 1.52344 654.03 -0.159069 63.5114 3240 46 1.13718 54.5332
1 103 7264.37 55.2 -404.696 -1.02716 173.691 1.52344 750.187 -0.0588896 65.1377 3384 46 1.18083 57.6318
1 104 7287.8 55.2 -167.351 -1.05613 186.943 1.52344 689.321 -0.18731 58.5546 3312 46 1.27921 8.02434
1 105 7229.34 55.2 72.5327 -0.513311 180.523 1.52344 731.866 -0.114862 59.9222 3456 46 1.29921 -5.13991
1 106 7249.24 55.2 8.7328 1.53408 170.157 1.52344 771.475 -0.0946436 61.097 3600 46 1.2644 11.207
1 107 7138.64 55.2 -193.189 1.01051 173.183 1.52344 789.836 -0.0933143 63.7085 3600 46 1.238 20.9679
1 108 7216.12 55.2 -386.27 1.66413 171.905 1.52344 769.018 -0.0940986 67.9591 3600 46 1.30296 44.5358
1 109 7144.47 55.2 -392.029 -1.383 169.406 1.52344 646 -0.14529 68.6515 3600 46 1.36089 32.7917
1 110 6975.48 55.2 -557.687 -1.92728 172.853 1.52344 655.875 -0.166492 67.3541 3600 46 1.30076 35.6488
1 111 7055.38 55.2 -376.351 -1.94029 161.259 1.32734 630.284 -0.13841 59.581 3528 46 1.31351 -28.6594
1 112 6901.94 55.2 -136.042 -2.10682 154.659 1.32734 603.757 -0.128536 63.3295 3312 46 1.40032 -23.0647
1 113 6797.64 55.2 -93.4388 -3.59027 149.176 1.32734 656.245 -0.0350563 59.9712 3240 46 1.41096 -24.3485
1 114 6916.55 55.2 127.398 -3.64111 160.854 1.32734 704.3 0.00911283 56.2425 3096 46 1.42547 -49.0433
1 115 7137.46 55.2 192.857 -2.55623 142.202 1.32734 787.496 0.125695 57.8224 3024 46 1.43547 -58.3481
1 116 7073.86 55.2 273.084 -3.97408 133.134 1.32734 753.514 0.055295 55.6326 3240 46 1.45621 -35.6579
1 117 6940.15 55.2 392.539 -4.39054 156.745 1.32734 597.167 -0.0934382 56.1548 3528 46 1.37631 -36.1754
1 118 6930.57 55.2 204.26 -3.62185 163.108 1.32734 571.107 -0.145713 56.5019 3456 46 1.33524 -50.3633
1 119 6915.87 55.2 39.7684 -2.35978 161.417 1.32734 590.72 -0.139518 57.3108 3240 46 1.38289 -54.2267
1 120 6934.81 55.2 232.936 -3.01327 147.592 1.32734 669.064 -0.054345 53.638 3168 46 1.53321 -61.1042
1 121 6891.43 55.2 352.643 -4.33968 147.05 1.32734 700.914 0.0124222 56.2546 3168 46 1.48894 -57.6475
1 122 7018.01 55.2 313.161 -5.77918 141.382 1.45173 635.837 0.00779694 56.6169 3312 46 1.41221 -23.9721
1 123 6847.01 55.2 242.358 -3.45912 141.297 1.45173 628.224 -0.0637147 54.5995 3384 46 1.38436 -59.1234
1 124 6717.96 55.2 309.58 -2.72447 149.125 1.45173 547.298 -0.145077 53.0132 3456 46 1.40838 -71.3552
1 125 6717.51 55.2 469.461 -5.87262 144.961 1.45173 499.309 -0.126976 54.3459 3240 46 1.49809 -55.4055
1 126 6745.95 55.2 296.829 -4.93791 142.843 1.45173 563.446 -0.0829176 53.899 3096 46 1.40261 -70.1764
1 127 6713.08 33.2 449.473 -2.62642 140.441 1.45173 576.025 -0.0386412 49.8496 2952 46 1.49094 -99.6828
1 128 6835.72 33.2 749.673 -5.98619 151.904 1.45173 582.408 -0.0192594 48.817 3096 46 1.4971 -88.8953
1 129 6969.56 33.2 672.597 -3.68297 159.415 1.45173 573.75 0.00379413 50.1577 3096 46 1.44068 -76.6582
1 130 7003.62 33.2 605.895 -2.68522 149.205 1.45173 573.729 -0.0439089 49.7148 3168 46 1.38991 -65.9899
1 131 6839.14 33.2 648.464 -2.4936 146.319 1.45173 570.471 0.00578038 51.2191 3240 46 1.3984 -54.9317
1 132 6828.69 33.2 464.941 -3.46205 144.996 1.45173 596.997 0.0359121 52.3029 3312 46 1.33294 -43.7953
1 133 6905.51 33.2 247.14 -5.66651 143.28 1.53442 562.359 0.0465784 55.2131 3096 46 1.37786 -65.6007
1 134 6844.45 33.2 248.33 -3.64361 145.756 1.53442 594.048 0.0387761 55.0947 2952 46 1.44272 -37.4971
1 135 6942.57 33.2 428.567 -7.36846 133.108 1.53442 631.759 0.182961 49.677 3024 46 1.46393 -90.8967
1 136 6991.79 33.2 586.79 -8.06904 137.243 1.53442 632.454 0.184144 52.2551 3024 46 1.45085 -60.3785
1 137 7044.06 33.2 384.884 -9.65077 143.843 1.53442 603.835 0.152454 49.8151 3096 46 1.38426 -96.3613
1 138 7145.54 33.2 617.744 -7.73872 155.689 1.53442 609.627 0.134694 49.6785 3096 46 1.5191 -90.4572
1 139 7228.57 33.2 501.447 -5.90122 145.497 1.53442 603.594 0.0957085 49.482 3312 46 1.4935 -117.485
1 140 7041.19 33.2 540.678 -3.40021 149.18 1.53442 629.137 0.0590336 51.2992 3312 46 1.53336 -98.7278
1 141 6974.94 33.2 405.235 -5.17697 137.766 1.53442 657.142 0.115396 53.468 3456 46 1.52998 -78.6095
1 142 6911.86 33.2 249.705 -5.09502 162.599 1.53442 610.822 0.012703 57.7018 3456 46 1.53714 -55.7291
1 143 7136.11 33.2 6.78812 -2.99489 169.791 1.53442 545.163 -0.112347 57.7261 3312 46 1.48087 -63.5761
1 144 6984.7 33.2 201.385 -3.62023 177.673 1.31428 571.438 -0.0798408 56.5454 3312 46 1.53718 -44.7422
1 145 7158.94 33.2 233.134 -5.3885 179.879 1.31428 603.343 -0.0510508 57.0857 3384 46 1.43858 -28.7611
1 146 7236.58 33.2 178.726 -3.93089 172.876 1.31428 655.775 0.0221825 56.8724 3168 46 1.38629 -46.3744
1 147 7295.92 33.2 7.44738 -4.3573 159.147 1.31428 694.669 0.106633 57.6848 3312 46 1.37204 -40.8295
1 148 7301.05 33.2 165.245 -4.131 151.828 1.31428 700.732 0.133704 56.4045 3384 46 1.47109 -34.0822
1 149 7112.7 33.2 -44.3799 -0.749632 155.203 1.31428 774.265 0.160293 59.4098 3456 46 1.37585 -33.5405
1 150 7163.65 33.2 -108.767 -1.47672 157.145 1.31428 711.285 0.0889118 62.1918 3384 46 1.45693 -33.9868
1 151 7151.06 33.2 -145.412 -2.87694 164.551 1.31428 732.941 0.084988 64.1163 3384 58.9 1.46457 -14.1659
1 152 7290.81 33.2 -260.87 -4.85896 169.671 1.31428 661.593 0.0533927 62.5331 3528 58.9 1.41843 -13.0276
1 153 7400.85 33.2 -69.5332 -4.5596 171.389 1.31428 598.54 -0.0265247 62.2063 3384 58.9 1.44099 -18.5882
1 154 NaN 33.2 -186.639 -2.8609 152.628 1.31428 679.876 0.0676376 60.3258 3384 58.9 1.37336 -23.9048
1 155 7387.55 33.2 -48.782 -1.10842 144.01 1.38947 764.226 0.147387 59.2991 3384 58.9 1.42859 -39.1949
1 156 7394.16 33.2 -128.956 -1.67787 132.863 1.38947 767.689 0.182575 62.6792 3240 58.9 1.44016 -28.9097
1 157 7263.36 33.2 -241.083 -4.8535 138.487 1.38947 733.761 0.2092 67.4076 3096 58.9 1.45774 9.87057
1 158 7370.09 33.2 -308.416 -4.76259 119.73 1.38947 777.636 0.296459 64.5676 3168 58.9 1.44627 -12.109
1 159 7289.27 33.2 -180.211 -2.68328 131.232 1.38947 778.813 0.248565 61.31 2952 58.9 1.43801 -18.2996
1 160 7338.51 33.2 14.6218 -5.74918 124.93 1.38947 809.009 0.334111 60.9478 3096 58.9 1.49073 -51.601
1 161 7460.45 33.2 130.428 -4.97431 129.375 1.38947 746.934 0.257452 58.092 3096 58.9 1.52381 -21.5885
1 162 7403.32 33.2 -127.239 -5.21262 128.138 1.38947 737.446 0.249528 57.8047 3312 58.9 1.40747 -41.7166
1 163 7283.67 33.2 115.471 -1.49915 138.747 1.38947 716.646 0.112093 56.5237 3240 58.9 1.49994 -54.8088
1 164 7200.87 33.2 123.9 -0.141273 117.154 1.38947 844.857 0.218615 58.1613 3168 58.9 1.50218 -56.6636
1 165 7146.54 33.2 29.5989 -0.162544 128.617 1.38947 828.972 0.19622 63.996 3024 58.9 1.52609 -7.31111
1 166 7277.8 33.2 -212.318 -1.27453 118.767 1.29573 826.421 0.267148 64.8155 3024 58.9 1.43847 19.295
1 167 7252.69 33.2 -220.904 -2.01093 120.168 1.29573 814.959 0.273852 64.2281 2952 58.9 1.39798 15.7669
1 168 7150.58 33.2 -94.0764 -0.787962 118.137 1.29573 818.54 0.26281 60.0204 3096 58.9 1.33946 -3.43548
1 169 7151.16 37.5 60.8075 -3.3067 122.055 1.29573 757.798 0.218042 57.2441 3168 58.9 1.35929 -9.09628
1 170 7166.68 37.5 -40.3412 -2.96435 141.865 1.29573 751.255 0.161656 62.8141 3168 58.9 1.37118 2.35124
1 171 7311.68 37.5 7.99035 -4.26617 142.068 1.29573 661.751 0.0723123 57.425 3168 58.9 1.36072 -36.9265
1 172 7235.36 37.5 179.41 -6.38246 144.928 1.29573 583.828 0.0368279 58.3908 3240 58.9 1.43269 -4.44147
1 173 7238.46 37.5 56.6855 -5.96507 151.176 1.29573 548.764 -0.0135404 55.7826 3456 58.9 1.36898 -36.4963
1 174 7188.05 37.5 166.552 -4.2428 145.71 1.29573 604.734 0.0412154 53.6464 3312 58.9 1.42071 -66.1555
1 175 7251.78 37.5 169.671 -4.377 143.691 1.29573 555.902 -0.00423943 54.3335 3240 58.9 1.50214 -88.0132
1 176 7133.76 37.5 336.848 -3.56179 137.338 1.29573 643.075 0.0351946 56.7297 3240 58.9 1.56515 -55.6963
1 177 7080 37.5 259.644 -4.40089 126.749 1.42219 556.582 0.0322044 55.6828 3096 58.9 1.48552 -64.6471
1 178 6929.25 37.5 304.912 -3.78736 117.38 1.42219 707.441 0.160648 56.9897 2952 58.9 1.51074 -28.1589
1 179 7007.49 37.5 115.249 -4.76092 115.669 1.42219 698.264 0.211254 52.8494 2952 58.9 1.44929 -74.3368
1 180 7093.22 37.5 478.459 -2.64532 115.596 1.42219 706.094 0.144368 55.1655 2952 58.9 1.54553 -46.3192
1 181 6974.16 37.5 270.134 -3.99822 141.023 1.42219 662.528 0.0618588 52.5968 3096 58.9 1.45506 -66.1288
1 182 7187.76 37.5 534.226 -6.47742 152.51 1.42219 565.298 -0.0167221 54.3333 3168 58.9 1.47782 -32.7511
1 183 7234.07 37.5 320.776 -5.16097 161.605 1.42219 631.102 0.0112267 54.2521 3168 58.9 1.35605 -44.4648
1 184 7339.1 37.5 190.857 -6.34606 159.215 1.42219 515.123 -0.0534206 52.1686 3312 58.9 1.34559 -82.0145
1 185 7245.15 37.5 488.682 -3.2134 158.399 1.42219 610.279 -0.036027 54.6672 3240 58.9 1.48385 -34.5081
1 186 7295.76 37.5 173.495 -4.99531 145.965 1.42219 581.105 0.0364669 53.8 3456 58.9 1.36354 -71.5109
1 187 7215.11 37.5 285.038 -4.69644 155.264 1.42219 616.255 0.00078117 57.585 3312 58.9 1.51601 -39.8165
1 188 7296.24 37.5 -9.76733 1.01447 158.045 1.38613 687.742 -0.0405162 55.6806 3240 58.9 1.44251 -76.3025
1 189 7240.22 37.5 289.948 2.06497 133.568 1.38613 791.872 0.0730048 57.7951 3168 58.9 1.57476 -30.7959
1 190 7139.58 37.5 107.209 3.28792 132.839 1.38613 842.771 0.102688 63.0644 3312 58.9 1.45226 15.1385
1 191 7125.24 37.5 -191.468 1.20398 153.668 1.38613 726.874 -0.00863017 62.8847 3384 58.9 1.32006 27.8939
1 192 7210.64 37.5 -344.192 1.23001 150.54 1.38613 709.955 -0.0196716 67.6648 3240 58.9 1.27701 50.3055
1 193 7192.2 37.5 -370.895 -1.23012 154.054 1.38613 684.026 -6.09492e-05 63.48 3096 58.9 1.25241 12.7423
1 194 7240.31 37.5 -66.3726 -1.29523 136.133 1.38613 700.09 0.0879847 61.4084 3168 58.9 1.30461 16.1965
1 195 7141.36 37.5 -104.104 -3.3277 143.201 1.38613 702.733 0.089968 58.7422 3384 58.9 1.24715 -13.515
1 196 7273.54 37.5 -14.7218 -3.12215 172.57 1.38613 578.017 -0.102133 59.6566 3456 58.9 1.33473 -21.6164
1 197 7343.86 37.5 73.2845 -2.00049 171.519 1.38613 613.045 -0.108687 58.146 3312 58.9 1.38886 -34.6
1 198 7289.44 37.5 85.4447 -1.55635 165.326 1.38613 633.598 -0.0722548 59.6478 3384 58.9 1.41808 -22.0148
1 199 7267.66 37.5 110.05 -2.34854 155.916 1.47396 643.315 -0.0406318 58.5945 3456 58.9 1.39479 -11.3904
1 200 7275.3 37.5 -116.874 0.926572 158.667 1.47396 694.211 -0.0410313 62.0523 3312 58.9 1.35679 4.93553
1 201 7232.02 37.5 -157.386 -0.300036 145.019 1.47396 721.131 0.0441809 62.9145 3096 77 1.38745 -6.09227
1 202 7226.57 37.5 1.79707 -1.06759 112.652 1.47396 823.515 0.222888 65.7923 3168 77 1.42557 26.6664
1 203 7246.32 37.5 -235.984 2.78185 116.542 1.47396 872.309 0.188969 62.9525 3168 77 1.30862 19.1183
1 204 7423.28 37.5 -72.2221 4.99778 112.793 1.47396 867.368 0.114881 59.7303 3024 77 1.3477 -4.64949
1 205 7319.95 37.5 -37.0614 1.68371 112.335 1.47396 863.454 0.197174 65.7647 2952 77 1.38163 66.9498
1 206 7362.9 37.5 -301.713 -0.659986 110.904 1.47396 850.555 0.2014 67.9114 2952 77 1.24524 70.2392
1 207 7434.97 37.5 -341.236 -0.31689 107.18 1.47396 840.841 0.222175 64.418 2880 77 1.23793 36.6095
1 208 7392.75 37.5 -193.397 -0.205445 109.735 1.47396 819.714 0.201023 62.6618 2952 77 1.30298 16.0796
1 209 7390.16 37.5 -24.9395 1.50838 102.929 1.47396 830.597 0.174101 60.0831 2880 77 1.31881 13.9045
1 210 7212.75 37.5 0.0824814 2.40553 92.1747 1.54481 916.586 0.292209 60.2185 2880 77 1.30418 4.07948
1 211 7214.71 51.5 -72.4224 2.49574 84.9145 1.54481 930.169 0.281847 63.0997 2952 77 1.32298 46.0863
1 212 7130.12 51.5 -134.29 5.56762 87.6692 1.54481 963.686 0.222013 64.4695 2736 77 1.31155 37.6556
1 213 7108.23 51.5 -208.266 3.65879 91.6893 1.54481 935.336 0.176868 62.1292 2808 77 1.27942 19.8273
1 214 7126.96 51.5 67.5537 6.35944 92.7413 1.54481 1003.09 0.146234 62.601 2664 77 1.29256 90.0908
1 215 7108.53 51.5 -165.64 6.16475 91.5518 1.54481 999.033 0.209759 62.2904 2592 77 1.13859 39.319
1 216 7184.72 51.5 -6.69955 2.05953 93.5176 1.54481 960.141 0.240522 64.8606 2736 77 1.20295 101.69
1 217 7296.77 51.5 -163.109 0.123813 99.3155 1.54481 839.349 0.156392 63.3217 2520 77 1.07265 79.9842
1 218 7237.77 51.5 -195.707 1.21998 82.638 1.54481 953.886 0.295643 61.2289 2664 77 1.07178 39.4214
1 219 7202.71 51.5 68.7562 3.82596 87.5348 1.54481 983.575 0.270245 55.5878 2808 77 1.15737 5.02546
1 220 7232.48 51.5 207.051 4.28302 102.755 1.54481 1051.13 0.230627 59.3066 2736 77 1.24546 12.1913
1 221 7388.03 51.5 -44.4092 6.37746 104.55 1.61647 1100.39 0.283607 64.5531 2736 77 1.24396 45.5153
1 222 7424.89 51.5 -109.363 4.49347 94.6429 1.61647 1029.68 0.276294 67.7714 2808 77 1.21056 78.2806
1 223 7360.14 51.5 -369.115 1.28627 104.196 1.61647 921.853 0.224298 68.0385 3024 77 1.09102 98.5234
1 224 7435.59 51.5 -420.633 2.04289 117.832 1.61647 881.92 0.0990847 66.2609 3096 77 1.03896 69.5253
1 225 7408.44 51.5 -381.004 4.79481 122.966 1.61647 908.804 0.0864766 62.505 3096 77 1.10923 36.0411
1 226 7433.87 51.5 -180.247 1.70531 125.161 1.61647 767.89 0.00827534 65.1292 3096 77 1.27515 40.0308
1 227 7298.88 51.5 -167.393 0.917666 114.879 1.61647 846.727 0.0763799 67.5764 3024 77 1.26636 77.2349
1 228 7218.85 51.5 -404.236 2.71459 112.606 1.61647 879.807 0.113878 63.9835 2880 77 1.1639 18.1202
1 229 7314.5 51.5 -122.291 6.04107 93.1513 1.61647 1011.88 0.234879 64.6586 2880 77 1.30145 47.0455
1 230 7228.93 51.5 -136.812 3.03405 109.011 1.61647 926.06 0.130183 65.0901 2952 77 1.28985 39.6421
1 231 7291.94 51.5 -102.589 3.42346 99.7983 1.61647 843.943 0.103957 65.2193 2952 77 1.25635 85.4372
1 232 7120.74 51.5 -247.771 3.46224 93.9129 1.57623 865.014 0.115224 63.5042 2952 77 1.14722 49.1319
1 233 7061.83 51.5 -228.493 3.50136 103.807 1.57623 813.3 0.0364778 62.3867 2952 77 1.17538 31.6263
1 234 7047.17 51.5 27.1918 1.78114 107.027 1.57623 769.668 0.0382519 59.9992 2880 77 1.27252 29.0633
1 235 7089.75 51.5 -60.7605 -3.11622 120.416 1.57623 624.199 -0.0397762 61.8695 3024 77 1.22924 36.1986
1 236 7140.56 51.5 79.1353 -5.26794 145.259 1.57623 536.729 -0.172074 57.0946 2952 77 1.23863 10.4073
1 237 7309.53 51.5 294.389 -3.98254 133.548 1.57623 588.682 -0.0869276 49.7104 2952 77 1.25142 -38.6027
1 238 7228.99 51.5 649.597 -3.07195 135.166 1.57623 635.429 -0.0407999 49.576 2952 77 1.37097 -48.9141
1 239 7381.87 51.5 552.467 -5.07996 119.009 1.57623 625.768 -0.00917515 50.0227 3168 77 1.35729 -57.9303
1 240 7245.22 51.5 537.16 -4.76568 130.087 1.57623 588.419 -0.0382969 53.1879 3024 77 1.39608 -35.8653
1 241 7337.66 51.5 314.322 -2.48357 131.396 1.57623 663.547 -0.0407384 52.9763 3096 77 1.37409 -57.0103
1 242 7324.9 51.5 552.72 -2.3128 125.256 1.57623 721.021 0.0310437 52.0251 3024 77 1.49164 -69.0226
1 243 7343.12 51.5 368.032 -3.20166 127.825 1.64914 703.003 0.035934 57.361 3168 77 1.46186 -33.5258
1 244 7364.63 51.5 321.973 -2.78091 141.879 1.64914 642.116 -0.068767 55.4271 3168 77 1.43267 -23.8045
1 245 7442.41 51.5 233.376 -3.30567 144.499 1.64914 651.939 -0.0679518 56.8258 3096 77 1.3623 -14.1198
1 246 7493.62 51.5 247.987 -1.97632 140.561 1.64914 701.275 -0.0359238 56.391 3168 77 1.39856 -42.1853
1 247 7479.28 51.5 193.397 -2.26787 135.919 1.64914 707.04 -0.0254361 57.8777 3240 77 1.40134 -23.5965
1 248 7397.6 51.5 145.48 -1.62131 134.145 1.64914 673.534 -0.0432741 59.8188 3312 77 1.3763 -13.8536
1 249 7347.56 51.5 70.502 -2.47104 131.451 1.64914 634.1 -0.0727875 59.503 3240 77 1.36991 -12.759
1 250 7230.03 51.5 -64.9627 -3.15438 131.259 1.64914 683.005 -0.0137796 59.7844 3240 77 1.41745 -17.7435
1 251 7365.15 51.5 -36.5962 -1.98416 133.978 1.64914 679.18 -0.0710266 58.5732 3240 78.7 1.42922 -17.6275
1 252 7335.92 51.5 107.386 0.305754 142.426 1.64914 664.104 -0.162476 58.4949 3240 78.7 1.44384 -36.0647
1 253 7240.02 22.7 136.142 0.0888556 148.955 1.64914 547.696 -0.170855 58.3411 3240 78.7 1.41917 -8.62024
1 254 7438.05 22.7 207.395 -0.104028 153.168 1.55279 571.905 -0.176649 60.9927 3312 78.7 1.38803 36.5616
1 255 7419.72 22.7 -105.665 0.351402 155.053 1.55279 555.411 -0.132105 58.8757 3096 78.7 1.25557 -5.48846
1 256 7467.95 22.7 101.321 -3.22992 138.566 1.55279 545.28 -0.0120729 60.8872 3240 78.7 1.34711 40.0369
1 257 7392.66 22.7 55.6554 0.709093 134.616 1.55279 608.796 -0.0228075 58.7682 3168 78.7 1.29144 25.4063
1 258 7324.13 22.7 -82.8942 -2.20747 123.433 1.55279 647.521 0.0978933 58.9438 3240 78.7 1.28868 -3.24237
1 259 7271.94 22.7 105.521 1.9578 127.367 1.55279 709.721 0.0585738 61.6302 3168 78.7 1.41862 -2.91323
1 260 7366.21 22.7 -74.8135 2.0102 121.411 1.55279 685.863 0.0247366 60.2627 3024 78.7 1.34758 -4.17626
1 261 7253.89 22.7 87.8521 0.817801 123.94 1.55279 689.193 0.0667651 62.4933 3168 78.7 1.39531 33.8391
1 262 7409.12 22.7 -92.8698 -0.514817 131.903 1.55279 595.094 -0.00239942 61.6724 3168 78.7 1.28443 25.8601
1 263 7245.59 22.7 -37.1731 0.791255 123.169 1.55279 620.334 -0.00609157 59.0748 3024 78.7 1.26752 33.9325
1 264 7162.09 22.7 -23.2729 3.00049 116.041 1.55279 709.272 0.0564665 57.2856 3168 78.7 1.29335 -15.5581
1 265 7258.77 22.7 175.75 2.30136 121.798 1.56508 710.32 0.0590863 57.9868 2880 78.7 1.36392 16.1604
1 266 7309.34 22.7 -25.7339 0.0237258 108.466 1.56508 772.704 0.210897 61.8813 2736 78.7 1.30322 45.5122
1 267 7323.15 22.7 -35.2189 -0.216473 111.471 1.56508 791.165 0.225823 62.0523 2808 78.7 1.26216 37.0175
1 268 7447.37 22.7 35.8458 0.374008 100.706 1.56508 801.904 0.243065 57.5374 2880 78.7 1.22681 6.91389
1 269 7309.01 22.7 127.892 3.03582 94.6995 1.56508 781.184 0.19915 58.9846 2808 78.7 1.24434 22.8116
1 270 7160.62 22.7 -5.51698 0.740233 74.1708 1.56508 766.356 0.292619 59.5575 2952 78.7 1.23828 28.7564
1 271 7035.06 22.7 -55.418 2.64505 96.6583 1.56508 779.33 0.251669 61.8626 2952 78.7 1.27507 9.38233
1 272 7167.14 22.7 -183.638 1.8167 104.999 1.56508 760.871 0.163723 59.1653 2808 78.7 1.25635 -9.38167
1 273 7230.23 22.7 173.616 0.178838 111.03 1.56508 745.5 0.186011 61.3693 2808 78.7 1.39035 10.5641
1 274 7340.2 22.7 123.23 0.184946 134.247 1.56508 690.24 0.0462698 58.477 3024 78.7 1.27531 19.2509
1 275 7450.38 22.7 228.535 1.93948 125.707 1.56508 710.193 0.0557489 55.1445 3024 78.7 1.20008 19.4459
1 276 7355.4 22.7 187.693 2.58062 128.09 1.70182 714.526 0.0714509 57.5996 3168 78.7 1.20287 32.2011
1 277 7377.4 22.7 4.61404 5.51414 120.74 1.70182 737.875 -0.00134629 60.2502 3240 78.7 1.22417 45.9671
1 278 7200.69 22.7 -77.3295 5.32967 134.532 1.70182 723.752 -0.0594834 62.4787 3168 78.7 1.20063 32.1243
1 279 7253.13 22.7 -233.653 3.99394 139.268 1.70182 741.664 -0.0136581 66.5565 3240 78.7 1.25064 71.28
1 280 7432.34 22.7 -254.392 5.61099 145.357 1.70182 702.581 -0.0713379 66.6353 3096 78.7 1.19816 80.8704
1 281 7428.94 22.7 -419.087 4.35121 146.437 1.70182 692.489 -0.0569127 66.0726 3168 78.7 1.13324 76.8885
1 282 7415.31 22.7 -195.017 3.34754 143.283 1.70182 704.068 0.000654292 65.2083 3096 78.7 1.17123 83.4815
1 283 7414.07 22.7 -236.768 0.620791 132.162 1.70182 741.103 0.0945227 64.8592 3096 78.7 1.1116 69.2736
1 284 7465.85 22.7 -316.653 2.35891 136.163 1.70182 715.247 0.0387994 64.0544 3168 78.7 1.15517 61.8172
1 285 7444.93 22.7 -357.584 0.169047 126.362 1.70182 680.605 0.0592795 63.4727 3096 78.7 1.19489 35.6971
1 286 7339.87 22.7 -175.281 -0.42025 126.583 1.70182 694.684 0.10135 63.8809 3168 78.7 1.26883 35.3141
1 287 7426.89 22.7 -278.771 -1.00618 127.024 1.49351 723.726 0.132943 61.8078 3096 78.7 1.25596 42.1389
1 288 7496.47 22.7 -152.838 -2.72519 126.985 1.49351 649.899 0.0826575 61.4191 3024 78.7 1.32383 20.3057
1 289 7411.27 22.7 -43.3793 2.73784 99.8971 1.49351 750.684 0.155241 60.173 3096 78.7 1.37278 15.7694
1 290 7104.02 22.7 0.504432 2.10239 119.928 1.49351 714.849 0.0830655 57.5477 3096 78.7 1.33577 -7.19709
1 291 7244.32 22.7 45.1807 1.19507 98.4809 1.49351 784.835 0.210866 63.6105 2952 78.7 1.35159 20.5901
1 292 7159.26 22.7 -169.232 2.5803 87.7519 1.49351 798.428 0.25704 64.9889 2808 78.7 1.31637 32.0666
1 293 7057.53 22.7 -145.692 3.70874 99.8418 1.49351 757.222 0.135624 61.5158 2880 78.7 1.32099 19.3623
1 294 7060.15 22.7 199.172 3.85291 106.11 1.49351 809.39 0.160111 57.4713 2736 78.7 1.30411 19.1322
1 295 7262.77 34 132.988 2.03936 96.7524 1.49351 797.452 0.229321 61.2952 2736 78.7 1.21861 36.0308
1 296 7217.86 34 84.1443 -0.933429 111.216 1.49351 716.598 0.158165 60.3902 2664 78.7 1.21351 75.5846
1 297 7263.51 34 112.72 -0.672519 103.141 1.49351 773.462 0.21373 55.4509 2808 78.7 1.14828 27.9375
1 298 7291.41 34 304.735 -0.503343 89.9489 1.71702 740.366 0.171489 54.5224 2880 78.7 1.21475 4.82073
1 299 7035.66 34 244.546 0.0250903 101.885 1.71702 720.646 0.0881562 57.7408 3024 78.7 1.24101 -19.0467
1 300 7075.9 34 204.967 -0.912281 116.886 1.71702 655.799 0.0450816 56.7135 3024 78.7 1.30349 -26.1299
1 301 7231.24 34 263.681 0.493061 122.876 1.71702 693.475 0.0597525 58.1063 2952 43.8 1.34294 3.35887
1 302 7330.86 34 145.332 -3.90854 179.792 1.71702 578.676 -0.0563979 54.6593 2952 43.8 1.30842 -17.7607
1 303 7598.88 34 507.846 -2.2661 168.777 1.71702 618.413 -0.0344077 54.0561 3096 43.8 1.36178 2.32716
1 304 7083.78 34 363.679 -2.91631 178.929 1.71702 612.542 -0.0585823 53.3389 3240 43.8 1.22318 -36.4924
1 305 7173.47 34 272.431 -3.3819 171.188 1.71702 649.192 -0.0108035 57.3722 3384 43.8 1.27301 -1.08465
1 306 7170.45 34 115.806 -7.51702 168.348 1.71702 611.442 0.0660432 56.8458 3456 43.8 1.32193 -20.9117
1 307 7257.52 34 -76.7211 -5.26045 168.506 1.71702 587.306 0.00276363 61.583 3456 43.8 1.36134 -25.4066
1 308 7144.74 34 -58.8753 -7.98682 171.12 1.71702 530.03 0.0228047 56.6044 3384 43.8 1.4267 -50.0224
1 309 7238.76 34 136.377 -9.07765 166.707 1.37201 550.343 0.0474434 58.0146 3384 43.8 1.48793 -51.4821
1 310 7198.85 34 79.6395 -6.93401 149.68 1.37201 615.22 0.151764 54.1225 3240 43.8 1.51784 -100.368
1 311 7181.77 34 134.971 -6.39838 141.696 1.37201 674.002 0.192348 56.0227 3240 43.8 1.59852 -93.6675
1 312 7085.02 34 279.669 -5.85276 147.74 1.37201 675.203 0.187304 55.0234 3312 43.8 1.64134 -76.3482
1 313 7130.92 34 173.079 -7.75885 143.679 1.37201 648.362 0.174906 57.6852 3312 43.8 1.57553 -50.3656
1 314 7082.51 34 145.319 -4.32491 135.753 1.37201 687.929 0.184247 57.2119 3384 43.8 1.58362 -68.0736
1 315 6979.42 34 91.3638 -3.93032 137.897 1.37201 612.534 0.0491697 57.0272 3384 43.8 1.55753 -81.4648
1 316 6791.51 34 285.866 -3.64287 146.893 1.37201 635.214 0.0791674 58.4071 3384 43.8 1.56458 -47.1412
1 317 6960.42 34 96.1312 -5.24228 143.513 1.37201 582.342 0.0558872 58.5496 3240 43.8 1.48793 -65.0718
1 318 6887.9 34 205.657 -1.64982 141.225 1.37201 642.77 0.0458349 58.1882 3168 43.8 1.50944 -50.2698
1 319 6724.35 34 260.663 -2.87407 143.294 1.37201 578.915 0.0215761 54.0293 3240 43.8 1.49297 -69.2722
1 320 6785.29 34 541.781 -2.76599 144.577 1.40231 556.806 -0.017408 54.2028 3168 43.8 1.47924 -49.3469
1 321 6751 34 213.383 -1.68738 140.06 1.40231 585.486 -0.00558468 54.8147 3168 43.8 1.36713 -58.6186
1 322 6688.37 34 386.181 -1.98096 144.687 1.40231 614.389 -0.0033043 52.7052 3240 43.8 1.44506 -60.5158
1 323 6773.41 34 479.063 0.0163052 145.346 1.40231 620.991 -0.0319633 51.8597 3024 43.8 1.43229 -55.2127
1 324 6760.27 34 459.459 -1.85887 131.417 1.40231 624.461 0.0477331 53.1949 3168 43.8 1.371 -45.5578
1 325 6697.05 34 415.066 -2.29941 158.035 1.40231 552.347 -0.0998057 55.0176 3312 43.8 1.33889 -20.7511
1 326 6811.76 34 292.499 -3.00425 166.645 1.40231 503.486 -0.160923 52.0694 3240 43.8 1.29994 -67.485
1 327 6821.2 34 426.943 0.967836 158.299 1.40231 636.276 -0.064122 54.1041 3024 43.8 1.35167 -33.3888
1 328 6832.12 34 430.753 -0.727233 146.191 1.40231 620.695 0.00953992 53.9608 3312 43.8 1.3642 -41.971
1 329 6827.71 34 495.069 -1.45858 165.627 1.40231 608.573 -0.0903473 56.0316 3312 43.8 1.37006 -4.58535
1 330 6942.2 34 136.62 -0.805437 160.413 1.40231 566.42 -0.111581 54.3932 3384 43.8 1.24704 -33.5659
1 331 6841.5 34 346.194 3.06126 138.169 1.49181 597.929 -0.135927 55.8302 3240 43.8 1.36945 -10.7702
1 332 6496.01 34 138.479 3.37671 138.513 1.49181 654.041 -0.0528183 57.5934 3384 43.8 1.28427 -35.0311
1 333 6542.77 34 255.529 4.16467 145.349 1.49181 654.462 -0.137082 58.7488 3384 43.8 1.32278 -5.66422
1 334 6599.76 34 -54.4032 5.6115 157.594 1.49181 668.518 -0.152511 59.6314 3096 43.8 1.25746 8.39599
1 335 6701.63 34 62.0549 4.06087 155.146 1.49181 645.769 -0.137874 60.1016 3024 43.8 1.29031 31.9384
1 336 6703.69 34 256.468 4.16065 138.738 1.49181 754.002 -0.0349969 59.0137 2952 43.8 1.21437 41.3277
1 337 6646.2 77.3 116.245 4.2878 140.759 1.49181 891.104 0.0292803 57.8437 3096 43.8 1.03929 32.2997
1 338 6815.44 77.3 174.887 7.45604 135.587 1.49181 939.517 0.0240055 61.0393 3168 43.8 1.10198 39.5497
1 339 6700.12 77.3 -25.7667 4.23599 152.862 1.49181 851.85 -0.17741 62.6189 3096 43.8 1.08853 40.0096
1 340 6843.32 77.3 -78.6296 2.54448 150.726 1.49181 833.836 -0.132167 63.6789 3240 43.8 1.09944 72.0041
1 341 6830.68 77.3 -108.158 5.36486 144.255 1.49181 885.848 -0.0970358 60.4759 3096 43.8 1.06329 52.8999
1 342 6797.7 77.3 -184.03 6.08763 137.089 1.59058 896.554 -0.0961646 61.0034 3096 43.8 1.08634 22.0733
1 343 6717.9 77.3 79.4333 3.59998 145.495 1.59058 908.453 -0.0196408 61.0138 3096 43.8 1.19745 45.4458
1 344 6935.19 77.3 -203.452 2.69723 146.184 1.59058 933.297 -0.0011361 63.2191 3096 43.8 1.09289 34.7855
1 345 6959.6 77.3 -154.64 0.875599 152.552 1.59058 877.472 -0.0334207 62.9286 3024 43.8 1.14173 14.4315
1 346 7028.01 77.3 -93.9951 0.731515 151.66 1.59058 888.647 -0.0131922 62.9496 3168 43.8 1.19708 45.3262
1 347 7051.37 77.3 7.26535 2.22973 141.85 1.59058 897.876 0.00868196 57.6477 3240 43.8 1.17764 16.4125
1 348 6927.79 77.3 -74.7802 2.59604 151.753 1.59058 871.047 -0.0783957 62.8716 3312 43.8 1.19473 15.1264
1 349 6911 77.3 -173.536 -1.45117 164.441 1.59058 798.921 -0.0940769 61.4298 3312 43.8 1.25524 21.8361
1 350 7132.63 77.3 -265.899 -2.90017 154.063 1.59058 821.058 -0.0313009 64.3737 3096 43.8 1.2376 49.7132
1 351 7046.84 77.3 -324.041 -0.0393743 147.246 1.59058 842.355 -0.00300423 61.1959 3312 40.1 1.26045 -5.12094
1 352 6996.25 77.3 64.0675 -1.51232 164.637 1.59058 754.382 -0.133226 59.4324 3528 40.1 1.36003 -18.022
1 353 6999.5 77.3 81.5797 -0.705013 174.996 1.42529 772.95 -0.163678 60.0739 3384 40.1 1.33171 -3.74654
1 354 7095.72 77.3 -136.993 -0.586854 165.049 1.42529 797.614 -0.102562 62.1485 3312 40.1 1.30936 -9.10001
1 355 6968.57 77.3 -68.5509 -0.488896 138.671 1.42529 789.766 -0.0319561 62.8434 3312 40.1 1.39528 -2.08834
1 356 6748.02 77.3 -35.1089 -0.0455039 145.961 1.42529 854.307 -0.0151173 60.3658 3240 40.1 1.33597 -3.90742
1 357 6874.25 77.3 -92.3155 -1.17929 148.754 1.42529 892.837 0.0595011 59.868 3312 40.1 1.3244 -26.5302
1 358 7009.76 77.3 -26.7403 -1.44734 145.571 1.42529 827.11 0.0111872 62.9158 3096 40.1 1.38454 -24.0843
1 359 6880.3 77.3 -57.785 -4.27292 151.274 1.42529 786.751 0.0011218 61.9353 3168 40.1 1.38312 -17.7581
1 360 7037.73 77.3 156.824 -2.93666 146.77 1.42529 766.772 -0.0237945 54.9591 3312 40.1 1.36308 -29.0495
1 361 6906.12 77.3 145.795 -2.4897 146.898 1.42529 764.238 -0.0251629 57.1038 3240 40.1 1.3041 -50.4796
1 362 6845.02 77.3 101.302 -4.12729 146.137 1.42529 697.834 -0.0676182 57.1379 3312 40.1 1.41911 -46.4779
1 363 6794.66 77.3 285.629 -3.65261 139.637 1.42529 729.035 -0.0364701 53.4059 3240 40.1 1.48858 -60.76
1 364 6698.52 77.3 112.596 -3.38478 144.103 1.4162 754.314 -0.0583475 55.0327 3240 40.1 1.40848 -77.7152
1 365 6760.71 77.3 358.282 -1.18997 146.731 1.4162 746.01 -0.0845152 54.7311 3096 40.1 1.48871 -53.6733
1 366 6721.3 77.3 379.649 1.61917 132.074 1.4162 850.054 -0.00995998 55.9715 3024 40.1 1.48212 -51.4661
1 367 6734.36 77.3 359.297 2.10372 135.546 1.4162 930.157 0.0500174 55.3207 3024 40.1 1.41331 -24.3345
1 368 6817.08 77.3 356.664 1.48815 137.418 1.4162 932.162 0.0849716 58.5781 3096 40.1 1.35397 0.630026
1 369 6941.32 77.3 78.0588 -0.669024 154.209 1.4162 843.297 -0.047768 60.7804 3168 40.1 1.24485 11.3856
1 370 6957.26 77.3 101.928 1.22298 152.523 1.4162 851.325 -0.0600265 59.5967 3168 40.1 1.23091 19.281
1 371 6890.85 77.3 121.305 2.16528 152.717 1.4162 939.41 -0.0139576 58.4274 3384 40.1 1.20675 10.5281
1 372 6999.27 77.3 26.3001 3.66974 167.737 1.4162 846.765 -0.164048 62.9589 3456 40.1 1.23794 4.0599
1 373 6979.58 77.3 -56.1405 3.52593 179.409 1.4162 823.345 -0.163922 65.1675 3312 40.1 1.2484 46.6187
1 374 7063.86 77.3 -313.995 0.955362 182.478 1.4162 854.891 -0.112449 66.0264 3456 40.1 1.19746 57.4794
1 375 7202.1 77.3 -264.545 2.69363 179.298 1.38757 891.081 -0.128854 64.2031 3312 40.1 1.22339 31.4108
1 376 7130.27 77.3 -331.399 4.01984 164.525 1.38757 932.409 -0.0616141 63.6693 3384 40.1 1.20532 31.9258
1 377 7041.67 77.3 -209.851 1.54405 158.928 1.38757 874.339 -0.0368899 65.3382 3528 40.1 1.26205 50.6043
1 378 6968.09 77.3 -450.247 3.32044 155.175 1.38757 877.304 -0.103364 68.1466 3528 40.1 1.18562 38.9158
1 379 6879.12 48.4 -563.336 4.3949 149.253 1.38757 801.184 -0.0763843 68.3451 3456 40.1 1.21572 36.9523
1 380 6768.9 48.4 -367.13 5.55838 147.924 1.38757 778.719 -0.121832 67.767 3312 40.1 1.34107 32.1205
1 381 6667.51 48.4 -336.046 4.3593 138.946 1.38757 842.411 0.0283299 65.9545 3240 40.1 1.29454 35.5809
1 382 6758.15 48.4 -314.844 2.09465 146.969 1.38757 778.492 -0.0171045 65.1347 3168 40.1 1.26733 46.8634
1 383 6786.96 48.4 -191.515 2.31272 160.837 1.38757 785.577 -0.00522718 64.5994 3168 40.1 1.22212 52.9103
1 384 6895.91 48.4 -127.551 2.81552 149.393 1.38757 756.592 -0.0590055 59.7633 3168 40.1 1.18816 9.92042
1 385 6750.14 48.4 82.2574 4.53665 150.635 1.38757 800.019 -0.0214608 59.2292 3168 40.1 1.21947 17.8509
1 386 6719.16 48.4 -27.3572 3.18303 162.961 1.50625 788.227 -0.0482995 61.2885 3240 40.1 1.17622 15.9377
1 387 6936.87 48.4 -61.1821 -0.756486 163.619 1.50625 762.015 0.00307232 63.755 3168 40.1 1.20301 50.917
1 388 7004.71 48.4 -279.664 0.585606 153.952 1.50625 750.863 -0.0147494 65.3941 3096 40.1 1.15164 35.5158
1 389 6939.63 48.4 -111.522 0.646664 155.532 1.50625 792.062 0.0380882 59.2903 3240 40.1 1.21799 20.3931
1 390 6958.99 48.4 88.3266 0.383359 151.35 1.50625 768.872 0.00675797 58.1602 3312 40.1 1.24118 10.5047
1 391 6907.17 48.4 -61.8837 -1.4825 150.63 1.50625 734.569 0.0451521 63.1655 3240 40.1 1.25293 17.5412
1 392 6879.96 48.4 -200.34 -3.24454 150.097 1.50625 710.071 0.0559106 62.3834 3312 40.1 1.30417 14.3567
1 393 6920.96 48.4 -34.2298 -3.38748 153.312 1.50625 645.146 -0.0173044 59.3686 3384 40.1 1.33346 -15.1027
1 394 6878.31 48.4 9.6411 -3.32436 163.615 1.50625 591.974 -0.09134 58.7864 3384 40.1 1.36825 -49.9798
1 395 6896.51 48.4 281.805 -1.8357 161.276 1.50625 601.972 -0.084549 54.8538 3456 40.1 1.41564 -67.5336
1 396 6804.7 48.4 325.156 0.502045 156.145 1.50625 657.051 -0.0880463 55.067 3384 40.1 1.42269 -58.9293
1 397 6770.69 48.4 221.281 1.24591 145.911 1.41421 671.407 -0.111774 56.8511 3240 40.1 1.42462 -52.2856
1 398 6605.29 48.4 179.731 -3.71949 145.344 1.41421 673.533 -0.00125471 58.247 3384 40.1 1.44216 -15.6938
1 399 6835.79 48.4 99.2334 -3.2401 156.978 1.41421 544.831 -0.156657 59.1402 3240 40.1 1.34777 -22.6683
1 400 6680.4 48.4 119.674 -1.18665 145.871 1.41421 579.273 -0.113521 54.9775 3024 40.1 1.32363 -46.9312
1 401 6551.57 48.4 428.224 -1.31758 148.012 1.41421 700.236 0.00758586 52.3302 3168 50.1 1.37549 -63.0582
1 402 6779.24 48.4 579.511 -2.41296 143.569 1.41421 696.287 0.0175567 51.9877 3096 50.1 1.41811 -44.0756
1 403 6857.35 48.4 358.398 -4.5225 156.815 1.41421 648.947 -0.000686145 55.9107 2952 50.1 1.34057 -35.114
1 404 7153.46 48.4 364.475 -7.09532 149.768 1.41421 624.937 0.0231838 53.1019 3024 50.1 1.35758 -21.023
1 405 7120.08 48.4 534.105 -6.76861 145.461 1.41421 640.267 0.038593 49.0966 3024 50.1 1.31483 -60.821
1 406 7085.61 48.4 375.388 -2.80826 126.747 1.41421 726.756 0.106974 50.1611 3240 50.1 1.29734 -91.2324
1 407 6938.69 48.4 416.591 -0.381369 118.642 1.41421 751.525 0.127057 52.6298 3168 50.1 1.45675 -72.5868
1 408 6806.65 48.4 285.924 -0.981701 123.025 1.4763 747.909 0.104359 57.3685 3240 50.1 1.4662 -47.6131
1 409 6821.07 48.4 190.139 -2.21661 127.663 1.4763 703.41 0.0577711 57.4514 3024 50.1 1.45258 -35.262
1 410 6869.33 48.4 146.399 -2.61902 123.991 1.4763 697.332 0.0770197 57.3495 3024 50.1 1.43422 -36.5882
1 411 6801.55 48.4 268.769 -3.88389 123.628 1.4763 613.537 0.0658208 54.6044 3024 50.1 1.43474 -39.4846
1 412 6759.71 48.4 388.203 -6.32697 128.495 1.4763 582.252 0.0447606 53.0979 2952 50.1 1.34563 -49.238
1 413 6827.34 48.4 465.06 -4.74889 136.88 1.4763 618.607 0.038889 48.6835 3096 50.1 1.39043 -95.6552
1 414 6924.45 48.4 625.799 -6.22374 158.265 1.4763 562.463 -0.0547322 48.7463 3096 50.1 1.45997 -95.1173
1 415 7071.91 48.4 734.471 -4.36522 167.602 1.4763 607.638 -0.0546204 48.7802 3096 50.1 1.48855 -79.1103
1 416 7158.45 48.4 702.711 -0.770215 161.866 1.4763 725.076 -0.0511599 46.8016 3168 50.1 1.43301 -81.2731
1 417 7191.33 48.4 616.241 0.0636966 150.394 1.4763 737.959 -0.0184077 51.2611 3168 50.1 1.40617 -44.8098
1 418 7105.96 48.4 342.172 -0.565789 140.714 1.4763 809.772 0.0937283 59.8432 3312 50.1 1.36307 -18.5433
1 419 7119.86 48.4 -112.663 -2.42092 139.927 1.52053 706.763 0.0311431 60.9064 3312 50.1 1.24149 8.27572
1 420 7030.98 48.4 -153.233 -4.76876 148.873 1.52053 671.025 0.0398715 61.5691 3240 50.1 1.33301 -2.00788
1 421 7139.37 55.6 -213.094 -3.85701 155.378 1.52053 718.956 0.046114 59.7755 3312 50.1 1.34488 -12.1868
1 422 7174.42 55.6 111.32 -2.89656 135.485 1.52053 699.686 0.0314677 54.7176 3240 50.1 1.43718 -55.6102
1 423 6915.98 55.6 237.214 -4.47194 157.207 1.52053 674.417 -0.0224798 58.1512 3384 50.1 1.4664 -52.9717
1 424 7147.97 55.6 235.065 -2.99777 159.982 1.52053 704.099 -0.0789141 55.2645 3384 50.1 1.42319 -43.2233
1 425 7142.32 55.6 114.573 -5.76407 152.436 1.52053 596.591 -0.053384 56.1241 3240 50.1 1.42458 -46.5971
1 426 6997.12 55.6 120.922 -4.23359 148.719 1.52053 657.215 -0.0256039 59.7439 3384 50.1 1.45478 -29.634
1 427 7116.47 55.6 213.143 -4.33291 156.111 1.52053 622.317 -0.066013 50.9468 3456 50.1 1.41438 -79.5186
1 428 7100.53 55.6 252.152 -5.17107 164.283 1.52053 545.519 -0.153024 58.4605 3240 50.1 1.45896 -47.3991
1 429 7030.14 55.6 236.353 -3.75763 150.158 1.52053 690.732 -0.031949 57.1846 3384 50.1 1.48779 -70.0606
1 430 7062.99 55.6 269.985 -2.78663 155.491 1.38284 661.576 -0.0674949 52.4165 3384 50.1 1.49936 -81.4319
1 431 7058.82 55.6 331.467 1.36848 160.24 1.38284 703.787 -0.143796 57.3974 3312 50.1 1.49541 -43.3776
1 432 7006.95 55.6 166.55 2.661 150.452 1.38284 801.785 -0.0574217 57.05 3240 50.1 1.42323 -41.1156
1 433 6972.55 55.6 236.138 2.75848 148.558 1.38284 853.346 0.0161791 60.4984 3240 50.1 1.41825 -8.13799
1 434 7078.79 55.6 -109.1 2.31059 148.557 1.38284 851.376 -0.0171459 64.4477 3096 50.1 1.27397 19.6789
1 435 NaN 55.6 -211.399 3.655 140.14 1.38284 894.795 0.0654049 64.2768 3024 50.1 1.25727 33.6951
1 436 7067.9 55.6 -164.06 1.41802 139.903 1.38284 916.55 0.125254 63.4824 3096 50.1 1.21192 49.8862
1 437 7221.34 55.6 -147.144 0.650157 133.026 1.38284 875.835 0.107802 64.1415 3024 50.1 1.18273 55.5178
1 438 7070.07 55.6 -323.247 1.38255 127.811 1.38284 918.051 0.184711 63.1256 3096 50.1 1.17183 33.2177
1 439 7143.06 55.6 -208.737 0.565645 138.708 1.38284 905.966 0.134015 61.0637 3312 50.1 1.2615 31.7978
1 440 7196.78 55.6 -73.3803 -0.347797 158.888 1.38284 830.961 0.0311442 63.2703 3168 50.1 1.30322 12.4258
1 441 7301.05 55.6 -273.991 0.771122 147.692 1.42362 839.616 0.0308982 66.3532 3240 50.1 1.2847 31.7887
1 442 7100.37 55.6 -263.948 1.36036 146.064 1.42362 866.949 0.0498343 65.0899 3240 50.1 1.30095 31.0768
1 443 7091.74 55.6 -282.587 5.29796 125.048 1.42362 962.905 0.0920956 63.6592 3312 50.1 1.26375 22.9939
1 444 6896.35 55.6 -319.772 8.20015 118.854 1.42362 944.368 0.0772422 68.2845 3240 50.1 1.30285 53.0781
1 445 6783.13 55.6 -519.237 5.41238 128.096 1.42362 915.937 0.0313948 70.124 3240 50.1 1.24894 54.0405
1 446 6809.34 55.6 -416.589 6.92054 120.716 1.42362 920.994 0.0658607 69.525 3096 50.1 1.26278 54.5577
1 447 6723.88 55.6 -462.529 6.0741 140.643 1.42362 885.533 -0.0097692 68.0313 2952 50.1 1.16665 68.7643
1 448 6959.78 55.6 -241.453 3.2019 133.619 1.42362 900.503 0.058468 64.1924 2880 50.1 1.19601 65.8676
1 449 6959.85 55.6 -114.063 4.44608 125.064 1.42362 946.879 0.14857 63.5782 2808 50.1 1.11295 71.0154
1 450 6989 55.6 -137.824 2.8767 129.115 1.42362 938.71 0.155744 61.9182 3024 50.1 1.07888 52.9591
1 451 7092.97 55.6 -23.4782 2.69668 135.122 1.42362 882.447 0.0927823 60.7937 3024 46.1 1.12228 54.3019
1 452 7026.34 55.6 -230.514 5.12705 110.803 1.5408 903.929 0.136098 62.4611 3024 46.1 1.08445 47.207
1 453 6744.33 55.6 -137.427 1.6752 118.293 1.5408 868.032 0.149213 62.7419 3168 46.1 1.19295 24.194
1 454 6802.74 55.6 -174.679 1.90142 125.403 1.5408 838.295 0.0884968 63.4088 3096 46.1 1.22326 19.743
1 455 6800.03 55.6 -205.944 1.3272 122.256 1.5408 865.941 0.133221 60.7475 2880 46.1 1.24926 12.7135
1 456 6850.05 55.6 26.3381 3.58482 110.844 1.5408 875.308 0.143694 61.3241 3024 46.1 1.34844 7.39252
1 457 6688.01 55.6 216.264 0.183168 125.848 1.5408 764.396 0.0523237 56.8139 3024 46.1 1.30135 6.31335
1 458 6722.52 55.6 129.118 -1.04219 133.534 1.5408 780.641 0.100429 58.101 3024 46.1 1.19788 9.93796
1 459 7004.68 55.6 129.115 -5.80092 159.457 1.5408 736.882 0.081711 53.9861 2952 46.1 1.22995 -27.4174
1 460 7275.06 55.6 249.114 -4.08586 168.325 1.5408 706.286 0.0202305 54.6622 3096 46.1 1.31272 -52.1704
1 461 7280.89 55.6 466.455 -5.10376 178.724 1.5408 620.668 -0.119357 52.7521 3240 46.1 1.35782 -39.2388
1 462 7265.48 55.6 421.91 -3.9405 161.28 1.5408 667.046 -0.0312299 53.1983 3456 46.1 1.30803 -40.6098
1 463 7100.02 64.3 214.568 -3.3352 151.406 1.55906 734.089 0.00104686 56.2065 3528 46.1 1.32833 -45.3678
1 464 7086.91 64.3 -109.144 -2.72844 149.841 1.55906 722.298 -0.0478051 61.0278 3528 46.1 1.41328 -51.2789
1 465 6921.68 64.3 -52.0529 -1.44385 149.375 1.55906 694.263 -0.068116 61.632 3384 46.1 1.50639 -20.3349
1 466 6883.56 64.3 -77.7097 -2.17435 146.613 1.55906 715.246 -0.0507758 62.3713 3240 46.1 1.47396 -21.6695
1 467 6892.73 64.3 66.0876 -1.61148 137.829 1.55906 748.096 0.00450679 58.3192 3168 46.1 1.46195 -11.7247
1 468 6838.93 64.3 66.8339 -3.13211 139.728 1.55906 729.398 -0.0208072 58.0963 2952 46.1 1.4326 -39.9954
1 469 6863.85 64.3 207.949 -0.253338 127.554 1.55906 853.86 0.100412 56.6614 3024 46.1 1.43098 -33.9571
1 470 6903.37 64.3 286.052 1.86383 123.295 1.55906 858.721 0.0985706 53.9678 3096 46.1 1.36847 -44.4571
1 471 6861.15 64.3 243.798 0.877058 136.689 1.55906 811.748 0.0200533 58.9946 3168 46.1 1.36562 -4.09939
1 472 6924.62 64.3 162.038 4.71817 135.684 1.55906 823.378 -0.0772025 58.4352 3240 46.1 1.29505 -17.6642
1 473 6691.37 64.3 126.849 2.86523 145.761 1.55906 771.09 -0.126402 58.4505 3240 46.1 1.29552 -3.09971
1 474 6762.23 64.3 99.0634 0.252942 166.12 1.48148 721.417 -0.136343 61.4742 3312 46.1 1.27791 33.6345
1 475 6984.27 64.3 -2.23206 -1.10746 168.02 1.48148 735.963 -0.145075 61.7291 3096 46.1 1.22551 23.5935
1 476 7053.19 64.3 -14.2985 -0.339278 167.913 1.48148 763.494 -0.10844 59.2601 3168 46.1 1.21759 -8.09192
1 477 7109.6 64.3 205.275 -1.4497 164.446 1.48148 744.54 -0.101833 56.4703 3240 46.1 1.24997 -1.64735
1 478 7060.42 64.3 196.446 -0.75966 157.24 1.48148 818.435 -0.0141527 57.8393 3384 46.1 1.2103 5.10624
1 479 7166.34 64.3 -76.7544 -3.95462 171.337 1.48148 690.159 -0.0879437 60.8694 3456 46.1 1.21187 -0.311987
1 480 7234.79 64.3 -91.0758 -1.66945 176.959 1.48148 717.96 -0.106233 61.8364 3240 46.1 1.30623 -2.00381
1 481 7187.73 64.3 -159.031 -4.56367 151.696 1.48148 769.397 0.0514456 58.2352 3240 46.1 1.33216 -28.3963
1 482 7166.9 64.3 124.854 -2.61374 147.405 1.48148 794.567 0.0595795 60.3065 3384 46.1 1.45398 1.25631
1 483 7139.15 64.3 -154.631 -6.16587 144.346 1.48148 667.991 -0.00124333 60.6484 3456 46.1 1.36245 -32.4712
1 484 7009.43 64.3 -62.7991 -4.45579 158.56 1.48148 658.184 -0.0822961 59.9753 3456 46.1 1.47118 -21.8303
1 485 6994.98 64.3 -90.1006 -5.87211 162.631 1.28451 644.599 -0.0717578 56.5704 3456 46.1 1.48228 -74.669
1 486 7057.88 64.3 251.607 -5.21847 169.247 1.28451 643.857 -0.126201 57.5126 3384 46.1 1.57 -67.4793
1 487 7140.71 64.3 141.224 -4.65948 172.923 1.28451 595.11 -0.168686 55.0281 3384 46.1 1.49349 -69.8146
1 488 7084.88 64.3 383.404 -3.51134 168.877 1.28451 674.116 -0.110784 56.2076 3456 46.1 1.52565 -50.0437
1 489 7191.94 64.3 235.89 -2.97109 173.912 1.28451 623.902 -0.18689 57.3866 3528 46.1 1.43672 -63.7164
1 490 7125.73 64.3 231.139 -2.77054 172.17 1.28451 706.29 -0.127904 58.0168 3456 46.1 1.48198 -34.3701
1 491 7130.91 64.3 81.7165 0.34544 166.77 1.28451 727.95 -0.142313 60.1675 3456 46.1 1.4227 -42.7344
1 492 7037.97 64.3 53.8333 0.921005 148.842 1.28451 786.221 -0.0562134 60.9907 3240 46.1 1.44137 -14.6705
1 493 6881.9 64.3 -147.377 3.746 127.12 1.28451 902.499 0.0313174 64.593 3240 46.1 1.36405 20.9946
1 494 6764.14 64.3 -214.738 5.03556 112.728 1.28451 942.011 0.0945009 64.1709 3096 46.1 1.36555 21.7442
1 495 6655.12 64.3 -211.199 3.58851 123.938 1.28451 956.703 0.145952 66.17 3024 46.1 1.3421 40.248
1 496 6890.2 64.3 -283.614 5.15841 120.807 1.32999 991.286 0.121648 65.7395 2880 46.1 1.26561 31.2422
1 497 6809.87 64.3 -123.233 4.85538 135.538 1.32999 1000.12 0.0872376 62.6032 2736 46.1 1.24324 21.2191
1 498 7036.32 64.3 -15.2183 2.19531 137.664 1.32999 982.674 0.12889 63.2633 3024 46.1 1.19529 52.2489
1 499 7128.21 64.3 19.4925 3.01298 148.369 1.32999 958.968 0.0734152 61.7913 3024 46.1 1.12075 70.6693
1 500 7149.76 64.3 -311.211 3.81063 151.686 1.32999 953.898 0.0370679 64.1024 3240 46.1 1.03482 33.6656
1 501 7157.92 64.3 -95.1613 7.93297 150.9 1.32999 992.505 -0.00936406 63.0035 3312 26.9 1.16108 49.2371
1 502 7067.82 64.3 -360.029 6.16635 153.792 1.32999 932.323 -0.0122696 67.5635 3456 26.9 1.14836 65.4228
1 503 6900.05 64.3 -477.166 3.33658 161.678 1.32999 850.098 -0.0577909 73.4312 3528 26.9 1.17512 110.997
1 504 6648.36 64.3 -793.209 5.13849 166.218 1.32999 849.155 -0.115638 71.2125 3312 26.9 1.10254 60.7294
1 505 6698.26 67.7 -580.288 7.24212 149.098 1.32999 918.493 -0.0287121 67.1252 3168 26.9 1.16079 41.0224
1 506 6516.36 67.7 -313.562 5.67655 140.059 1.32999 935.04 0.0619741 67.1489 3240 26.9 1.25743 53.1972
1 507 6478.2 67.7 -281.507 4.11029 142.59 1.30379 829.173 -0.0699139 65.5906 3312 26.9 1.20063 52.8556
1 508 6414.16 67.7 -269.936 3.85921 147.447 1.30379 821.243 -0.0625116 63.892 3168 26.9 1.14637 48.6342
1 509 6491.12 67.7 -205.047 5.26599 147.438 1.30379 862.728 -0.0573649 60.5608 3096 26.9 1.16068 15.2249
1 510 6466.43 67.7 93.4852 1.79191 141.986 1.30379 801.735 -0.0203037 58.6373 3096 26.9 1.23232 8.34112
1 511 6441.49 67.7 74.9788 0.546441 144.021 1.30379 759.811 -0.0610871 61.4069 3096 26.9 1.1776 26.2532
1 512 6479 67.7 31.7797 2.93162 143.559 1.30379 840.161 -0.0321903 56.6215 3096 26.9 1.11743 -29.612
1 513 6457.63 67.7 276.649 0.440336 157.712 1.30379 748.549 -0.107938 54.4991 3168 26.9 1.23726 -14.8303
1 514 6581.35 67.7 354.867 -1.39034 156.352 1.30379 702.537 -0.0941364 56.1935 3168 26.9 1.2534 16.183
1 515 6618.96 67.7 133.099 -1.86369 149.831 1.30379 678.949 -0.0723985 55.4262 3096 26.9 1.15686 -29.6581
1 516 6477.43 67.7 217.359 -2.60453 148.349 1.30379 709.648 -0.0417606 52.4254 3168 26.9 1.2119 -34.9494
1 517 6550.42 67.7 445.509 -3.3153 140.117 1.30379 677.53 0.0014703 51.9471 3240 26.9 1.31898 -57.0917
1 518 6502.52 67.7 395.254 -5.42713 161.101 1.52625 580.658 -0.121262 53.3802 3024 26.9 1.34018 -75.689
1 519 6589.24 67.7 421.683 -3.57107 144.138 1.52625 681.182 -0.0209298 51.3683 3024 26.9 1.38971 -85.9016
1 520 6507.84 67.7 621.248 -5.72374 151.914 1.52625 735.804 0.0528134 46.8451 3024 26.9 1.43356 -122.537
1 521 6709.17 67.7 803.116 -5.69513 156.75 1.52625 722.915 0.0703357 49.7467 2952 26.9 1.43692 -79.6948
1 522 6827.49 67.7 611.361 -4.80817 144.474 1.52625 776.028 0.134073 51.0714 3024 26.9 1.42964 -84.2118
1 523 6798.77 67.7 538.305 -1.59992 152.039 1.52625 786.328 0.0442664 50.2349 3168 26.9 1.40316 -96.7425
1 524 6697.7 67.7 616.173 -2.81421 154.065 1.52625 769.608 0.0442141 52.291 3312 26.9 1.42413 -85.2359
1 525 6776.9 67.7 386.36 -4.70019 169.854 1.52625 712.461 -0.0151619 56.7512 3384 26.9 1.40756 -52.8494
1 526 6837.91 67.7 126.895 -1.66351 160.822 1.52625 801.574 0.00394031 56.8078 3240 26.9 1.37969 -40.8647
1 527 6795.35 67.7 144.363 -1.56213 156.228 1.52625 798.38 0.019433 56.1227 3312 26.9 1.43742 -91.1164
1 528 6756.65 67.7 316.81 -1.25172 163.865 1.52625 758.319 -0.00876543 58.9449 3240 26.9 1.45182 -23.8151
1 529 6819.19 67.7 -23.9004 -2.27428 149.791 1.40776 813.518 0.0913921 58.8896 3312 26.9 1.32234 -45.7309
1 530 6752.34 67.7 -15.5349 -0.258981 168.906 1.40776 835.232 -0.000946791 58.3009 3240 26.9 1.36661 -65.6931
1 531 6877.31 67.7 139.932 1.81375 153.14 1.40776 917.356 0.0798643 59.2878 3312 26.9 1.42929 -36.3632
1 532 6803.62 67.7 115.525 0.86574 172.923 1.40776 859.542 -0.02703 60.6142 3384 26.9 1.40899 -7.22121
1 533 6921.98 67.7 -83.5598 2.69831 183.229 1.40776 843.808 -0.0873955 63.9915 3384 26.9 1.3039 2.21674
1 534 6943.66 67.7 -171.216 2.15236 167.783 1.40776 878.619 -0.0351594 63.2407 3456 26.9 1.28765 23.9849
1 535 6863.48 67.7 -269.681 1.91483 168.861 1.40776 783.01 -0.0937419 67.5152 3456 26.9 1.24866 51.7413
1 536 6761 67.7 -332.273 2.90827 151.638 1.40776 896.735 0.0333461 65.8225 3528 26.9 1.24327 32.7855
1 537 6674.27 67.7 -395.562 2.99546 164.615 1.40776 856.004 -0.0448246 64.6925 3384 26.9 1.22161 18.3352
1 538 6765.57 67.7 -302.267 2.70006 169.263 1.40776 864.071 -0.034632 66.3886 3384 26.9 1.32691 11.7662
1 539 6798.32 67.7 -319.156 1.24915 172.938 1.40776 811.819 -0.0904375 65.7819 3312 26.9 1.27584 27.6313
1 540 6750.43 67.7 -187.595 0.000257823 165.807 1.28548 777.382 -0.0830254 65.2868 3240 26.9 1.27277 20.7666
1 541 6782.87 67.7 -152.866 -0.6116 154.443 1.28548 759.251 -0.0145376 62.688 3384 26.9 1.20615 23.7518
1 542 6672.46 67.7 -121.335 0.468822 156.472 1.28548 785.073 -0.0546857 61.549 3312 26.9 1.21914 -3.39458
1 543 6617.25 67.7 -114.146 1.59878 147.152 1.28548 849.077 0.0134742 58.9399 3240 26.9 1.28042 -47.0861
1 544 6599.59 67.7 145.22 1.59574 145.864 1.28548 842.673 0.00466315 59.6148 3168 26.9 1.40221 -15.2183
1 545 6608.85 67.7 34.4968 2.12678 139.161 1.28548 866.57 0.0480638 61.7193 3168 26.9 1.3281 9.2489
1 546 6500.61 67.7 56.9843 1.96849 140.217 1.28548 857.325 0.0102458 60.9873 3024 26.9 1.30487 -8.95851
1 547 6518.69 37.4 39.8682 0.233322 127.986 1.28548 757.954 0.086113 59.0279 3024 26.9 1.27037 -7.93779
1 548 6539.8 37.4 78.7135 1.4552 133.603 1.28548 783.17 0.115907 58.3479 3024 26.9 1.24936 -9.23653
1 549 6622.45 37.4 132.746 1.88495 146.273 1.28548 797.137 0.143596 55.6147 3168 26.9 1.25201 -33.6046
1 550 6679.08 37.4 375.792 3.59389 154.549 1.28548 804.799 0.0645669 55.6365 3024 26.9 1.33412 -18.6754
1 551 6667.33 37.4 180.336 3.1285 148.287 1.55691 830.679 0.127996 58.3287 3168 41.1 1.2549 5.27499
1 552 6723.95 37.4 184.52 1.59159 150.798 1.55691 765.968 0.0459034 59.9675 3240 41.1 1.20435 27.5955
1 553 6724.31 37.4 -54.2523 -1.82058 160.487 1.55691 695.13 0.0441439 61.1141 3240 41.1 1.14758 2.84278
1 554 7035.19 37.4 -166.242 -1.37827 143.55 1.55691 680.454 0.0808026 59.8647 3096 41.1 1.17791 17.8391
1 555 6835.4 37.4 -60.7343 -3.57944 139.536 1.55691 667.94 0.149758 57.5825 3168 41.1 1.23973 -7.34142
1 556 6857.6 37.4 177.608 -2.65741 123.578 1.55691 652.631 0.122429 56.0835 3384 41.1 1.32169 -34.1236
1 557 6639.73 37.4 250.785 -2.52876 133.251 1.55691 590.266 0.0259268 53.3723 3240 41.1 1.35579 -76.6627
1 558 6590.67 37.4 257.754 -2.79845 138.403 1.55691 610.431 0.0470518 55.5079 3168 41.1 1.44269 -71.1445
1 559 6698.48 37.4 356.738 3.29388 136.031 1.55691 704.167 9.91977e-05 52.2227 3024 41.1 1.50548 -64.194
1 560 6623.7 37.4 378.565 2.07084 131.412 1.55691 737.952 0.0374127 53.2683 2952 41.1 1.44278 -58.0693
1 561 6624.01 37.4 607.908 1.40239 123.795 1.55691 721.203 0.0882736 57.2357 3024 41.1 1.42531 16.0818
1 562 6558.9 37.4 236.284 -1.97153 133.715 1.56535 667.507 0.107162 55.9478 2880 41.1 1.2003 -19.5148
1 563 6702.14 37.4 194.884 -3.82505 126.86 1.56535 625.106 0.0885946 54.8315 2952 41.1 1.22455 -5.40395
1 564 6637.57 37.4 373.116 -2.21219 126.062 1.56535 626.498 0.0774559 50.904 2952 41.1 1.24729 -56.8527
1 565 6611.76 37.4 553.94 -2.24751 132.081 1.56535 592.108 0.056741 50.169 3096 41.1 1.33632 -81.6678
1 566 6579.5 37.4 704.178 -5.42469 128.608 1.56535 577.912 0.0695751 49.6435 2952 41.1 1.35641 -72.8025
1 567 6604.62 37.4 532.437 -5.42419 131.408 1.56535 570.356 0.0812167 49.5855 2952 41.1 1.34184 -77.3687
1 568 6662.76 37.4 690.555 -2.90862 119.311 1.56535 628.662 0.0970959 45.5171 2880 41.1 1.41183 -114.259
1 569 6585.01 37.4 833.135 -3.04754 120.865 1.56535 636.014 0.110322 45.9669 2880 41.1 1.44018 -97.1257
1 570 6612.31 37.4 818.857 -4.55567 133.875 1.56535 670.119 0.153792 49.8687 2880 41.1 1.434 -79.5733
1 571 6847.34 37.4 640.955 -4.95362 142.203 1.56535 680.245 0.156883 47.9151 2808 41.1 1.36392 -68.7287
1 572 6928.5 37.4 621.422 -2.14076 133.522 1.56535 751.834 0.166256 50.025 2952 41.1 1.35954 -56.8839
1 573 6969.04 37.4 676.048 -5.70034 149.167 1.58201 687.905 0.138335 48.2349 3168 41.1 1.37691 -76.1132
1 574 7031.64 37.4 569.033 -4.10043 142.887 1.58201 667.332 0.12923 52.9742 3168 41.1 1.35976 -22.1048
1 575 6881.72 37.4 207.265 -1.92073 139.353 1.58201 700.884 0.123532 55.1672 3168 41.1 1.29489 -59.9359
1 576 6843.9 37.4 209.069 0.75858 118.769 1.58201 744.089 0.141547 56.7007 3168 41.1 1.40661 -53.7958
1 577 6600.89 37.4 297.002 0.51972 130.398 1.58201 762.098 0.137477 56.7337 3096 41.1 1.45367 -38.6819
1 578 6729.06 37.4 99.638 2.23391 114.532 1.58201 832.564 0.174763 59.3502 3096 41.1 1.41745 -18.8955
1 579 6601.63 37.4 151.286 3.77361 112.046 1.58201 821.238 0.169872 58.2202 2880 41.1 1.41046 -9.39821
1 580 6526.13 37.4 141.212 -0.415656 117.504 1.58201 726.282 0.129658 60.0265 2952 41.1 1.33271 12.1437
1 581 6621.17 37.4 180.953 -2.61969 129.529 1.58201 687.544 0.126428 56.9721 2736 41.1 1.2515 13.7819
1 582 6728.51 37.4 85.7723 -3.98552 118.434 1.58201 735.183 0.226216 53.4371 2664 41.1 1.16943 -40.2529
1 583 6789.16 37.4 467.894 -3.55391 105.33 1.58201 709.855 0.266902 51.9412 2880 41.1 1.31678 -53.8791
1 584 6601.33 37.4 597.894 -2.06647 125.035 1.61201 695.466 0.121797 48.3127 2952 41.1 1.31601 -60.3942
1 585 6653.22 37.4 531.727 -1.89016 137.48 1.61201 736.193 0.120631 47.2859 3096 41.1 1.33387 -97.7744
1 586 6900.35 37.4 598.11 -0.874698 140.963 1.61201 746.73 0.1226 54.0208 3024 41.1 1.40793 -52.8233
1 587 6938.15 37.4 357.879 -3.96345 153.937 1.61201 672.452 0.0638285 54.723 3024 41.1 1.35945 -42.0324
1 588 6968.31 37.4 432.313 -3.74384 145.075 1.61201 665.548 0.110011 53.1005 3024 41.1 1.29872 -16.7949
1 589 6921.49 47.8 269.501 -3.33337 140.08 1.61201 756.304 0.169417 53.6732 3168 41.1 1.23114 -43.5298
1 590 6952.49 47.8 245.338 -4.1073 151.691 1.61201 688.86 0.0948475 52.8951 3240 41.1 1.31397 -62.3808
1 591 7012.78 47.8 265.108 -4.36609 144.666 1.61201 657.163 0.0510359 57.1838 3168 41.1 1.44158 -55.5204
1 592 6868.76 47.8 136.7 -7.5811 137.658 1.61201 580.726 0.0470613 54.4219 3312 41.1 1.41085 -55.4599
1 593 6758.96 47.8 264.413 -6.3819 147.295 1.61201 541.842 -0.0399087 53.347 3384 41.1 1.45494 -71.289
1 594 6760.09 47.8 308.495 -6.61461 151.353 1.61201 546.107 -0.0239756 51.1797 3312 41.1 1.48485 -109.934
1 595 6827.73 47.8 470.1 -7.52245 155.434 1.36741 541.598 -0.0654606 52.2514 3096 41.1 1.56726 -106.618
1 596 6853.96 47.8 535.463 -4.93747 145.267 1.36741 608.577 0.0318463 50.707 3024 41.1 1.56422 -109.59
1 597 6866.35 47.8 684.139 -5.31998 145.526 1.36741 688.672 0.103743 49.5427 3024 41.1 1.53598 -98.1393
1 598 6967.94 47.8 635.4 -3.4598 141.363 1.36741 756.497 0.134567 49.5827 3096 41.1 1.48146 -71.9006
1 599 6983.12 47.8 538.462 -1.31622 144.967 1.36741 785.255 0.122669 51.8504 3024 41.1 1.46063 -70.4863
1 600 7056.61 47.8 425.023 1.36217 138.89 1.36741 842.785 0.143376 55.8358 3312 41.1 1.44671 -57.6409
1 601 6960.63 47.8 265.15 2.43565 151.399 1.36741 823.593 0.0367526 57.7829 3384 34.1 1.37551 -21.9671
1 602 6984.07 47.8 -25.0615 -0.506755 160.005 1.36741 735.758 -0.0163835 63.544 3312 34.1 1.32133 7.44567
1 603 6946.38 47.8 -215.134 -1.56753 163.446 1.36741 748.958 0.0142591 66.2316 3312 34.1 1.30925 31.5023
1 604 6926.07 47.8 -296.273 1.55211 152.827 1.36741 816.744 0.0656681 61.5581 3240 34.1 1.24259 -4.93513
1 605 6844.72 47.8 -36.0795 2.87858 148.961 1.36741 857.008 0.0902125 61.704 3240 34.1 1.352 -1.36187
1 606 6849.13 47.8 -11.3069 1.09909 152.196 1.35286 834.559 0.0690782 63.0003 3240 34.1 1.35892 17.1541
1 607 6867.86 47.8 -127.269 1.52783 159.696 1.35286 828.296 0.0944232 63.9318 3240 34.1 1.26577 36.1271
1 608 6955.45 47.8 -335.201 -0.358984 168.249 1.35286 834.009 0.0779598 63.5668 3168 34.1 1.23073 42.4948
1 609 7161.66 47.8 -199.306 1.13855 158.822 1.35286 842.185 0.0963731 64.8327 3312 34.1 1.27282 13.3655
1 610 6986.81 47.8 -170.965 3.19301 163.615 1.35286 842.412 0.0330248 63.3899 3384 34.1 1.27005 20.6708
1 611 6922.14 47.8 -176.144 2.21402 175.738 1.35286 852.729 0.0212349 63.9854 3600 34.1 1.25593 30.0243
1 612 7135.43 47.8 -295.512 1.18056 179.819 1.35286 819.082 -0.000811391 65.7388 3384 34.1 1.24487 35.5657
1 613 7200.47 47.8 -536.646 0.255111 167.747 1.35286 747.542 0.0217842 68.9066 3312 34.1 1.24351 37.7009
1 614 7016.47 47.8 -405.501 -0.811863 169.192 1.35286 750.205 0.0138967 66.6626 3528 34.1 1.28587 24.8645
1 615 7030.9 47.8 -345.889 0.280772 175.077 1.35286 755.577 -0.0345498 61.5611 3528 34.1 1.2555 8.65802
1 616 7007.62 47.8 -300.899 -0.540737 173.417 1.35286 799.228 0.0353429 65.6371 3384 34.1 1.33576 4.24676
1 617 7101.14 47.8 -350.735 0.216991 161.227 1.24945 781.251 0.0414728 66.9118 3312 34.1 1.40286 15.4507
1 618 6997.93 47.8 -285.931 -0.783255 152.864 1.24945 803.034 0.109157 63.108 3384 34.1 1.39057 -2.35018
1 619 6929.34 47.8 -243.018 2.47577 154.607 1.24945 841.117 0.0696506 64.7336 3528 34.1 1.33011 -14.4721
1 620 6863.98 47.8 -208.135 2.5298 151.331 1.24945 850.885 0.0548326 63.5615 3384 34.1 1.36889 7.98039
1 621 6841.86 47.8 -330.818 4.38121 154.344 1.24945 914.875 0.0664534 68.3703 3312 34.1 1.39275 11.8206
1 622 6897.98 47.8 -292.381 5.33353 143.125 1.24945 873.319 0.0436788 65.6457 3312 34.1 1.33185 38.1321
1 623 6621.18 47.8 -294.14 5.61584 130.543 1.24945 866.037 0.0601047 70.0059 3168 34.1 1.25411 62.3649
1 624 6541.79 47.8 -509.901 5.13497 124.136 1.24945 915.904 0.179839 67.7618 3168 34.1 1.16178 41.4369
1 625 6617.71 47.8 -350.192 3.05385 128.887 1.24945 860.246 0.1448 65.9823 3024 34.1 1.18584 60.7425
1 626 6717.93 47.8 -340.243 2.71665 144.222 1.24945 828.96 0.113633 64.0699 2952 34.1 1.20543 30.1999
1 627 6786.99 47.8 -28.2917 0.993919 152.357 1.24945 822.05 0.0862118 58.3683 2952 34.1 1.22753 14.9515
1 628 6914.1 47.8 204.395 2.74293 144.629 1.47861 843.609 0.107921 56.923 3240 34.1 1.24349 10.9059
1 629 6809.29 47.8 143.357 2.827 160.075 1.47861 775.98 -0.0339655 58.4717 3240 34.1 1.19417 14.9401
1 630 6748.49 47.8 39.7725 1.67253 146.827 1.47861 773.468 0.0224444 60.8763 3384 34.1 1.16943 18.6227
1 631 6729.65 45.3 -50.9287 2.71269 154.813 1.47861 750.868 -0.0541557 60.6213 3240 34.1 1.20753 23.1391
1 632 6709.27 45.3 -184.105 5.51682 141.381 1.47861 899.049 0.0903062 62.7827 3168 34.1 1.21759 0.209897
1 633 6741.34 45.3 5.70949 4.23222 158.507 1.47861 848.111 0.023694 61.656 3240 34.1 1.324 15.5169
1 634 6886.17 45.3 -30.4548 1.88456 171.661 1.47861 787.9 0.0178513 65.4668 3312 34.1 1.23061 49.6092
1 635 7011.5 45.3 -267.984 -0.899329 170.882 1.47861 733.576 -0.0452549 65.318 3240 34.1 1.11678 63.2106
1 636 6965.02 45.3 -266.408 1.2393 169.409 1.47861 761.78 -0.0415361 61.6803 3384 34.1 1.13748 22.7924
1 637 6983.05 45.3 -49.5587 2.2901 182.167 1.47861 795.614 -0.0273904 59.3007 3456 34.1 1.20118 4.19838
1 638 7134.64 45.3 -96.5194 1.13652 172.863 1.47861 785.421 0.000758131 62.765 3528 34.1 1.23611 23.0608
1 639 7103.55 45.3 -356.138 1.55385 178.555 1.32777 746.875 -0.0866126 68.7249 3456 34.1 1.27046 44.7199
1 640 7007.41 45.3 -349.308 2.35786 171.716 1.32777 794.673 -0.0307235 65.034 3600 34.1 1.2637 33.8887
1 641 7008.51 45.3 -264.344 2.01101 166.178 1.32777 728.321 -0.065469 64.9661 3672 34.1 1.26716 28.4753
1 642 6854.46 45.3 -476.79 2.3758 173.865 1.32777 692.767 -0.143291 67.691 3744 34.1 1.25884 51.3666
1 643 6803.16 45.3 -516.231 2.86024 189.778 1.32777 669.551 -0.240059 67.2741 3528 34.1 1.3159 24.1249
1 644 6929.13 45.3 -263.911 5.42783 180.945 1.32777 830.622 -0.0633434 69.396 3456 34.1 1.33017 15.4674
1 645 7014.89 45.3 -306.198 5.08098 181.422 1.32777 864.522 -0.0746479 68.8229 3528 34.1 1.33285 39.7501
1 646 7112.64 45.3 -289.84 3.31992 190.364 1.32777 701.53 -0.197818 69.0218 3528 34.1 1.23311 73.9957
1 647 6998.62 45.3 -428.847 0.504618 182.31 1.32777 672.463 -0.139137 68.6521 3528 34.1 1.12113 103.024
1 648 6876.84 45.3 -604.366 0.381403 173.97 1.32777 697.795 -0.0914913 67.5892 3672 34.1 1.09505 59.9176
1 649 6887.42 45.3 -480.875 0.166932 175.347 1.32777 668.639 -0.12241 64.4271 3672 34.1 1.20309 11.4529
1 650 6884.59 45.3 -320.831 -1.14902 201.43 1.25313 562.146 -0.242413 65.1379 3528 34.1 1.33366 -2.28711
1 651 7025.53 45.3 -160.243 -0.567329 183.868 1.25313 583.296 -0.199765 64.2156 3528 67.9 1.35892 -6.41112
1 652 6837.84 45.3 -150.455 -1.86382 161.708 1.25313 580.406 -0.179291 62.0191 3528 67.9 1.3167 -3.14786
1 653 6933.01 45.3 -56.3861 -3.57814 176.885 1.25313 561.368 -0.188347 60.9119 3672 67.9 1.34761 -12.155
1 654 7463.01 45.3 6.5709 -5.91937 163.786 1.25313 519.058 -0.195459 58.4889 3456 67.9 1.34856 2.49087
1 655 7327.62 45.3 -42.6015 -6.25335 177.446 1.25313 464.112 -0.268331 61.6008 3384 67.9 1.36795 -18.6938
1 656 7379.97 45.3 156.945 -8.24062 161.299 1.25313 482.713 -0.123874 56.5903 3456 67.9 1.45336 -50.983
1 657 7428.09 45.3 179.103 -4.5553 149.894 1.25313 566.775 -0.07822 56.1922 3384 67.9 1.44484 -48.01
1 658 7374.91 45.3 116.522 -3.47718 165.948 1.25313 566.097 -0.157324 55.5305 3456 67.9 1.48998 -91.5781
1 659 7405.16 45.3 365.904 -3.08156 166.437 1.25313 603.445 -0.172951 55.5902 3456 67.9 1.60628 -43.6344
1 660 7377.6 45.3 163.343 -2.46913 169.935 1.25313 656.362 -0.101329 58.6117 3456 67.9 1.46106 -14.4201
1 661 7552.03 45.3 -32.6086 -2.42318 179.831 1.43737 560.83 -0.202132 61.0768 3600 67.9 1.44662 -19.874
1 662 7527.33 45.3 -12.8033 -1.00382 177.821 1.43737 582.364 -0.250801 62.4222 3456 67.9 1.44395 -0.222517
1 663 7426.26 45.3 -153.287 -0.475834 165.695 1.43737 667.815 -0.135163 60.4556 3672 67.9 1.36364 -2.74961
1 664 7405.5 45.3 -11.7796 -3.28517 180.411 1.43737 556.339 -0.232598 63.074 3528 67.9 1.411 18.691
1 665 7508.26 45.3 -334.017 -3.16683 169.196 1.43737 588.191 -0.158931 66.7148 3528 67.9 1.35807 29.1718
1 666 7472.73 45.3 -353.871 -2.76916 180.484 1.43737 580.03 -0.19293 63.9904 3384 67.9 1.40076 -1.58643
1 667 7555.67 45.3 -105.461 -3.69733 164.499 1.43737 610.344 -0.118827 61.3024 3600 67.9 1.43559 -0.664507
1 668 7414.46 45.3 -45.6318 0.771084 172.113 1.43737 658.803 -0.189457 63.0249 3600 67.9 1.40582 -10.8056
1 669 7480.8 45.3 -201.191 -0.321115 176.355 1.43737 676.081 -0.189456 62.8262 3744 67.9 1.39984 -8.58391
1 670 7606.66 45.3 -105.625 1.66372 192.284 1.43737 645.536 -0.268021 64.2886 3600 67.9 1.44936 30.7441
1 671 7621.63 45.3 -442.468 3.50635 179.143 1.43737 697.844 -0.215801 66.8496 3600 67.9 1.34031 43.7003
1 672 7452.01 45.3 -354.092 2.9082 159.95 1.35232 666.684 -0.217235 69.2792 3600 67.9 1.34078 56.0129
1 673 7234.14 52.5 -472.445 3.71159 154.626 1.35232 741.958 -0.156724 69.5185 3528 67.9 1.24512 71.5138
1 674 7238.27 52.5 -650.818 3.4393 145.302 1.35232 794.457 -0.0642634 68.3853 3456 67.9 1.26077 49.8765
1 675 7288.24 52.5 -543.803 6.6149 134.689 1.35232 818.419 -0.113335 72.1971 3312 67.9 1.31564 62.8394
1 676 7087.06 52.5 -514.555 5.30305 134.817 1.35232 719.619 -0.181255 69.8738 3240 67.9 1.31516 77.6373
1 677 6959.45 52.5 -260.423 2.71219 142.988 1.35232 703.445 -0.150911 66.9047 3312 67.9 1.24751 75.387
1 678 7152.67 52.5 -350.685 2.56543 150.972 1.35232 760.759 -0.108804 64.4865 3024 67.9 1.14083 48.0075
1 679 7253.73 52.5 -317.328 1.17185 133.744 1.35232 787.099 -0.0192418 64.0091 2952 67.9 1.22273 22.661
1 680 7188.84 52.5 5.64484 6.5183 137.3 1.35232 848.282 -0.0244236 62.9498 3096 67.9 1.28132 36.5439
1 681 7219.33 52.5 65.8628 6.26174 140.298 1.35232 893.709 -0.0140288 57.1653 3168 67.9 1.17251 28.9761
1 682 7297.5 52.5 -32.1569 4.82973 144.351 1.35232 856.905 -0.00769104 65.1246 3096 67.9 1.14207 70.381
1 683 7385.35 52.5 -356.124 2.93767 137.326 1.55258 852.872 0.000224592 68.7023 3096 67.9 1.14314 91.9415
1 684 7334.32 52.5 -397.59 3.55014 131.527 1.55258 885.71 0.0482891 65.7157 3240 67.9 1.15129 76.3404
1 685 7286 52.5 -297.391 4.94066 132.939 1.55258 895.219 0.0330965 64.1663 3240 67.9 1.15317 53.8233
1 686 7258.04 52.5 -330.349 2.16018 138.213 1.55258 867.547 0.0363013 66.4546 3240 67.9 1.18821 52.5985
1 687 7413.58 52.5 -392.501 3.2968 142.868 1.55258 819.575 -0.0128034 69.4897 3240 67.9 1.20945 80.8229
1 688 7304.08 52.5 -463.582 4.10832 140.393 1.55258 812.732 -0.0545554 66.0109 3240 67.9 1.18961 49.1556
1 689 7206.28 52.5 -273.622 3.47344 137.141 1.55258 757.201 -0.0878694 63.779 3312 67.9 1.2352 61.026
1 690 7124.05 52.5 -251.253 0.295403 144.018 1.55258 766.555 -0.0379026 66.9408 3168 67.9 1.2387 59.16
1 691 7370.24 52.5 -414.193 0.471571 139.093 1.55258 809.182 0.0471948 64.5542 3096 67.9 1.23182 29.4583
1 692 7392.11 52.5 -216.301 0.310871 127.108 1.55258 758.987 0.000694207 62.9778 3024 67.9 1.28834 31.1568
1 693 7130.38 52.5 -74.98 1.50147 122.04 1.55258 820.838 0.037219 60.4417 3240 67.9 1.29151 38.4313
1 694 7133.24 52.5 -60.8986 0.19932 135.719 1.57135 737.384 -0.0354602 59.2299 3384 67.9 1.24149 15.6031
1 695 7268.42 52.5 -177.24 -0.335911 147.9 1.57135 712.612 -0.0829273 65.2671 3168 67.9 1.26503 46.1538
1 696 7299.98 52.5 -246.75 1.84389 142.938 1.57135 724.891 -0.0845727 62.3763 3240 67.9 1.28833 -5.85178
1 697 7240.95 52.5 50.9631 2.99859 157.754 1.57135 720.345 -0.156681 58.6829 3168 67.9 1.35292 13.3919
1 698 7300.09 52.5 52.1927 2.80866 137.582 1.57135 792.854 -0.0256614 61.3464 3240 67.9 1.27854 31.8836
1 699 7242.24 52.5 -119.379 3.29919 134.786 1.57135 823.653 -0.00891542 65.1991 3240 67.9 1.24242 44.0482
1 700 7216.5 52.5 -246.691 -0.222067 146.299 1.57135 734.792 -0.0484824 63.8745 3312 67.9 1.25944 38.3511
1 701 7358.55 52.5 -231.95 -2.74933 154.772 1.57135 632.709 -0.11535 62.048 3312 35 1.23967 51.8481
1 702 7359.43 52.5 -224.82 -0.787851 177.164 1.57135 666.09 -0.0958547 61.264 3168 35 1.2396 5.81304
1 703 7309.76 52.5 -21.7092 -0.1899 168.552 1.57135 701.841 -0.0633571 57.3342 3312 35 1.31946 -4.74194
1 704 6898.85 52.5 120.49 -0.458691 158.504 1.57135 733.79 -0.0473731 58.6387 3240 35 1.37321 -21.2373
1 705 6770.56 52.5 -61.7604 -0.621009 142.455 1.41684 838.001 0.13433 60.8087 3312 35 1.32337 -6.06539
1 706 6877.9 52.5 -47.0164 -1.22897 148.682 1.41684 746.503 0.0288971 61.2261 3456 35 1.36933 -0.000155227
1 707 6757.64 52.5 -89.6613 -0.788411 181.026 1.41684 706.927 -0.122406 61.261 3456 35 1.35638 -5.48765
1 708 6942.96 52.5 -102.94 -0.63375 182.48 1.41684 634.936 -0.176042 60.0164 3528 35 1.36043 -19.7392
1 709 6906.04 52.5 69.3269 -2.43294 176.811 1.41684 608.302 -0.163432 61.2244 3240 35 1.36079 2.63558
1 710 6882.36 52.5 -45.887 -1.88857 168.822 1.41684 670.933 -0.0584881 59.9377 3456 35 1.28082 -4.03669
1 711 6910.87 52.5 150.138 -1.43318 158.716 1.41684 742.286 0.00878889 56.5097 3384 35 1.33037 -40.993
1 712 6888.34 52.5 36.9915 -1.72809 163.928 1.41684 724.965 -0.0159302 59.3569 3240 35 1.36273 -27.9916
1 713 6940.88 52.5 75.4738 0.193602 166.083 1.41684 798.081 0.0472782 59.4704 3312 35 1.43796 -12.9426
1 714 7054.56 52.5 125.336 -1.99728 161.075 1.41684 738.01 -0.000274591 59.9529 3384 35 1.38253 -17.5835
1 715 6922.78 64.5 3.69265 0.642811 172.941 1.41684 765.375 -0.0709614 62.2505 3456 35 1.35784 -3.41459
1 716 6911.75 64.5 -147.273 -1.30845 164.555 1.36823 727.672 -0.0608952 62.101 3528 35 1.30933 -23.3131
1 717 6824.01 64.5 -69.1318 -1.25352 169.352 1.36823 717.113 -0.0814434 62.9143 3384 35 1.33909 -15.1185
1 718 6975.2 64.5 -254.457 -4.08222 169.31 1.36823 699.627 -0.0451241 62.6749 3384 35 1.33349 -9.16847
1 719 6993.66 64.5 11.239 -2.87885 173.422 1.36823 746.365 -0.0538656 57.7437 3240 35 1.40369 -23.7195
1 720 7005.52 64.5 70.4836 -3.94403 162.844 1.36823 706.636 -0.0308484 56.3545 3384 35 1.38696 -57.803
1 721 6943.82 64.5 237.603 -2.75287 158.355 1.36823 738.35 -0.043539 58.5149 3456 35 1.42039 -15.7887
1 722 6835.99 64.5 -7.93358 -1.74053 141.44 1.36823 750.544 -0.00533466 58.2171 3384 35 1.31863 -46.9671
1 723 6662.18 64.5 92.6504 1.31675 132.119 1.36823 815.712 -0.00771875 60.4061 3456 35 1.47281 -30.4156
1 724 6550.63 64.5 32.0563 2.51514 140.628 1.36823 755.767 -0.11878 58.7898 3384 35 1.43197 -46.4949
1 725 6525.99 64.5 82.4513 3.52499 147.668 1.36823 768.158 -0.120685 61.5009 3168 35 1.45963 -15.7025
1 726 6536.62 64.5 -50.2337 0.189657 145.045 1.36823 771.311 -0.0565981 61.9523 2952 35 1.33846 10.2636
1 727 6620.9 64.5 92.1354 1.82786 140.43 1.35693 803.072 -0.00680028 58.264 2952 35 1.27852 14.2015
1 728 6615.39 64.5 184.854 -0.79671 146.301 1.35693 738.786 -0.0359494 55.5306 3096 35 1.19707 -12.22
1 729 6726.54 64.5 322.669 -3.15205 152.926 1.35693 666.504 -0.082292 55.8994 3096 35 1.20201 -9.7425
1 730 6678.73 64.5 285.223 -0.555236 144.555 1.35693 747.949 0.0195139 54.8682 3024 35 1.20868 -33.1073
1 731 6709.33 64.5 312.484 -2.60402 149.072 1.35693 771.628 0.0155273 51.7713 3096 35 1.25357 -63.4805
1 732 6815.37 64.5 446.917 -4.85168 158.096 1.35693 724.35 0.0129442 53.9954 3168 35 1.38107 -37.2845
1 733 6906.81 64.5 304.997 -5.41353 150.183 1.35693 615.109 -0.0533414 55.3074 3168 35 1.33663 -21.2143
1 734 6753.15 64.5 336.839 -5.10049 155.859 1.35693 659.082 0.00716021 52.681 3240 35 1.35944 -66.3924
1 735 6845.35 64.5 402.485 -4.23924 154.438 1.35693 679.111 -0.0117033 50.9537 3240 35 1.38524 -88.1815
1 736 6920.53 64.5 518.035 -3.95122 141.411 1.35693 765.892 0.0806723 51.0317 3024 35 1.49308 -90.0769
1 737 6848.66 64.5 394.586 -2.65061 139.529 1.35693 813.069 0.10555 53.9889 3168 35 1.47707 -80.8035
1 738 6831.61 64.5 399.061 0.407859 147.596 1.37427 836.888 0.0377946 54.3824 3096 35 1.49063 -83.5309
1 739 6846.8 64.5 324.462 0.640318 136.514 1.37427 892.115 0.110201 57.641 3096 35 1.40077 -45.02
1 740 6785.1 64.5 165.48 3.6005 123.64 1.37427 948.379 0.156541 60.2849 3168 35 1.39775 -1.27687
1 741 NaN 64.5 30.7547 1.3943 128.564 1.37427 898.994 0.135103 60.7979 3096 35 1.32147 -5.64253
1 742 6676.65 64.5 -61.4175 -2.40585 137.986 1.37427 831.79 0.11616 62.3187 3024 35 1.28334 27.164
1 743 6893.75 64.5 -110.929 -3.24148 146.815 1.37427 835.639 0.124073 61.1952 3096 35 1.22893 15.0034
1 744 7004.67 64.5 -31.6142 -4.6463 160.957 1.37427 742.354 0.00708452 55.1905 3168 35 1.26981 -23.161
1 745 6942.14 64.5 336.765 -3.02147 156.152 1.37427 731.745 -0.0409495 55.2176 3456 35 1.35116 -36.2573
1 746 6859.59 64.5 280.438 -4.96613 177.217 1.37427 643.915 -0.115473 52.8984 3456 35 1.3097 -55.6362
1 747 7063.8 64.5 172.656 -3.77983 172.127 1.37427 713.102 -0.088738 58.171 3384 35 1.37364 -52.4858
1 748 7024.77 64.5 -6.94908 -3.27188 159.369 1.37427 715.39 -0.0665382 57.5158 3168 35 1.41056 -46.569
1 749 6864.46 64.5 204.976 -4.65201 149.794 1.29971 757.23 0.0774428 58.2156 3456 35 1.49648 -37.7029
1 750 6942.47 64.5 170.391 -0.928764 142.965 1.29971 740.495 -0.0338509 57.4083 3456 35 1.4273 -53.6343
1 751 6653.02 64.5 -17.4995 -1.63268 151.451 1.29971 715.313 -0.0648838 57.6247 3384 28.5 1.38247 -55.7695
1 752 6674.99 64.5 153.624 0.0847718 158.421 1.29971 686.943 -0.100524 60.3143 3528 28.5 1.50192 -23.2075
1 753 6675.51 64.5 112.447 -2.64607 167.454 1.29971 639.152 -0.172277 57.4157 3312 28.5 1.42958 -43.7727
1 754 6686.45 64.5 85.9411 0.851703 167.476 1.29971 664.955 577.653 58.0517 3312 28.5 1.3811 -31.7438
1 755 6585.56 64.5 307.876 0.640474 168.554 1.29971 711.899 -0.147841 53.5593 3312 28.5 1.41821 -48.9501
1 756 6663.68 64.5 324.79 0.829938 167.039 1.29971 703.14 -0.131154 57.0966 3240 28.5 1.3472 -11.1176
1 757 6563.32 53 170.278 2.21359 143.875 1.29971 745.808 -0.0535412 58.2824 3096 28.5 1.283 -10.4035
1 758 6500.24 53 110.497 2.86616 133.347 1.29971 830.761 0.0448979 57.1151 3168 28.5 1.24834 -16.281
1 759 6465.56 53 132.377 2.04301 153.392 1.29971 757.278 -0.0142859 57.8457 3096 28.5 1.29275 -17.0457
1 760 6599.71 53 134.239 1.13767 145.67 1.48008 835.083 0.0609885 60.7836 3168 28.5 1.25153 -1.6222
1 761 6669.51 53 70.5867 2.34301 161.754 1.48008 757.347 -0.0770979 57.722 3168 28.5 1.2395 -18.9748
1 762 6683.26 53 260.804 0.172555 186.673 1.48008 732.842 -0.0796363 57.1236 3312 28.5 1.23659 -11.0303
1 763 6983.4 53 261.096 0.0516591 194.338 1.48008 729.105 -0.116159 58.9268 3312 28.5 1.20058 13.6502
1 764 7055.38 53 15.1781 5.57436 188.066 1.48008 825.498 -0.100292 59.981 3312 28.5 1.15795 -6.44325
1 765 6988.18 53 16.856 4.64434 186.857 1.48008 828.925 -0.109127 61.8845 3600 28.5 1.2095 12.1553
1 766 6958.77 53 -23.4581 1.43942 196.063 1.48008 801.986 -0.111334 67.2527 3600 28.5 1.23705 52.4151
1 767 7088.54 53 -648.083 2.35241 177.626 1.48008 812.904 -0.0609983 70.4624 3600 28.5 1.07486 72.9712
1 768 6883.76 53 -678.107 4.30196 165.194 1.48008 835.612 -0.0513076 70.501 3528 28.5 1.22061 45.023
1 769 6797.5 53 -523.326 2.17547 181.778 1.48008 795.408 -0.0680872 68.7807 3672 28.5 1.26312 30.2336
1 770 6914.01 53 -426.996 2.28099 179.179 1.48008 769.152 -0.084591 68.693 3456 28.5 1.2691 46.1593
1 771 6851.53 53 -625.272 -0.130981 186.05 1.30833 803.714 -0.0253044 70.6537 3384 28.5 1.23255 33.2419
1 772 7025.38 53 -334.764 -0.571085 184.798 1.30833 733.217 -0.0966223 66.5337 3528 28.5 1.32357 19.3572
1 773 6921.51 53 -268.276 -1.36788 171.249 1.30833 677.442 -0.0885121 62.9013 3456 28.5 1.2683 28.5358
1 774 6720.99 53 -308.366 -1.09156 164.062 1.30833 673.247 -0.0655838 64.6292 3600 28.5 1.24545 7.35016
1 775 6722.25 53 -230.023 -1.32055 150.17 1.30833 644.447 -0.0471101 59.2663 3456 28.5 1.29678 -25.9476
1 776 6516.88 53 -135.156 -2.00942 155.844 1.30833 648.062 -0.067744 61.6762 3240 28.5 1.38473 -42.9394
1 777 6602.72 53 0.407027 -1.89903 143.421 1.30833 666.07 0.000266216 58.1164 3240 28.5 1.44133 -47.9162
1 778 6507.04 53 249.124 -2.53328 150.97 1.30833 674.746 0.00220794 56.141 3024 28.5 1.47167 -57.1529
1 779 6574.96 53 364.008 -2.3899 138.176 1.30833 699.293 0.0641196 53.943 3168 28.5 1.40438 -62.0307
1 780 6510.34 53 561.129 -1.27006 137.803 1.30833 686.032 0.00554173 51.7754 3096 28.5 1.4275 -44.9123
1 781 6452.37 53 453.928 -1.18206 147.978 1.30833 664.954 -0.00675259 51.6253 3168 28.5 1.35023 -80.261
1 782 6538.62 53 552.721 0.361207 144.139 1.50898 714.258 0.014717 52.399 3096 28.5 1.39365 -72.1495
1 783 6487.9 53 496.987 1.27717 144.674 1.50898 700.201 -0.00886621 52.6764 3096 28.5 1.34532 -74.2333
1 784 6437.13 53 482.509 -0.684976 158.072 1.50898 652.997 -0.0959826 52.5839 3168 28.5 1.34972 -51.0613
1 785 6557.94 53 483.493 0.294935 151.686 1.50898 674.067 -0.0758018 52.6399 3168 28.5 1.31071 -31.1969
1 786 6531.3 53 380.241 -1.09206 156.638 1.50898 663.168 -0.0696431 54.1776 3168 28.5 1.2489 -45.4735
1 787 6564.63 53 358.799 -0.765031 164.211 1.50898 667.204 -0.100644 53.9644 3096 28.5 1.28792 -33.5756
1 788 6652.32 53 421.993 -1.12498 163.006 1.50898 788.972 0.0285902 52.6967 3168 28.5 1.26786 -50.8758
1 789 6888.22 53 309.648 -0.00293046 178.188 1.50898 766.454 -0.0248379 57.0374 3168 28.5 1.30677 -33.8413
2 1 6852.2 40.9 -100.689 2.71663 134.651 1.54068 827.993 0.0691543 59.7441 3168 43 1.18505 30.3231
2 2 6815.61 40.9 -95.8444 2.55202 133.95 1.54068 820.621 0.0636357 60.3582 3168 43 1.19261 18.4484
2 3 6857.92 40.9 -123.542 2.79215 136.419 1.54068 830.938 0.0586278 61.1749 3168 43 1.19268 23.5892
2 4 6891.25 40.9 -27.313 2.48952 142.793 1.54068 806.187 0.0218505 60.2494 3096 43 1.18247 48.2567
2 5 6915.69 40.9 -92.2554 2.28421 134.508 1.54068 854.115 0.0919875 59.8055 3096 43 1.19072 52.7996
2 6 6951.39 40.9 -117.363 0.44369 134.92 1.54068 809.285 0.122923 59.6355 3168 43 1.19269 36.5529
2 7 6910.66 40.9 -62.5296 -1.67956 134.341 1.54068 723.161 0.0445703 60.2693 3384 43 1.19227 49.6394
2 8 6810.64 40.9 -166.954 1.84546 153.316 1.54068 674.172 -0.0970171 57.8724 3384 43 1.1725 19.5088
2 9 6806.95 40.9 -85.4293 1.55032 151.061 1.54068 699.221 -0.0959014 54.0829 3456 43 1.24455 -13.0205
2 10 6791.78 40.9 81.1997 3.89637 158.929 1.54068 651.761 -0.179145 59.331 3384 43 1.36594 16.5782
2 11 6783.91 40.9 -64.7545 3.40604 177.032 1.54068 704.247 -0.191318 60.1419 3384 43 1.27277 4.61814
2 12 7010.29 40.9 45.9909 2.86792 184.127 1.45838 702.354 -0.223244 58.4059 3456 43 1.25886 31.1543
2 13 7057.38 40.9 24.3765 1.96896 195.565 1.45838 666.033 -0.253255 63.0043 3384 43 1.20005 34.8355
2 14 7212.97 40.9 -136.671 0.496505 181.807 1.45838 657.626 -0.168756 61.2681 3672 43 1.13192 81.478
2 15 7165.72 40.9 -192.481 -0.824163 198.464 1.45838 585.071 -0.290424 60.7019 3600 43 1.1245 63.4254
2 16 7200.21 40.9 -382.856 -1.67283 192.85 1.45838 649.467 -0.160705 61.4851 3672 43 1.11817 17.5485
2 17 7259.28 40.9 -266.083 0.32461 183.138 1.45838 703.523 -0.132284 61.1815 3456 43 1.26828 18.528
2 18 7173.31 40.9 -374.392 1.08196 165.454 1.45838 750.153 -0.0398808 63.6664 3456 43 1.31027 22.1763
2 19 7125.89 40.9 -292.897 2.20412 154.115 1.45838 832.139 0.046318 64.0036 3456 43 1.35454 21.1104
2 20 7005.21 40.9 -422.233 1.23954 159.224 1.45838 801.304 0.0518938 64.1541 3384 43 1.30302 26.1707
2 21 7207.88 40.9 -485.62 0.406595 152.376 1.45838 840.247 0.107248 67.154 3312 43 1.33811 26.3506
2 22 7146.82 40.9 -444.433 -0.775121 151.297 1.45838 837.361 0.12911 64.0106 3168 43 1.31461 28.1538
2 23 7208.04 40.9 -301.867 -0.0131883 165.123 1.31116 861.496 0.128009 63.1712 3384 43 1.33471 34.008
2 24 7366.69 40.9 -263.27 0.124867 156.111 1.31116 845.904 0.0919654 60.2473 3384 43 1.28338 24.3427
2 25 7250.67 40.9 -372.687 -0.256943 151.45 1.31116 819.035 0.0961028 65.312 3456 43 1.30519 48.033
2 26 7197.89 40.9 -398.289 0.217885 155.103 1.31116 819.553 0.0561875 65.1077 3744 43 1.30577 42.348
2 27 7068.18 40.9 -451.345 2.06044 162.313 1.31116 745.609 -0.0756709 64.1391 3672 43 1.2897 16.4159
2 28 6965.95 40.9 -454.715 1.3172 151.874 1.31116 667.319 -0.130762 65.9768 3528 43 1.37326 42.7238
2 29 6764.05 40.9 -425.284 1.22597 137.512 1.31116 722.971 -0.0214355 66.929 3456 43 1.3725 48.327
2 30 6766.57 40.9 -501.174 -1.68219 150.489 1.31116 640.51 -0.0745705 63.9295 3384 43 1.31081 18.4117
2 31 6771.15 40.9 -240.509 0.712519 149.183 1.31116 689.896 -0.0723687 59.1067 3240 43 1.3487 9.20892
2 32 6787.33 40.9 -53.9417 1.18857 149.943 1.31116 707.412 -0.0716218 55.7024 3168 43 1.35579 -23.6935
2 33 6782.92 40.9 314.797 0.456403 151.516 1.31116 734.08 -0.0163221 56.2921 3168 43 1.36887 7.57685
2 34 6957.64 40.9 188.37 2.81736 150.751 1.56467 781.007 -0.0113077 57.7337 3168 43 1.24181 -1.24898
2 35 6902.39 40.9 68.7775 2.33554 144.763 1.56467 757.272 -0.0183949 57.1334 3096 43 1.20837 18.5015
2 36 6818.11 40.9 90.6906 2.02817 147.041 1.56467 786.332 0.0311835 60.068 3240 43 1.21454 40.9241
2 37 6952.83 40.9 -55.2456 0.292243 141.512 1.56467 744.979 0.0121451 57.9912 3168 43 1.18139 24.02
2 38 6876.99 40.9 -124.546 1.02459 134.867 1.56467 853.485 0.131547 59.6758 3096 43 1.21543 28.8239
2 39 7016.86 40.9 -116.875 1.80338 141.727 1.56467 825.548 0.0992304 57.4376 3240 43 1.25688 -23.611
2 40 6972.26 40.9 152.121 2.41867 136.121 1.56467 829.072 0.0585166 58.324 3312 43 1.31805 34.2108
2 41 6853.52 40.9 -136.349 5.16096 138.653 1.56467 794.227 -0.0479424 61.5229 3384 43 1.22805 30.5208
2 42 6740.64 40.9 -123.429 6.17418 140.706 1.56467 797.338 -0.0530645 60.7332 3384 43 1.25183 38.0364
2 43 6694.94 34.8 -252.774 3.841 131.569 1.56467 743.541 -0.0202614 64.5602 3168 43 1.20081 54.8103
2 44 6607.05 34.8 -321.827 5.04406 128.891 1.56467 821.399 0.0583263 63.7346 3024 43 1.20725 38.5778
2 45 6724.42 34.8 -203.65 4.53094 130.78 1.43987 820.618 0.0794165 59.8556 3024 43 1.20989 21.7909
2 46 6779.23 34.8 19.0154 6.30001 129.872 1.43987 837.803 0.0439695 59.9272 3024 43 1.22083 77.4845
2 47 6719.29 34.8 -98.4617 4.05907 142.17 1.43987 816.619 0.0550449 57.8291 2952 43 1.11807 37.758
2 48 6853.43 34.8 47.7492 1.46504 134.251 1.43987 803.305 0.105993 58.7522 3024 43 1.13661 56.1616
2 49 6904.13 34.8 -136.981 -0.975823 139.092 1.43987 759.017 0.0988641 59.5529 3096 43 1.06519 62.7238
2 50 7014.18 34.8 -157.777 -0.678491 144.082 1.43987 762.332 0.0721931 57.8605 3168 43 1.1088 17.8328
2 51 6988.77 34.8 88.7717 0.0522733 146.276 1.43987 767.154 0.0661184 54.7833 3240 43.3 1.19773 -2.40966
2 52 6970.77 34.8 82.5775 -2.20599 160.132 1.43987 719.209 0.021112 57.385 3384 43.3 1.2464 8.57423
2 53 7117.06 34.8 14.7129 -1.34101 162.751 1.43987 683.582 -0.0251123 57.5575 3312 43.3 1.28221 18.1575
2 54 7123.28 34.8 -110.112 -4.31778 167.744 1.43987 696.002 0.0360984 59.3307 3240 43.3 1.27955 -8.42316
2 55 7256.98 34.8 -72.0825 -1.71782 161.927 1.43987 735.146 0.0355492 58.9357 3456 43.3 1.32716 -1.68021
2 56 7229.58 34.8 -51.9852 0.53697 158.371 1.41632 781.61 0.0302027 55.8985 3384 43.3 1.33636 -18.1828
2 57 7134.59 34.8 -66.467 0.289066 164.505 1.41632 787.961 0.0377961 61.3208 3600 43.3 1.34904 14.2646
2 58 7211.99 34.8 -218.139 2.50096 153.561 1.41632 775.292 -0.00230924 62.7052 3528 43.3 1.35631 33.8343
2 59 7019.63 34.8 -490.14 2.64605 152.157 1.41632 773.29 0.00821399 66.288 3528 43.3 1.26578 35.8719
2 60 7004.99 34.8 -498.77 1.39389 180.226 1.41632 717.94 -0.0692755 66.835 3528 43.3 1.31791 38.2314
2 61 7240.74 34.8 -345.73 2.8038 169.055 1.41632 776.488 -0.00193039 63.8049 3240 43.3 1.31545 31.4311
2 62 7166.78 34.8 -418.144 2.61527 158.086 1.41632 865.766 0.0873051 64.9369 3240 43.3 1.27119 42.3699
2 63 7222.77 34.8 -239.707 -0.233363 170.365 1.41632 827.855 0.0781584 63.6011 3456 43.3 1.3141 61.0326
2 64 7376.27 34.8 -322.13 3.57387 161.905 1.41632 891.995 0.0973866 65.5728 3384 43.3 1.21013 59.7689
2 65 7271.25 34.8 -614.631 -0.759883 161.426 1.41632 787.235 0.0876149 66.9915 3384 43.3 1.17788 31.7054
2 66 7226.33 34.8 -479.954 -1.10537 164.553 1.41632 828.789 0.143347 67.8113 3528 43.3 1.29704 70.0749
2 67 7374.53 34.8 -595.865 1.46853 162.036 1.31919 818.592 0.0509711 64.9303 3528 43.3 1.24529 30.8525
2 68 7194.8 34.8 -519.755 -0.948267 168.484 1.31919 780.029 0.0345828 66.6973 3528 43.3 1.34366 36.7678
2 69 7297.81 34.8 -448.725 -2.81897 169.597 1.31919 724.91 0.00900764 66.8716 3672 43.3 1.37651 58.0208
2 70 7249.76 34.8 -565.301 -3.28636 167.073 1.31919 697.787 0.0201469 65.4496 3456 43.3 1.27464 30.4257
2 71 7272.79 34.8 -522.106 -1.87832 161.142 1.31919 693.564 -0.00018095 64.9348 3528 43.3 1.34176 12.2002
2 72 7117.52 34.8 -333.637 -2.38878 155.147 1.31919 732.981 0.0738619 61.5764 3456 43.3 1.41747 -9.1279
2 73 7130.35 34.8 -294.273 -3.82689 147.979 1.31919 699.815 0.0957898 62.2332 3384 43.3 1.40243 -5.98715
2 74 7068.37 34.8 -259.968 -6.44672 136.988 1.31919 732.265 0.160086 62.3903 3312 43.3 1.44844 -8.93335
2 75 7025.52 34.8 -248.263 -6.19939 124.97 1.31919 644.824 0.148836 59.0622 3312 43.3 1.43923 -27.5149
2 76 6826.35 34.8 -64.334 -5.77664 131.674 1.31919 613.022 0.131632 56.7675 3240 43.3 1.50587 -32.041
2 77 6868.85 34.8 76.8274 -4.25396 128.372 1.31919 673.229 0.143286 53.2071 3312 43.3 1.47617 -84.1533
2 78 6832.83 34.8 318.033 -3.8214 131.571 1.34694 653.984 0.117549 49.6173 3096 43.3 1.59783 -93.1465
2 79 6846.18 34.8 391.459 -0.568505 134.209 1.34694 728.443 0.0920754 53.8626 3096 43.3 1.53446 -68.126
2 80 6830.81 34.8 415.766 -2.57395 131.452 1.34694 741.795 0.155145 51.453 3024 43.3 1.49922 -63.2149
2 81 6929.62 34.8 354.933 -3.51216 145.246 1.34694 761.153 0.138311 55.366 3096 43.3 1.41391 -20.8654
2 82 7128.57 34.8 200.09 -4.61434 152.071 1.34694 711.94 0.113186 53.139 3024 43.3 1.33106 -8.55603
2 83 7185.02 34.8 226.005 -4.63335 151.525 1.34694 786.989 0.189627 53.8556 3096 43.3 1.32901 -6.57258
2 84 7284.6 34.8 174.403 -0.480073 150.959 1.34694 811.234 0.131555 53.4413 3240 43.3 1.30719 -43.2368
2 85 7195.32 26.4 189.806 -0.831056 137.093 1.34694 823.733 0.208886 57.0061 3312 43.3 1.35675 -25.2328
2 86 7168.41 26.4 -133.785 -1.52952 157.247 1.34694 798.832 0.148429 63.605 3312 43.3 1.32887 28.9897
2 87 7269.07 26.4 -283.727 -2.27933 146.708 1.34694 850.287 0.25781 61.936 3240 43.3 1.33336 16.2632
2 88 7295.04 26.4 -320.391 -0.677015 150.696 1.34694 830.545 0.225827 64.4655 3240 43.3 1.3584 12.1615
2 89 7292.98 26.4 -337.964 -0.0797411 131.994 1.29755 814.419 0.208734 62.9866 3384 43.3 1.36308 9.61037
2 90 7019.72 26.4 -339.967 0.180319 130.577 1.29755 782.918 0.175166 63.7763 3456 43.3 1.34875 13.6313
2 91 6948.98 26.4 -482.457 -0.0913911 137.572 1.29755 746.831 0.0986547 63.8255 3528 43.3 1.33249 3.22372
2 92 6898.36 26.4 -418.129 -1.15762 147.605 1.29755 688.146 0.0857668 63.8064 3312 43.3 1.3853 -12.0706
2 93 6996.58 26.4 -337.18 -1.48733 158.561 1.29755 651.606 -0.0110637 64.0306 3240 43.3 1.40996 1.12397
2 94 7040.11 26.4 -58.9253 -1.43569 148.423 1.29755 680.768 0.0660336 58.2376 3240 43.3 1.41402 -30.926
2 95 6981.99 26.4 -5.41754 0.987007 141.242 1.29755 682.903 0.0201468 57.3624 3168 43.3 1.35802 -14.4555
2 96 6891.36 26.4 61.3514 5.10145 119.189 1.29755 821.113 0.136022 56.9572 3240 43.3 1.33402 -3.68318
2 97 6638.2 26.4 -1.53022 4.5432 110.79 1.29755 853.928 0.177585 58.2841 3240 43.3 1.3105 6.74075
2 98 6692.66 26.4 -155.972 4.9732 122.591 1.29755 856.839 0.158931 63.7546 3096 43.3 1.3251 32.4609
2 99 6744.88 26.4 -288.135 2.32338 121.64 1.29755 808.386 0.149328 63.9846 2880 43.3 1.23809 39.2167
2 100 6737.9 26.4 -234.682 2.65877 118.137 1.45165 797.089 0.154089 62.2756 2952 43.3 1.185 59.307
2 101 6697.19 26.4 -83.5319 4.15287 113.53 1.45165 782.988 0.115695 57.6006 3096 66.4 1.17716 49.1244
2 102 6486.66 26.4 58.5771 3.90341 117.16 1.45165 719.543 0.0122174 57.617 3096 66.4 1.13839 27.7841
2 103 6697.66 26.4 122.325 2.00296 119.565 1.45165 684.406 0.0248735 58.1154 3024 66.4 1.14921 34.6809
2 104 6997.34 26.4 14.4505 1.37624 120.813 1.45165 716.314 0.0495184 59.0762 2880 66.4 1.16813 59.4927
2 105 7100.82 26.4 55.3053 0.710322 120.256 1.45165 681.198 0.0399201 54.0328 3024 66.4 1.16005 2.67144
2 106 7079.78 26.4 462.352 2.85 118.435 1.45165 670.25 -0.0282185 51.9633 3024 66.4 1.23039 17.8675
2 107 6943.51 26.4 188.331 -0.940962 132.519 1.45165 677.42 0.00261371 52.4067 3096 66.4 1.14489 2.93259
2 108 7127.37 26.4 243.43 -1.68796 126.279 1.45165 611.135 0.0400264 55.156 2952 66.4 1.26343 21.2993
2 109 7124.62 26.4 58.5657 -2.82997 133.378 1.45165 653.209 0.0671681 56.6047 2880 66.4 1.22046 11.5902
2 110 7227.36 26.4 188.383 -1.53135 108.042 1.45165 666.887 0.12423 50.5067 2952 66.4 1.27181 -26.9941
2 111 7047.25 26.4 462.943 -3.76151 96.1974 1.60307 629.821 0.163971 51.4828 3024 66.4 1.32724 -9.48454
2 112 6868.2 26.4 227.214 -2.67361 98.9371 1.60307 636.506 0.143168 53.9564 3096 66.4 1.29086 -24.486
2 113 6921.75 26.4 257.548 -5.37584 120.617 1.60307 592.451 0.117829 49.756 3024 66.4 1.37736 -56.8979
2 114 7184.66 26.4 396.425 -4.13118 120.753 1.60307 587.461 0.0752046 52.4488 2880 66.4 1.44324 -67.7163
2 115 7055.34 26.4 566.766 -2.72393 115.456 1.60307 612.225 0.0394999 47.7663 2808 66.4 1.48411 -69.2224
2 116 6981.06 26.4 748.625 -0.774459 103.671 1.60307 707.487 0.15596 46.775 2952 66.4 1.42279 -40.5642
2 117 7025.5 26.4 620.589 -0.611838 114.948 1.60307 737.176 0.143876 47.665 2880 66.4 1.33997 -21.8391
2 118 7113.88 26.4 290.67 -2.92803 118.595 1.60307 735.659 0.163969 54.4461 2880 66.4 1.31642 -39.8975
2 119 7238.74 26.4 330.794 -6.89727 135.562 1.60307 648.134 0.14165 55.4543 2808 66.4 1.35801 -4.73109
2 120 7428.25 26.4 268.846 -6.95681 123.921 1.60307 646.334 0.17209 54.031 3024 66.4 1.27632 14.0354
2 121 7360.32 26.4 271.305 -7.54748 140.228 1.60307 616.027 0.113237 48.2654 3240 66.4 1.28675 -50.334
2 122 7489.66 26.4 402.399 -1.67982 143.042 1.61218 662.016 0.0480964 50.0619 3312 66.4 1.39731 -47.2878
2 123 7371.76 26.4 287.166 -3.6279 142.649 1.61218 628.67 0.0634491 51.7807 3312 66.4 1.44847 -51.7595
2 124 7438.49 26.4 135.87 -3.0302 143.954 1.61218 639.942 0.0310414 60.6004 3312 66.4 1.48882 -8.51455
2 125 7404.18 26.4 -92.9578 -3.31953 135.752 1.61218 672.825 0.0736284 56.4647 3168 66.4 1.42638 -6.83269
2 126 7322.43 26.4 -42.708 -1.99358 118.756 1.61218 714.293 0.136856 59.4613 3312 66.4 1.47239 -9.21794
2 127 7164.92 52 -5.01626 -1.42576 124.664 1.61218 722.883 0.0928757 59.3743 3312 66.4 1.45497 -23.5715
2 128 7165.39 52 -103.487 -3.21498 126.055 1.61218 675.069 0.0551448 60.0021 3240 66.4 1.41389 -4.25318
2 129 7139.95 52 -47.9128 -3.85751 132.696 1.61218 692.93 0.00594299 56.9321 3096 66.4 1.42 -19.2243
2 130 7248.16 52 85.576 -3.25455 129.378 1.61218 715.271 0.0195718 55.2908 3024 66.4 1.43381 -23.3285
2 131 7241.43 52 296.584 -3.7797 128.341 1.61218 716.405 0.0342924 53.5967 3096 66.4 1.46812 -41.8277
2 132 7279.67 52 247.514 -4.21504 135.008 1.61218 680.512 -0.0196189 54.423 3240 66.4 1.42154 -11.6999
2 133 7266.48 52 263.971 -6.77486 146.057 1.56873 619.962 -0.0666941 52.7592 3240 66.4 1.39154 -13.8967
2 134 7321.96 52 179.492 -5.52216 134.401 1.56873 639.447 -0.0331832 54.1765 3168 66.4 1.36517 -30.8739
2 135 7208.75 52 227.919 -7.20625 131.591 1.56873 634.374 -0.0193884 51.5078 3240 66.4 1.43553 -50.4075
2 136 7200.01 52 290.666 -6.1562 134.344 1.56873 582.738 -0.0559798 54.5443 3240 66.4 1.45982 -31.9443
2 137 7187.11 52 277.857 -5.38837 122.131 1.56873 650.418 0.00832028 51.8359 3168 66.4 1.47046 -60.0188
2 138 7147.93 52 272.91 -8.88674 122.922 1.56873 588.529 0.0196664 52.4468 3024 66.4 1.50451 -68.5014
2 139 7158.03 52 434.456 -6.04203 115.87 1.56873 656.662 0.0751209 49.0459 3096 66.4 1.5352 -61.9863
2 140 7137.6 52 418.366 -4.73316 123.224 1.56873 708.898 0.0320302 47.1815 3096 66.4 1.49775 -90.7619
2 141 7265.88 52 558.572 -1.5624 127.487 1.56873 751.716 -0.00383272 47.7722 3024 66.4 1.55619 -66.7743
2 142 7192.56 52 533.427 0.794402 137.218 1.56873 862.652 0.0566758 51.5787 3024 66.4 1.50528 -38.8544
2 143 7411.97 52 305.317 1.92233 122.855 1.56873 878.97 0.0659739 57.1334 3024 66.4 1.38974 17.111
2 144 7266.35 52 148.499 3.3428 116.405 1.55639 938.939 0.1374 60.0678 3024 66.4 1.31954 45.7177
2 145 7278.15 52 -150.451 2.81093 123.328 1.55639 918.234 0.0833564 62.5351 3240 66.4 1.21099 57.6268
2 146 7294.34 52 -173.36 2.23258 116.143 1.55639 827.863 0.0818287 62.4526 3096 66.4 1.2598 62.2424
2 147 7154.71 52 -413.526 -0.518607 110.177 1.55639 825.943 0.12953 65.8916 3168 66.4 1.18022 55.3312
2 148 7139.25 52 -250.466 0.118968 118.79 1.55639 756.039 0.032736 59.2498 3168 66.4 1.26513 18.4923
2 149 7148.79 52 -63.2365 -0.399253 124.589 1.55639 777.976 0.0359078 57.9059 3024 66.4 1.32206 -3.19741
2 150 7155.93 52 -29.5096 -2.24755 120.387 1.55639 754.242 0.057341 57.1651 3096 66.4 1.37063 -9.06029
2 151 7186.15 52 98.4572 -1.29066 132.637 1.55639 749.546 -0.0077389 56.3965 3096 34.1 1.3574 10.9914
2 152 7245.74 52 117.022 -2.20154 155.277 1.55639 708.197 -0.0170253 54.9726 3240 34.1 1.30881 1.90419
2 153 7265.41 52 235.324 -3.08445 168.542 1.55639 580.3 -0.164064 55.7178 3312 34.1 1.34197 16.7803
2 154 6816.87 52 127.093 -5.09819 176.551 1.55639 588.48 -0.130124 54.1128 3456 34.1 1.31941 -33.4669
2 155 7004.87 52 202.639 -3.06406 176.863 1.43245 665.993 -0.126568 53.3254 3384 34.1 1.34938 -49.4859
2 156 6998.69 52 197.963 -2.17473 162.709 1.43245 705.913 -0.052562 53.8385 3312 34.1 1.4093 -60.2997
2 157 6930.84 52 215.138 -1.04421 164.642 1.43245 728.942 -0.0340233 56.4207 3456 34.1 1.43702 -4.19497
2 158 6956.36 52 79.8579 -2.24671 159.766 1.43245 737.784 -0.0117475 55.2133 3528 34.1 1.35528 -17.4764
2 159 6935.89 52 -54.9286 -0.27521 167.961 1.43245 725.784 -0.0772603 59.5368 3384 34.1 1.32049 -7.96981
2 160 6907.24 52 -110.099 -2.23108 163.002 1.43245 711.142 -0.0437535 59.7514 3528 34.1 1.41244 -9.44012
2 161 6913.93 52 -70.317 -1.28871 169.383 1.43245 715.412 -0.119599 59.2643 3384 34.1 1.3976 11.1528
2 162 6896.43 52 -79.7564 -2.05877 166.105 1.43245 775.956 0.00112046 59.1198 3456 34.1 1.33031 -21.4021
2 163 7079.37 52 -31.3775 -0.0262144 170.212 1.43245 722.103 -0.0962247 60.6984 3528 34.1 1.39637 -4.65318
2 164 6951.06 52 -143.043 -0.982124 165.713 1.43245 704.791 -0.0765416 58.9726 3456 34.1 1.32467 -1.07408
2 165 6895.79 52 -100.877 -0.905576 172.057 1.43245 742.471 -0.0604234 59.7488 3384 34.1 1.30844 4.28141
2 166 7044.92 52 -74.5768 -3.38874 153.107 1.36553 777.375 0.087789 58.5365 3240 34.1 1.33075 -2.77355
2 167 7010.65 52 -215.533 -2.2382 151.533 1.36553 812.952 0.099953 61.2488 3312 34.1 1.35237 -4.32606
2 168 6967.24 52 -195.396 -1.90838 150.026 1.36553 741.075 -0.0107542 56.8672 3312 34.1 1.38055 -35.8498
2 169 6790.26 46 102.252 -1.30346 134.496 1.36553 763.607 0.0723544 57.0916 3384 34.1 1.42279 -14.1882
2 170 6808.51 46 -127.982 -1.46769 145.166 1.36553 758.613 0.0691236 58.5973 3384 34.1 1.354 -21.7159
2 171 6857.77 46 -80.5961 -1.97622 158.412 1.36553 766.705 0.018357 59.1565 3240 34.1 1.41193 -21.5735
2 172 NaN 46 -45.1194 0.336971 146.874 1.36553 774.875 0.0381007 58.2701 3168 34.1 1.4177 -21.8347
2 173 6844.85 46 75.7108 -2.79034 146.226 1.36553 751.083 0.08326 57.0882 3168 34.1 1.38907 7.7249
2 174 6853.44 46 56.6262 -4.23555 138.741 1.36553 700.012 0.0917331 57.183 3240 34.1 1.30025 -2.57607
2 175 6772.49 46 -8.85462 -0.683382 137.263 1.36553 789.876 0.0973004 55.2644 3240 34.1 1.28499 -30.2927
2 176 6779.66 46 66.3535 3.12909 132.192 1.36553 879.35 0.104784 53.6379 3240 34.1 1.37448 -61.1743
2 177 6692.8 46 261.271 2.06008 136.961 1.30907 820.224 0.0917446 57.1393 3240 34.1 1.47355 -5.92665
2 178 6707.09 46 36.1598 2.19343 148.748 1.30907 777.885 -0.00654364 62.6479 3312 34.1 1.31955 38.1952
2 179 6718.89 46 -143.892 0.92093 151.911 1.30907 735.988 -0.0498891 60.0894 3240 34.1 1.21631 11.9622
2 180 6803.9 46 -8.13902 3.24025 155.078 1.30907 746.856 -0.0994949 58.1986 3312 34.1 1.24726 42.3743
2 181 6708.96 46 40.5683 0.551976 155.624 1.30907 726.706 -0.0493833 56.0444 3384 34.1 1.24494 1.90109
2 182 6801.18 46 99.6893 0.869447 161.261 1.30907 651.462 -0.14959 59.8172 3384 34.1 1.24923 33.5919
2 183 6641.04 46 -20.2914 -1.96836 167.981 1.30907 632.904 -0.13181 56.5457 3384 34.1 1.2051 14.4536
2 184 6822.4 46 4.00103 -2.41833 182.382 1.30907 631.604 -0.155296 56.7423 3456 34.1 1.26151 -10.3881
2 185 6950.67 46 134.808 -2.79413 170.613 1.30907 563.568 -0.168081 53.356 3240 34.1 1.29932 -10.1548
2 186 6750.3 46 214.292 -0.121977 164.28 1.30907 707.334 -0.081983 56.175 3456 34.1 1.31332 -21.3498
2 187 6769.83 46 220.046 1.63514 162.604 1.30907 684.131 -0.124371 52 3528 34.1 1.32086 -55.1942
2 188 6718.91 46 227.178 0.582114 157.365 1.54409 739.448 -0.050987 58.0844 3384 34.1 1.34609 -6.5472
2 189 6817.35 46 -117.513 2.86368 178.091 1.54409 786.18 -0.08425 63.3604 3312 34.1 1.28875 17.6699
2 190 6955.74 46 -31.0758 0.47635 159.24 1.54409 771.673 -0.0152682 58.3289 3240 34.1 1.29914 5.4761
2 191 6917.71 46 29.7741 3.03451 160.633 1.54409 807.668 -0.0247913 64.0201 3456 34.1 1.26324 56.5539
2 192 6922.93 46 -219.927 2.65134 188.241 1.54409 762.552 -0.12535 58.7259 3456 34.1 1.18775 22.1065
2 193 7111.34 46 -104.352 3.1463 172.474 1.54409 812.007 -0.0700401 63.5966 3456 34.1 1.21741 38.8276
2 194 7052.39 46 -410.282 1.88576 166.902 1.54409 801.466 -0.0693971 66.6138 3456 34.1 1.16208 53.0167
2 195 6992.96 46 -357.802 4.12922 167.451 1.54409 806.314 -0.10176 64.2859 3672 34.1 1.22668 58.7343
2 196 6888.3 46 -356.276 0.929246 178.831 1.54409 761.016 -0.0941387 63.955 3528 34.1 1.21198 45.1973
2 197 7016.98 46 -507.364 2.82483 160.573 1.54409 813.319 -0.0267552 68.2359 3384 34.1 1.21975 63.4172
2 198 6876.21 46 -577.362 1.38185 163.461 1.54409 810.548 0.0190766 64.3629 3240 34.1 1.24449 56.0394
2 199 7022.36 46 -370.897 -0.438816 172.009 1.30298 862.068 0.0595048 64.2808 3384 34.1 1.26698 49.7151
2 200 7222.62 46 -306.053 -0.771778 161.517 1.30298 815.239 0.0667352 63.1204 3024 34.1 1.24227 22.68
2 201 7135.4 46 -460.827 -1.49195 148.532 1.30298 950.949 0.269241 63.7241 3240 35.4 1.23469 32.0521
2 202 7197.3 46 -221.608 1.72462 146.294 1.30298 923.583 0.169202 59.4275 3528 35.4 1.29147 -1.3406
2 203 6997.4 46 -220.126 4.58242 147.988 1.30298 913.733 0.0885143 62.1241 3528 35.4 1.27837 14.926
2 204 6998.26 46 -491.752 0.184795 163.255 1.30298 828.44 0.0466166 69.1438 3528 35.4 1.32689 46.3288
2 205 7055.5 46 -480.191 0.924474 155.553 1.30298 838.238 0.0311092 67.2804 3312 35.4 1.33742 63.3569
2 206 6998.32 46 -676.624 -1.48999 147.889 1.30298 833.89 0.121736 64.6468 3312 35.4 1.2672 40.5337
2 207 6975.25 46 -284.3 3.12776 150.662 1.30298 846.316 0.047006 63.8328 3456 35.4 1.37093 39.651
2 208 6906.24 46 -315.928 2.39103 155.621 1.30298 819.832 -0.000963666 60.6148 3456 35.4 1.25553 -3.88812
2 209 6930.73 46 -211.945 1.85294 163.955 1.30298 733.59 -0.128814 65.4794 3528 35.4 1.3413 37.788
2 210 6824.24 46 -358.61 4.12934 153.394 1.28781 804.794 -0.0657026 64.4036 3456 35.4 1.28483 38.4627
2 211 6746.26 45.5 -329.715 3.27646 155.483 1.28781 705.76 -0.11852 63.6958 3528 35.4 1.26019 24.6015
2 212 6658.01 45.5 -258.776 2.53113 158.545 1.28781 678.81 -0.131086 63.0914 3384 35.4 1.26704 54.0051
2 213 6662.34 45.5 -345.851 1.03343 149.368 1.28781 740.406 -0.0524356 61.3459 3312 35.4 1.18155 30.0717
2 214 6725.12 45.5 -108.993 0.0746447 164.27 1.28781 714.065 -0.0772821 58.2591 3240 35.4 1.27328 1.06769
2 215 6927.3 45.5 49.7696 -0.034602 170.605 1.28781 709.609 -0.086558 57.3315 3240 35.4 1.25923 17.0083
2 216 6929.54 45.5 151.573 1.01118 159.144 1.28781 701.232 -0.107063 56.4978 3384 35.4 1.23345 10.7184
2 217 6759.69 45.5 143.922 -0.617556 162.602 1.28781 657.301 -0.108248 56.9552 3384 35.4 1.21239 3.67729
2 218 6818.74 45.5 41.0799 -1.52071 137.824 1.28781 658.718 0.00737394 56.8455 3528 35.4 1.20358 4.20462
2 219 6631.07 45.5 -186.12 0.253945 151.321 1.28781 640.572 -0.113266 59.013 3240 35.4 1.24839 -9.83222
2 220 6556.72 45.5 -20.675 0.646698 138.7 1.28781 773.685 0.00331819 56.1995 3312 35.4 1.36685 -39.9201
2 221 6686.7 45.5 350.393 1.35297 145.259 1.33125 707.325 -0.0442537 54.6634 3168 35.4 1.45984 -17.5745
2 222 6633.26 45.5 102.95 -0.75834 135.481 1.33125 708.174 0.00192982 58.2326 3024 35.4 1.30045 10.7334
2 223 6559.03 45.5 161.719 0.219833 146.436 1.33125 747.473 0.0313744 55.0866 3096 35.4 1.26748 -1.14602
2 224 6797.86 45.5 187.621 0.647239 138.762 1.33125 757.114 0.0361214 51.7181 3024 35.4 1.22138 -14.6381
2 225 6713.81 45.5 267.139 -0.957669 142.166 1.33125 783.07 0.0834448 55.814 2952 35.4 1.26603 -11.1489
2 226 6866.02 45.5 270.674 -0.573719 145.854 1.33125 816.61 0.115649 54.5443 3168 35.4 1.30178 -18.7319
2 227 6913.16 45.5 279.981 -0.109989 145.361 1.33125 793.621 0.0781156 53.5653 3096 35.4 1.24997 -18.7473
2 228 6841.12 45.5 92.47 -1.39209 149.754 1.33125 838.981 0.146542 57.8782 3168 35.4 1.24809 5.7813
2 229 7030.09 45.5 59.2404 0.300014 137.05 1.33125 873.531 0.131469 56.355 3240 35.4 1.28176 5.74652
2 230 6889.37 45.5 5.70605 3.18578 138.836 1.33125 871.549 0.0905467 58.9336 3240 35.4 1.2769 4.95406
2 231 6814.96 45.5 -73.9751 0.611051 131.842 1.33125 781.191 0.0704456 60.8584 3312 35.4 1.3041 22.7243
2 232 6656.58 45.5 -107.847 1.68892 132.1 1.35209 790.005 0.0345264 60.8267 3312 35.4 1.28539 39.1706
2 233 6596.14 45.5 -369.675 2.23969 136.906 1.35209 833.92 0.0626585 60.5469 3096 35.4 1.18839 8.8237
2 234 6717.41 45.5 -135.035 0.463694 131.807 1.35209 812.28 0.143119 60.7171 3024 35.4 1.37737 19.7308
2 235 6762.76 45.5 -8.43841 -1.45024 140.275 1.35209 744.082 0.0713149 59.2381 3024 35.4 1.3047 8.30521
2 236 6754.56 45.5 6.46163 -5.0063 148.371 1.35209 679.466 0.0547612 54.106 3096 35.4 1.23962 -17.2303
2 237 6915.9 45.5 243.974 -4.27895 159.353 1.35209 679.394 0.0477225 51.0215 3240 35.4 1.25434 -23.818
2 238 6998.39 45.5 278.549 -2.39143 155.724 1.35209 686.73 0.00119881 51.8667 3240 35.4 1.2969 -61.3245
2 239 6891.42 45.5 346.431 -3.81325 159.907 1.35209 645.382 -0.0497462 52.3974 3456 35.4 1.38946 -43.9965
2 240 6872.02 45.5 234.913 -1.56334 169.905 1.35209 631.923 -0.126035 55.2393 3672 35.4 1.38103 -30.5621
2 241 6910.39 45.5 64.9296 -1.77847 192.536 1.35209 602.729 -0.199247 55.1154 3384 35.4 1.3266 -16.66
2 242 7100.51 45.5 7.40701 -4.04513 182.447 1.35209 640.165 -0.0713086 58.929 3384 35.4 1.42157 -18.7173
2 243 7146.75 45.5 77.3649 -5.67763 186.716 1.34249 609.472 -0.0635576 57.2969 3384 35.4 1.39101 -28.0986
2 244 7222.61 45.5 8.60067 -5.98427 183.567 1.34249 688.954 -0.010411 55.7611 3456 35.4 1.32472 -26.5279
2 245 7253.57 45.5 127.358 -2.46657 167.899 1.34249 780.326 0.0307337 54.7087 3528 35.4 1.388 -48.9626
2 246 7144.27 45.5 -45.9928 -1.68168 164.332 1.34249 766.666 0.00268611 58.5771 3600 35.4 1.41239 -40.4552
2 247 7069.64 45.5 -131.566 0.94264 157.454 1.34249 783.294 0.0134218 60.5803 3600 35.4 1.44534 -4.64094
2 248 6945.33 45.5 -303.26 3.13935 151.732 1.34249 832.544 0.0145244 65.0423 3672 35.4 1.43396 -0.907793
2 249 6824.32 45.5 -450.707 1.49156 177.401 1.34249 749.393 -0.0937933 66.4745 3672 35.4 1.40485 24.0242
2 250 6984.96 45.5 -358.464 1.55897 181.158 1.34249 716.877 -0.126042 66.5145 3528 35.4 1.40145 40.3462
2 251 7017.32 45.5 -381.288 -0.841011 165.554 1.34249 686.912 -0.0940368 62.9481 3312 25.4 1.34081 29.6959
2 252 6881.44 45.5 -239.76 0.533162 159.072 1.34249 730.809 -0.0501856 63.1832 3456 25.4 1.28681 54.4094
2 253 6745.62 45.8 -209.93 2.30836 152.45 1.34249 714.965 -0.0603469 57.9751 3456 25.4 1.25031 14.7548
2 254 6508.52 45.8 -206.053 2.04796 140.463 1.37035 734.263 -0.0154518 60.9878 3384 25.4 1.30355 1.24281
2 255 6493.4 45.8 -194.102 0.934061 144.67 1.37035 753.947 0.045552 61.0294 3168 25.4 1.33999 9.73937
2 256 6583.78 45.8 -12.2571 -0.891664 141.213 1.37035 762.205 0.0521595 57.7971 3240 25.4 1.34094 13.7048
2 257 6571.06 45.8 62.9424 -1.64522 159.062 1.37035 647.921 -0.0780502 54.753 3096 25.4 1.31521 -14.015
2 258 6582.17 45.8 204.32 -0.607987 144.125 1.37035 719.592 0.0112371 52.2832 3240 25.4 1.28167 -27.4061
2 259 6517.75 45.8 358.658 1.05268 146.435 1.37035 741.476 0.0172303 52.1137 3240 25.4 1.27593 -55.6103
2 260 6572.24 45.8 302.274 5.29966 145.592 1.37035 784.887 -0.039467 52.9992 3240 25.4 1.28441 -27.5756
2 261 6486.46 45.8 297.883 4.89546 139.949 1.37035 785.662 -0.0387704 55.2263 3240 25.4 1.3066 9.33543
2 262 6375.42 45.8 176.432 3.78702 148.621 1.37035 774.461 -0.0235728 59.5363 3168 25.4 1.26228 29.9618
2 263 6527.64 45.8 37.841 2.51318 149.119 1.37035 812.159 0.0249249 56.8013 3096 25.4 1.17604 14.1104
2 264 6614.6 45.8 1.75896 3.04025 141.754 1.37035 817.42 0.0561234 57.2288 3024 25.4 1.16143 2.52501
2 265 6599.25 45.8 90.1859 1.33713 155.143 1.47303 811.391 0.0285847 57.8689 3168 25.4 1.1973 18.7137
2 266 6709.55 45.8 114.878 3.05351 165.261 1.47303 849.804 0.00583784 55.1101 3240 25.4 1.14279 18.1447
2 267 6792.69 45.8 103.179 2.12799 164.545 1.47303 807.234 -0.00916935 56.5855 3168 25.4 1.14038 24.5217
2 268 6778.05 45.8 -32.4519 0.817714 152.701 1.47303 805.2 0.0230953 62.8715 3312 25.4 1.17663 66.9856
2 269 6646.48 45.8 -185.144 0.0975466 148.44 1.47303 717.485 0.00194706 61.2414 3456 25.4 1.11756 23.7953
2 270 6508.57 45.8 -186.818 0.694098 158.84 1.47303 715.429 -0.0495762 61.4829 3384 25.4 1.1685 31.0783
2 271 6613.25 45.8 -206.109 3.54915 151.19 1.47303 809.456 -0.0234715 57.0564 3456 25.4 1.25583 -27.7147
2 272 6540.32 45.8 43.5661 1.16054 180.106 1.47303 729.736 -0.123917 59.7456 3240 25.4 1.36818 14.4981
2 273 6832.48 45.8 64.2569 0.530241 182.129 1.47303 712.997 -0.113477 61.338 3312 25.4 1.32816 30.4057
3 1 7066.13 28.4 106.987 -4.66844 152.225 1.29628 692.587 0.239604 57.4752 3240 38.3 1.50866 -42.7267
3 2 7030.93 28.4 80.3617 -5.46638 146.352 1.29628 687.268 0.229873 57.2839 3312 38.3 1.51411 -69.7303
3 3 7019.41 28.4 64.2917 -5.59274 146.154 1.29628 700.996 0.244639 57.3538 3312 38.3 1.48605 -33.5391
3 4 7069.16 28.4 64.1088 -3.47272 131.79 1.29628 687.192 0.199966 56.0023 3240 38.3 1.49712 -53.195
3 5 6798.33 28.4 101.787 -1.9435 118.558 1.29628 705.811 0.242271 57.6241 3312 38.3 1.50469 -44.7931
3 6 6633.44 28.4 123.01 -2.24643 134.176 1.29628 685.068 0.174961 56.2464 3312 38.3 1.51313 -59.5317
3 7 6731.57 28.4 55.4675 -1.72742 131.888 1.29628 723.026 0.209715 57.8645 3024 38.3 1.48594 -65.2077
3 8 6790.19 28.4 70.6885 0.935485 129.131 1.29628 842.048 0.257402 59.9348 3024 38.3 1.50673 -34.6916
3 9 6791.17 28.4 238.832 4.26354 141.904 1.29628 823.009 0.160117 55.9515 3240 38.3 1.45477 -21.5265
3 10 6873.69 28.4 374.384 2.31702 154.73 1.29628 750.736 0.0473424 58.869 3096 38.3 1.33932 15.7574
3 11 6946.35 28.4 74.1671 2.97297 144.532 1.29628 791.972 0.134067 63.4781 3240 38.3 1.1955 47.7768
3 12 6793.39 28.4 -220.729 3.03715 148.654 1.39298 766.237 0.0813032 63.468 3240 38.3 1.15327 21.7915
3 13 6821.47 28.4 -183.801 1.72019 160.817 1.39298 763.051 0.0974687 62.947 3312 38.3 1.18704 49.3894
3 14 7019.78 28.4 -254.822 3.86349 153.06 1.39298 846.497 0.114456 64.7159 3240 38.3 1.17648 46.1738
3 15 6977.33 28.4 -253.932 1.08331 157.125 1.39298 777.591 0.102836 63.6353 3240 38.3 1.24028 43.1305
3 16 6972.79 28.4 -180.873 0.750937 153.987 1.39298 721.221 0.0769214 66.8296 3384 38.3 1.24749 76.5263
3 17 6849.28 28.4 -380.077 1.6492 146.469 1.39298 775.272 0.139231 62.3386 3240 38.3 1.12899 44.9992
3 18 6886.48 28.4 -324.035 2.06606 145.994 1.39298 825.331 0.203461 61.4304 3240 38.3 1.23005 5.84578
3 19 6919.93 28.4 -197.954 0.143173 146.943 1.39298 770.9 0.165086 65.1374 3240 38.3 1.35316 38.217
3 20 6878.15 28.4 -213.177 0.637045 143.152 1.39298 715.928 0.0983948 64.4882 3024 38.3 1.29681 29.9023
3 21 6782.18 28.4 -165.768 1.90744 125.036 1.39298 815.258 0.257982 61.6496 3168 38.3 1.25797 3.5666
3 22 6722.4 28.4 -109.362 -2.14226 119.747 1.39298 734.492 0.272556 60.9939 3024 38.3 1.27702 -4.5978
3 23 6704.38 28.4 -85.5883 -1.41386 118.647 1.35858 805.199 0.354613 61.4645 2952 38.3 1.30555 5.72794
3 24 6787.16 28.4 -81.5324 -0.642955 108.788 1.35858 789.43 0.359166 56.5972 2736 38.3 1.28981 -21.5616
3 25 6698.69 28.4 203.603 -1.48276 99.4383 1.35858 867.74 0.418928 56.7629 2880 38.3 1.42474 -18.4001
3 26 6731.61 28.4 243.517 -1.34792 124.295 1.35858 755.987 0.260182 54.1628 3024 38.3 1.36401 -40.9167
3 27 6743.88 28.4 339.359 -2.22173 129.044 1.35858 745.181 0.24903 55.36 2952 38.3 1.37066 -27.6763
3 28 6753.59 28.4 201.004 0.716915 132.725 1.35858 785.476 0.251006 55.4268 3096 38.3 1.30603 -32.6387
3 29 6855.41 28.4 250.991 -0.584408 143.765 1.35858 686.997 0.156838 54.1634 3096 38.3 1.36806 -32.704
3 30 6815.98 28.4 229.672 -1.38841 144.78 1.35858 722.068 0.135989 57.6945 3096 38.3 1.33187 4.21793
3 31 6878.77 28.4 94.6699 -2.43015 147.65 1.35858 728.931 0.148669 54.1578 3168 38.3 1.27644 -30.2537
3 32 6974.06 28.4 213.696 -0.836011 151.093 1.35858 745.833 0.157193 55.7065 3240 38.3 1.33859 -17.5351
3 33 7001.55 28.4 50.3654 -1.10936 160.911 1.35858 722.689 0.0952089 58.5256 3312 38.3 1.31635 -10.3614
3 34 7048.23 28.4 53.4174 -3.49186 164.952 1.39536 596.685 0.0579296 58.5927 3384 38.3 1.3249 3.53014
3 35 7002.83 28.4 -56.5872 -2.79685 157.153 1.39536 609.538 0.0606552 60.6518 3384 38.3 1.29398 -0.682877
3 36 6857.6 28.4 -172.804 -6.6505 156.4 1.39536 553.584 0.0708556 57.964 3456 38.3 1.28543 -52.5955
3 37 6863.21 28.4 99.7041 -2.76417 143.342 1.39536 610.17 0.101128 57.7951 3312 38.3 1.44631 -32.1964
3 38 6738.15 28.4 -18.5751 -6.02112 128.622 1.39536 568.125 0.147231 55.1948 3096 38.3 1.45207 -66.2718
3 39 6578.69 28.4 187.039 -6.84784 115.13 1.39536 578.257 0.254939 55.3067 3096 38.3 1.53267 -51.8005
3 40 6581.01 28.4 242.635 -8.62436 119.426 1.39536 547.192 0.211692 50.2467 3024 38.3 1.46041 -88.0954
3 41 6575.54 28.4 475.772 -6.8404 144.407 1.39536 571.435 0.166684 46.4747 2952 38.3 1.54513 -122.503
3 42 6854.23 28.4 749.741 -9.32834 145.82 1.39536 541.271 0.192324 43.9242 2880 38.3 1.61588 -127.074
3 43 6909.47 24.3 946.248 -8.26335 146.228 1.39536 626.829 0.261492 46.5883 2880 38.3 1.56327 -87.9451
3 44 7036.18 24.3 758.52 -6.98004 139.831 1.39536 648.338 0.255634 43.9358 3168 38.3 1.43372 -119.828
3 45 6954.95 24.3 849.423 -7.03659 138.505 1.54247 604.998 0.246589 45.4761 3168 38.3 1.50299 -82.2372
3 46 6864.43 24.3 425.064 -1.82501 130.643 1.54247 748.89 0.252238 52.8374 3384 38.3 1.43892 -83.7605
3 47 6814.14 24.3 370.14 -4.44821 162.289 1.54247 685.908 0.160049 50.4164 3240 38.3 1.51147 -90.7285
3 48 7125.89 24.3 295.957 -3.13759 158.788 1.54247 691.013 0.182771 59.7444 3240 38.3 1.54272 -30.7572
3 49 7077.76 24.3 -7.17626 -3.01547 159.354 1.54247 663.196 0.171588 58.5512 3096 38.3 1.41917 -28.0542
3 50 7075.26 24.3 108.125 -1.8514 138.094 1.54247 707.535 0.211755 58.6996 3384 38.3 1.40107 -37.0165
3 51 6790.92 24.3 164.918 -3.41195 145.187 1.54247 660.418 0.162443 56.8536 3384 42.6 1.38409 -35.1444
3 52 6839.16 24.3 -153.567 -4.51851 137.888 1.54247 652.178 0.194144 60.3797 3384 42.6 1.34729 -23.874
3 53 6856.51 24.3 -72.0416 -5.63408 145.94 1.54247 600.836 0.143019 60.0203 3312 42.6 1.46368 -41.1821
3 54 6897.04 24.3 -46.8685 -2.88708 153.956 1.54247 596.47 0.0399566 56.8782 3312 42.6 1.47835 -56.5071
3 55 6926.79 24.3 311.86 -1.22291 153.325 1.54247 609.559 0.053066 51.4905 3384 42.6 1.51174 -61.5696
3 56 6876.79 24.3 353.387 -3.86261 162.619 1.42151 527.847 -0.0178147 56.2608 3384 42.6 1.44167 -20.0488
3 57 6874.97 24.3 154.714 -2.79964 171.038 1.42151 530.494 -0.0311745 55.782 3456 42.6 1.38496 -35.1151
3 58 7032.32 24.3 186.895 1.29839 170.991 1.42151 628.606 -0.0426427 53.3238 3312 42.6 1.38949 -43.3876
3 59 6956.75 24.3 220.965 1.66969 166.826 1.42151 675.242 0.0350797 55.8779 3312 42.6 1.42614 -10.2754
3 60 7015.84 24.3 124.977 2.51357 172.082 1.42151 730.763 0.0427944 59.8654 3384 42.6 1.35931 21.5688
3 61 7111.63 24.3 -83.1338 -0.181823 161.95 1.42151 685.928 0.0516123 61.0812 3384 42.6 1.24092 25.4739
3 62 7031.06 24.3 -244.157 1.27488 167.272 1.42151 684.313 0.0191035 65.8838 3456 42.6 1.25302 46.6373
3 63 7016.25 24.3 -327.255 1.69653 163.154 1.42151 616.926 -0.0356058 62.5631 3456 42.6 1.23596 18.9496
3 64 6863.15 24.3 -248.849 -1.04847 144.791 1.42151 644.515 0.0630779 64.0204 3456 42.6 1.25776 36.4591
3 65 6784.21 24.3 -345.622 1.41797 147.744 1.42151 667.29 0.00605484 63.1142 3312 42.6 1.2797 -0.375071
3 66 6780.01 24.3 -169.14 3.75988 134.356 1.42151 737.447 0.0867399 59.8815 3168 42.6 1.35455 8.29543
3 67 6663.75 24.3 -107.391 3.73132 132.997 1.33355 755.303 0.124928 60.8971 3240 42.6 1.37801 10.8229
3 68 6702.35 24.3 -51.945 1.3897 153.94 1.33355 668.81 0.0285219 61.7668 3384 42.6 1.34108 20.6272
3 69 6840.99 24.3 -61.6426 0.334604 178.29 1.33355 619.194 -0.0914439 59.6024 3240 42.6 1.23073 23.8627
3 70 7005.6 24.3 15.3771 3.75702 160.669 1.33355 605.63 -0.111631 56.6335 3384 42.6 1.20231 8.03688
3 71 6746.1 24.3 175.52 1.0841 164.169 1.33355 563.359 -0.149264 57.375 3456 42.6 1.21612 49.8137
3 72 6737.95 24.3 66.455 2.08337 157.179 1.33355 557.72 -0.1376 59.5376 3456 42.6 1.17522 32.3685
3 73 6649.04 24.3 -112.21 2.22163 156.738 1.33355 619.913 -0.0600197 59.532 3240 42.6 1.18668 13.6529
3 74 6739.13 24.3 -145.341 0.0133968 157.362 1.33355 608.002 -0.0455037 60.6605 3096 42.6 1.27721 5.30283
3 75 6772.79 24.3 126.816 -0.4375 138.998 1.33355 658.121 0.109953 58.4327 3096 42.6 1.35866 26.5355
3 76 6796.97 24.3 71.8434 -0.39998 163.777 1.33355 659.55 0.0497993 57.4217 3168 42.6 1.20556 -2.97325
3 77 6980.06 24.3 270.631 2.08788 161.185 1.33355 700.311 0.0420533 52.8472 3096 42.6 1.25267 -18.4339
3 78 6997.74 24.3 276.431 1.66804 151.52 1.53092 816.326 0.16923 56.9874 2952 42.6 1.27549 -5.93612
3 79 7035.13 24.3 62.39 2.97259 127.418 1.53092 849.26 0.250942 60.6606 3168 42.6 1.24726 27.3412
3 80 6869.2 24.3 9.37671 3.38761 138.089 1.53092 829.404 0.206329 62.6521 3168 42.6 1.21377 60.0125
3 81 6953.35 24.3 -304.55 4.63253 121.432 1.53092 845.076 0.217921 63.4533 3312 42.6 1.15855 33.2739
3 82 6729.51 24.3 -340.8 3.00787 142.863 1.53092 868.557 0.214856 65.4149 3168 42.6 1.24224 42.836
3 83 7068.41 24.3 -390.715 1.23002 157.626 1.53092 783.229 0.154755 67.7211 3240 42.6 1.25063 63.6996
3 84 7131.23 24.3 -235.125 2.12922 154.792 1.53092 795.728 0.156754 64.3169 3096 42.6 1.26347 70.4837
3 85 7105.31 72.8 -387.985 1.65239 159.104 1.53092 885.118 0.0890195 64.3748 3312 42.6 1.1439 32.7334
3 86 7025.18 72.8 -40.8957 2.45722 149.958 1.53092 885.026 0.116739 61.4097 3456 42.6 1.23392 67.007
3 87 6912.02 72.8 -388.031 2.27579 153.157 1.53092 865.501 -0.0321644 65.0204 3456 42.6 1.12969 48.3668
3 88 6987.18 72.8 -455.469 -1.03882 151.736 1.53092 751.57 -0.0744832 65.5601 3384 42.6 1.25947 25.9125
3 89 6838.4 72.8 -344.198 -0.0727862 145.901 1.26958 746.563 -0.0738297 65.2582 3384 42.6 1.31466 40.2858
3 90 6787.09 72.8 -260.544 -0.842417 148.053 1.26958 713.195 -0.137603 59.7992 3528 42.6 1.29896 -11.8662
3 91 6737.41 72.8 84.5536 0.722353 162.217 1.26958 682.211 -0.208376 56.9224 3384 42.6 1.38362 -16.6546
3 92 6761.44 72.8 62.3011 -0.857484 165.442 1.26958 601.589 -0.248266 59.1533 3312 42.6 1.36012 -6.12549
3 93 6866.2 72.8 185.667 -2.56501 162.976 1.26958 628.736 -0.18857 57.7175 3384 42.6 1.36192 -14.605
3 94 6799.76 72.8 173.651 -4.79317 176.663 1.26958 543.648 -0.273312 54.0171 3312 42.6 1.32361 -29.6815
3 95 6911.38 72.8 363.691 -4.11942 156.167 1.26958 604.695 -0.188208 53.8982 3240 42.6 1.34971 -40.0765
3 96 6754.35 72.8 311.589 -3.09835 138.528 1.26958 683.993 -0.0565658 50.4287 3096 42.6 1.35888 -63.2909
3 97 6674.24 72.8 429.178 -0.0945651 142.651 1.26958 774.97 0.0102336 51.791 3240 42.6 1.41777 -71.2717
3 98 6816.45 72.8 425.426 -1.35493 147.359 1.26958 804.597 0.0339071 51.3935 2952 42.6 1.43385 -59.1882
3 99 6961.77 72.8 329.001 -0.461512 134.435 1.26958 865.184 0.0785255 56.9993 2952 42.6 1.44644 -23.7443
3 100 6873.97 72.8 344.328 -1.00813 129.749 1.39594 863.604 0.104315 55.2578 3168 42.6 1.38264 -7.41952
3 101 6909.08 72.8 262.081 -2.06981 157.131 1.39594 803.834 -0.0233643 55.6972 3096 39.6 1.30852 -13.5107
3 102 6982.88 72.8 149.854 -2.13233 145.303 1.39594 847.699 0.10423 57.1141 3096 39.6 1.27207 -19.4529
3 103 7030.1 72.8 -4.80622 -2.26565 143.193 1.39594 849.398 0.0807852 59.9283 3024 39.6 1.32636 -15.114
3 104 6953.81 72.8 70.7202 -3.506 140.632 1.39594 859.371 0.144812 58.0678 3096 39.6 1.34859 -23.1044
3 105 6985.45 72.8 129.667 -4.32214 141.719 1.39594 877.021 0.197176 57.1355 3096 39.6 1.34582 -27.0655
3 106 7091.72 72.8 52.207 -4.61269 141.489 1.39594 891.359 0.223963 57.3332 3240 39.6 1.35524 -36.6023
3 107 7123.67 72.8 42.2688 -4.40356 155.512 1.39594 805.997 0.0988882 57.8889 3456 39.6 1.43117 -48.1571
3 108 7111.93 72.8 157.354 -3.91576 157.043 1.39594 688.21 -0.0600936 57.8011 3528 39.6 1.46707 -29.4364
3 109 6899.66 72.8 104.602 -4.23638 161.653 1.39594 713.199 -0.0493594 56.8691 3456 39.6 1.42799 -27.5727
3 110 6970.9 72.8 -18.0729 -4.02473 146.674 1.39594 772.072 0.0210364 57.2274 3456 39.6 1.4305 -46.5429
3 111 6926.78 72.8 53.9838 -6.17509 152.34 1.25991 648.756 0.00241644 57.1142 3312 39.6 1.51225 -44.96
3 112 6840.13 72.8 21.2855 -6.47181 151.359 1.25991 662.502 -0.0293649 57.1604 3312 39.6 1.49892 -55.4091
3 113 6830.42 72.8 268.63 -8.62326 162.107 1.25991 638.795 0.00303034 51.3661 3168 39.6 1.5213 -76.2185
3 114 7056.01 72.8 399.752 -8.31391 159.362 1.25991 732.046 0.0573815 55.0362 3168 39.6 1.54522 -81.4695
3 115 7171.77 72.8 305.683 -5.07577 145.983 1.25991 775.357 0.0789843 49.8132 3240 39.6 1.52236 -97.0858
3 116 6977.12 72.8 600.008 -7.00687 167.566 1.25991 686.174 -0.00965979 51.3525 3528 39.6 1.59111 -94.1701
3 117 7131.28 72.8 459.409 -4.55487 160.805 1.25991 665.553 -0.0778644 52.8068 3672 39.6 1.50175 -70.0254
3 118 6852.77 72.8 111.109 -3.94914 161.123 1.25991 648.308 -0.139621 55.9224 3312 39.6 1.42925 -76.2755
3 119 6825.68 72.8 33.4809 -4.82752 144.905 1.25991 693.422 0.00452365 59.0231 3600 39.6 1.5456 -57.757
3 120 6839.47 72.8 191.09 -3.78039 171.223 1.25991 676.434 -0.131867 55.4691 3456 39.6 1.55328 -54.8888
3 121 6969.1 72.8 38.9334 -3.00237 179.505 1.25991 633.704 -0.192844 57.0411 3456 39.6 1.48413 -61.8146
3 122 6984.08 72.8 374.426 -3.48565 174.707 1.27839 609.299 -0.203147 54.4884 3456 39.6 1.55582 -52.7018
3 123 6850.13 72.8 249.183 -4.57819 172.451 1.27839 608.382 -0.192128 55.8692 3456 39.6 1.40696 -34.8051
3 124 6891.1 72.8 223.52 -5.44518 165.143 1.27839 658.088 -0.0948544 54.2834 3456 39.6 1.39943 -66.4467
3 125 6960.53 72.8 123.44 -4.19039 163.388 1.27839 667.498 -0.105474 56.4795 3312 39.6 1.4236 -50.518
3 126 6923.43 72.8 152.435 -1.71667 150.639 1.27839 805.624 0.0256625 53.14 3384 39.6 1.4655 -75.0033
3 127 6891.42 52.9 283.684 -2.29907 167.787 1.27839 678.974 -0.0881142 55.4544 3312 39.6 1.4869 -59.1091
3 128 6981.07 52.9 165.262 -4.2655 159.219 1.27839 717.152 0.00830395 57.4803 3240 39.6 1.40932 -10.2097
3 129 7010.84 52.9 -21.3827 -0.893033 143.668 1.27839 775.456 0.0834471 57.6863 3168 39.6 1.37928 -14.389
3 130 6855.91 52.9 60.9205 -3.77084 137.993 1.27839 745.725 0.16155 57.2495 3240 39.6 1.3816 -41.3225
3 131 6842.88 52.9 130.294 -2.39921 136.554 1.27839 758.055 0.138903 58.9052 3240 39.6 1.40075 -6.34933
3 132 6778.12 52.9 -51.6774 -2.3658 136.576 1.27839 743.741 0.125071 55.4069 3096 39.6 1.35146 -51.0243
3 133 6834.35 52.9 133.763 -3.78799 136.938 1.34612 748.232 0.173674 55.9089 3168 39.6 1.47532 -46.6764
3 134 6862.82 52.9 175.489 -5.71449 148.068 1.34612 720.539 0.127072 55.8002 2952 39.6 1.46271 -41.8163
3 135 7001.97 52.9 232.592 -2.20067 131.679 1.34612 815.769 0.212855 53.8055 3096 39.6 1.41731 -51.2029
3 136 6958.49 52.9 316.349 -2.86418 138.299 1.34612 765.755 0.130931 53.4158 3024 39.6 1.42908 -55.9446
3 137 6912.75 52.9 343.257 -2.8298 136.754 1.34612 803.411 0.189053 55.8143 3312 39.6 1.42989 -44.6063
3 138 7021.11 52.9 200.146 -4.72453 158.427 1.34612 694.278 0.0691539 54.8255 3240 39.6 1.39214 -34.5967
3 139 7036.74 52.9 92.9916 -2.53125 147.437 1.34612 754.327 0.108374 57.4598 3240 39.6 1.41656 -29.4451
3 140 6981.21 52.9 69.6695 -1.12889 148.103 1.34612 816.913 0.116335 55.3111 3312 39.6 1.43316 -52.7553
3 141 6984.43 52.9 212.223 -0.718591 155.634 1.34612 773.093 0.0780239 57.5579 3240 39.6 1.45507 -30.3907
3 142 7011.49 52.9 2.3026 -0.873099 133.978 1.34612 822.11 0.177068 61.4627 3168 39.6 1.39702 1.14671
3 143 6868.47 52.9 -139.738 -1.08387 114.99 1.34612 817.331 0.199295 60.1061 3096 39.6 1.36142 -18.9412
3 144 6699.23 52.9 -103.573 -3.33767 98.1425 1.34486 817.78 0.281198 59.1405 3168 39.6 1.39151 -9.05855
3 145 6550.82 52.9 -23.4053 -0.207311 92.7897 1.34486 847.404 0.260728 57.7454 3096 39.6 1.40233 -62.5509
3 146 6402.56 52.9 71.712 -4.25795 119.747 1.34486 726.643 0.150942 54.6753 2880 39.6 1.44492 -64.3652
3 147 6666.44 52.9 270.904 -3.62815 110.868 1.34486 781.289 0.23137 55.0436 2880 39.6 1.49188 -22.673
3 148 6645.46 52.9 292.599 -3.94318 121.652 1.34486 700.853 0.154449 51.1954 2880 39.6 1.39105 -75.7767
3 149 6644.91 52.9 536.589 -5.68497 132.476 1.34486 611.142 0.0533496 49.4754 2952 39.6 1.40294 -68.8036
3 150 6649.97 52.9 777.671 -2.09628 118.218 1.34486 718.709 0.162988 45.2517 3024 39.6 1.36782 -68.6346
3 151 6538.73 52.9 580.125 -2.12162 126.815 1.34486 673.401 0.0598084 47.8454 3024 39.2 1.34304 -81.2891
3 152 6592.03 52.9 686.211 -2.9719 134.591 1.34486 649.626 0.0100841 49.0158 3024 39.2 1.4712 -56.8849
3 153 6673.71 52.9 558.305 -4.18133 118.873 1.34486 646.212 0.0738707 49.7547 2952 39.2 1.39058 -40.3807
3 154 6471.11 52.9 502.379 -1.32467 115.998 1.34486 688.431 0.0747952 49.7276 3024 39.2 1.36036 -38.6772
3 155 6448.92 52.9 583.284 -1.21504 130.155 1.5015 675.971 0.0352505 45.9176 3096 39.2 1.38059 -86.9019
3 156 NaN 52.9 661.606 -1.7526 145.706 1.5015 740.235 0.0379225 50.6633 2808 39.2 1.36708 -68.5446
3 157 6795.05 52.9 442.241 -2.2572 142.928 1.5015 726.662 0.0789372 51.5203 2808 39.2 1.34326 -39.4954
3 158 6840.97 52.9 625.706 -5.02889 140.563 1.5015 715.927 0.149186 51.4701 2952 39.2 1.35548 -16.2254
3 159 6856.82 52.9 538.352 -7.4917 138.292 1.5015 615.456 0.0787007 49.0199 3168 39.2 1.22149 -36.4273
3 160 6778.31 52.9 564.797 -7.28136 149.208 1.5015 571.084 0.0309387 46.8826 3312 39.2 1.30177 -71.228
3 161 6847.83 52.9 389.862 -5.31621 154.414 1.5015 623.511 -0.0292142 48.811 3240 39.2 1.34872 -107.313
3 162 6821.78 52.9 607.316 -1.44758 128.997 1.5015 679.404 0.0223878 48.0178 3312 39.2 1.53183 -110.64
3 163 6650.89 52.9 565.632 -3.66184 150.074 1.5015 632.151 -0.0298268 53.4048 3384 39.2 1.55971 -57.477
3 164 6894.09 52.9 374.392 -4.54524 161.616 1.5015 611.196 -0.0657328 53.1856 3384 39.2 1.45264 -31.1611
3 165 7028.09 52.9 252.383 -4.41533 181.312 1.5015 573.617 -0.179229 53.2264 3168 39.2 1.37076 -33.1731
3 166 7151.4 52.9 281.376 -1.51043 166.59 1.46337 677.967 -0.0801806 54.5399 3240 39.2 1.40534 -41.2837
3 167 7072.9 52.9 429.337 -0.780724 156.989 1.46337 802.123 0.0517171 52.1741 3096 39.2 1.40395 -41.5009
3 168 7153.98 52.9 302.598 1.84696 140.911 1.46337 952.951 0.218391 58.3073 3240 39.2 1.35315 9.36172
3 169 7245.06 60.5 -143.997 0.174241 151.419 1.46337 919.3 0.168024 62.0372 3312 39.2 1.29108 8.60056
3 170 7294.73 60.5 -278.043 -2.60478 158.543 1.46337 825.659 0.0635958 66.2356 3384 39.2 1.28835 50.438
3 171 7266.68 60.5 -385.727 -1.6522 163.401 1.46337 781.959 0.0168681 64.3349 3456 39.2 1.26899 53.5705
3 172 7251.59 60.5 -319.489 1.54145 161.631 1.46337 858.726 0.0123369 62.1349 3384 39.2 1.27278 1.24793
3 173 7219.97 60.5 -227.023 0.910764 148.956 1.46337 862.04 0.103074 62.38 3456 39.2 1.3775 23.3461
3 174 7194.32 60.5 -313.347 -2.95584 161.292 1.46337 797.432 0.0520619 68.1116 3384 39.2 1.43565 47.8373
3 175 7272.75 60.5 -471.008 -0.265271 141.453 1.46337 856.857 0.112336 65.5289 3456 39.2 1.33345 4.27175
3 176 7133.27 60.5 -336.928 0.936277 162.219 1.46337 801.118 -0.0598612 62.7202 3312 39.2 1.38008 11.4199
3 177 7156.62 60.5 -265.578 -1.4056 139.586 1.26908 860.499 0.12395 64.6953 3456 39.2 1.42036 2.3784
3 178 7131.85 60.5 -254.645 -1.03681 150.109 1.26908 784.886 0.0265719 64.9972 3384 39.2 1.37962 26.6205
3 179 7042.75 60.5 -419.458 -0.8907 162.817 1.26908 779.104 0.00539558 64.9106 3312 39.2 1.32276 -3.23325
3 180 7189.24 60.5 -167.797 -2.73656 156.452 1.26908 810.283 0.0722207 60.1695 3456 39.2 1.41504 3.00124
3 181 7236.44 60.5 -250.249 -1.67179 151.054 1.26908 719.811 -0.0387234 63.201 3240 39.2 1.36599 -5.90818
3 182 6977.99 60.5 -187.453 1.04841 137.129 1.26908 791.716 0.0301802 61.0651 3384 39.2 1.36459 -11.5957
3 183 6875.92 60.5 -26.2337 0.0948276 141.19 1.26908 820.217 0.0423271 58.34 3240 39.2 1.39246 -34.6039
3 184 6971.1 60.5 -147.577 -0.106757 128.224 1.26908 886.105 0.177879 64.9501 3024 39.2 1.35636 8.26076
3 185 7042.59 60.5 -318.848 -0.746567 113.73 1.26908 871.685 0.231239 63.3402 2880 39.2 1.39144 6.78607
3 186 6959.22 60.5 -32.0281 0.867109 118.892 1.26908 916.857 0.191726 59.3411 2880 39.2 1.38645 -0.181507
3 187 6914.49 60.5 91.4206 2.39094 108.53 1.26908 1013.36 0.265678 55.0296 3096 39.2 1.30664 -17.5098
3 188 6857.5 60.5 103.948 4.20466 98.9739 1.4289 1003.47 0.243139 58.3537 2952 39.2 1.31919 9.08956
3 189 6707.81 60.5 -137.798 4.78303 93.9036 1.4289 1033.41 0.269541 63.0344 2880 39.2 1.29311 40.345
3 190 6666.08 60.5 -134.701 5.77178 104.521 1.4289 1037.51 0.269784 63.4352 2880 39.2 1.25335 44.2417
3 191 6756.06 60.5 -154.046 4.553 109.566 1.4289 988.449 0.218685 62.9827 3024 39.2 1.22582 55.305
3 192 6845.73 60.5 -196.727 0.596233 133.196 1.4289 798.688 0.0327187 62.7853 3024 39.2 1.18547 32.4554
3 193 6847.31 60.5 -62.3958 -0.594409 135.619 1.4289 739.513 -0.00208683 59.3017 3168 39.2 1.17424 43.919
3 194 6834.83 60.5 89.1025 -0.562476 140.278 1.4289 712.744 -0.0471911 55.6414 3168 39.2 1.15296 -0.424706
3 195 6800.06 60.5 168.798 0.478614 137.129 1.4289 751.212 -0.0185425 54.0827 3240 39.2 1.21673 -22.1177
3 196 6782.76 60.5 222.52 0.250982 157.093 1.4289 732.295 -0.0605297 54.4904 3240 39.2 1.31544 -23.1287
3 197 6947.94 60.5 238.762 1.91343 161.348 1.4289 773.688 -0.0960241 57.4201 3168 39.2 1.33173 -7.30414
3 198 7018.95 60.5 247.843 1.05344 158.478 1.4289 793.05 -0.0747521 56.6765 3168 39.2 1.27699 1.4562
3 199 7032.76 60.5 134.124 -0.58385 154.404 1.5404 695.271 -0.0846286 60.3287 3384 39.2 1.25055 31.5185
3 200 6953.13 60.5 1.27528 0.967809 157.228 1.5404 727.831 -0.127733 60.2521 3456 39.2 1.16867 28.9422
3 201 6943.56 60.5 -169.11 -1.62849 157.309 1.5404 623.154 -0.137652 57.5531 3456 70.9 1.18202 -9.01893
3 202 6843.83 60.5 -32.573 -1.53958 147.236 1.5404 623.459 -0.124669 59.4156 3384 70.9 1.34012 22.0376
3 203 6832.66 60.5 -166.58 0.308141 159.808 1.5404 666.163 -0.127552 58.0802 3384 70.9 1.28357 -21.1814
3 204 7019.51 60.5 167.909 -2.35222 155.593 1.5404 615.172 -0.182479 55.6003 3384 70.9 1.42151 -38.4982
3 205 6891.85 60.5 224.825 -3.07241 172.878 1.5404 567.259 -0.222197 57.6336 3456 70.9 1.39077 11.3704
3 206 7112.48 60.5 131.016 -1.18919 170.339 1.5404 548.518 -0.318551 54.8555 3456 70.9 1.30697 -18.5452
3 207 6922.99 60.5 218.477 -3.26343 171.209 1.5404 537.491 -0.243283 53.8774 3312 70.9 1.36265 -50.7742
3 208 7036.2 60.5 215.994 -2.44767 153.072 1.5404 623.466 -0.16042 56.1578 3456 70.9 1.37935 -13.5609
3 209 6954.75 60.5 217.498 -2.26049 159.767 1.5404 622.927 -0.15038 53.6405 3168 70.9 1.36001 -36.683
3 210 7053.67 60.5 169.146 -1.04179 131.177 1.51142 694.612 -0.0433898 57.5447 3240 70.9 1.37219 -39.4961
3 211 6803.4 26.2 245.756 -1.26925 126.248 1.51142 596.216 -0.055365 54.4085 3096 70.9 1.41024 -23.1839
3 212 6760.62 26.2 223.277 0.144177 134.06 1.51142 660.423 0.00815136 57.3813 3312 70.9 1.38543 -16.1667
3 213 6876.39 26.2 220.968 0.925721 127.561 1.51142 603.04 -0.0036514 55.9222 3168 70.9 1.37162 -13.0526
3 214 6735.89 26.2 145.236 2.58567 117.361 1.51142 616.188 -0.00395169 57.6693 3024 70.9 1.35939 -25.566
3 215 6621.2 26.2 270.58 -0.739409 120.653 1.51142 602.114 0.0651577 54.3475 3096 70.9 1.37033 1.4964
3 216 6733.65 26.2 330.781 2.03945 130.611 1.51142 674.48 0.0562803 53.1737 2952 70.9 1.25923 -2.46099
3 217 6862.46 26.2 205.233 2.20409 138.616 1.51142 714.362 0.0715339 54.3879 2808 70.9 1.24259 -24.4817
3 218 6901.95 26.2 471.125 2.38487 140.679 1.51142 734.628 0.072584 55.2998 2952 70.9 1.35654 13.5727
3 219 7043.54 26.2 410.753 -1.4191 155.764 1.51142 679.36 0.101318 53.8783 3024 70.9 1.21029 15.2795
3 220 7254.06 26.2 117.109 -2.14596 150.597 1.51142 704.647 0.125208 57.189 3096 70.9 1.10828 36.2453
3 221 7293.24 26.2 -20.2825 -2.79155 159.039 1.59378 623.56 0.0703928 57.0542 3240 70.9 1.13162 4.21641
3 222 7258.97 26.2 43.3634 -4.04228 143.917 1.59378 589.844 0.0368899 57.9487 3384 70.9 1.25704 9.98975
3 223 7014.19 26.2 53.2363 0.534583 141.059 1.59378 672.969 0.0463112 56.0669 3456 70.9 1.27603 -10.6553
3 224 6987.08 26.2 -68.4622 -0.937306 136.326 1.59378 657.9 0.0808498 57.9395 3384 70.9 1.39374 -34.2321
3 225 6935.15 26.2 -26.0411 1.26814 134.36 1.59378 661.074 0.0699799 64.406 3240 70.9 1.47439 14.3936
3 226 6969.09 26.2 -218.217 1.0564 141.572 1.59378 689.711 0.059074 61.5804 3240 70.9 1.38073 11.794
3 227 6977.7 26.2 102.082 -1.93157 149.736 1.59378 603.517 0.0302562 57.9252 3096 70.9 1.39671 2.43068
3 228 7095.69 26.2 65.5301 -2.82302 146.99 1.59378 647.232 0.0718896 59.3077 3168 70.9 1.33441 24.7167
3 229 7122.06 26.2 39.9559 -0.747969 142.196 1.59378 632.912 0.0498125 55.5297 3168 70.9 1.27155 -27.7367
3 230 7050.61 26.2 194.56 0.661237 149.203 1.59378 681.333 0.0375563 55.5243 3312 70.9 1.32952 -5.87173
3 231 7054.47 26.2 168.722 1.26573 142.258 1.59378 715.7 0.0594723 57.2332 3312 70.9 1.33769 -18.8968
3 232 6981.75 26.2 24.4819 0.550319 136.608 1.47377 653.899 0.0368733 61.7867 3240 70.9 1.3404 17.3514
3 233 6921.52 26.2 -180.542 0.542942 138.15 1.47377 702.082 0.107404 61.9348 3312 70.9 1.27644 34.6226
3 234 7025.38 26.2 -59.8132 -1.37147 150.616 1.47377 639.59 0.026188 59.4758 3240 70.9 1.28888 22.8081
3 235 7089.95 26.2 33.666 -3.28005 144.638 1.47377 602.629 0.0587259 60.6999 3240 70.9 1.35265 -1.22993
3 236 7027.11 26.2 46.5815 -5.43043 155.947 1.47377 518.155 -0.0127986 58.4783 3240 70.9 1.31482 10.9272
3 237 7098.6 26.2 161.082 -4.73961 145.851 1.47377 568.803 0.0518791 51.9693 3168 70.9 1.31969 -27.7765
3 238 7025 26.2 244.284 -3.54418 128.377 1.47377 645.741 0.155809 53.8356 3168 70.9 1.36333 -44.8043
3 239 6967.95 26.2 329.837 -2.65208 135.364 1.47377 626.417 0.0984837 54.4273 3240 70.9 1.43848 -39.4392
3 240 6984.76 26.2 273.066 -0.358782 135.144 1.47377 658.186 0.126854 53.3211 3168 70.9 1.4699 -42.303
3 241 7014.65 26.2 161.753 -0.21217 139.242 1.47377 733.395 0.1373 56.9475 2952 70.9 1.42763 -30.6612
3 242 7130.17 26.2 173.39 -0.53493 135.907 1.47377 832.628 0.275646 55.9213 3024 70.9 1.42059 -27.9184
3 243 7302.56 26.2 187.979 -3.37347 146.25 1.46183 720.081 0.214873 58.4468 3096 70.9 1.38871 6.8301
3 244 7378.53 26.2 -35.9955 0.112177 149.666 1.46183 778.501 0.172046 59.1905 3240 70.9 1.27347 13.6132
3 245 7337.17 26.2 21.7587 -1.29931 148.226 1.46183 741.936 0.144509 57.8074 3456 70.9 1.26855 -15.0473
3 246 NaN 26.2 63.824 0.629855 149.553 1.46183 657.289 0.0521119 64.1407 3528 70.9 1.3321 37.4995
3 247 7123.6 26.2 -452.79 -0.404953 141.647 1.46183 623.416 0.0369906 64.2417 3672 70.9 1.2739 31.6671
3 248 6985.82 26.2 -402.542 -0.659259 165.143 1.46183 579.666 -0.0883507 64.5859 3384 70.9 1.36804 5.09131
3 249 7061.71 26.2 -297.767 -1.99979 152.99 1.46183 645.582 0.0697018 62.4267 3168 70.9 1.40404 -13.2453
3 250 7166.63 26.2 -53.9224 -1.15133 143.012 1.46183 747.581 0.178304 61.5021 3168 70.9 1.44788 -23.6879
3 251 7223.77 26.2 -50.7094 -0.698793 148.615 1.46183 709.888 0.0929614 60.8634 3312 49.2 1.3928 -2.29382
3 252 7143.69 26.2 63.1441 -1.91814 152.923 1.46183 622.489 0.0401561 59.6506 3384 49.2 1.34718 -2.42569
3 253 7093.07 79.6 -72.1622 -1.02777 158.555 1.46183 729.822 -0.0101286 60.5627 3600 49.2 1.27553 9.81633
3 254 7053.47 79.6 -144.483 -0.191889 172.138 1.42021 702.148 -0.119345 60.7556 3528 49.2 1.28466 -0.528666
3 255 7105.36 79.6 -74.9145 -0.440266 166.076 1.42021 697.355 -0.245868 60.3602 3312 49.2 1.38629 -24.4626
3 256 6970.93 79.6 -34.2591 0.597487 144.468 1.42021 787.413 -0.0723504 61.2171 3384 49.2 1.41228 23.9815
3 257 6935.34 79.6 -141.134 3.4321 155.868 1.42021 862.194 -0.140423 59.1265 3384 49.2 1.32688 -4.70107
3 258 6988.59 79.6 -21.8418 1.59944 150.642 1.42021 854.916 99999 60.1084 3168 49.2 1.35122 7.8892
3 259 7032.86 79.6 -60.9811 4.09621 135.489 1.42021 934.762 -0.0151011 65.8088 3240 49.2 1.34487 56.6122
3 260 6928.38 79.6 -258.879 -0.108615 155.669 1.42021 851.762 -0.0504375 63.2765 3240 49.2 1.22986 39.9914
3 261 7147.21 79.6 -166.591 2.27037 141.688 1.42021 895.819 -0.059264 62.1294 3312 49.2 1.22082 38.3408
3 262 6906.31 79.6 -239.657 4.65475 130.92 1.42021 887.437 -0.0628582 60.6527 3240 49.2 1.20186 34.2789
3 263 6747.55 79.6 -124.85 4.70878 129.831 1.42021 897.948 -0.0901533 63.6473 3096 49.2 1.2582 36.6435
3 264 6679.44 79.6 -232.578 4.07841 122.138 1.42021 975.64 0.0889316 63.0473 3024 49.2 1.24029 51.6532
3 265 6859.47 79.6 -388.926 4.66478 130.514 1.44458 1044.32 0.0889616 66.0782 2880 49.2 1.19395 53.6156
3 266 6986.22 79.6 -217.211 2.464 128.461 1.44458 934.957 0.0431528 61.319 2736 49.2 1.25154 39.2505
3 267 6920.2 79.6 -28.1055 -0.210782 138.958 1.44458 945.575 0.116259 61.1291 3024 49.2 1.17533 91.8845
3 268 7205.35 79.6 -106.809 -0.309217 149.53 1.44458 920.032 0.0718365 56.6647 3096 49.2 1.06077 28.416
3 269 7257.38 79.6 16.1644 -2.72365 147.44 1.44458 881.607 0.0396714 58.0925 3024 49.2 1.1492 5.8307
3 270 7211.32 79.6 -108.095 -0.871546 145.656 1.44458 926.646 0.0679876 63.1851 3456 49.2 1.24405 23.2678
3 271 7264.18 79.6 4.47515 1.54465 153.156 1.44458 824.001 -0.0869936 57.1276 3456 49.2 1.2672 -12.206
3 272 7031.41 79.6 -279.642 0.494048 154.676 1.44458 856.46 -0.0682519 64.0429 3456 49.2 1.27909 28.5687
3 273 7067.73 79.6 -322.188 2.46497 162.974 1.44458 885.889 -0.0724036 63.5673 3456 49.2 1.35339 35.2702
3 274 7126.78 79.6 -311.17 1.34156 158.4 1.44458 885.525 -0.0553281 63.1675 3312 49.2 1.35568 44.8153
3 275 7172.84 79.6 -350.587 0.357988 160.616 1.44458 814.792 -0.0906528 67.5689 3312 49.2 1.31769 48.3083
3 276 7147.68 79.6 -270.624 -1.67388 163.726 1.31213 795.227 -0.0805596 62.5714 3312 49.2 1.26953 33.6688
3 277 7139.52 79.6 -299.907 1.02099 143.811 1.31213 851.754 -0.010557 62.7823 3384 49.2 1.2355 26.3502
3 278 7009.12 79.6 -258.507 -1.39132 157.76 1.31213 859.955 -0.0317787 61.187 3456 49.2 1.31153 13.9607
3 279 7164.57 79.6 -169.334 1.07201 167.496 1.31213 850.245 -0.104973 63.6753 3312 49.2 1.36188 6.2806
3 280 7200.47 79.6 -250.801 1.19622 160.669 1.31213 861.718 -0.0672003 62.0294 3168 49.2 1.37232 2.31485
3 281 7159.08 79.6 -220.715 -1.21442 144.725 1.31213 824.271 -0.00682004 65.5629 3240 49.2 1.35729 30.2925
3 282 7043.64 79.6 -233.954 -0.326603 129.86 1.31213 877.451 0.054782 64.013 3168 49.2 1.27984 49.1995
3 283 6995.24 79.6 -419.062 -1.44813 125.257 1.31213 901.108 0.136236 62.4096 3240 49.2 1.22979 -9.1796
3 284 7036.39 79.6 -143.288 -1.16416 123.309 1.31213 871.946 0.0964616 61.4543 3168 49.2 1.39642 -4.87573
3 285 6993.16 79.6 -135.879 1.35432 127.212 1.31213 919.381 0.0899734 59.9751 3096 49.2 1.38889 -22.8249
3 286 6958.37 79.6 37.6946 1.98331 118.877 1.31213 890.231 0.0377083 56.5507 3168 49.2 1.41971 -19.7756
3 287 6786.9 79.6 137.781 0.279283 123.491 1.40814 895.527 0.0592588 60.5118 3168 49.2 1.38119 13.7739
3 288 6843.31 79.6 -134.053 3.64704 128.679 1.40814 916.827 0.00985811 61.7556 3096 49.2 1.27816 11.8945
3 289 6862.95 79.6 -48.4625 0.38702 142.432 1.40814 889.167 0.0110556 61.7482 3024 49.2 1.30201 16.8011
3 290 7003.04 79.6 -38.1531 0.82944 146.748 1.40814 878.651 -0.0357631 62.169 3096 49.2 1.31288 38.7484
3 291 7098.33 79.6 30.224 1.56326 132.642 1.40814 884.849 0.0125292 58.6591 3096 49.2 1.24202 32.6473
3 292 6933.26 79.6 18.9781 7.41291 132.49 1.40814 931.785 -0.0422703 58.6918 3384 49.2 1.19794 10.9249
3 293 6805.6 79.6 33.4 5.36081 153.002 1.40814 855.379 -0.186148 58.0793 3384 49.2 1.22079 32.0181
3 294 6912.1 79.6 -124.822 5.7877 145.2 1.40814 917.783 -0.126657 65.5363 3312 49.2 1.21371 56.2717
3 295 6832.83 73.2 -446.106 4.6568 139.574 1.40814 836.536 -0.112889 67.7157 3096 49.2 1.17052 63.1976
3 296 6729.94 73.2 -322.407 1.36288 134.207 1.40814 815.564 -0.0605626 65.3914 3168 49.2 1.19314 69.3858
3 297 6782.67 73.2 -207.849 4.2205 142.031 1.40814 872.079 -0.071569 62.2912 3240 49.2 1.12397 54.8046
3 298 6864.06 73.2 -140.74 2.63407 146.949 1.49416 816.855 -0.108082 59.0449 3024 49.2 1.14269 19.2186
3 299 6839.34 73.2 37.8754 4.41126 135.722 1.49416 879.738 -0.0275231 61.0263 3024 49.2 1.23416 35.5011
3 300 6851.67 73.2 -5.41897 5.23369 129.572 1.49416 911.925 -0.00440832 59.613 3168 49.2 1.14457 33.1118
3 301 6784.91 73.2 -10.1545 4.31739 124.84 1.49416 881.402 0.0102828 60.3471 3096 78.1 1.15982 46.3396
3 302 6712.88 73.2 -136.372 5.67728 116.404 1.49416 925.374 0.0051563 62.5262 3024 78.1 1.13108 66.8861
3 303 6709 73.2 -181.002 4.36085 113.062 1.49416 938.805 0.0394555 60.6264 3024 78.1 1.16342 53.0677
3 304 6831.68 73.2 -37.2385 4.30033 112.554 1.49416 897.248 0.0625667 62.3138 2952 78.1 1.19056 56.8403
3 305 6758.24 73.2 -106.741 3.68738 122.521 1.49416 886.502 -0.00885431 59.0237 2880 78.1 1.14291 43.5023
3 306 6842.72 73.2 67.4615 -0.79623 120.807 1.49416 872.641 0.0736158 58.625 2808 78.1 1.15378 35.7609
3 307 7037.62 73.2 94.0521 -1.53057 110.746 1.49416 867.978 0.189646 58.0383 2808 78.1 1.16224 33.1334
3 308 6998.9 73.2 49.4933 -0.530056 104.143 1.49416 853.321 0.128467 55.3384 2808 78.1 1.14995 -0.997417
3 309 6828.34 73.2 283.04 -3.1314 109.971 1.58344 831.096 0.166685 50.9835 3024 78.1 1.25197 -22.5088
3 310 6913.97 73.2 386.584 -5.60778 124.175 1.58344 763.793 0.116166 52.3613 3096 78.1 1.2933 -28.5725
3 311 7044.08 73.2 226.407 -4.51927 129.107 1.58344 718.765 -0.0136819 53.8191 2880 78.1 1.31219 -57.847
3 312 6890.62 73.2 332.474 -2.07926 120.205 1.58344 793.255 0.067873 50.9784 3024 78.1 1.42683 -73.3035
3 313 6961.5 73.2 557.394 -1.43397 119.525 1.58344 791.478 0.0711909 51.5284 3024 78.1 1.46973 -46.1982
3 314 6818.28 73.2 437.742 -3.10499 114.084 1.58344 814.083 0.0853208 54.0743 2952 78.1 1.37492 -51.2369
3 315 6933.09 73.2 291.347 1.24075 115.195 1.58344 877.452 0.0964633 55.9348 3024 78.1 1.3728 -32.2158
3 316 6926.22 73.2 396.395 0.0367633 123.54 1.58344 863.001 0.0708476 52.5409 2952 78.1 1.40325 -27.8697
3 317 6956.93 73.2 292.09 0.694102 127.619 1.58344 864.717 0.0472311 56.8673 3024 78.1 1.35075 2.93932
3 318 6999.72 73.2 251.366 2.70253 127.877 1.58344 887.284 0.00238057 55.0685 3024 78.1 1.31705 -3.28227
3 319 6901.11 73.2 98.3739 1.83138 124.544 1.58344 869.683 -0.00494065 57.8399 3096 78.1 1.2345 11.736
3 320 6889.21 73.2 47.135 1.93052 121.866 1.48911 857.524 0.0317639 61.9686 3096 78.1 1.25671 26.9411
3 321 6841.17 73.2 -119.834 -0.562605 123.017 1.48911 846.787 0.0488565 60.8677 3096 78.1 1.17161 34.1714
3 322 6922.99 73.2 -84.0752 -1.28464 131.355 1.48911 806.344 -0.0335723 59.4263 3024 78.1 1.23483 16.4374
3 323 6927.81 73.2 95.8093 -1.18566 136.073 1.48911 801.622 -0.0332201 56.1766 3024 78.1 1.2804 5.2582
3 324 7031.64 73.2 176.912 1.59189 141.926 1.48911 825.93 -0.059807 56.2069 3168 78.1 1.29122 -1.60528
3 325 7017.8 73.2 207.424 3.61593 150.839 1.48911 849.174 -0.119377 55.9073 3312 78.1 1.25938 8.04551
3 326 7081.72 73.2 147.015 2.99431 163.628 1.48911 807.252 -0.15962 60.7353 3384 78.1 1.25495 30.649
3 327 7119.48 73.2 22.1836 0.832757 174.023 1.48911 787.164 -0.162476 62.5282 3240 78.1 1.217 55.1732
3 328 7297.51 73.2 -268.842 1.00387 162.469 1.48911 825.734 -0.080756 62.0604 3312 78.1 1.17507 64.3457
3 329 7257.75 73.2 -146.141 0.0344153 166.3 1.48911 740.992 -0.151623 63.2858 3312 78.1 1.18452 43.1777
3 330 7227.08 73.2 -252.996 -0.647331 157.976 1.48911 767.661 -0.10017 62.0906 3456 78.1 1.21175 34.7614
3 331 7194.08 73.2 -204.752 -1.8409 159.302 1.46855 784.511 -0.0424054 60.6028 3384 78.1 1.26265 2.53899
3 332 7282.31 73.2 -246.469 -1.27467 144.783 1.46855 784.112 0.0272957 64.4316 3312 78.1 1.31339 2.5866
3 333 7240.62 73.2 -220.09 -0.884815 129.663 1.46855 807.861 0.0277941 61.8353 3312 78.1 1.39754 -1.2001
3 334 6967.33 73.2 -138.317 0.649628 140.576 1.46855 819.837 -0.0394446 58.8915 3384 78.1 1.40821 -29.8789
3 335 7031.41 73.2 -2.01108 -1.99852 143.526 1.46855 815.884 0.0157287 60.5296 3312 78.1 1.42555 -21.8853
3 336 7170.74 73.2 -96.5797 -3.57104 137.827 1.46855 805.995 0.0298762 63.8896 3168 78.1 1.40388 19.3781
3 337 7175.92 66.7 -199.29 -3.3534 153.526 1.46855 733.57 -0.0564286 61.8049 3240 78.1 1.36293 -5.1062
3 338 7257.62 66.7 114.877 -2.2166 168.453 1.46855 707.655 -0.112478 54.9314 3384 78.1 1.38734 -22.1791
3 339 7333.39 66.7 160.011 -2.49956 161.044 1.46855 706.919 -0.0797355 56.3203 3384 78.1 1.33362 -5.66543
3 340 7259.26 66.7 -1.62956 0.979715 153.319 1.46855 776.944 -0.0798559 59.3112 3312 78.1 1.34384 -4.42119
3 341 7138.76 66.7 -23.4103 1.21527 147.872 1.46855 867.13 0.00487294 58.5605 3240 78.1 1.38701 -24.1413
3 342 7202.87 66.7 -46.9843 1.66151 121.446 1.41269 940.568 0.138494 64.4959 3240 78.1 1.41044 14.3361
3 343 7085.68 66.7 -348.278 0.568053 118.861 1.41269 870.938 0.14663 67.5699 3168 78.1 1.34827 46.4947
3 344 6958.27 66.7 -383.012 0.384383 122.675 1.41269 854.248 0.0844617 65.2873 3312 78.1 1.32068 32.5614
3 345 7028.11 66.7 -218.723 1.4609 127.856 1.41269 813.48 0.0144655 59.5638 3312 78.1 1.30197 7.68132
3 346 6866.72 66.7 -22.5901 -0.576188 135.787 1.41269 738.369 -0.0825349 62.7512 3312 78.1 1.3517 -2.42584
3 347 6884.37 66.7 24.2649 3.36248 145.202 1.41269 743.621 -0.182816 58.7699 3240 78.1 1.35764 -7.99361
3 348 6804.36 66.7 87.3072 1.70474 126.131 1.41269 757.879 -0.08872 56.5345 3168 78.1 1.32324 -13.5619
3 349 6751.32 66.7 114.049 2.66833 143.461 1.41269 743.296 -0.138827 61.692 3168 78.1 1.29963 30.5536
3 350 6837.21 66.7 19.727 -0.203992 138.609 1.41269 677.751 -0.131901 58.8913 3168 78.1 1.23094 15.7039
3 351 6817.32 66.7 81.9043 0.252556 149.81 1.41269 672.968 -0.166058 57.5188 3024 77.5 1.23629 21.7745
3 352 6952.41 66.7 183.32 -1.27816 146.554 1.41269 705.512 -0.0938042 52.2655 3096 77.5 1.22745 -26.5649
3 353 7019.43 66.7 384.052 0.338721 140.008 1.54231 721.877 -0.104445 54.4428 3024 77.5 1.28912 -14.5924
3 354 6898.64 66.7 230.401 -0.589482 135.193 1.54231 764.221 0.0336466 52.5253 3096 77.5 1.23355 -23.2791
3 355 6987.91 66.7 314.086 -3.76457 140.476 1.54231 779.641 0.038644 54.5593 3096 77.5 1.2849 -1.09439
3 356 7161.2 66.7 211.185 -3.0217 140.22 1.54231 769.198 0.0457362 54.815 2880 77.5 1.25029 -24.9143
3 357 7161.59 66.7 134.174 -0.779549 122.264 1.54231 856.109 0.134655 56.2222 3024 77.5 1.32846 -16.5574
3 358 7034.62 66.7 252.808 2.64163 119.935 1.54231 903.763 0.103395 55.7126 3240 77.5 1.35947 -26.6271
3 359 6974.67 66.7 203.658 1.27961 147.543 1.54231 864.191 -0.000970885 57.2276 3312 77.5 1.35145 -30.7161
3 360 7157.04 66.7 -10.856 0.491517 141.864 1.54231 782.76 -0.0570596 64.5612 3312 77.5 1.32853 27.1953
3 361 7034.49 66.7 -227.128 2.58636 145.727 1.54231 780.041 -0.0989949 63.4901 3240 77.5 1.27564 31.5351
4 1 6672.05 26.7 243.067 -3.45368 158.5 1.35535 629.428 0.0902103 53.8336 3312 25.3 1.41503 -48.1223
4 2 6673.44 26.7 300.514 -3.32807 164.776 1.35535 616.028 0.0972122 54.8137 3312 25.3 1.43154 -49.9169
4 3 6655.87 26.7 337.913 -3.43144 169.274 1.35535 609.478 0.0764648 54.0581 3312 25.3 1.43223 -44.068
4 4 6845.08 26.7 241.882 -3.85377 180.188 1.35535 603.351 0.0642208 53.0976 3384 25.3 1.43074 -54.02
4 5 6830.69 26.7 327.408 -4.53676 190.404 1.35535 555.245 0.00327819 54.3494 3456 25.3 1.43679 -47.8942
4 6 6929.58 26.7 256.816 -3.89384 197.859 1.35535 557.201 -0.0258531 54.4627 3600 25.3 1.42461 -61.9374
4 7 6982.66 26.7 277.805 -3.57611 196.665 1.35535 574.776 -0.0152197 54.5086 3600 25.3 1.41047 -50.7138
4 8 6955.23 26.7 126.71 -2.95531 203.064 1.35535 633.04 -0.0170085 56.543 3600 25.3 1.43093 -45.8521
4 9 7095.78 26.7 41.4537 -2.51886 208.304 1.35535 675.487 -0.00710364 58.1466 3744 25.3 1.45451 -47.5007
4 10 7179.58 26.7 -104.271 -0.432032 206.068 1.35535 686.223 -0.0271115 62.5204 3744 25.3 1.45187 -14.205
4 11 7138.41 26.7 -305.331 -2.10077 202.34 1.35535 636.78 -0.0437827 65.9602 3888 25.3 1.40318 12.1402
4 12 7096.4 26.7 -428.55 -1.96724 211.529 1.23266 563.422 -0.0725897 66.2702 3888 25.3 1.34644 22.777
4 13 7075.21 26.7 -612.468 -2.15312 181.935 1.23266 616.062 -0.010088 66.3446 3816 25.3 1.34366 -2.16879
4 14 6804.46 26.7 -474.257 -1.5074 177.754 1.23266 615.492 -0.00061614 64.4973 3744 25.3 1.43078 -15.5661
4 15 6759.07 26.7 -374.109 -3.52096 169.672 1.23266 577.312 0.0222463 63.6594 3744 25.3 1.51802 -17.543
4 16 6664.57 26.7 -298.295 -3.31421 172.409 1.23266 582.535 0.0253259 63.0977 3528 25.3 1.49278 -30.1455
4 17 6718.36 26.7 -297.397 -2.4924 173.882 1.23266 620.479 0.0470562 60.3269 3384 25.3 1.48026 -43.7914
4 18 6765.53 26.7 189.27 -1.8345 176.834 1.23266 696.19 0.107975 57.0437 3384 25.3 1.56439 -51.6767
4 19 6920.26 26.7 186.841 0.0311034 172.876 1.23266 649.093 0.020681 56.318 3456 25.3 1.46076 -49.7238
4 20 6746.04 26.7 169.439 0.768901 177.095 1.23266 711.763 0.0620495 58.1296 3528 25.3 1.407 -16.0666
4 21 6797.01 26.7 13.7538 2.84845 178.723 1.23266 777.41 0.0244148 58.8394 3528 25.3 1.34363 -3.55212
4 22 6844.16 26.7 -115.601 4.83082 156.262 1.23266 805.432 0.123482 62.2035 3312 25.3 1.33591 -2.53525
4 23 6683.2 26.7 -343.102 2.14195 146.663 1.27142 793.406 0.15649 68.9777 3456 25.3 1.28236 41.1822
4 24 6595.85 26.7 -366.239 3.23669 151.421 1.27142 745.413 0.0705736 67.1516 3384 25.3 1.26087 48.4282
4 25 6498.32 26.7 -416.637 3.94894 147.88 1.27142 803.117 0.141571 66.1076 3312 25.3 1.22372 11.3875
4 26 6535.3 26.7 -315.969 3.61118 150.982 1.27142 731.009 0.0862239 63.4203 3240 25.3 1.29537 25.493
4 27 6530.39 26.7 -116.781 0.424051 164.675 1.27142 656.253 0.0659388 62.1456 3168 25.3 1.32496 28.0553
4 28 6626.03 26.7 -107.253 1.39741 157.171 1.27142 734.715 0.139187 59.3388 3168 25.3 1.23876 25.6212
4 29 6679.09 26.7 86.0223 1.20795 164.242 1.27142 755.408 0.112742 55.5026 3168 25.3 1.26235 -22.2817
4 30 6741.46 26.7 189.559 0.807474 173.655 1.27142 750.859 0.0994803 59.145 3312 25.3 1.28126 0.789773
4 31 6850.95 26.7 138.596 1.5172 163.727 1.27142 730.661 0.112164 60.0193 3384 25.3 1.24536 -1.90218
4 32 6725.37 26.7 -72.6036 1.27394 164.515 1.27142 663.889 0.0105268 60.867 3528 25.3 1.22583 17.0118
4 33 6643.05 26.7 -79.2346 1.1852 182.061 1.27142 640.456 -0.0468293 60.3355 3528 25.3 1.26905 5.52422
4 34 6758.58 26.7 -124.406 5.36185 166.152 1.36995 734.176 -0.0114182 61.505 3528 25.3 1.28308 8.77532
4 35 6527.1 26.7 -215.388 6.68206 168.391 1.36995 672.673 -0.0838986 63.3939 3384 25.3 1.29676 0.863911
4 36 6506.44 26.7 -145.425 3.91289 163.631 1.36995 749.577 0.0307791 64.2312 3528 25.3 1.33734 48.2207
4 37 6555.89 26.7 -246.021 5.05732 165.253 1.36995 793.994 0.0440988 63.6646 3312 25.3 1.19956 30.7271
4 38 6624.9 26.7 -362.758 3.78297 175.231 1.36995 770.206 0.0281813 64.7144 3384 25.3 1.185 36.654
4 39 6727.63 26.7 -138.977 5.37591 182.537 1.36995 701.966 -0.11077 64.106 3312 25.3 1.21651 67.3338
4 40 6641.53 26.7 -180.303 6.8261 178.447 1.36995 842.901 0.0143213 60.5826 3384 25.3 1.09261 48.1812
4 41 6781.6 26.7 -182.424 8.68647 173.228 1.36995 870.49 0.0350879 63.2886 3600 25.3 1.11011 60.2378
4 42 6732.77 26.7 -385.371 5.06744 190.877 1.36995 733.878 -0.0452702 67.322 3528 25.3 1.11296 85.8714
4 43 6881.8 70.3 -609.224 4.0104 200.686 1.36995 836.825 -0.112149 70.6164 3528 25.3 1.08401 117.279
4 44 6880.39 70.3 -551.177 5.09419 182.92 1.36995 884.807 0.00285478 65.1817 3528 25.3 1.07711 71.5162
4 45 6841.53 70.3 -448.696 2.05839 193.249 1.33045 818.296 -0.152184 68.4328 3600 25.3 1.13069 71.3462
4 46 6898.49 70.3 -464.628 3.10304 185.149 1.33045 837.69 -0.142624 67.4549 3600 25.3 1.17368 55.1978
4 47 6840.9 70.3 -555.083 3.06474 180.994 1.33045 840.656 -0.0980284 65.5974 3456 25.3 1.18188 18.3654
4 48 6837.57 70.3 -459.144 4.43648 159.618 1.33045 905.351 -0.0183763 67.068 3600 25.3 1.25699 26.9014
4 49 6586.65 70.3 -378.848 6.86528 162.732 1.33045 893.174 -0.0911548 64.817 3600 25.3 1.28269 48.4266
4 50 6515.55 70.3 -412.542 4.37328 169.445 1.33045 836.759 -0.133985 68.9656 3600 25.3 1.27167 49.0964
4 51 6518.38 70.3 -500.039 7.5554 170.87 1.33045 871.383 -0.125353 68.6275 3384 77.8 1.27015 66.788
4 52 6559.74 70.3 -513.617 7.19898 125.975 1.33045 912.474 -0.0923743 66.7772 3384 77.8 1.18825 54.209
4 53 6536.15 70.3 -241.748 8.29426 131.126 1.33045 901.58 -0.135956 65.3517 3312 77.8 1.22707 71.856
4 54 7184.09 70.3 -231.476 9.81948 135.527 1.33045 937.8 -0.141989 64.1507 3096 77.8 1.11814 105.339
4 55 7218.43 70.3 -327.28 8.07901 132.548 1.33045 956.541 -0.0852504 66.4776 3168 77.8 1.06453 121.437
4 56 7295.09 70.3 -352.378 7.15078 143.298 1.59136 908.222 -0.163876 68.3155 3096 77.8 1.07747 125.635
4 57 7273 70.3 -425 6.57558 140.031 1.59136 897.772 -0.0976647 65.0442 3168 77.8 1.01097 106.67
4 58 7323.01 70.3 -397.84 5.36549 137.373 1.59136 889.736 -0.10451 66.3027 3240 77.8 1.05475 109.601
4 59 7339.81 70.3 -525.109 5.85725 138.143 1.59136 873.766 -0.131823 66.2239 3096 77.8 1.02585 101.879
4 60 7240.68 70.3 -394.684 6.39295 122.928 1.59136 897.991 -0.0705896 66.3874 3168 77.8 1.10592 96.5551
4 61 7183.8 70.3 -376.189 4.59939 124.941 1.59136 869.485 -0.0782554 65.6301 3240 77.8 1.12562 98.0849
4 62 7188.82 70.3 -333.61 3.07055 135.789 1.59136 830.458 -0.124224 65.3817 3384 77.8 1.14567 80.2017
4 63 7251.85 70.3 -381.548 2.59218 150.22 1.59136 671.003 -0.280356 65.2406 3240 77.8 1.16696 64.7319
4 64 7185.23 70.3 -267.012 -2.1974 152.444 1.59136 645.134 -0.23258 62.346 3168 77.8 1.20663 51.1665
4 65 7295.17 70.3 -42.1171 0.803449 149.39 1.59136 711.251 -0.181266 58.3647 3240 77.8 1.22894 16.3907
4 66 7329.68 70.3 70.8848 0.169551 146.577 1.59136 724.176 -0.143079 56.3971 3096 77.8 1.25869 2.39343
4 67 7339.45 70.3 116.197 -1.13617 137.871 1.57258 771.286 -0.0609499 56.7792 3240 77.8 1.34727 16.9733
4 68 7447.12 70.3 104.085 -0.814933 144.786 1.57258 764.609 -0.104817 57.2321 3312 77.8 1.31231 23.5174
4 69 7473.76 70.3 2.78157 -2.41195 169.839 1.57258 696.416 -0.189854 58.8566 3384 77.8 1.28749 23.9979
4 70 7672.57 70.3 -60.2799 -5.03643 179.025 1.57258 657.009 -0.185706 58.593 3456 77.8 1.32346 34.6835
4 71 7791.34 70.3 -37.4555 -0.491953 180.455 1.57258 693.225 535.69 59.3833 3384 77.8 1.32092 23.0129
4 72 7692.54 70.3 -131.888 1.44209 163.649 1.57258 802.593 -0.153196 58.7582 3672 77.8 1.33264 7.5792
4 73 7653.48 70.3 -36.4582 -2.43646 179.345 1.57258 698.459 -0.222323 62.4385 3672 77.8 1.42014 31.3691
4 74 7720.42 70.3 -384.619 -0.923319 171.945 1.57258 731.634 -0.195798 68.0422 3816 77.8 1.33907 39.1535
4 75 7668.7 70.3 -612.206 -0.834207 181.151 1.57258 673.981 -0.284599 67.018 3600 77.8 1.35588 54.4624
4 76 7622.88 70.3 -386.218 0.0805305 153.296 1.57258 698.407 -0.188416 66.3108 3672 77.8 1.44889 40.0111
4 77 7429.3 70.3 -421.536 -0.437016 159.105 1.57258 661.977 -0.229247 65.2513 3600 77.8 1.40735 25.7161
4 78 7461.48 70.3 -433.498 0.225375 149.734 1.36356 756.583 -0.165865 64.8561 3600 77.8 1.42802 29.2452
4 79 7415.11 70.3 -402.685 -0.771516 156.239 1.36356 700.058 -0.210109 64.0434 3312 77.8 1.45866 15.195
4 80 7403.57 70.3 -281.516 -0.285723 140.785 1.36356 745.585 -0.0989747 64.9067 3312 77.8 1.4479 31.4773
4 81 7398.43 70.3 -159.092 -1.79356 138.87 1.36356 727.913 -0.110293 61.4353 3312 77.8 1.38841 32.2495
4 82 7366.49 70.3 -157.191 0.872605 124.413 1.36356 726.677 -0.106409 60.3763 3312 77.8 1.35728 28.6481
4 83 7075.97 70.3 -89.6227 0.151355 123.23 1.36356 670.953 -0.129039 58.7819 3312 77.8 1.36188 -8.75821
4 84 7047.68 70.3 -16.372 -1.03772 120.585 1.36356 711.295 -0.114265 59.599 3168 77.8 1.3947 8.15901
4 85 7096.59 28.7 47.976 2.08128 124.054 1.36356 667.506 -0.0513491 56.5672 2952 77.8 1.41018 -26.6974
4 86 7218.95 28.7 216.682 -1.64768 120.752 1.36356 656.346 0.0031781 56.9589 2880 77.8 1.44942 -19.2365
4 87 7245.85 28.7 313.13 0.0597039 117.83 1.36356 688.427 0.0985906 56.0622 2808 77.8 1.40024 21.8568
4 88 7229.06 28.7 273.094 -0.0204506 105.25 1.36356 728.691 0.185226 52.9202 2880 77.8 1.27782 -14.4265
4 89 7151.9 28.7 390.492 -0.276866 94.4186 1.6724 745.34 0.223093 52.4781 2952 77.8 1.31006 -10.4969
4 90 7102.21 28.7 142.847 -3.10654 100.988 1.6724 694.555 0.213572 55.0626 3024 77.8 1.28368 -2.77926
4 91 7202.45 28.7 176.003 -1.9541 128.111 1.6724 640.995 0.0851216 55.9478 3168 77.8 1.34508 -7.1024
4 92 7329.56 28.7 209.855 -1.7539 146.952 1.6724 591.366 -0.0497632 53.4736 2952 77.8 1.37741 -37.4468
4 93 7369.88 28.7 349.281 0.818964 135.907 1.6724 709.03 0.0358878 52.38 2880 77.8 1.39302 -41.0058
4 94 7439.68 28.7 399.609 -1.52153 122.985 1.6724 722.836 0.157818 53.381 3024 77.8 1.37242 9.50991
4 95 7437.76 28.7 185.213 -4.14321 119.552 1.6724 649.566 0.15631 57.7431 3168 77.8 1.2956 28.4545
4 96 7376.98 28.7 -36.08 -2.24505 132.134 1.6724 683.566 0.102244 57.8176 3024 77.8 1.24458 6.10189
4 97 7389.24 28.7 31.2586 -4.22643 108.522 1.6724 674.56 0.192272 53.158 3168 77.8 1.35723 -23.0666
4 98 7232.8 28.7 190.787 -1.7058 128.105 1.6724 646.582 0.0999831 58.622 3168 77.8 1.46477 0.0280513
4 99 7342.55 28.7 22.5092 -3.53377 130.591 1.6724 626.815 0.0981857 56.3274 3168 77.8 1.41085 -26.8453
4 100 7405.73 28.7 199.727 -5.48706 136.063 1.42837 591.874 0.10185 56.323 3096 77.8 1.48999 -29.9481
4 101 7469.78 28.7 122.969 -4.7949 131.864 1.42837 571.738 0.0858339 57.1003 3168 34.8 1.43917 -9.3521
4 102 7380.3 28.7 247.645 -3.10741 165.087 1.42837 604.441 0.0700092 51.9265 3168 34.8 1.45279 -55.7493
4 103 7425.52 28.7 248.697 1.60503 155.425 1.42837 784.164 0.143688 52.3385 3168 34.8 1.44514 -59.7321
4 104 6903.21 28.7 296.077 1.72822 139.357 1.42837 754.874 0.138086 57.1593 3240 34.8 1.52905 -44.4796
4 105 6658.58 28.7 69.2435 1.86548 139.579 1.42837 763.689 0.163676 63.232 3384 34.8 1.44055 26.3842
4 106 6711.32 28.7 -164.822 -0.0377268 147.521 1.42837 712.563 0.125373 60.8346 3168 34.8 1.32099 0.752841
4 107 6773.13 28.7 -163.235 1.66349 138.663 1.42837 810.776 0.239798 60.1132 3024 34.8 1.31064 0.815391
4 108 6804.12 28.7 -82.7349 0.981576 142.152 1.42837 783.895 0.255921 59.2359 3240 34.8 1.34343 -18.2678
4 109 6831.59 28.7 221.234 -1.04485 171.305 1.42837 705.528 0.0477166 57.157 3384 34.8 1.38533 5.40992
4 110 6976.77 28.7 40.3389 4.60417 155.927 1.42837 749.695 0.0242307 56.7534 3312 34.8 1.24146 3.08981
4 111 6680.38 28.7 3.73886 5.07143 147.443 1.4962 764.092 0.0251525 60.9 3312 34.8 1.28024 7.72117
4 112 6588.8 28.7 -98.0186 5.38684 150.653 1.4962 790.558 0.0726119 64.0323 3384 34.8 1.28711 37.3694
4 113 6664.79 28.7 -306.058 2.93839 141.546 1.4962 837.969 0.197384 63.9466 3096 34.8 1.1979 49.2173
4 114 6749.38 28.7 -437.846 3.87892 146.886 1.4962 824.246 0.158445 66.2909 3096 34.8 1.22608 47.0636
4 115 6760.24 28.7 -195.935 3.59034 147.105 1.4962 798.441 0.106356 61.7208 3240 34.8 1.25317 41.9091
4 116 6722.5 28.7 7.4703 5.22861 145.873 1.4962 778.529 0.0582671 59.336 3312 34.8 1.21798 42.1409
4 117 6600.69 28.7 -191.608 5.29132 128.657 1.4962 737.186 0.045144 60.9837 3384 34.8 1.13538 36.0894
4 118 6340.13 28.7 -187.694 5.37358 127.106 1.4962 715.051 0.0229056 63.9054 3312 34.8 1.18332 49.2431
4 119 6307.89 28.7 -301.785 4.71245 144.808 1.4962 720.471 0.00910103 60.6871 3096 34.8 1.17462 23.5819
4 120 6498.61 28.7 -128.129 4.27942 128.907 1.4962 779.266 0.144844 61.2483 2808 34.8 1.23602 12.9809
4 121 6488.27 28.7 104.466 2.33122 126.279 1.4962 787.628 0.201692 60.7638 2808 34.8 1.24423 36.3816
4 122 6538.44 28.7 266.793 0.82569 151.384 1.49174 711.864 0.114523 54.424 2952 34.8 1.17169 33.9983
4 123 6732.38 28.7 298.764 -0.728688 145.581 1.49174 719.819 0.180711 52.7758 2952 34.8 1.10265 -4.99037
4 124 6791.29 28.7 239.933 -0.267914 151.867 1.49174 678.243 0.132887 53.5069 3096 34.8 1.14081 -11.5156
4 125 6787.15 28.7 360.519 -3.51494 158.136 1.49174 642.857 0.120685 52.0001 3240 34.8 1.24488 -27.3584
4 126 6866.43 28.7 331.528 -0.892669 152.18 1.49174 692.655 0.12902 51.8814 3312 34.8 1.27878 -29.8326
4 127 6790.33 39.4 178.155 -0.438292 153.274 1.49174 720.771 0.0998883 53.4466 3240 34.8 1.30804 -36.0598
4 128 6765.81 39.4 204.846 -2.46641 147.748 1.49174 711.656 0.139631 57.548 3240 34.8 1.41749 -10.972
4 129 6779.09 39.4 144.862 1.60013 139.366 1.49174 773.546 0.112917 55.9529 3312 34.8 1.36409 -31.2969
4 130 6649.06 39.4 34.2913 3.86982 143.962 1.49174 811.664 0.0984475 57.5066 3312 34.8 1.35606 -23.1729
4 131 6640.58 39.4 136.894 3.45933 155.097 1.49174 786.221 0.0217781 59.4633 3240 34.8 1.423 -10.2951
4 132 6768.82 39.4 -1.31112 2.60983 141.755 1.49174 832.745 0.114335 63.0355 3096 34.8 1.3358 26.1963
4 133 6707.05 39.4 -197.906 -1.60927 147.86 1.37206 753.814 0.130955 62.8644 3096 34.8 1.24978 34.9159
4 134 6754.28 39.4 -58.8704 0.277431 155.003 1.37206 796.469 0.135241 60.6179 3240 34.8 1.22841 30.5642
4 135 6891.66 39.4 -73.6137 -1.10329 155.4 1.37206 746.122 0.105205 55.0358 3096 34.8 1.18533 -8.44599
4 136 6918.28 39.4 147.986 0.233003 157.069 1.37206 827.565 0.161015 58.4474 3168 34.8 1.31872 -8.01398
4 137 6986.62 39.4 46.7721 -1.80123 164.686 1.37206 806.727 0.167783 57.0494 3384 34.8 1.28075 -1.57113
4 138 7072.85 39.4 0.573194 -0.931183 169.64 1.37206 721.026 0.0364397 60.8329 3384 34.8 1.30157 1.70329
4 139 6953.22 39.4 -178.963 0.547829 157.084 1.37206 752.634 0.0955301 61.4077 3456 34.8 1.26713 12.6556
4 140 6816.68 39.4 -167.32 -0.925511 163.289 1.37206 711.295 0.0631529 60.125 3528 34.8 1.33907 -8.95865
4 141 6886.77 39.4 -244.368 -1.52767 157.68 1.37206 688.216 0.0576844 62.8825 3456 34.8 1.34551 5.19695
4 142 6775.19 39.4 -279.591 -1.56525 170.628 1.37206 671.408 0.0295248 62.3867 3384 34.8 1.38835 -12.1608
4 143 6937.92 39.4 -25.9603 1.53718 152.287 1.37206 708.623 0.0184781 59.5549 3384 34.8 1.4496 -23.4474
4 144 6757.33 39.4 98.5957 -0.202168 154.284 1.28268 707.934 0.0618733 57.1398 3240 34.8 1.43595 -29.2346
4 145 NaN 39.4 16.9874 0.699848 154.641 1.28268 759.974 0.101367 58.9008 3456 34.8 1.37435 -12.3567
4 146 6828.33 39.4 49.8415 1.10022 155.13 1.28268 740.135 0.0308746 57.4126 3312 34.8 1.38304 -31.0443
4 147 6729.88 39.4 -56.2828 -0.111318 158.58 1.28268 665.199 0.000505681 61.319 3312 34.8 1.35203 16.8543
4 148 6806.75 39.4 24.6429 -0.992523 159.232 1.28268 670.452 0.00928114 60.4642 3384 34.8 1.35412 19.8121
4 149 6846.93 39.4 -69.393 -2.38075 162.384 1.28268 628.39 -0.0230586 55.7344 3312 34.8 1.27718 -27.4571
4 150 6723.82 39.4 86.1482 -0.333218 165.105 1.28268 661.917 -0.0145557 56.7209 3384 34.8 1.36224 -39.1954
4 151 6770.04 39.4 182.258 1.74794 158.662 1.28268 664.452 -0.0471918 54.3066 3528 51.7 1.3693 -49.3327
4 152 6626.24 39.4 173.819 2.11895 154.352 1.28268 647.014 -0.0705705 58.3756 3312 51.7 1.36729 0.416501
4 153 6662.31 39.4 29.4055 -1.13393 144.779 1.28268 648.486 0.0177908 60.3152 3240 51.7 1.32637 1.01866
4 154 6887.22 39.4 -0.53618 -0.216272 130.145 1.28268 672.927 64.2738 57.6802 3096 51.7 1.31317 -4.6614
4 155 6763.38 39.4 56.1217 -4.09848 141.769 1.46602 596.721 0.0253324 55.2099 3096 51.7 1.30975 -26.3392
4 156 6942.08 39.4 303.954 -2.76453 131.307 1.46602 625.047 0.0761475 53.6844 3168 51.7 1.35642 -34.8797
4 157 6826.67 39.4 250.041 -3.88837 137.65 1.46602 621.591 0.0358464 50.3622 3024 51.7 1.33249 -57.8252
4 158 6908.99 39.4 429.014 -2.62335 148.82 1.46602 642.147 0.0634204 53.0617 3168 51.7 1.44844 -62.3477
4 159 7071.71 39.4 514.754 -2.74996 142.202 1.46602 657.628 0.0412469 50.5631 3096 51.7 1.4253 -39.4988
4 160 6947.27 39.4 367.707 -4.2886 152.413 1.46602 616.211 0.0311535 53.1585 3312 51.7 1.36908 -55.011
4 161 7041.68 39.4 408.959 -5.32981 173.185 1.46602 553.528 -0.0627444 53.2685 3384 51.7 1.41053 -49.4824
4 162 7162.16 39.4 267.194 -4.23403 163.58 1.46602 593.496 -0.0441969 52.7075 3240 51.7 1.34612 -37.2788
4 163 7098.84 39.4 194.024 -0.939427 163.126 1.46602 685.858 0.0277438 52.718 3312 51.7 1.42879 -68.3616
4 164 7221.53 39.4 360.036 -1.39082 149.57 1.46602 694.029 0.0293579 54.157 3384 51.7 1.49071 -43.4954
4 165 7055.26 39.4 149.609 2.28221 133.458 1.46602 737.019 0.0624489 59.7812 3168 51.7 1.41031 -2.74559
4 166 6798.44 39.4 -174.182 3.35074 107.665 1.41985 865.406 0.18921 62.1221 3312 51.7 1.33313 -12.6939
4 167 6727.17 39.4 -54.8708 0.354483 130.85 1.41985 769.589 0.143269 60.8527 3168 51.7 1.42882 6.75926
4 168 6952.8 39.4 -231.007 -0.483797 132.424 1.41985 734.319 0.12843 63.7779 3096 51.7 1.34997 29.7343
4 169 6968.82 75.7 -130.881 1.07799 128.14 1.41985 800.215 0.0731131 58.5364 2952 51.7 1.32824 -1.50652
4 170 6771.73 75.7 152.209 -1.11588 129.712 1.41985 827.948 0.147334 53.8392 3240 51.7 1.33774 -5.10482
4 171 6933.5 75.7 345.785 -1.77196 149.537 1.41985 733.858 -0.112966 53.9295 3240 51.7 1.30652 -22.9189
4 172 6912.08 75.7 118.342 -3.30606 141.626 1.41985 739.868 -0.0382399 56.6822 3096 51.7 1.26792 -6.95072
4 173 6938.94 75.7 168.124 -0.890142 135.105 1.41985 750.612 -0.0714393 55.7821 3096 51.7 1.38205 -44.6005
4 174 6766.31 75.7 375.919 0.241838 137.615 1.41985 831.24 0.00641399 49.9162 3168 51.7 1.37484 -36.2082
4 175 6947.86 75.7 324.199 -4.18338 155.759 1.41985 776.898 -0.0423107 56.2777 3168 51.7 1.35979 -37.3378
4 176 7156.95 75.7 220.389 -1.16422 164.411 1.41985 835.951 -0.0140458 57.5904 3096 51.7 1.36414 -11.0085
4 177 7277.39 75.7 90.7038 -3.71797 165.564 1.49797 779.34 -0.061351 55.9891 3312 51.7 1.31616 -28.4566
4 178 7214.02 75.7 338.679 -5.37533 172.734 1.49797 674.56 -0.144842 57.2044 3600 51.7 1.37458 8.11206
4 179 7208.44 75.7 25.3152 -4.77771 174.437 1.49797 650.412 -0.195094 57.2033 3672 51.7 1.25983 -27.4566
4 180 7222.88 75.7 -49.7365 -2.04222 174.77 1.49797 670.285 -0.209684 57.2613 3600 51.7 1.33965 -52.6778
4 181 7116.74 75.7 19.312 -0.181923 164.724 1.49797 683.093 -0.208547 59.5283 3600 51.7 1.49943 -30.1882
4 182 7002.36 75.7 24.3843 -3.03118 166.078 1.49797 645.63 -0.220931 59.3103 3528 51.7 1.5181 -13.0773
4 183 7004.01 75.7 -104.209 -1.06514 163.951 1.49797 734.239 -0.185656 60.4279 3456 51.7 1.46524 -15.98
4 184 7079.26 75.7 -57.019 -2.70763 159.796 1.49797 688.998 -0.138553 59.9378 3240 51.7 1.43929 -21.8896
4 185 6998.69 75.7 111.784 -1.17748 140.975 1.49797 799.233 -0.00130685 59.8451 3240 51.7 1.47403 12.8636
4 186 7025.45 75.7 11.9668 -2.75689 151.129 1.49797 744.776 -0.0490707 56.0316 3312 51.7 1.36139 -35.777
4 187 7064.18 75.7 122.725 -1.32676 149.281 1.49797 780.929 -0.0590162 57.0127 3384 51.7 1.40041 -23.559
4 188 7065.78 75.7 28.5226 -2.75298 169.392 1.39861 727.964 -0.167077 55.8917 3312 51.7 1.37679 -28.1968
4 189 7242.37 75.7 167.465 0.197748 153.869 1.39861 727.226 -0.137495 56.6494 3456 51.7 1.41969 -16.4782
4 190 6944.28 75.7 93.8321 0.948821 156.494 1.39861 741.825 -0.176785 57.4451 3384 51.7 1.36775 4.20738
4 191 6942.1 75.7 39.3293 1.68028 151.821 1.39861 770.648 -0.101461 58.238 3456 51.7 1.35253 -33.0652
4 192 6941.88 75.7 34.0495 1.23148 152.388 1.39861 808.759 -0.0831899 59.9971 3240 51.7 1.4254 -3.2112
4 193 7022.79 75.7 -223.74 -2.39123 157.64 1.39861 742.772 -0.0879622 63.143 3240 51.7 1.34663 -2.71841
4 194 7116.2 75.7 0.609565 -1.49861 151.368 1.39861 732.554 -0.101612 58.7711 3384 51.7 1.40763 9.78486
4 195 7001.93 75.7 -43.782 -1.02363 161.072 1.39861 720.744 -0.16704 56.3425 3312 51.7 1.28737 -23.2679
4 196 7001.67 75.7 202.645 1.40236 144.873 1.39861 775.546 -0.126336 55.7933 3384 51.7 1.3803 -24.7991
4 197 6854.83 75.7 46.2385 1.37692 148.012 1.39861 799.624 -0.0949056 57.8972 3312 51.7 1.37253 -4.20677
4 198 6908.13 75.7 -30.5947 1.5173 147.84 1.39861 797.533 -0.110497 61.1328 3312 51.7 1.36324 -3.07333
4 199 6899.22 75.7 -21.6837 1.88365 158.504 1.3526 808.365 -0.130142 59.2066 3168 51.7 1.34214 11.2366
4 200 7036.01 75.7 -12.3627 1.83008 159.672 1.3526 804.926 -0.105105 60.606 3168 51.7 1.31766 23.0059
4 201 7073.56 75.7 16.6904 -2.55538 158.763 1.3526 763.578 -0.0638399 58.7314 3024 36.3 1.28621 17.5787
4 202 7134.17 75.7 59.1898 -4.23724 155.512 1.3526 819.645 0.054024 59.1358 3168 36.3 1.22594 12.2902
4 203 7180.05 75.7 21.112 -1.01243 146.898 1.3526 832.479 0.0152741 57.0716 3312 36.3 1.2446 -29.2264
4 204 6766.93 75.7 97.8186 0.429484 145.744 1.3526 816.157 -0.0188411 55.7027 3456 36.3 1.33503 -50.3246
4 205 6724.09 75.7 134.008 -0.704324 155.861 1.3526 825.058 -0.039441 57.8359 3528 36.3 1.43221 -28.0532
4 206 6771.69 75.7 -33.5855 -0.236693 172.949 1.3526 804.494 -0.10514 61.7421 3312 36.3 1.40354 -22.3372
4 207 6995.49 75.7 -128.15 3.50591 170.786 1.3526 887.152 -0.0680435 61.3447 3168 36.3 1.39124 -1.95422
4 208 6969.6 75.7 54.0823 0.502317 165.209 1.3526 898.125 0.00888371 58.9951 3456 36.3 1.3759 9.20493
4 209 7036.13 75.7 30.9133 6.77077 170.98 1.3526 905.939 -0.157463 60.589 3600 36.3 1.25278 29.711
4 210 6866.8 75.7 -206.262 7.85355 174.128 1.43216 915.818 -0.157023 60.9644 3600 36.3 1.18464 24.4258
4 211 6896.98 53.4 -285.958 8.92661 184.474 1.43216 888.879 -0.188536 71.3682 3600 36.3 1.25969 89.9163
4 212 7006.6 53.4 -603.346 9.24875 173.931 1.43216 923.406 -0.131583 71.5892 3384 36.3 1.15537 89.3277
4 213 6915.13 53.4 -722.207 8.11898 169.941 1.43216 968.256 -0.0222629 74.4469 3240 36.3 1.13205 127.048
4 214 7015.72 53.4 -746.416 9.68283 150.194 1.43216 985.162 0.0507286 71.2621 3456 36.3 1.08335 117.325
4 215 6779.75 53.4 -689.107 7.73242 168.272 1.43216 935.468 -0.0111773 71.916 3384 36.3 1.0162 124.289
4 216 7002.72 53.4 -883.58 6.14003 164.271 1.43216 907.828 0.0138011 72.4957 3456 36.3 1.02363 109.424
4 217 6964.46 53.4 -681.452 2.58028 164.218 1.43216 880.316 0.0401418 71.0978 3240 36.3 1.10611 92.1403
4 218 6959.16 53.4 -727.156 4.19433 155.383 1.43216 884.346 0.0331339 70.1043 3384 36.3 1.11117 83.4608
4 219 6840.47 53.4 -446.661 2.43758 158.064 1.43216 859.54 0.0524089 63.6744 3384 36.3 1.18199 54.6304
4 220 6933.78 53.4 -466.324 2.63482 145.015 1.43216 875.705 0.082953 67.0856 3312 36.3 1.16372 49.6153
4 221 6809.22 53.4 -416.546 0.140014 150.874 1.28203 846.967 0.111466 64.6534 3240 36.3 1.2478 53.2286
4 222 6911.53 53.4 -418.827 1.12447 154.249 1.28203 825.27 0.0885845 64.2889 3240 36.3 1.26053 30.0102
4 223 6884.51 53.4 -196.247 1.33569 137.769 1.28203 843.605 0.113293 62.3354 3312 36.3 1.29673 3.68111
4 224 6729.15 53.4 -172.815 -0.814478 161.668 1.28203 737.102 0.00903531 62.9819 3600 36.3 1.29774 16.1204
4 225 6835.38 53.4 -42.2562 -1.22601 176.867 1.28203 623.883 -0.154632 59.7883 3528 36.3 1.34417 15.3515
4 226 6823.58 53.4 -101.441 -3.31884 188.69 1.28203 593.606 -0.173988 60.7007 3312 36.3 1.30913 -22.1363
4 227 6949.41 53.4 59.5455 -0.132302 173.843 1.28203 731.938 -0.0521268 58.3927 3312 36.3 1.40345 -26.8377
4 228 6986.83 53.4 153.824 0.827551 167.532 1.28203 783.575 -0.0190052 55.7902 3240 36.3 1.38314 -22.1287
4 229 6984.76 53.4 135.962 3.75827 159.606 1.28203 923.222 0.098227 59.2406 3384 36.3 1.35307 10.153
4 230 6967.25 53.4 -18.8761 4.50948 158.6 1.28203 879.735 0.0169664 62.329 3600 36.3 1.32095 17.3159
4 231 6878.69 53.4 -245.251 5.62885 180.907 1.28203 806.543 -0.111604 66.4287 3528 36.3 1.28383 60.5667
4 232 6935.85 53.4 -476.605 6.2443 160.483 1.35996 817.48 -0.078653 67.6674 3528 36.3 1.2367 46.6514
4 233 6689.24 53.4 -499.284 4.97295 162.411 1.35996 803.959 -0.0623259 67.2916 3384 36.3 1.23308 66.8862
4 234 6750.86 53.4 -571.189 2.71709 165.171 1.35996 830.828 -0.0428138 66.6356 3456 36.3 1.19981 45.1238
4 235 6905.38 53.4 -415.678 0.857483 176.032 1.35996 791.926 -0.0135169 65.8836 3168 36.3 1.20767 55.9414
4 236 7034.64 53.4 -453.555 1.27079 162.031 1.35996 862.07 0.0915972 65.9335 3096 36.3 1.21171 63.5453
4 237 7000.02 53.4 -112.371 1.75267 151.72 1.35996 929.447 0.16289 60.248 3024 36.3 1.24043 20.6102
4 238 7046.69 53.4 -92.9459 1.48527 137.726 1.35996 957.472 0.240421 61.2149 3384 36.3 1.22466 33.2491
4 239 6983.11 53.4 -324.65 1.90077 162.181 1.35996 870.998 0.0778846 66.0945 3384 36.3 1.21439 23.4428
4 240 6986.75 53.4 -451.187 -0.841924 166.907 1.35996 819.606 0.0719134 63.7653 3528 36.3 1.2376 33.3089
4 241 7064.14 53.4 -330.366 -2.77863 173.311 1.35996 714.049 -0.0229853 67.4468 3456 36.3 1.33294 49.5392
4 242 7039.61 53.4 -402.214 -2.77414 181.079 1.35996 738.797 -0.0289883 62.8864 3528 36.3 1.25808 4.92326
4 243 7185.87 53.4 -212.421 -3.54737 186.486 1.28373 665.306 -0.0651741 59.9749 3672 36.3 1.35973 -21.8758
4 244 7156.16 53.4 -36.3816 -2.13743 179.512 1.28373 652.794 -0.091873 60.4405 3528 36.3 1.40787 -10.0845
4 245 6969.81 53.4 -176.376 -3.33937 177.331 1.28373 700.07 0.00465862 58.2725 3528 36.3 1.40746 -47.0639
4 246 7131.34 53.4 -57.9442 -0.856133 165.524 1.28373 792.634 0.0433607 60.8077 3528 36.3 1.45128 -22.8627
4 247 6984.01 53.4 -202.114 -0.642627 160.963 1.28373 773.817 0.0608119 62.1829 3384 36.3 1.4533 -34.3534
4 248 6904.96 53.4 -178.977 -1.70546 149.024 1.28373 749.061 0.049909 63.5177 3528 36.3 1.48842 7.94552
4 249 6778.86 53.4 -157 0.222319 162.652 1.28373 763.088 0.0220722 60.2259 3384 36.3 1.40762 -8.7555
4 250 6922.08 53.4 -245.868 1.14703 163.302 1.28373 818.825 0.0512729 61.7988 3384 36.3 1.37966 -23.5402
4 251 NaN 53.4 -17.0439 0.628336 162.18 1.28373 804.96 0.0297149 60.493 3240 47.6 1.45288 -5.05405
4 252 6895.56 53.4 -34.2261 -0.98108 153.655 1.28373 742.36 0.0168353 62.5964 3384 47.6 1.37514 8.91494
4 253 6922.79 73.2 -77.7083 0.214678 145.256 1.28373 808.119 0.0240124 59.9974 3384 47.6 1.29904 13.0751
4 254 6957.23 73.2 -225.858 -0.206597 147.688 1.4386 854.788 0.062436 59.3787 3168 47.6 1.26304 3.82445
4 255 7032.15 73.2 -115.097 0.173721 142.674 1.4386 896.548 0.0686218 59.1113 3096 47.6 1.38331 -5.98785
4 256 7105.58 73.2 0.179638 1.1137 146.941 1.4386 996.599 0.146547 61.3778 3168 47.6 1.39255 12.8745
4 257 7253.37 73.2 -118.104 -0.331719 150.547 1.4386 894.141 0.0481755 62.8093 3240 47.6 1.33628 29.3912
4 258 7101.61 73.2 -150.456 4.83773 135.568 1.4386 955.771 0.0456165 61.7473 3312 47.6 1.31373 42.4753
4 259 6879.63 73.2 -260.693 1.68838 140.655 1.4386 885.692 0.0296087 62.3879 3456 47.6 1.22754 3.77183
4 260 6920.5 73.2 -227.16 4.67797 123.071 1.4386 947.513 0.0445045 66.3848 3312 47.6 1.31634 44.7712
4 261 6741.12 73.2 -532.277 4.40942 120.688 1.4386 956.087 0.0421652 64.2195 3096 47.6 1.27097 17.264
4 262 6748.99 73.2 -252.961 4.08891 136.403 1.4386 1002.68 0.0581271 66.5094 3168 47.6 1.37507 62.0342
4 263 6990.33 73.2 -179.275 4.22541 135.548 1.4386 932.399 0.0243152 63.7584 3168 47.6 1.28152 42.9494
4 264 6854.21 73.2 -254.274 3.19384 141.622 1.4386 861.272 -0.0617553 65.0937 3096 47.6 1.19921 73.4774
4 265 6838.11 73.2 -137.449 0.032382 141.986 1.4124 806.465 -0.00679198 61.7342 3312 47.6 1.1708 37.9964
4 266 6924.82 73.2 -56.7449 -1.51354 158.108 1.4124 777.033 -0.0455323 60.4217 3240 47.6 1.14501 20.2965
4 267 7044.82 73.2 -187.814 -1.44036 161.539 1.4124 762.745 -0.0889944 60.1558 3168 47.6 1.1985 -10.2831
4 268 7033.78 73.2 101.048 -0.586478 153.446 1.4124 829.357 -0.0159928 55.6179 3168 47.6 1.36251 -33.3926
4 269 7054.61 73.2 212.316 0.896766 150.761 1.4124 864.63 0.00792063 57.8451 3312 47.6 1.34764 -17.1387
4 270 7021.07 73.2 132.603 -0.416918 155.719 1.4124 844.53 0.0143658 57.112 3384 47.6 1.31537 -10.4691
4 271 7141.6 73.2 -62.6743 -2.20805 161.009 1.4124 750.883 -0.0844273 61.9109 3384 47.6 1.32163 9.45535
4 272 7089.91 73.2 -112.258 -3.43136 166.412 1.4124 749.703 -0.0306517 59.2943 3168 47.6 1.29763 -8.05744
4 273 7239.29 73.2 -114.332 -4.19212 140.388 1.4124 777.454 0.0469638 59.0053 3384 47.6 1.31212 -18.0848
4 274 6978.7 73.2 29.09 -2.86976 150.813 1.4124 794.352 0.0182185 55.9457 3168 47.6 1.41875 -34.0884
4 275 7073.11 73.2 -0.856254 -5.58157 150.429 1.4124 819.554 0.107162 56.5439 3240 47.6 1.4475 -41.4127
4 276 7211.36 73.2 185.259 -1.80516 140.316 1.31194 920.734 0.140794 58.8475 3168 47.6 1.51237 -36.9047
4 277 7182.82 73.2 -95.3872 -0.473349 147.423 1.31194 897.408 0.0747451 57.2102 3168 47.6 1.4446 -44.1783
4 278 7148.93 73.2 269.558 0.938995 131.996 1.31194 945.279 0.104744 58.2808 3384 47.6 1.5226 -8.26478
4 279 6993.24 73.2 -74.2495 -0.961151 144.608 1.31194 863.095 0.0315636 60.8358 3384 47.6 1.35141 5.94029
4 280 7057.76 73.2 -323.08 2.94808 147.436 1.31194 951.156 0.0420377 65.5432 3312 47.6 1.3464 30.9785
4 281 7084.89 73.2 -382.843 3.00744 148.394 1.31194 939.06 0.0212804 62.6261 3168 47.6 1.35032 -7.45577
4 282 7054.68 73.2 -225.01 4.99166 150.2 1.31194 955.926 0.033747 67.9237 3312 47.6 1.38294 60.2738
4 283 7096.25 73.2 -387.559 3.33233 155.557 1.31194 950.602 0.0307094 65.5302 3312 47.6 1.23997 37.0282
4 284 7159.21 73.2 -420.685 1.4796 149.931 1.31194 920.111 0.0202149 66.2718 3240 47.6 1.21001 55.2299
4 285 7135.37 73.2 -442.336 0.533601 148.442 1.31194 889.616 0.0417061 65.8675 3384 47.6 1.23832 39.2953
4 286 7074.18 73.2 -376.699 -2.30419 150.624 1.31194 812.109 0.0259705 63.309 3456 47.6 1.24646 51.7407
4 287 7037.25 73.2 -379.916 -1.89105 169.904 1.29717 804.448 -0.040737 61.9096 3456 47.6 1.266 15.5479
4 288 7276.62 73.2 -236.43 -2.74157 168.334 1.29717 745.238 -0.0917268 59.8816 3384 47.6 1.34161 -33.3988
4 289 7152.24 73.2 -14.8079 -3.21409 163.746 1.29717 729.639 -0.067705 60.0566 3312 47.6 1.45519 -7.82873
4 290 7107.74 73.2 -99.8443 -2.72794 154.801 1.29717 746.307 -0.0085499 58.9415 3528 47.6 1.38573 -29.6142
4 291 7101.4 73.2 -2.19158 -2.12193 161.175 1.29717 776.074 -0.0344688 56.1829 3456 47.6 1.41117 -46.5114
4 292 NaN 73.2 -60.8487 -4.77809 158.359 1.29717 709.319 -0.0600506 59.9333 3384 47.6 1.44836 -42.1741
4 293 7041.98 73.2 39.5972 -3.05203 150.215 1.29717 754.634 -0.0109981 59.3289 3312 47.6 1.51757 -26.7634
4 294 6987.44 73.2 80.8153 -7.13199 162.595 1.29717 694.691 -0.0138783 57.2572 3528 47.6 1.46556 -49.7373
4 295 7219.69 79.3 132.928 -8.52908 176.131 1.29717 658.067 -0.0857785 55.6232 3384 47.6 1.5032 -45.3436
4 296 7272.75 79.3 73.0651 -6.78281 169.724 1.29717 711.146 -0.0548496 54.2691 3312 47.6 1.50062 -55.5453
4 297 7272.15 79.3 265.512 -5.06196 174.276 1.29717 714.692 -0.118248 52.3089 3384 47.6 1.5516 -64.2545
4 298 7231.94 79.3 369.056 -7.51582 168.052 1.37565 748.975 -0.00600609 54.0958 3456 47.6 1.52843 -55.3723
4 299 7314.67 79.3 32.8892 -3.91984 157.78 1.37565 804.442 -0.00799356 58.3103 3384 47.6 1.45595 -55.9394
4 300 7183.4 79.3 -87.4795 -4.67411 140.879 1.37565 803.363 0.101654 58.4382 3312 47.6 1.51279 -70.2023
4 301 7067.7 79.3 22.326 -6.84322 141.584 1.37565 801.333 0.113631 60.0482 3384 63.2 1.56857 -20.5913
4 302 7119 79.3 -116.354 -6.28929 141.267 1.37565 793.523 0.0859565 56.8345 3312 63.2 1.50869 -68.9638
4 303 7182.78 79.3 17.4786 -7.09265 136.042 1.37565 753.014 0.0596882 58.0827 3384 63.2 1.56941 -73.8648
4 304 7306.46 79.3 156.914 -4.98643 160.507 1.37565 737.476 -0.0668253 55.621 3312 63.2 1.60478 -55.313
4 305 7371.09 79.3 239.952 -5.57163 145.444 1.37565 730.115 -0.0241411 52.7505 3384 63.2 1.56157 -63.1157
4 306 7344.84 79.3 268.83 -4.46357 145.011 1.37565 771.638 -0.00483114 57.815 3384 63.2 1.54052 -16.9616
4 307 7404.45 79.3 -15.0444 -6.1817 162.241 1.37565 687.698 -0.0888128 56.6972 3240 63.2 1.48634 -59.2772
4 308 7404.02 79.3 205.311 -5.7364 134.901 1.37565 793.761 0.0708767 55.5682 3240 63.2 1.54743 -69.8917
4 309 7302.73 79.3 58.7094 -4.17779 148.366 1.34802 825.33 0.028987 55.191 3312 63.2 1.50745 -49.9589
4 310 7472.84 79.3 128.428 -3.03449 136.994 1.34802 871.299 0.102113 56.3868 3240 63.2 1.55542 -35.6137
4 311 7323.2 79.3 86.4031 -4.53853 129.646 1.34802 854.071 0.0987692 59.5335 3168 63.2 1.49439 -36.1894
4 312 7306.28 79.3 -104.326 -2.94445 129.191 1.34802 858.15 0.0857271 59.7437 3240 63.2 1.48086 -14.9942
4 313 7189.9 79.3 -16.2289 -3.16282 118.605 1.34802 889.821 0.168584 56.0198 3168 63.2 1.48679 -39.48
4 314 7239.67 79.3 -22.8001 -0.840779 115.306 1.34802 902.448 0.109999 62.1696 3168 63.2 1.487 -13.3605
4 315 7084.69 79.3 -45.6233 0.112996 120.071 1.34802 895.363 0.0896862 57.9554 3096 63.2 1.49267 -33.2169
4 316 7168.5 79.3 138.383 -1.77018 128.373 1.34802 859.536 0.0617076 58.9492 3168 63.2 1.48669 -12.518
4 317 7224.19 79.3 14.1387 -5.49094 127.689 1.34802 822.729 0.0997276 59.206 2952 63.2 1.42204 9.98625
4 318 7301.49 79.3 -27.1024 -3.17961 120.468 1.34802 833.089 0.130581 56.3842 3096 63.2 1.36958 -5.13818
4 319 7227.12 79.3 161.137 -1.00039 120.839 1.34802 879.679 0.0896088 51.6415 3096 63.2 1.41591 -45.6015
4 320 7075.05 79.3 263.875 0.138726 120.956 1.51847 856.592 0.0353976 54.1967 3240 63.2 1.46038 -43.0018
4 321 7074.62 79.3 268.073 3.83264 124.414 1.51847 920.526 0.0165498 57.107 3168 63.2 1.47813 -32.9196
4 322 6997.62 79.3 -2.06589 3.4351 123.508 1.51847 908.127 0.0281566 60.7165 2952 63.2 1.39391 5.34028
4 323 7021.27 79.3 -34.9827 3.32873 122.34 1.51847 989.088 0.106159 61.8295 3096 63.2 1.39567 30.8596
4 324 7145.69 79.3 -78.4834 3.49903 120.247 1.51847 956.163 0.0153389 61.2506 3096 63.2 1.27923 54.208
4 325 6963.81 79.3 -95.6112 2.3909 127.883 1.51847 901.835 -0.0282515 59.9674 3096 63.2 1.2545 39.257
4 326 7026.18 79.3 -88.3443 3.04183 141.156 1.51847 899.396 -0.0409256 62.7729 3240 63.2 1.23308 61.6729
4 327 7168.63 79.3 -165.906 3.78457 132.895 1.51847 853.468 -0.0629268 59.2094 3024 63.2 1.18701 61.0002
4 328 7073.87 79.3 -189.644 0.898279 137.782 1.51847 837.528 -0.051518 63.1439 3168 63.2 1.18314 58.1827
4 329 7152.13 79.3 -56.111 3.46338 139.856 1.51847 851.062 -0.0700365 58.5778 3240 63.2 1.23173 22.4128
4 330 7107.09 79.3 -27.5503 -0.778623 148.594 1.51847 778.713 -0.126036 57.8938 3240 63.2 1.24125 14.8812
4 331 7141.76 79.3 9.98322 2.33765 158.657 1.47268 752.498 -0.20907 62.8366 3312 63.2 1.28797 27.9776
4 332 7156.62 79.3 -61.0732 1.55023 146.072 1.47268 806.756 -0.128363 59.5857 3168 63.2 1.29294 22.2551
4 333 7156.23 79.3 -73.1258 4.39281 137.488 1.47268 859.93 -0.102913 61.4556 3168 63.2 1.26908 26.5888
4 334 7029.61 79.3 -6.20661 4.412 134.145 1.47268 905.392 -0.0926641 59.8396 3240 63.2 1.28299 37.4914
4 335 7033.06 79.3 -134.314 4.75583 130.931 1.47268 916.541 -0.06054 63.3333 3240 63.2 1.26373 45.3762
4 336 6998.14 79.3 -218.385 8.41589 121.3 1.47268 932.559 -0.0997612 64.0647 3096 63.2 1.25409 67.0406
4 337 6782.73 61.2 -315.877 6.40172 115.537 1.47268 904.848 -0.040371 64.1778 3024 63.2 1.20468 78.3786
4 338 6824.02 61.2 -205.529 6.62392 114.547 1.47268 923.107 -0.000986106 67.2583 2952 63.2 1.19057 85.2436
4 339 6924.04 61.2 -313.852 7.48795 114.381 1.47268 973.516 0.0780409 62.8771 2736 63.2 1.10164 72.9517
4 340 6949.57 61.2 -155.994 6.89886 115.084 1.47268 1030.9 0.135898 63.1588 2736 63.2 1.14825 73.5492
4 341 7025.18 61.2 -11.0726 8.88449 101.454 1.47268 1055.03 0.169798 62.2539 2808 63.2 1.12815 108.941
4 342 6964.41 61.2 -151.455 4.7273 100.088 1.61776 946.001 0.155454 63.6316 2880 63.2 1.0213 98.6584
4 343 6822.3 61.2 -289.53 4.92158 94.6636 1.61776 895.828 0.0735717 65.4502 3024 63.2 1.02314 95.727
4 344 6720.74 61.2 -354.765 4.58325 110.442 1.61776 905.156 0.0851301 59.1857 2880 63.2 1.04252 39.4413
4 345 6913.76 61.2 -54.4535 2.85821 105.97 1.61776 892.922 0.14382 59.2726 2880 63.2 1.16431 30.0018
4 346 6962.29 61.2 33.0729 4.13631 116.669 1.61776 860.467 0.0600641 60.5586 2736 63.2 1.23895 39.0263
4 347 6916.9 61.2 80.4193 -0.342049 122.927 1.61776 776.959 0.0534074 55.7783 2880 63.2 1.17264 30.4601
4 348 7029.98 61.2 293.94 0.773455 107.011 1.61776 793.201 0.0767313 55.0016 3096 63.2 1.17195 39.4837
4 349 6816.91 61.2 84.5456 1.00461 133.27 1.61776 748.388 -0.0424982 53.7554 3096 63.2 1.11928 -21.0621
4 350 6994.53 61.2 332.599 -1.37392 132.052 1.61776 670.82 -0.0739018 53.8545 3096 63.2 1.29427 -7.20786
4 351 6924.4 61.2 357.886 0.166984 110.178 1.61776 747.355 0.0310003 54.8933 2952 67.1 1.32531 0.371546
4 352 6734.63 61.2 151.759 0.442088 99.6854 1.61776 678.021 -0.00844118 52.5387 3168 67.1 1.28807 -53.4601
4 353 6607.43 61.2 492.453 -0.922483 110.68 1.53277 706.359 0.00266285 51.271 2952 67.1 1.39634 -21.8988
4 354 6847.44 61.2 247.722 -0.48546 106.349 1.53277 725.706 0.03902 52.3595 2880 67.1 1.29451 -40.5854
4 355 6854.56 61.2 471.464 -2.1207 128.216 1.53277 659.813 -0.0366987 50.9262 2880 67.1 1.39862 -36.6142
4 356 6989.75 61.2 647.812 -1.56835 134.68 1.53277 633.965 -0.0858056 49.1432 3024 67.1 1.36537 -32.2859
4 357 7011.98 61.2 763.59 0.336215 139.925 1.53277 657.746 -0.143626 46.3267 2952 67.1 1.30872 -51.0781
4 358 6974.77 61.2 626.023 -0.838792 126.655 1.53277 673.508 -0.0690721 48.6768 3096 67.1 1.30613 -49.9103
4 359 6984.59 61.2 641.895 1.79192 131.805 1.53277 738.311 -0.0701194 51.8628 3168 67.1 1.33219 -21.7558
4 360 6919.96 61.2 334.552 3.99906 134.587 1.53277 751.207 -0.117028 51.7867 3168 67.1 1.25842 -28.0402
4 361 6983.26 61.2 429.559 3.06133 133.842 1.53277 736.126 -0.134348 57.494 3096 67.1 1.3614 13.0467
4 362 6973.2 61.2 125.394 5.32073 121.708 1.53277 796.353 -0.0753085 57.1443 2952 67.1 1.2309 44.2667
4 363 6840.46 61.2 109.206 4.8162 113.426 1.53277 860.222 -0.00559003 56.37 3024 67.1 1.21181 25.583
4 364 6874.99 61.2 99.4664 4.14847 125.569 1.58876 824.52 -0.0319451 58.067 3096 67.1 1.21589 65.1201
4 365 6974.06 61.2 19.409 4.45809 132.479 1.58876 773.727 -0.109167 58.3905 3024 67.1 1.16438 43.6406
4 366 6998.91 61.2 83.3742 5.65084 130.594 1.58876 805.39 -0.108556 60.515 3096 67.1 1.16133 42.6146
4 367 6947.2 61.2 126.495 3.23713 143.192 1.58876 751.701 -0.150956 58.1596 3096 67.1 1.16199 40.8539
4 368 7028.15 61.2 82.2806 3.90703 145.918 1.58876 830.528 -0.0860859 59.1359 3024 67.1 1.14268 55.4793
4 369 7229.67 61.2 23.7468 -0.590295 139.635 1.58876 782.402 -0.0162805 59.362 2952 67.1 1.11621 65.3284
4 370 7179.67 61.2 -25.7775 -1.81433 135.907 1.58876 763.21 0.0267163 62.1915 3024 67.1 1.15351 66.2017
4 371 7303.12 61.2 -119.564 -0.0806052 124.595 1.58876 796.864 0.0237961 56.2631 3168 67.1 1.09437 0.80479
4 372 7175.79 61.2 176.978 -1.25887 131.783 1.58876 782.202 0.0364827 55.2693 3168 67.1 1.26645 -3.47925
4 373 7210.75 61.2 23.9073 -2.33543 138.676 1.58876 740.879 0.00834688 59.3625 3384 67.1 1.29545 -0.571345
4 374 7290.52 61.2 76.8843 -2.29464 166.766 1.58876 717.675 -0.123066 55.4819 3096 67.1 1.35591 -0.0726482
4 375 7482.65 61.2 20.0859 -1.42178 148.699 1.47528 853.218 0.0550038 58.3442 3096 67.1 1.36562 -13.2053
4 376 7534.3 61.2 133.918 -5.39988 147.212 1.47528 748.988 0.0817952 58.9164 3096 67.1 1.41431 26.9577
4 377 7542.77 61.2 -27.4553 -4.35939 129.108 1.47528 810.272 0.135965 60.8956 3240 67.1 1.3257 28.8595
4 378 7396.95 61.2 -186.181 -0.0395887 118.404 1.47528 859.841 0.165724 54.8927 3240 67.1 1.31182 -43.6144
4 379 7214.13 33.5 33.7679 -2.59095 118.225 1.47528 768.914 0.194783 61.0954 3312 67.1 1.49079 -23.2536
4 380 7236.44 33.5 -201.72 -0.566681 122.611 1.47528 728.21 0.0855848 62.968 3312 67.1 1.49401 -0.834213
4 381 7127.86 33.5 -258.738 0.174347 132.426 1.47528 744.589 0.108449 60.8696 3096 67.1 1.46384 -3.54439
4 382 7229.46 33.5 -65.8183 1.38903 124.485 1.47528 820.94 0.142391 60.8497 3168 67.1 1.51651 -0.0336216
4 383 7208.37 33.5 41.8777 2.47628 121.848 1.47528 805.665 0.13307 60.6264 3024 67.1 1.44111 27.5777
4 384 7099.8 33.5 -62.0655 4.61182 128.149 1.47528 848.016 0.133808 63.82 3168 67.1 1.32809 47.3729
4 385 7174.57 33.5 -140.831 5.00887 133.344 1.47528 779.006 0.0754761 61.7145 3240 67.1 1.27475 39.622
4 386 7190.26 33.5 -209.823 4.10482 143.21 1.49754 786.124 0.0269966 66.0224 3240 67.1 1.23156 71.8398
4 387 7255.46 33.5 -385.426 -0.251046 143.299 1.49754 666.879 -0.0314816 64.2159 3096 67.1 1.1874 51.5448
4 388 7143.49 33.5 -135.719 3.49363 125.664 1.49754 729.463 0.0766406 64.468 3096 67.1 1.23551 64.9118
4 389 6991.95 33.5 -283 3.9837 118.048 1.49754 773.702 0.0913421 58.7142 3168 67.1 1.17092 15.343
4 390 6975.54 33.5 -81.7006 2.40547 124.077 1.49754 787.163 0.11795 61.3727 3168 67.1 1.29988 17.0169
4 391 7175.57 33.5 -129.354 2.47586 143.977 1.49754 772.356 0.0431784 62.8214 2952 67.1 1.29031 29.0536
4 392 7293.38 33.5 -139.895 4.16201 140.945 1.49754 828.372 0.0805361 61.5943 3024 67.1 1.30209 35.7681
4 393 7335.81 33.5 -6.03571 1.27678 143.901 1.49754 740.271 0.0418367 59.9952 3096 67.1 1.25564 48.1446
4 394 7293.2 33.5 -20.4523 -1.24567 127.524 1.49754 757.778 0.160683 60.4397 3240 67.1 1.18332 69.904
4 395 7223.33 33.5 -305.553 -1.08819 136.476 1.49754 668.471 0.0551397 60.6876 3312 67.1 1.12874 27.3307
4 396 7188.65 33.5 -207.995 -3.43948 140.663 1.49754 627.037 0.0397144 60.3801 3312 67.1 1.28151 -6.12273
4 397 7176.87 33.5 -76.2152 -0.461804 134.171 1.44883 622.742 0.00712296 58.108 3240 67.1 1.36791 -12.4772
4 398 7086.64 33.5 -1.13264 0.990725 137.384 1.44883 686.864 0.0155606 56.7645 3240 67.1 1.41785 -43.0453
4 399 7088.25 33.5 152.93 -1.06133 151.123 1.44883 651.548 -0.00378658 58.1022 3240 67.1 1.48101 -13.9501
4 400 NaN 33.5 134.101 0.617287 155.693 1.44883 660.319 -0.0251392 59.0827 3168 67.1 1.40316 20.8234
4 401 7330.46 33.5 -60.8494 -0.857964 149.631 1.44883 710.46 0.0256099 58.7714 3312 60.7 1.31978 5.51763
4 402 7333.82 33.5 187.989 -2.24193 174.477 1.44883 614.238 -0.0511634 57.9884 3456 60.7 1.36112 -1.59745
4 403 7483.02 33.5 67.8986 -2.32791 169.994 1.44883 581.853 -0.0971161 57.4518 3384 60.7 1.27064 19.5919
4 404 7257.39 33.5 -183.927 -1.6323 170.564 1.44883 660.785 -0.0195946 60.4592 3384 60.7 1.27173 4.5462
4 405 7376.31 33.5 -102.419 0.572697 150.236 1.44883 724.483 0.0200815 57.1379 3528 60.7 1.38863 0.208745
4 406 7210.14 33.5 -32.4234 1.58485 151.264 1.44883 720.131 -0.0110414 62.2302 3384 60.7 1.40337 10.9592
4 407 7126.76 33.5 -296.076 1.945 146.962 1.44883 740.428 0.0211156 65.1418 3456 60.7 1.36302 35.6422
4 408 7148.7 33.5 -233.019 2.71169 140.884 1.28085 761.736 0.0443728 64.7548 3384 60.7 1.37948 36.4757
4 409 7114.4 33.5 -424.677 -0.571286 142.39 1.28085 648.85 -0.00525341 67.0802 3456 60.7 1.30683 26.9312
4 410 7062.35 33.5 -254.925 1.34919 151.782 1.28085 633.501 -0.0854689 64.5287 3312 60.7 1.34179 50.7261
4 411 7122.61 33.5 -206.553 -0.118273 152.224 1.28085 673.352 -0.0170941 56.9114 3312 60.7 1.28282 -27.4765
4 412 7212.16 33.5 -13.158 -0.589864 157.951 1.28085 682.217 0.00380773 59.2531 3168 60.7 1.39097 5.91108
4 413 7295.41 33.5 -64.2555 -0.839336 157.794 1.28085 728.82 0.0492707 60.1117 3240 60.7 1.33423 20.1166
4 414 7302.09 33.5 -1.88201 -0.926 163.689 1.28085 720.925 0.0192666 58.5171 3384 60.7 1.30971 7.59819
4 415 7402.97 33.5 3.51342 2.42252 170.704 1.28085 732.583 -0.0390931 59.3193 3456 60.7 1.30647 23.1321
4 416 7399.97 33.5 -126.341 4.67774 156.201 1.28085 828.052 0.00845031 62.1542 3456 60.7 1.26038 36.8668
4 417 7242.37 33.5 -301.675 3.68602 165.695 1.28085 802.558 0.000508696 67.1869 3456 60.7 1.2895 74.0263
4 418 7426.25 33.5 -434.722 1.95617 152.58 1.28085 767.22 0.0266072 68.5959 3456 60.7 1.26008 89.9244
4 419 7287 33.5 -646.533 2.42295 152.515 1.32736 765.31 0.0355593 69.7266 3456 60.7 1.21664 87.1491
4 420 7222.49 33.5 -633.143 3.7471 151.416 1.32736 690.119 -0.0490093 68.1506 3600 60.7 1.26504 69.504
4 421 7070.96 42.8 -411.432 1.83885 156.646 1.32736 701.742 -0.0386285 63.4272 3456 60.7 1.28721 41.1126
4 422 7158.92 42.8 -526.974 -0.69327 170.674 1.32736 675.055 -0.0631682 68.8011 3384 60.7 1.29715 38.477
4 423 7353.46 42.8 -411.107 -1.51956 167.077 1.32736 706.581 -0.0292442 63.551 3240 60.7 1.35669 27.7753
4 424 7396.07 42.8 -263.365 -2.6573 164.01 1.32736 643.579 -0.0604443 60.8945 3384 60.7 1.31998 5.21165
4 425 7298.8 42.8 32.9525 -2.54016 164.94 1.32736 670.803 -0.0678107 59.1123 3600 60.7 1.34464 9.65308
4 426 7332.13 42.8 -91.6523 0.811161 166.998 1.32736 661.803 -0.124085 60.4395 3600 60.7 1.32122 8.58005
4 427 7205.79 42.8 -220.503 0.936392 166.317 1.32736 640.121 -0.123678 62.7646 3456 60.7 1.36333 -3.28772
4 428 7266.62 42.8 -279.02 -1.7831 172.347 1.32736 639.504 -0.0986551 64.8601 3528 60.7 1.41677 14.435
4 429 7408.71 42.8 -282.754 1.16705 159.58 1.32736 707.298 -0.0639857 60.6232 3240 60.7 1.37819 -11.6717
4 430 7266.43 42.8 -185.991 0.146089 143.683 1.35804 737.937 0.0551785 61.6501 3312 60.7 1.39756 -4.37224
4 431 7130.24 42.8 -43.7484 -1.43567 134.258 1.35804 714.497 0.0703867 61.4879 3384 60.7 1.40891 21.2807
4 432 7113.99 42.8 -206.381 -0.706583 129.454 1.35804 769.946 0.111707 61.0204 3168 60.7 1.32305 3.68893
4 433 7085.52 42.8 -220.72 2.34674 118.464 1.35804 833.303 0.139541 60.8464 3168 60.7 1.3828 -15.9899
4 434 6958.4 42.8 -45.6864 0.645547 128.142 1.35804 774.357 0.093437 60.1566 3168 60.7 1.47943 -2.88079
4 435 7044.77 42.8 4.76243 3.58938 130.665 1.35804 822.907 0.111269 62.5549 3096 60.7 1.39507 45.9578
4 436 7065.7 42.8 -138.896 3.20977 124.997 1.35804 819.674 0.0870406 58.9728 3024 60.7 1.27338 20.0691
4 437 7030.68 42.8 30.9328 2.63864 132.177 1.35804 802.837 0.0719861 61.9454 3024 60.7 1.30631 28.7317
4 438 7074.13 42.8 -37.1615 2.1681 136.619 1.35804 870.248 0.135855 59.7563 3168 60.7 1.23799 40.5543
4 439 7249.61 42.8 -82.5774 1.29324 148.781 1.35804 771.064 0.0332416 60.7361 3168 60.7 1.20278 53.8335
4 440 7255.96 42.8 -161.212 2.22631 151.738 1.35804 801.314 0.00462388 61.67 3168 60.7 1.23177 49.1028
4 441 7215.52 42.8 -164.643 0.609663 159.416 1.48201 767.831 0.0145624 60.7849 3312 60.7 1.20888 47.7998
4 442 7365.3 42.8 -66.3651 -0.149502 155.796 1.48201 757.494 0.0291872 63.767 3240 60.7 1.21696 51.9117
4 443 7320.99 42.8 -335.906 0.157764 153.613 1.48201 820.33 0.112403 63.8871 3312 60.7 1.1733 29.1615
4 444 7455.4 42.8 -332.436 -0.25902 177.762 1.48201 797.517 0.0107683 64.0654 3528 60.7 1.28225 30.6278
4 445 7669.05 42.8 -247.385 -0.363056 175.499 1.48201 748.586 -0.0524672 62.4014 3456 60.7 1.33765 35.2555
4 446 7536.23 42.8 -396.566 2.4218 178.415 1.48201 784.699 -0.0678036 66.8987 3744 60.7 1.29862 42.8919
4 447 7552.4 42.8 -407.5 2.18269 186.858 1.48201 693.015 -0.16326 65.058 3744 60.7 1.29819 38.4172
4 448 7424.84 42.8 -468.043 1.18595 179.196 1.48201 792.849 -0.0223667 70.001 3672 60.7 1.29513 71.3532
4 449 7578.42 42.8 -842.354 0.694949 186.234 1.48201 748.782 -0.0751624 71.7128 3600 60.7 1.28143 64.4142
4 450 7557.48 42.8 -717.28 0.274705 171.384 1.48201 788.782 0.0272734 70.406 3600 60.7 1.41401 63.1487
4 451 7568 42.8 -763.102 2.41637 173.782 1.48201 748.847 -0.10848 69.6934 3672 66.4 1.32852 53.3187
4 452 7415.56 42.8 -634.348 1.02765 161.51 1.23329 729.235 -0.0952659 68.6168 3672 66.4 1.34696 25.9277
4 453 7238.98 42.8 -664.467 3.781 135.719 1.23329 787.662 -0.0178387 71.2029 3672 66.4 1.34322 60.8461
4 454 7016.17 42.8 -721.104 3.04303 135.632 1.23329 677.872 -0.0826414 69.5091 3528 66.4 1.34969 48.3729
4 455 6993.36 42.8 -619.709 0.858723 141.204 1.23329 681.868 -0.0635095 68.7769 3312 66.4 1.37282 65.0493
4 456 7095.72 42.8 -560.056 1.69273 131.938 1.23329 699.795 -0.00463105 65.8164 3240 66.4 1.37177 14.1746
4 457 7036.23 42.8 -211.341 1.31656 147.311 1.23329 701.699 -0.0630965 60.2517 3096 66.4 1.40469 20.2505
4 458 7186.22 42.8 150.548 3.09672 148.826 1.23329 747.159 -0.0210421 56.4603 3168 66.4 1.36883 4.87939
4 459 7187.26 42.8 183.269 1.02138 138.469 1.23329 730.302 -0.0199242 57.6523 3168 66.4 1.27431 40.7659
4 460 7124.53 42.8 0.912741 4.7831 145.335 1.23329 811.872 -0.0166936 61.5743 3384 66.4 1.21732 27.1917
4 461 7246.44 42.8 -28.1775 3.29087 164.529 1.23329 693.746 -0.151978 59.6052 3384 66.4 1.22464 29.4384
4 462 7282.64 42.8 -105.255 4.6845 169.079 1.23329 749.706 -0.121291 65.3299 3240 66.4 1.25381 48.7901
4 463 7328.24 42.5 -290.666 5.30531 157.422 1.46985 808.285 -0.046646 63.889 3240 66.4 1.16844 47.2355
4 464 7379.73 42.5 -267.444 6.11714 145.491 1.46985 913.311 0.0751012 66.0922 3312 66.4 1.21968 96.191
4 465 7314.83 42.5 -468.949 5.19691 141.328 1.46985 816.517 0.00190117 66.2739 3312 66.4 1.13175 74.204
4 466 7160.39 42.5 -520.893 6.15599 127.156 1.46985 866.287 0.041952 70.6585 3456 66.4 1.17646 112.613
4 467 7118.66 42.5 -695.87 5.8101 149.545 1.46985 789.86 -0.0854622 68.2962 3456 66.4 1.11919 84.3125
4 468 7163.24 42.5 -508.082 4.44129 146.621 1.46985 787.53 -0.0772919 68.5868 3240 66.4 1.22683 90.9723
4 469 7137.27 42.5 -540.453 3.15779 144.586 1.46985 756.559 -0.0469641 68.2168 3240 66.4 1.19911 72.3494
4 470 7141.69 42.5 -360.876 4.21431 156.172 1.46985 775.408 -0.0701037 64.6072 3168 66.4 1.20282 92.4492
4 471 7269.23 42.5 -353.16 1.79933 144.152 1.46985 788.109 0.0331924 63.5386 3168 66.4 1.14915 47.5892
4 472 7243.69 42.5 -235.536 1.78741 162.801 1.46985 824.744 0.0167865 65.3674 3096 66.4 1.21808 75.9736
4 473 7483.81 42.5 -325.944 0.905328 155.396 1.46985 872.898 0.0928331 62.91 3240 66.4 1.17348 27.2618
4 474 7598.48 42.5 -154.034 1.78027 158.966 1.52641 814.254 0.0324747 64.1476 3312 66.4 1.23853 79.6525
4 475 7505.57 42.5 -365.693 -1.77177 163.163 1.52641 710.971 -0.00871578 65.9903 3456 66.4 1.1845 73.9141
4 476 7521.11 42.5 -424.419 -0.198884 157.108 1.52641 719.193 -0.033247 65.0258 3744 66.4 1.21589 46.8378
4 477 7399.38 42.5 -531.563 2.40003 164.072 1.52641 739.221 -0.105542 64.2198 3600 66.4 1.25125 9.39565
4 478 7341.62 42.5 -397.65 1.75018 151.597 1.52641 709.838 -0.0874018 68.5628 3456 66.4 1.40263 42.906
4 479 NaN 42.5 -474.52 2.11278 121.635 1.52641 768.599 0.0432668 68.9175 3456 66.4 1.4223 44.1803
4 480 6970.51 42.5 -552.773 1.55371 136.067 1.52641 720.786 0.00494128 65.3116 3456 66.4 1.31868 28.9526
4 481 7036.69 42.5 -344.236 2.14549 140.49 1.52641 703.749 -0.038432 64.9172 3312 66.4 1.36188 22.9911
4 482 7113.62 42.5 -294.03 3.83836 139.224 1.52641 699.56 -0.0726181 63.0645 3096 66.4 1.34495 11.5778
4 483 7055.05 42.5 -85.9361 1.46308 138.041 1.52641 689.033 -0.0539466 60605.4 3312 66.4 1.36256 7.46134
4 484 7075.89 42.5 131.209 1.46339 157.578 1.52641 653.641 -0.120902 57380.1 3168 66.4 1.27846 24.9843
4 485 7205.12 42.5 16.6925 0.502725 156.76 1.60245 717.141 -0.0458389 57490.2 3240 66.4 1.19348 26.6455
4 486 7334.34 42.5 39.4947 -1.36809 147.668 1.60245 625.955 -0.0967568 59376.8 3240 66.4 1.26553 22.7016
4 487 7200.16 42.5 43.6197 -0.151994 152.136 1.60245 672.79 -0.0884685 57463.3 3312 66.4 1.25895 35.3797
4 488 7202.34 42.5 10.0049 0.154645 139.102 1.60245 713.606 -0.023334 55228.9 3312 66.4 1.25828 -7.93215
4 489 7189.85 42.5 96.9274 -0.672898 138.622 1.60245 756.441 0.0569485 61397 3024 66.4 1.3265 32.7996
4 490 7232.26 42.5 -199.892 0.530492 119.41 1.60245 802.051 0.149349 62989.5 3168 66.4 1.3008 12.1978
4 491 7157.47 42.5 -36.3582 1.40242 111.583 1.60245 794.023 0.118682 60444.2 3096 66.4 1.3579 10.0061
4 492 7005.46 42.5 -93.7428 1.86348 116.274 1.60245 763.887 0.0903524 59582.3 3240 66.4 1.30655 -14.9242
4 493 6940.42 42.5 15.4678 -1.64667 122.714 1.60245 694.436 0.0631418 60291.7 3168 66.4 1.35438 7.32814
4 494 7023.16 42.5 -148.107 1.48896 114.448 1.60245 689.168 0.0149841 61911.7 2952 66.4 1.30949 -1.69684
4 495 6869.87 42.5 18.0279 -0.490501 133.113 1.60245 722.342 0.0664266 55738.1 2952 66.4 1.34959 -17.5598
4 496 7180.02 42.5 334.639 -0.257415 134.616 1.49866 716.179 0.0593417 54914.4 2880 66.4 1.37233 2.70984
4 497 7196.87 42.5 333.909 0.212528 120.046 1.49866 837.475 0.206814 54810.6 2664 66.4 1.30863 -11.8499
4 498 7230.29 42.5 244.643 2.16285 121.816 1.49866 918.695 0.256996 55404.8 2952 66.4 1.29038 -15.0677
4 499 7327.21 42.5 413.145 0.338244 121.311 1.49866 923.577 0.275722 53995.2 3024 66.4 1.28685 13.285
4 500 7402.4 42.5 -48.2921 0.50608 144.092 1.49866 894.631 0.179454 62305.3 3096 66.4 1.19736 46.5303
4 501 7526.76 42.5 -218.376 -1.32971 139.728 1.49866 843.903 0.167232 61610.4 3240 43.8 1.24018 31.9679
4 502 7516.96 42.5 -212.968 -1.32632 162.479 1.49866 760.899 0.104189 62474.7 3384 43.8 1.2791 41.32
4 503 7451.66 42.5 -338.554 -3.43891 168.818 1.49866 722.864 0.0543952 63217.3 3528 43.8 1.25646 42.2351
4 504 7201.29 42.5 -312.144 -3.2793 162.138 1.49866 667.777 0.0435677 62075.5 3600 43.8 1.34087 4.97395
4 505 7074.6 34.7 -356.459 -3.17617 161.939 1.49866 667.618 0.00614513 62812.6 3672 43.8 1.40895 -15.5239
4 506 7010.27 34.7 -278.638 -3.6284 170.436 1.49866 602.518 -0.0587564 60478.5 3600 43.8 1.47722 -25.0513
4 507 6992.34 34.7 -164.778 -3.19999 161.208 1.20647 621.682 0.004604 61746.9 3384 43.8 1.52435 -19.5395
4 508 6924.4 34.7 -152.323 -2.5267 152.71 1.20647 690.086 0.0894306 59732.6 3384 43.8 1.47827 -25.3969
4 509 7008.36 34.7 -13.4843 -1.02342 166.348 1.20647 703.666 0.0502423 57942.9 3312 43.8 1.49197 -15.6878
4 510 7153.96 34.7 79.6706 -3.45388 159.228 1.20647 660.644 0.0806633 60657.9 3240 43.8 1.45727 -13.3737
4 511 7095.53 34.7 9.26616 -1.91532 151.341 1.20647 695.421 0.114603 62038.6 3240 43.8 1.39631 -7.93338
4 512 7043.53 34.7 -39.5497 -0.638257 144.192 1.20647 776.181 0.183968 56906 3456 43.8 1.32161 -42.0095
4 513 7073.08 34.7 77.4833 1.53508 150.471 1.20647 734.647 0.0497005 58822.8 3456 43.8 1.41082 -4.12195
4 514 6925.39 34.7 -91.784 0.845645 161.296 1.20647 694.045 0.00957989 61486 3312 43.8 1.43286 -5.56522
4 515 6952.18 34.7 -166.255 4.60959 137.615 1.20647 818.309 0.0967078 62958.4 3312 43.8 1.40152 17.6
4 516 NaN 34.7 -188.739 1.439 146.973 1.20647 811.245 0.14996 61388.4 3240 43.8 1.35016 22.2025
4 517 7047.36 34.7 -196.545 -0.494619 163.366 1.20647 792.139 0.102965 65272 3168 43.8 1.32716 40.5035
4 518 7199.95 34.7 -251.035 1.19205 152.13 1.31779 870.341 0.180732 61956 3024 43.8 1.26632 24.1415
4 519 7092.75 34.7 -149.332 -0.240569 140.138 1.31779 797.145 0.170395 62052.6 3384 43.8 1.27101 17.2067
4 520 6965.93 34.7 -29.4707 -0.602401 164.365 1.31779 708.889 0.0583607 61662.6 3528 43.8 1.2796 47.9185
4 521 7110.51 34.7 -329.788 -1.28202 163.93 1.31779 743.775 0.0815453 60961.2 3384 43.8 1.17567 2.65679
4 522 7162.04 34.7 -339.903 -0.902086 157.508 1.31779 690.147 0.0679358 64875.4 3384 43.8 1.36644 6.33194
4 523 6934.94 34.7 -232.857 -0.800058 161.437 1.31779 691.923 0.0160583 63002.8 3744 43.8 1.41361 2.31652
4 524 7023.35 34.7 -106.228 -0.966583 189.563 1.31779 538.495 -0.179685 58527.2 3672 43.8 1.36736 -6.21588
4 525 7058.59 34.7 -159.388 1.13667 164.868 1.31779 637.56 -0.10114 62801.2 3384 43.8 1.34317 19.5088
4 526 6865.12 34.7 -250.702 -1.39823 170.9 1.31779 654.778 0.00368802 62407.7 3384 43.8 1.36861 -17.0524
4 527 7063.78 34.7 33.7215 -1.82572 160.801 1.31779 686.326 0.0461122 60108.5 3384 43.8 1.44192 1.3053
4 528 7021.37 34.7 -123.164 3.07502 148.938 1.31779 744.072 0.0591841 61287.5 3168 43.8 1.31874 -20.1881
4 529 6889.53 34.7 -77.7902 0.997379 144.236 1.37953 763.466 0.118092 59866.4 3384 43.8 1.39212 -14.186
4 530 6899.63 34.7 78.6108 0.422546 141.183 1.37953 703.299 0.0891315 60524.2 3240 43.8 1.38203 8.49346
4 531 6784.12 34.7 -283.249 -0.943657 136.113 1.37953 710.96 0.157122 61505.1 3168 43.8 1.27949 -3.49979
4 532 6760.56 34.7 -183.714 -2.58774 131.732 1.37953 677.665 0.147948 58645 3168 43.8 1.36403 -5.87943
4 533 6789.96 34.7 150.859 -1.31828 135.975 1.37953 658.033 0.102815 56579.7 3096 43.8 1.41411 -34.9065
4 534 6796.92 34.7 230.399 -4.71557 138.76 1.37953 623.016 0.1426 53731 3024 43.8 1.40962 -33.6322
4 535 6848.94 34.7 314.875 -5.07866 116.002 1.37953 661.792 0.222703 52226.9 3024 43.8 1.41591 -56.0659
4 536 6699.67 34.7 356.676 -4.77608 125.871 1.37953 639.884 0.194494 48812.1 3024 43.8 1.36355 -62.8199
4 537 6732.79 34.7 511.087 -4.38938 125.94 1.37953 637.779 0.223823 47737.7 3024 43.8 1.46762 -80.8674
4 538 6769.67 34.7 554.455 -4.96485 113.042 1.37953 662.556 0.252311 49896.8 2880 43.8 1.48941 -85.8839
4 539 6678.07 34.7 514.843 -5.05291 105.231 1.37953 673.635 0.300736 46794.8 2952 43.8 1.49168 -88.3482
4 540 6645.51 34.7 629.493 -6.50846 109.932 1.38615 583.401 0.225121 46370.5 2952 43.8 1.50534 -91.9926
4 541 6565.69 34.7 690.127 -3.26275 110.529 1.38615 689.958 0.25907 47880.1 2880 43.8 1.49483 -110.345
4 542 6676.53 34.7 700.737 -4.53001 112.925 1.38615 695.188 0.274317 44223.6 2952 43.8 1.50466 -148.965
4 543 6693.92 34.7 889.629 -4.41572 131.845 1.38615 654.55 0.16936 48776.5 2952 43.8 1.56192 -80.3607
4 544 6842.84 34.7 554.125 -4.93016 146.759 1.38615 634.874 0.0913062 47466.2 3024 43.8 1.43071 -64.2972
4 545 6889.31 34.7 727.789 -4.32216 145.942 1.38615 595.799 0.0892504 47029.7 3096 43.8 1.43823 -80.9757
4 546 6925.95 34.7 530.234 -5.74768 137.836 1.38615 572.367 0.135904 50245.3 3168 43.8 1.38372 -59.7462
4 547 6838.09 74.7 445.816 -6.28002 139.777 1.38615 682.583 0.129227 48316.1 3168 43.8 1.38733 -67.1324
4 548 6812.43 74.7 496.054 -4.01827 138.041 1.38615 722.139 0.0888701 47286.1 3240 43.8 1.4421 -86.8699
4 549 6808.86 74.7 537.285 -4.93489 155.237 1.38615 704.696 0.00156424 49574 3240 43.8 1.52014 -105.413
4 550 6973.11 74.7 507.609 -3.12725 150.843 1.38615 724.089 -0.0439984 52537.3 3168 43.8 1.5273 -66.9292
4 551 6908.62 74.7 399.253 -2.12382 157.161 1.33137 816.99 0.00668922 52865.3 3168 23.3 1.47337 -50.2653
4 552 7085.76 74.7 455.42 -0.974313 167.535 1.33137 803.9 -0.0130574 54031.2 3240 23.3 1.47701 -30.3376
4 553 6976.28 74.7 356.785 1.55625 150.666 1.33137 888.883 0.0332664 57557.6 3168 23.3 1.40653 -7.99979
4 554 6583.06 74.7 -32.6166 2.77014 155.011 1.33137 913.488 0.0143703 56423.8 3528 23.3 1.31304 -21.2073
4 555 6596.37 74.7 88.1585 -1.75687 155.948 1.33137 783.655 -0.0154377 59446.7 3528 23.3 1.38078 -0.0646743
4 556 6580.67 74.7 -247.647 -1.10141 157.971 1.33137 740.539 -0.0962347 65129.4 3384 23.3 1.31108 29.5741
4 557 6511.79 74.7 -230.749 -2.35134 169.484 1.33137 678.281 -0.149637 58835.8 3384 23.3 1.29497 -44.6894
4 558 6514.41 74.7 191.503 -1.56946 164.463 1.33137 701.73 -0.12514 55046.1 3384 23.3 1.41779 -45.9312
4 559 6470.1 74.7 211.527 0.407085 163.502 1.33137 716.718 -0.146132 53466.3 3456 23.3 1.35591 -51.7153
4 560 6408.2 74.7 277.507 1.8152 175.844 1.33137 744.468 -0.238212 54023.4 3456 23.3 1.40748 -62.9141
4 561 6505.17 74.7 316.345 1.81555 173.202 1.33137 682.133 -0.242672 54769.7 3456 23.3 1.38338 -40.9472
4 562 6452.14 74.7 204.358 3.90992 173.237 1.43154 721.235 -0.255328 58573.2 3312 23.3 1.29571 12.9887
4 563 6497.74 74.7 24.6304 6.23662 169.872 1.43154 803.272 -0.169162 55852.1 3384 23.3 1.22921 -10.9805
4 564 6431 74.7 233.769 4.19497 162.971 1.43154 820.446 -0.169781 57311.4 3312 23.3 1.25299 13.7864
4 565 6415.93 74.7 34.7269 6.28122 148.689 1.43154 883.959 -0.103319 62215.3 3240 23.3 1.21729 56.4025
4 566 6283.49 74.7 -49.5643 7.46007 157.916 1.43154 890.747 -0.102324 59031.5 3312 23.3 1.14838 46.0146
4 567 6433.64 74.7 -88.6935 3.76527 163.54 1.43154 814.647 -0.13033 61864.8 3240 23.3 1.15777 44.6484
4 568 6448.65 74.7 -93.8371 3.55909 170.698 1.43154 842.681 -0.106358 63130.2 3240 23.3 1.12883 56.2789
4 569 6597.42 74.7 -107.275 3.66208 167.875 1.43154 791.708 -0.166939 58159.7 3240 23.3 1.11994 30.8779
4 570 6477.85 74.7 154.692 2.73007 166.044 1.43154 817.779 -0.133163 57286.1 3240 23.3 1.15205 36.3928
4 571 6511.26 74.7 -10.8482 4.0663 164.652 1.43154 858.618 -0.0960605 59763.7 3312 23.3 1.10614 28.3282
4 572 6621.63 74.7 12.5149 4.97091 154.067 1.43154 888.366 -0.0521372 59908.1 3240 23.3 1.16805 14.1537
4 573 6444.52 74.7 -54.9931 4.50218 144.439 1.476 876.595 -0.0302718 62923.5 3240 23.3 1.19476 23.7886
4 574 6391.98 74.7 -85.5859 5.82164 133.772 1.476 880.859 -0.0368927 60064.2 3312 23.3 1.20435 44.4628
4 575 6214.65 74.7 -79.3574 3.51124 145.217 1.476 828.462 -0.0410954 58444.9 3168 23.3 1.16344 34.1334
4 576 6329.86 74.7 -103.7 0.625347 152.454 1.476 757.466 -0.0621057 60336.9 3240 23.3 1.18927 28.4352
4 577 6399.04 74.7 53.7829 -0.0259448 165.479 1.476 706.708 -0.149902 56290.6 3096 23.3 1.23184 16.2286
4 578 6445.95 74.7 178.525 0.230592 166.054 1.476 712.879 -0.152343 53631.9 3096 23.3 1.19376 -29.91
4 579 6490.68 74.7 509.184 0.801483 158.266 1.476 773.808 -0.067517 49742.9 3168 23.3 1.28862 -40.0004
4 580 6551.22 74.7 419.397 2.90479 150.841 1.476 847.478 -0.0214514 52263.7 3240 23.3 1.22128 -24.4403
4 581 6509.42 74.7 365.063 2.25376 158.228 1.476 824.519 -0.0660921 54269.8 3240 23.3 1.26049 -36.5066
4 582 6420.31 74.7 243.401 3.55813 157.273 1.476 849.915 -0.088304 56486.8 3384 23.3 1.2733 -0.570204
4 583 6501.05 74.7 83.1262 5.61445 157.908 1.476 808.009 -0.142584 59052.5 3312 23.3 1.21221 8.60493
4 584 6374.15 74.7 -24.1986 7.17447 155.168 1.42628 860.081 -0.135955 60906.1 3384 23.3 1.2449 29.3107
4 585 6307.32 74.7 -58.5998 7.99429 147.838 1.42628 809.135 -0.186547 59732.7 3456 23.3 1.19878 33.0548
4 586 6125.55 74.7 -37.6456 6.45646 157.833 1.42628 767.028 -0.249813 62352.3 3384 23.3 1.19273 44.1183
4 587 6191.61 74.7 -135.617 8.53054 168.636 1.42628 771.611 -0.278792 60661.5 3312 23.3 1.11835 36.1018
4 588 6242.26 74.7 -8.91773 5.89251 172.261 1.42628 764.836 -0.260973 58942 3168 23.3 1.15234 27.5996
4 589 6401.67 55.2 131.48 3.19879 181.968 1.42628 688.215 -0.230368 59867.7 3240 23.3 1.12094 58.9952
4 590 6612.62 55.2 143.692 3.43979 190.562 1.42628 711.267 -0.235094 56321.5 3096 23.3 1.06757 26.9867
4 591 6647.09 55.2 195.555 1.64141 172.832 1.42628 760.902 -0.0590172 56.492 3168 23.3 1.05969 6.39849
4 592 6662.28 55.2 316.539 -0.977347 164.669 1.42628 737.942 -0.0183845 56.2728 3384 23.3 1.10423 14.779
4 593 6584.22 55.2 17.1627 -1.09482 166.977 1.42628 697.326 -0.0454285 57.5411 3456 23.3 1.10322 17.1401
4 594 6585.81 55.2 -94.1905 4.55143 153.806 1.42628 791.622 -0.0204755 58.4892 3456 23.3 1.19212 -8.29199
4 595 6437.41 55.2 88.9503 2.37955 168.311 1.37211 761.504 -0.0322357 56.1172 3240 23.3 1.33719 -17.6598
4 596 6599.89 55.2 136.249 1.32416 150.576 1.37211 793.594 0.0389115 62.8207 3240 23.3 1.36153 32.4452
4 597 6457.29 55.2 -58.7649 1.67653 140.675 1.37211 789.847 0.0594458 59.3657 3240 23.3 1.24722 9.68527
4 598 6396.11 55.2 -25.751 1.21342 164.628 1.37211 756.166 -0.0223722 56.6072 3312 23.3 1.25144 -13.6089
4 599 6543.6 55.2 209.448 1.62362 152.49 1.37211 777.955 -0.00167633 54.7237 3168 23.3 1.29537 -9.9751
4 600 6457.73 55.2 61.7017 4.90945 152.191 1.37211 868.718 0.0268059 57.8595 3168 23.3 1.25728 -6.63861
4 601 6453.02 55.2 169.684 6.20309 152.145 1.37211 847.017 -0.0134921 56.7116 3240 66.1 1.29228 -7.17296
4 602 6468.47 55.2 246.938 7.9528 114.87 1.37211 918.33 0.0339506 59.6284 3096 66.1 1.23125 25.058
4 603 6421.35 55.2 -147.108 6.95881 110.954 1.37211 913.166 0.0790177 62.3877 3096 66.1 1.10943 58.8281
4 604 6913.62 55.2 -139.495 4.69209 97.0604 1.37211 888.767 0.135831 63.3168 2952 66.1 1.1645 82.9508
4 605 6797.52 55.2 -223.486 6.40371 118.172 1.37211 858.169 0.00763894 63.2665 3024 66.1 1.07497 86.5467
4 606 6964.93 55.2 -154.152 4.80752 122.947 1.62985 822.994 -0.0177357 58.2442 2952 66.1 1.08929 39.0835
4 607 6899.23 55.2 78.6191 3.76421 114.903 1.62985 802.068 -0.00458737 60.8682 2880 66.1 1.17646 64.3781
4 608 6850.99 55.2 25.6526 2.05211 119.004 1.62985 732.443 -0.0257405 59.8181 3096 66.1 1.13375 50.324
4 609 6893.74 55.2 145.858 -0.700564 132.461 1.62985 722.13 -0.0505594 58.395 2952 66.1 1.12026 29.5722
4 610 7027.11 55.2 101.793 -0.9141 130.521 1.62985 741.201 0.0105528 56.3117 2952 66.1 1.1236 8.19113
4 611 7116.18 55.2 256.708 -0.939657 136.999 1.62985 722.803 -0.0452779 53.2096 2952 66.1 1.28398 7.34716
4 612 7160.3 55.2 361.453 0.159034 137.353 1.62985 727.072 -0.0441337 53.5402 3240 66.1 1.23492 6.76803
4 613 7134.23 55.2 336.847 -1.8564 157.264 1.62985 608.881 -0.17994 53.5296 3312 66.1 1.25076 -7.99925
4 614 7173.47 55.2 205.543 -2.1535 165.499 1.62985 615.893 -0.153766 56.3695 3240 66.1 1.26057 8.31661
4 615 7281.56 55.2 61.5303 -0.975287 167.543 1.62985 675.355 -0.113907 55.9277 3168 66.1 1.29356 -23.782
4 616 7422.27 55.2 100.521 -3.22858 149.668 1.62985 703.486 -0.022745 55.7537 3096 66.1 1.33955 -16.5007
4 617 7344.4 55.2 203.183 -3.18918 133.824 1.48682 722.7 0.0448037 58.2392 3240 66.1 1.37337 -22.8619
4 618 7217.29 55.2 -28.6909 -1.81204 133.381 1.48682 718.425 0.0172263 56.4925 3384 66.1 1.34979 -2.79674
4 619 7088.45 55.2 105.886 1.28847 132.198 1.48682 771.664 -0.00185073 56.0291 3312 66.1 1.39357 -22.7191
4 620 7162.67 55.2 -64.7868 -1.11513 141.428 1.48682 745.506 0.0135119 58.927 3312 66.1 1.44475 -14.1132
4 621 7270.01 55.2 -59.6161 -2.61859 154.416 1.48682 689.934 -0.0432049 61.8361 3096 66.1 1.47215 5.0068
4 622 7329.23 55.2 -96.8418 -1.21971 145.937 1.48682 723.051 -0.0230216 57.831 3312 66.1 1.37071 -1.29071
4 623 7278.77 55.2 129.629 -3.03267 153.037 1.48682 624.032 -0.120642 55.9091 3384 66.1 1.36787 -4.71671
4 624 7276.17 55.2 122.791 -3.00848 151.027 1.48682 646.11 -0.0663326 58.1553 3312 66.1 1.34222 -13.9506
4 625 7239.64 55.2 -81.4163 -3.86187 150.406 1.48682 662.349 0.00270094 58.8597 3384 66.1 1.32123 -11.3863
4 626 7377.86 55.2 29.5818 -2.14964 152.479 1.48682 694.179 -0.0330854 58.3437 3312 66.1 1.44935 -25.8908
4 627 7330.42 55.2 99.5229 -1.85783 155.978 1.48682 722.903 -0.0634662 56.4981 3312 66.1 1.49758 -48.8697
4 628 7338.97 55.2 172.071 -3.09845 159.574 1.4395 710.968 -0.032501 58.4582 3312 66.1 1.48566 -9.71134
4 629 7419.44 55.2 39.3231 2.80039 152.022 1.4395 845.131 -0.00861278 60.8815 3312 66.1 1.43052 26.7738
4 630 7447.95 55.2 -184.491 1.2329 154.785 1.4395 836.556 -0.00242511 60.774 3384 66.1 1.34772 4.11299
4 631 7520.42 63.8 -79.7054 2.69983 164.972 1.4395 884.497 -0.0400929 66.069 3456 66.1 1.42278 60.3749
4 632 7435.15 63.8 -348.949 3.46339 157.648 1.4395 857.193 -0.0602879 67.1988 3456 66.1 1.28657 54.6703
4 633 7393.82 63.8 -441.189 5.70739 155.929 1.4395 943.486 -0.0236228 68.369 3528 66.1 1.29148 79.928
4 634 7453.34 63.8 -600.997 3.81131 146.404 1.4395 891.884 -0.0632098 68.6687 3384 66.1 1.23659 70.8381
4 635 7278.92 63.8 -665.041 3.08454 132.69 1.4395 868.726 -0.0106282 72.9456 3384 66.1 1.25742 119.243
4 636 7153.11 63.8 -770.765 8.24025 140.235 1.4395 928.188 -0.0423046 69.3937 3456 66.1 1.19661 80.5462
4 637 7094.11 63.8 -543.568 8.81574 135.877 1.4395 966.578 -0.0668198 65.8226 3240 66.1 1.25638 48.1509
4 638 7097.18 63.8 -474.899 9.51897 121.468 1.4395 986.776 -0.0105432 73.3946 3096 66.1 1.30782 112.411
4 639 6950.87 63.8 -617.424 8.09795 124.993 1.32119 908.172 -0.00861475 71.7047 3024 66.1 1.17742 122.679
4 640 6990.16 63.8 -544.085 7.11071 125.947 1.32119 966.857 0.0534842 69.3788 2952 66.1 1.12651 120.274
4 641 7116.44 63.8 -533.945 6.61002 117.463 1.32119 984.55 0.0960763 65.5219 2880 66.1 1.0661 72.5232
4 642 7029.29 63.8 -345.232 5.21605 114.618 1.32119 938.583 0.0781727 67.6752 2952 66.1 1.13793 83.1389
4 643 7027.46 63.8 -297.731 4.43703 112.567 1.32119 926.47 0.0687264 64.0833 2880 66.1 1.0857 76.0437
4 644 6954.93 63.8 -233.358 4.41179 106.449 1.32119 974.336 0.177738 61.0842 2952 66.1 1.08555 58.6895
4 645 7027.65 63.8 -254.302 3.36786 122.535 1.32119 913.73 0.102455 62.039 2952 66.1 1.13491 64.6745
4 646 7105.18 63.8 -94.8891 -0.122621 141.61 1.32119 837.346 0.0455082 60.8763 3024 66.1 1.18737 51.7252
4 647 7403.77 63.8 -23.0024 -0.582939 140.219 1.32119 754.82 -0.0532465 60.0596 3024 66.1 1.17024 39.0215
4 648 7204.04 63.8 20.8312 -3.08792 144.465 1.32119 776.419 0.0399178 56.4473 3096 66.1 1.16133 38.24
4 649 7391.66 63.8 74.9697 -6.23914 149.868 1.32119 748.653 0.0478403 56.0611 3312 66.1 1.21944 0.126539
4 650 7507.8 63.8 98.6097 -3.14284 144.486 1.54682 777.813 0.0444573 55.9944 3168 66.1 1.30612 -11.5877
4 651 7379.5 63.8 -65.1328 0.0833043 130.257 1.54682 823.377 0.0325851 58.0017 3240 54.4 1.38052 -18.088
4 652 7194.87 63.8 180.672 -0.130484 129.421 1.54682 821.514 0.0727071 56.74 3312 54.4 1.49041 -13.408
4 653 7095.25 63.8 -119.506 0.713066 113.189 1.54682 859.22 0.152442 61.155 3240 54.4 1.37974 3.83188
4 654 6877.04 63.8 -317.077 3.6019 118.833 1.54682 908.583 0.131776 61.783 3096 54.4 1.3939 -13.1384
4 655 6866.02 63.8 -175.737 1.08592 127.806 1.54682 907.573 0.116517 62.6353 3096 54.4 1.49323 -13.1468
4 656 6988.28 63.8 14.3837 1.9723 128.498 1.54682 870.94 0.0617406 62.967 2880 54.4 1.43395 21.494
4 657 6911.62 63.8 -84.8342 1.44604 108.224 1.54682 906.911 0.178314 60.7658 2880 54.4 1.24999 27.7337
4 658 6888.53 63.8 69.4671 -2.28527 115.158 1.54682 815.851 0.147283 58.4758 3096 54.4 1.24554 24.9849
4 659 6932.85 63.8 72.4089 -4.46439 118.521 1.54682 728.399 0.122711 55.8655 3096 54.4 1.26942 -1.82149
4 660 6889.25 63.8 43.6005 -4.41275 123.759 1.54682 716.608 0.0986296 54.7142 3024 54.4 1.28559 -35.6998
4 661 6878.66 63.8 318.465 -3.82971 122.892 1.48135 679.548 0.0345559 49.4021 3168 54.4 1.42361 -62.537
4 662 6814.73 63.8 560.927 -0.764761 132.427 1.48135 723.021 0.0152531 49.0808 2952 54.4 1.47351 -80.7683
4 663 6848.53 63.8 552.788 -0.749065 127.716 1.48135 798.846 0.0531354 49.9783 2952 54.4 1.46021 -77.3693
4 664 6906.09 63.8 572.233 3.3304 132.906 1.48135 895.11 0.0787283 54.7495 2952 54.4 1.49645 -21.1829
4 665 6992.1 63.8 311.35 3.1217 132.633 1.48135 906.526 0.0523831 54.4668 3096 54.4 1.3707 -11.9227
4 666 7020.96 63.8 333.951 2.7175 145.446 1.48135 866.97 -0.0223691 57.8812 3024 54.4 1.3295 24.1678
4 667 7035.41 63.8 59.7278 3.05876 145.484 1.48135 885.266 0.0101854 62.0322 3168 54.4 1.18815 44.3456
4 668 7097.41 63.8 -156.264 2.71933 142.246 1.48135 863.933 0.0148715 61.4719 3168 54.4 1.1551 41.379
4 669 7052.2 63.8 -180.711 -1.02204 152.328 1.48135 814.381 0.0113303 63.5137 3240 54.4 1.1901 51.2135
4 670 7206.54 63.8 -188.183 0.695145 157.17 1.48135 801.829 -0.0533397 61.6498 3312 54.4 1.18468 38.4069
4 671 7232.16 63.8 -194.791 1.98025 161.569 1.48135 821.988 -0.0298128 58.929 3384 54.4 1.22901 4.0686
4 672 7204.83 63.8 -109.46 1.70475 161.12 1.46375 776.31 -0.130881 62.628 3672 54.4 1.29417 27.069
4 673 7084.41 35.4 -139.887 1.49289 170.155 1.46375 600.548 -0.256361 61.1364 3600 54.4 1.29329 18.412
4 674 7054.83 35.4 -344.658 2.32355 156.56 1.46375 645.018 -0.175489 64.4255 3528 54.4 1.28153 49.2438
4 675 6987.46 35.4 -402.933 2.78885 154.599 1.46375 729.329 -0.0499966 63.6853 3312 54.4 1.28891 26.9102
4 676 7013.77 35.4 -275.394 5.0283 138.548 1.46375 764.999 0.00604477 64.8204 3240 54.4 1.33694 23.1351
4 677 6867.31 35.4 -184.344 3.56534 130.128 1.46375 767.578 0.0602885 63.0972 3240 54.4 1.33957 49.9631
4 678 6838.68 35.4 -226.788 6.51019 139.003 1.46375 833.552 0.0523361 64.5002 3240 54.4 1.23073 36.5712
4 679 6914.55 35.4 -229.144 5.15503 137.372 1.46375 830.713 0.088443 62.5391 2952 54.4 1.18896 41.0461
4 680 6950.02 35.4 -151.202 3.9723 122.465 1.46375 821.009 0.152357 64.7199 2880 54.4 1.22639 64.8872
4 681 6921.56 35.4 -248.346 5.23959 116.635 1.46375 915.554 0.238235 63.4566 3024 54.4 1.15017 59.0366
4 682 6911.11 35.4 -194.507 3.42766 138.881 1.46375 805.198 0.0913574 58.9042 3168 54.4 1.11924 19.5621
4 683 7009.18 35.4 -21.6078 -0.343136 150.29 1.53255 726.638 0.047706 62.3785 3024 54.4 1.19001 47.3569
4 684 7086.51 35.4 -150.467 2.39104 136.204 1.53255 809.596 0.108169 60.5815 2952 54.4 1.16793 25.2485
4 685 7007.57 35.4 -65.0539 3.29962 121.039 1.53255 826.73 0.171936 57.9078 3312 54.4 1.22983 6.85052
4 686 6888.43 35.4 104.735 2.63026 140.006 1.53255 692.892 -0.0285526 59.8978 3312 54.4 1.27126 30.2828
4 687 6880.5 35.4 -148.962 2.94997 127.762 1.53255 715.394 0.0635111 62.1883 3096 54.4 1.1937 27.2822
4 688 6802.62 35.4 -186.463 -0.829066 104.448 1.53255 679.682 0.131407 62.036 2880 54.4 1.25391 11.8781
4 689 6613.7 35.4 -6.77025 2.91165 93.3842 1.53255 833.787 0.278171 57.8982 2808 54.4 1.31677 6.39831
4 690 6633.24 35.4 93.4212 3.01345 101.093 1.53255 846.846 0.251492 53.2249 2808 54.4 1.31457 -37.1094
4 691 6813.5 35.4 390.01 4.65004 107.574 1.53255 906.217 0.244339 56.803 2592 54.4 1.38182 1.85715
4 692 6801.84 35.4 290.255 4.88908 103.652 1.53255 944.622 0.304224 55.5893 2808 54.4 1.27769 12.7357
4 693 6859.73 35.4 348.667 5.23536 114.917 1.53255 824.316 0.112078 56.0013 2952 54.4 1.21684 60.1546
4 694 6738.5 35.4 178.077 4.74283 125.57 1.70129 814.272 0.108299 57.0457 2880 54.4 1.08983 67.1831
4 695 6885.29 35.4 -60.5354 5.57992 118.803 1.70129 862.896 0.15433 57.5154 2952 54.4 1.07504 29.3017
4 696 6781.83 35.4 21.0059 4.78788 126.73 1.70129 888.303 0.179846 60.6275 2880 54.4 1.14231 14.3845
4 697 7066.95 35.4 -13.5293 1.92697 129.716 1.70129 823.323 0.142973 61.462 2952 54.4 1.16316 46.8156
4 698 7018.3 35.4 -47.9135 3.17416 124.49 1.70129 849.932 0.15343 59.916 2952 54.4 1.15271 69.2439
4 699 6964.7 35.4 -96.2576 2.66237 121.867 1.70129 845.254 0.158638 57.9973 3096 54.4 1.09633 13.8596
4 700 6885.18 35.4 65.7778 1.22064 124.626 1.70129 813.524 0.18507 60.2932 3096 54.4 1.21714 58.3319
4 701 6937.46 35.4 -239.834 5.0099 117.889 1.70129 844.13 0.168958 60.881 3024 72.8 1.14985 16.2661
4 702 6831.6 35.4 -169.193 5.37245 105.784 1.70129 847.862 0.160297 59.5639 3096 72.8 1.27178 21.1194
4 703 6821.05 35.4 -4.16583 4.837 119.829 1.70129 797.378 0.0705697 61.2419 3240 72.8 1.29757 53.6372
4 704 7144.88 35.4 -88.4462 3.48391 135.391 1.70129 785.453 -0.00740464 60.6373 2952 72.8 1.21708 51.6583
4 705 7234.97 35.4 -150.83 4.74276 137.569 1.59418 847.1 0.0534544 61.3181 3024 72.8 1.17138 58.9883
4 706 7304.55 35.4 -75.4223 4.82485 128.451 1.59418 847.15 0.0705031 60.8513 3024 72.8 1.18625 90.5419
4 707 7311.99 35.4 -177.062 3.69485 129.679 1.59418 821.069 0.0606354 63.4237 3240 72.8 1.09226 106.809
4 708 7304.64 35.4 -355.314 4.77006 125.727 1.59418 765.795 0.0528407 63.4639 3240 72.8 1.05403 89.1358
4 709 7142.42 35.4 -397.917 4.98428 116.108 1.59418 780.19 0.0404402 64.0297 3240 72.8 1.1348 61.1367
4 710 7072.68 35.4 -316.203 4.59329 139.199 1.59418 794.753 0.0121445 62.9209 3168 72.8 1.19504 65.5482
5 1 7270.09 47.5 238.582 -5.28034 133.353 1.44298 661.652 0.0257348 54.6392 3240 61.2 1.42547 -25.6859
5 2 7245.71 47.5 162.06 -4.72158 135.241 1.44298 651.559 0.0300733 54.4232 3240 61.2 1.45449 -48.2026
5 3 7261.31 47.5 215.433 -3.36329 131.696 1.44298 653.75 0.0294909 56.9672 3240 61.2 1.43182 -61.2034
5 4 7246.35 47.5 237.116 -3.02549 121.133 1.44298 674.218 0.0553689 55.0543 3096 61.2 1.4492 -46.7725
5 5 7143.95 47.5 206.186 -4.04005 109.926 1.44298 713.333 0.129039 54.1588 3096 61.2 1.45583 -66.0257
5 6 7124.2 47.5 242.339 -5.0506 120.008 1.44298 697.678 0.149274 55.5381 3024 61.2 1.43827 -55.2224
5 7 7231.87 47.5 144.812 -2.26959 110.681 1.44298 760.887 0.175172 55.4547 3024 61.2 1.45506 -38.8055
5 8 7191.96 47.5 174.55 -3.41804 108.03 1.44298 736.733 0.165414 53.7944 2952 61.2 1.44133 -63.0067
5 9 7160.26 47.5 380.207 -3.71719 108.64 1.44298 758.142 0.167118 53.9599 3024 61.2 1.4531 -21.162
5 10 7119.05 47.5 265.465 -4.84392 118.88 1.44298 747.41 0.196008 53.2174 3024 61.2 1.38666 -63.1665
5 11 7274.96 47.5 247.978 -0.957976 120.099 1.44298 776.606 0.147034 57.1145 3096 61.2 1.40707 -52.9465
5 12 7211.3 47.5 267.756 0.988217 113.699 1.42864 768.609 0.0836967 54.7001 3096 61.2 1.45158 -38.1268
5 13 7039.51 47.5 295.318 0.415987 102.884 1.42864 735.111 0.0780009 56.7031 3168 61.2 1.43396 -22.3953
5 14 6867.72 47.5 215.178 3.68563 94.2641 1.42864 805.982 0.0975907 58.7139 3240 61.2 1.32788 -1.9074
5 15 6776.37 47.5 -79.6025 4.31591 113.145 1.42864 767.649 -0.00745927 59.6582 3096 61.2 1.27475 -5.20736
5 16 6863.53 47.5 56.7925 2.67532 117.189 1.42864 741.95 -0.0227212 62.6404 3024 61.2 1.38569 20.8411
5 17 6937.88 47.5 62.3581 1.81634 132.303 1.42864 719.921 -0.0579554 60.4295 3096 61.2 1.28011 35.6026
5 18 7020.71 47.5 173.945 -0.848951 146.93 1.42864 604.51 -0.169857 56.4723 3024 61.2 1.17609 26.5219
5 19 7090.39 47.5 263.235 -2.16301 137.994 1.42864 641.031 -0.0682934 54.9297 3024 61.2 1.14834 1.65674
5 20 7156.31 47.5 265.385 -1.45111 133.612 1.42864 674.958 -0.00391666 53.2476 3096 61.2 1.14232 -15.846
5 21 7213.8 47.5 315.474 2.73819 133.864 1.42864 752.282 -0.0369013 53.6899 3096 61.2 1.21646 -32.1221
5 22 7067.99 47.5 273.397 2.12733 100.132 1.42864 772.551 0.0837469 55.2617 3168 61.2 1.28187 -11.3519
5 23 6838.56 47.5 236.244 2.91891 119.252 1.55146 789.265 0.0347681 59.7742 3096 61.2 1.31474 22.2896
5 24 7026.45 47.5 -88.3624 1.80825 113.327 1.55146 850.684 0.124352 59.1343 2952 61.2 1.20495 0.843339
5 25 7054.59 47.5 7.43714 1.25867 120.373 1.55146 906.425 0.186907 61.1348 2736 61.2 1.2988 33.0239
5 26 7334 47.5 2.65262 2.96563 111.001 1.55146 891.225 0.18665 61.5009 3024 61.2 1.25244 35.1217
5 27 7167.39 47.5 250.109 0.951804 124.507 1.55146 778.27 0.0544806 57.9892 3168 61.2 1.22379 50.4572
5 28 7176.67 47.5 -89.1097 1.72772 145.985 1.55146 755.19 -0.0577115 61.373 3384 61.2 1.11214 29.5396
5 29 7288.01 47.5 -44.6572 0.477845 148.967 1.55146 767.873 -0.0193683 59.9606 3240 61.2 1.16683 5.89206
5 30 7358.78 47.5 -189.229 -0.433086 140.232 1.55146 706.843 0.0109174 64.1001 3168 61.2 1.22792 36.1181
5 31 7253.83 47.5 -114.268 -2.85077 133.42 1.55146 696.329 0.029587 62.2078 3240 61.2 1.29872 48.3223
5 32 7274.24 47.5 -108.884 0.836398 117.459 1.55146 795.283 0.097496 59.1575 3456 61.2 1.24528 1.47387
5 33 7086.75 47.5 -69.484 1.21989 140.867 1.55146 740.692 -0.0659953 57.1648 3384 61.2 1.31982 -32.9806
5 34 7202.75 47.5 54.6212 1.95206 133.839 1.391 719.014 -0.0604402 64.0328 3240 61.2 1.41424 15.4988
5 35 7080.5 47.5 -166.391 1.31866 127.389 1.391 730.676 0.0112406 63.3915 3168 61.2 1.32107 20.9415
5 36 7108.48 47.5 -152.926 -3.06156 145.174 1.391 643.044 -0.0464155 62.0606 3312 61.2 1.27365 35.3702
5 37 7299.27 47.5 -21.9999 0.839597 132.22 1.391 687.689 -0.0576918 57.4583 3312 61.2 1.2617 -1.56661
5 38 7038.61 47.5 50.7874 1.0522 148.28 1.391 645.615 -0.13239 59.0226 3384 61.2 1.25441 -13.5221
5 39 7119.78 47.5 242.465 3.72418 147.884 1.391 670.446 -0.202015 59.7121 3528 61.2 1.33903 11.5994
5 40 7087.77 47.5 41.6785 7.59718 139.629 1.391 747.191 -0.181349 59.4734 3168 61.2 1.26636 6.10213
5 41 6996.23 47.5 -135.872 5.50626 122.278 1.391 784.5 -0.094011 64.3374 3384 61.2 1.24824 29.6644
5 42 6878.67 47.5 -77.5901 5.29033 137.242 1.391 698.988 -0.179418 64.4086 3240 61.2 1.25514 71.1418
5 43 6902.11 29.7 -364.298 2.89629 129.226 1.391 675.686 -0.108296 64.5793 3240 61.2 1.07413 48.7101
5 44 7009.98 29.7 -196.653 1.99806 137.714 1.391 652.465 -0.136701 62.1709 3024 61.2 1.16869 56.3893
5 45 6908.71 29.7 -79.5517 3.68786 116.238 1.48406 733.453 0.0595556 60.8094 2952 61.2 1.15252 25.9995
5 46 6900.94 29.7 147.096 3.02729 115.212 1.48406 741.74 0.0340681 57.4777 3024 61.2 1.13344 33.6527
5 47 6927.34 29.7 146.388 2.12879 112.921 1.48406 734.448 0.0961676 57.1755 2952 61.2 1.12724 15.9262
5 48 6953.51 29.7 95.8272 2.93265 113.846 1.48406 796.846 0.145583 59.5986 2880 61.2 1.16285 39.519
5 49 7066.96 29.7 9.75033 1.22931 113.279 1.48406 776.889 0.142296 57.9993 2952 61.2 1.16373 19.2551
5 50 7060.15 29.7 177.548 2.43157 131.895 1.48406 756.689 0.090987 58.6504 3096 61.2 1.19291 35.3755
5 51 7218.98 29.7 89.73 2.88387 137.25 1.48406 720.776 0.0264386 57.1461 3240 64.7 1.12407 1.8781
5 52 7204.32 29.7 126.76 2.55338 150.719 1.48406 662.495 -0.0591653 59.8623 3312 64.7 1.16928 46.3334
5 53 7329.8 29.7 -95.0756 -2.31317 154.892 1.48406 530.303 -0.131878 60.9254 3384 64.7 1.13568 44.0331
5 54 7315.54 29.7 -74.9978 -2.04939 157.447 1.48406 536.035 -0.169172 61.7055 3384 64.7 1.1831 44.1471
5 55 7270.13 29.7 -253.54 0.592377 147.495 1.48406 546.483 -0.139866 57.3459 3384 64.7 1.18921 -8.10533
5 56 7094.61 29.7 88.8524 -3.02495 136.664 1.45427 563.311 0.024364 58.1573 3312 64.7 1.35983 -11.3046
5 57 7263.82 29.7 11.2758 -2.89832 136.3 1.45427 596.495 0.0127025 60.223 3312 64.7 1.33525 -4.98571
5 58 7220.35 29.7 15.7577 -1.55628 134.062 1.45427 589.891 -0.0038677 55.3434 3168 64.7 1.35264 -54.5131
5 59 7182.11 29.7 243.117 -1.63337 137.009 1.45427 598.55 -0.0285124 55.8964 3240 64.7 1.42999 -28.5098
5 60 7213.61 29.7 270.908 -2.63929 142.806 1.45427 607.304 -0.00765399 54.8384 3240 64.7 1.39789 -20.9108
5 61 7334.96 29.7 145.431 -4.19054 135.85 1.45427 613.362 0.0498681 56.3561 3168 64.7 1.34753 -16.2347
5 62 7303.27 29.7 123.257 -1.09022 127.831 1.45427 636.934 0.0419628 58.0636 3312 64.7 1.36761 -24.4422
5 63 7167.78 29.7 126.042 -0.806789 142.147 1.45427 594.511 -0.062926 55.8001 3312 64.7 1.36872 -43.4483
5 64 7152.29 29.7 234.763 -2.33216 125.506 1.45427 589.183 -0.0114035 57.101 3456 64.7 1.39801 -25.6694
5 65 7079.4 29.7 -9.96617 2.23735 138.439 1.45427 625.95 -0.0787514 60.3598 3240 64.7 1.35261 -4.04008
5 66 7111.6 29.7 -79.8024 0.997699 139.819 1.45427 646.659 -0.0534935 57.2708 3096 64.7 1.36145 -42.7788
5 67 7217.79 29.7 242.747 2.22488 117.445 1.43934 735.658 0.0500763 60.0638 3096 64.7 1.4047 22.5546
5 68 7022.78 29.7 45.3521 4.07863 124.171 1.43934 691.338 -0.00238952 59.1372 3024 64.7 1.2627 21.7959
5 69 7005.12 29.7 84.8428 2.80486 108.017 1.43934 746.163 0.12633 59.0247 3168 64.7 1.23163 31.6173
5 70 6997.31 29.7 -15.3386 0.372921 115.801 1.43934 690.108 0.0710707 60.9405 3024 64.7 1.19405 53.7971
5 71 7086.41 29.7 -99.5928 -1.75106 119.275 1.43934 592.57 0.0445453 61.0323 3024 64.7 1.21918 10.8864
5 72 7024.84 29.7 92.8994 -3.34348 124.744 1.43934 628.375 0.0592157 56.3548 3024 64.7 1.26994 -0.129671
5 73 7154.91 29.7 227.444 -1.68671 125.909 1.43934 645.695 0.0730534 50.487 3168 64.7 1.26342 -34.1821
5 74 7230.97 29.7 482.861 -3.33817 136.987 1.43934 606.285 -0.00105137 53.3104 3240 64.7 1.33867 -26.2448
5 75 7246.28 29.7 372.732 -0.416509 146.86 1.43934 555.907 -0.101582 54.8041 3240 64.7 1.32053 -41.1979
5 76 7136.89 29.7 360.667 -1.64099 144.406 1.43934 579.856 -0.00964187 54.2736 3240 64.7 1.33642 -40.8024
5 77 7284.64 29.7 178.695 -3.27902 127.482 1.43934 606.724 0.0730894 57.2751 3168 64.7 1.30302 9.71976
5 78 7209.93 29.7 103.474 -2.97128 122.721 1.51798 589.038 0.0420363 56.7597 3240 64.7 1.29763 -14.9473
5 79 7094.25 29.7 195.062 -4.38434 125.022 1.51798 528.929 0.00539958 54.4908 3240 64.7 1.39248 -47.0104
5 80 7078.19 29.7 295.395 -5.15824 114.124 1.51798 543.641 0.0468878 53.6193 3096 64.7 1.42367 -43.4484
5 81 7033.63 29.7 257.542 -4.87818 108.314 1.51798 605.969 0.146305 53.6242 3024 64.7 1.41101 -61.7591
5 82 7129.8 29.7 389.038 -2.08336 115.693 1.51798 633.096 0.115261 52.5388 2952 64.7 1.48172 -77.5077
5 83 7070.94 29.7 571.657 -2.56235 111.173 1.51798 645.511 0.129637 49.6285 2952 64.7 1.48519 -71.4423
5 84 7091.72 29.7 599.799 -1.61839 105.107 1.51798 685.965 0.18975 51.6535 3024 64.7 1.44036 -34.8955
5 85 7120.93 48.1 492.982 -0.00571032 105.555 1.51798 744.047 0.118767 50.8395 3096 64.7 1.34479 -35.236
5 86 7011.26 48.1 376.92 -1.60755 115.989 1.51798 657.152 0.034964 53.4851 3024 64.7 1.38212 -40.7679
5 87 6960.42 48.1 370.484 -1.40965 114.449 1.51798 673.843 0.0219829 56.1869 2952 64.7 1.34081 9.93585
5 88 6974.75 48.1 170.549 -0.511423 96.7172 1.51798 740.955 0.142617 52.9812 3024 64.7 1.28382 -41.1248
5 89 6992.1 48.1 274.729 -0.794645 119.351 1.48668 677.527 0.0273466 53.8788 2880 64.7 1.34222 -37.107
5 90 7051.5 48.1 423.642 -1.35495 119.539 1.48668 708.3 0.0373096 52.5234 2952 64.7 1.36156 -36.8522
5 91 7152.01 48.1 453.377 -0.111311 111.813 1.48668 733.525 0.0738504 53.6617 2808 64.7 1.31023 -50.0876
5 92 7079.18 48.1 412.862 -0.302442 113.187 1.48668 810.125 0.165456 53.1835 2880 64.7 1.28838 -38.2981
5 93 7191.73 48.1 411.871 1.50714 107.645 1.48668 820.621 0.128817 54.7679 3024 64.7 1.27802 -21.4015
5 94 7118.33 48.1 274.007 0.87131 103.4 1.48668 792.595 0.101636 56.4977 3024 64.7 1.26035 -12.0649
5 95 7000.84 48.1 118.247 2.16859 120.628 1.48668 784.601 0.0392664 58.655 3240 64.7 1.28311 15.5835
5 96 7171.75 48.1 86.9529 2.28922 122.178 1.48668 709.461 -0.0464244 58.1629 3240 64.7 1.24364 17.7057
5 97 7043.77 48.1 -11.1543 3.55017 119.427 1.48668 700.526 -0.105627 61.3335 3096 64.7 1.24618 35.4843
5 98 6839.72 48.1 72.7224 3.93975 126.135 1.48668 750.471 -0.0606848 57.2536 3240 64.7 1.24335 2.21531
5 99 7012.89 48.1 196.28 2.99427 122.895 1.48668 718.161 -0.0685717 59.807 3096 64.7 1.26388 20.6606
5 100 6977.43 48.1 -23.8739 2.24738 123.391 1.57007 710.053 -0.0444184 62.8877 2808 64.7 1.18047 39.825
5 101 6984.66 48.1 -21.2248 1.16479 107.307 1.57007 747.15 0.0385482 56.8762 2952 32.9 1.17907 20.9205
5 102 6925.74 48.1 272.042 3.38731 135.051 1.57007 768.479 0.0340154 53.6663 3024 32.9 1.19143 4.64341
5 103 7006.22 48.1 231.186 2.97057 133.571 1.57007 757.12 0.000309777 54.9438 3096 32.9 1.16032 -8.39403
5 104 6578.28 48.1 245.538 1.84451 157.189 1.57007 703.653 -0.0623441 58.815 3168 32.9 1.24136 8.425
5 105 6760.22 48.1 149.518 1.26642 159.432 1.57007 711.288 -0.0651824 59.8174 3168 32.9 1.20627 4.79964
5 106 6795.17 48.1 134.711 1.53968 147.796 1.57007 736.123 -0.0335792 56.7939 3096 32.9 1.17726 2.25165
5 107 6675.97 48.1 150.418 0.604495 153.327 1.57007 709.424 -0.0272493 57.9512 3240 32.9 1.17246 11.1442
5 108 6809.81 48.1 198.017 -0.892096 147.908 1.57007 654.293 -0.0328707 56.2134 3456 32.9 1.18295 10.29
5 109 6657.87 48.1 41.629 0.285651 157.339 1.57007 622.653 -0.127547 57.0693 3312 32.9 1.17979 -6.97748
5 110 NaN 48.1 46.8159 2.20108 147.908 1.57007 694.317 -0.0483375 55.9925 3384 32.9 1.29497 -25.779
5 111 6611.99 48.1 322.17 3.45368 138.693 1.39526 716.841 -0.0702917 55.5124 3240 32.9 1.35621 -19.6807
5 112 6523.17 48.1 135.736 2.60699 146.723 1.39526 742.981 -0.0283081 59.3473 3096 32.9 1.26409 -23.2739
5 113 6618.82 48.1 153.661 1.91208 122.098 1.39526 803.756 0.130884 59.7903 3096 32.9 1.2548 10.921
5 114 6558.83 48.1 -5.15258 0.702889 124.878 1.39526 731.413 0.0560872 59.3575 3024 32.9 1.20784 8.63474
5 115 6527.38 48.1 123.007 -0.745401 143.481 1.39526 668.932 -0.0140395 57.099 3312 32.9 1.21268 1.61169
5 116 6670.01 48.1 294.042 -1.48235 145.948 1.39526 606.423 -0.10686 51.9114 3168 32.9 1.24001 -33.6808
5 117 6550.96 48.1 344.338 0.497439 148.075 1.39526 681.494 -0.0507286 53.6769 3168 32.9 1.23128 -39.2901
5 118 6728.08 48.1 383.74 0.00146379 158.77 1.39526 659.498 -0.0602515 52.3206 3240 32.9 1.30731 -48.7124
5 119 6776.21 48.1 472.16 -0.701757 151.884 1.39526 685.566 -0.0131717 54.8273 3240 32.9 1.27595 -11.9643
5 120 6798.51 48.1 191.589 -1.17105 161.22 1.39526 660.773 -0.098099 56.3798 3240 32.9 1.2142 -11.2315
5 121 6854.01 48.1 322.181 -0.433425 141.882 1.39526 724.857 0.000851821 54.1181 3240 32.9 1.26215 -40.7182
5 122 6684.76 48.1 211.987 -0.0657339 148.552 1.50406 706.128 0.0273906 57.0167 3312 32.9 1.24805 -15.266
5 123 6795.69 48.1 117.731 -0.746742 146.3 1.50406 695.78 -0.000404272 58.6077 3384 32.9 1.28668 -11.1746
5 124 6769.6 48.1 77.7833 -2.03007 149.823 1.50406 669.755 -0.00450763 57.5754 3168 32.9 1.29982 -35.678
5 125 6801.54 48.1 96.5032 -3.51411 151.541 1.50406 693.237 0.0627845 57.8256 3240 32.9 1.32381 -27.7375
5 126 6890.03 48.1 218.773 -4.36621 150.196 1.50406 659.242 0.0313992 55.2992 3168 32.9 1.32892 -38.3732
5 127 6902.9 73.9 246.01 -3.84586 151.805 1.50406 760.838 0.0706626 55.7885 3312 32.9 1.31714 -58.8935
5 128 6954.25 73.9 280.997 -2.81114 147.411 1.50406 697.004 0.0141316 53.0305 3600 32.9 1.34398 -57.9338
5 129 6747.36 73.9 366.98 -1.95282 174.64 1.50406 651.862 -0.207884 53.5458 3600 32.9 1.38754 -61.6617
5 130 6898.62 73.9 166.494 -2.7429 168.949 1.50406 594.242 -0.260906 55.9279 3672 32.9 1.39764 -49.9787
5 131 6731.88 73.9 215.893 -4.47702 169.988 1.50406 558.602 -0.245755 57.1559 3312 32.9 1.45201 -35.1727
5 132 6765.53 73.9 75.0884 -5.3484 140.816 1.50406 626.15 -0.0764733 55.1282 3312 32.9 1.3705 -62.4937
5 133 6619.45 73.9 361.841 -4.89622 148.374 1.32901 703.563 -0.0125873 50.615 3384 32.9 1.44898 -81.4862
5 134 6768.74 73.9 361.646 -0.27178 154.764 1.32901 696.068 -0.171859 51.68 3240 32.9 1.44088 -97.9528
5 135 6684.43 73.9 574.1 -2.96919 143.71 1.32901 747.115 -0.048437 51.0333 3240 32.9 1.51341 -87.7434
5 136 6798.51 73.9 430.228 -3.32465 154.256 1.32901 737.042 -0.0685485 57.6761 3240 32.9 1.41299 -32.866
5 137 6848.06 73.9 347.254 -1.23143 131.914 1.32901 807.518 0.0497034 53.0471 3168 32.9 1.32263 -46.7126
5 138 6777.51 73.9 226.792 1.24251 140.153 1.32901 850.443 -0.0241762 54.9639 3312 32.9 1.28999 -43.5362
5 139 6783.43 73.9 377.202 5.30135 144.97 1.32901 895.366 -0.0561031 53.9944 3312 32.9 1.36579 -36.2568
5 140 6739.26 73.9 205.218 5.99156 143.839 1.32901 913.586 -0.0562963 60.1973 3312 32.9 1.30821 11.7076
5 141 6700.19 73.9 -109.32 7.33031 154.83 1.32901 953.58 -0.0935328 64.6555 3240 32.9 1.24906 43.9641
5 142 6876.65 73.9 -206.913 6.31428 152.128 1.32901 947.909 -0.0659134 64.2712 3168 32.9 1.18224 58.6896
5 143 6865.16 73.9 -291.029 5.54291 140.877 1.32901 1003.81 0.00417254 67.3185 3096 32.9 1.11674 75.1273
5 144 6847.01 73.9 -422.019 8.13144 139.348 1.43774 1087.07 0.0752693 64.3815 3312 32.9 1.03734 77.9343
5 145 6860.72 73.9 -316.06 5.80667 143.284 1.43774 962.311 -0.0127936 66.3078 3384 32.9 1.06299 73.578
5 146 6820.02 73.9 -499.131 5.58304 154.246 1.43774 886.651 -0.106684 71.6785 3384 32.9 1.05456 117.5
5 147 6824.78 73.9 -661.906 3.70868 163.6 1.43774 876.016 -0.0857229 67.1768 3312 32.9 1.03638 67.1707
5 148 6964.43 73.9 -458.99 2.88388 155.357 1.43774 904.615 -0.0256753 65.4169 3312 32.9 1.11833 62.8813
5 149 6952.21 73.9 -377.489 4.79498 151.755 1.43774 904.826 -0.074709 64.2425 3312 32.9 1.14467 37.7752
5 150 6835.74 73.9 -230.124 6.03702 150.908 1.43774 947.116 -0.0546793 65.9189 3384 32.9 1.18622 38.5769
5 151 6865.52 73.9 -207.136 3.51791 152.939 1.43774 944.816 -0.00303981 64.5129 3456 40.6 1.15307 46.0734
5 152 6911.13 73.9 -370.782 -0.218937 162.775 1.43774 812.684 -0.062607 68.9931 3240 40.6 1.15234 69.7118
5 153 7004.54 73.9 -477.444 4.23279 144.335 1.43774 946.579 0.0111353 66.7737 3168 40.6 1.1499 65.4263
5 154 6982.05 73.9 -369.897 4.27862 127.461 1.43774 1009.65 0.107574 62.2289 3168 40.6 1.16956 -2.21189
5 155 6903.04 73.9 -101.579 6.6197 110.036 1.44845 1027.67 0.128802 64.9774 3312 40.6 1.25329 42.8099
5 156 6710.96 73.9 -389.764 7.30734 113.563 1.44845 1039.34 0.0796911 66.0829 3096 40.6 1.15665 45.3799
5 157 6715.62 73.9 -460.631 3.39724 115.347 1.44845 1036.5 0.169781 67.5237 3168 40.6 1.17665 70.4555
5 158 6849.29 73.9 -326.91 4.56731 127.456 1.44845 995.925 0.0817719 67.4403 2952 40.6 1.20375 74.8143
5 159 6883.48 73.9 -404.699 3.49417 125.971 1.44845 979.277 0.073638 63.4806 3096 40.6 1.10613 37.4623
5 160 6878.14 73.9 -21.279 3.10403 148.895 1.44845 924.565 -0.0255326 62.7015 3168 40.6 1.17112 46.9008
5 161 6980.13 73.9 -104.145 6.15756 135.007 1.44845 944.031 -0.0371394 61.4281 3240 40.6 1.06498 40.0118
5 162 6779.64 73.9 -208.107 5.81843 148.699 1.44845 945.272 -0.0594697 63.4104 3384 40.6 1.09367 55.64
5 163 6991.58 73.9 -194.56 6.00991 166.02 1.44845 866.455 -0.186768 64.6272 3528 40.6 1.15671 38.4833
5 164 7029.81 73.9 -356.449 6.63127 177.635 1.44845 905.52 -0.200379 66.5851 3312 40.6 1.11406 68.6658
5 165 7077.92 73.9 -510.957 5.86396 178.484 1.44845 913.267 -0.168626 69.9605 3456 40.6 1.08736 80.5042
5 166 7195.58 73.9 -310.074 5.50734 179.958 1.35937 896.612 -0.168603 66.8973 3528 40.6 1.11377 101.277
5 167 7263.31 73.9 -559.933 3.52533 187.506 1.35937 820.904 -0.230855 71.2267 3528 40.6 0.994998 101.093
5 168 7194.99 73.9 -640.438 1.86154 175.741 1.35937 895.594 -0.0812219 70.1144 3528 40.6 1.07825 93.7517
5 169 7314.33 72.9 -670.624 -1.22476 177.708 1.35937 844.479 -0.0602374 70.4163 3528 40.6 1.09072 75.8387
5 170 7342.87 72.9 -667.026 -1.58004 171.318 1.35937 832.044 -0.0523341 70.134 3528 40.6 1.18578 65.2753
5 171 7271.01 72.9 -574.698 -2.90795 164.225 1.35937 785.698 -0.0489759 65.5373 3528 40.6 1.24497 25.3445
5 172 7211.82 72.9 -322.026 0.512541 145.89 1.35937 873.327 0.0155473 63.665 3456 40.6 1.3251 2.15364
5 173 7073.8 72.9 -402.211 -3.42107 137.943 1.35937 837.575 0.0725427 64.7069 3528 40.6 1.35298 4.34149
5 174 7065.48 72.9 -404.228 -2.53864 150.132 1.35937 792.817 -0.010591 66.8144 3528 40.6 1.43499 7.38287
5 175 7054.69 72.9 -371.41 -5.09835 158.578 1.35937 725.093 -0.0365896 60.5661 3240 40.6 1.40004 -58.108
5 176 7146.77 72.9 -152.322 -7.25119 142.084 1.35937 777.64 0.0988346 62.1322 3384 40.6 1.46163 -31.5818
5 177 7097.63 72.9 7.12524 -2.96424 147.827 1.28812 730.026 -0.0347984 55.7364 3312 40.6 1.4296 -43.8552
5 178 6988.8 72.9 133.422 0.559987 135.956 1.28812 844.92 0.0308977 54.7194 3384 40.6 1.46244 -62.9215
5 179 6923.07 72.9 272.864 1.20096 133.957 1.28812 871.4 0.0611768 57.188 3312 40.6 1.48714 -57.2702
5 180 6925.35 72.9 17.3748 3.10252 127.683 1.28812 888.97 0.0263701 62.4818 3312 40.6 1.44816 -5.84886
5 181 6799.56 72.9 -113.931 -0.689524 148.641 1.28812 837.083 -0.024813 61.429 3240 40.6 1.38057 -7.41886
5 182 6999.4 72.9 -111.921 0.995273 150.902 1.28812 840.056 -0.0273579 61.1232 3168 40.6 1.33161 19.0507
5 183 7090.57 72.9 -109.034 0.0836653 143.104 1.28812 874.64 0.0238545 59.0664 3168 40.6 1.28519 -2.03921
5 184 7086.85 72.9 76.853 2.56283 146.207 1.28812 911.519 0.0175845 59.9085 3528 40.6 1.29434 15.0228
5 185 7049.44 72.9 45.2753 5.43641 154.347 1.28812 856.923 -0.160518 60.011 3672 40.6 1.25597 10.6781
5 186 6853.07 72.9 -147.123 6.39693 174.895 1.28812 834.635 -0.246067 63.3165 3672 40.6 1.20622 34.1476
5 187 7022.48 72.9 -367.378 8.75215 164.121 1.28812 846.886 -0.297675 68.5129 3528 40.6 1.22802 67.1678
5 188 6787.81 72.9 -525.027 10.7599 154.868 1.33572 905.405 -0.210229 70.7286 3528 40.6 1.18945 90.215
5 189 6735.81 72.9 -585.93 8.80021 163.918 1.33572 849.179 -0.299979 72.7352 3600 40.6 1.14149 100.834
5 190 6750.43 72.9 -482.806 6.75992 164.022 1.33572 793.231 -0.25472 71.8051 3384 40.6 1.07865 100.308
5 191 6820.86 72.9 -705.055 7.1784 164.725 1.33572 897.902 -0.226447 73.835 3384 40.6 0.988177 99.135
5 192 6901.43 72.9 -459.178 9.10256 164.97 1.33572 860.076 -0.258382 64.3711 3384 40.6 1.06931 64.547
5 193 6870.06 72.9 -180.148 7.0847 158.677 1.33572 811.278 -0.256264 67.8239 3528 40.6 1.07853 96.0035
5 194 6799.49 72.9 -413.046 4.51631 161.718 1.33572 685.531 -0.307126 66.7388 3312 40.6 0.976379 88.2959
5 195 6620.29 72.9 -447.725 3.03701 142.818 1.33572 782.156 -0.153212 65.2506 3528 40.6 1.00201 75.0858
5 196 6660.3 72.9 -386.69 1.68044 165.997 1.33572 667.773 -0.290419 63.0962 3384 40.6 1.08368 17.2606
5 197 6783.01 72.9 -69.5303 2.52059 168.075 1.33572 707.941 -0.258249 60.6876 3312 40.6 1.22278 18.8164
5 198 6835.25 72.9 14.1276 1.34121 165.814 1.33572 674.112 -0.286711 58.2015 3240 40.6 1.21498 -8.8671
5 199 6818.3 72.9 191.589 0.644459 160.073 1.47484 658.364 -0.248442 57.4952 3312 40.6 1.24022 14.4006
5 200 6761.99 72.9 134.994 -3.679 160.267 1.47484 626.302 -0.17472 55.8581 3456 40.6 1.16176 17.3108
5 201 6898.2 72.9 99.8824 -6.98772 173.425 1.47484 511.39 -0.249842 55.7269 3456 66.9 1.18353 -17.9992
5 202 6924.01 72.9 131.036 -2.65777 144.842 1.47484 578.369 -0.260747 52.3003 3312 66.9 1.26779 -32.0843
5 203 6804.18 72.9 335.767 -1.97485 135.221 1.47484 634.313 -0.18951 49.9966 3456 66.9 1.39867 -102.903
5 204 7083.19 72.9 650.826 -5.97765 156.592 1.47484 599.474 -0.192502 52.4096 3240 66.9 1.45882 -28.6932
5 205 7397.3 72.9 240.904 -6.56424 140.525 1.47484 615.131 -0.140843 55.7003 3168 66.9 1.36944 -26.8804
5 206 7338.31 72.9 206.385 -6.79252 141.637 1.47484 587.827 -0.146382 53.3425 3168 66.9 1.38187 -56.963
5 207 7303.05 72.9 485.318 -8.58416 153.58 1.47484 584.237 -0.134034 47.543 3312 66.9 1.45246 -77.6964
5 208 7487.71 72.9 685.753 -8.24475 143.119 1.47484 628.617 -0.0680821 48.6134 3312 66.9 1.45733 -91.5489
5 209 7403.26 72.9 310.426 -5.64213 144.642 1.47484 603.054 -0.147765 52.9141 3240 66.9 1.44183 -79.8616
5 210 7336.23 72.9 412.717 -3.78677 129.366 1.39544 672.946 -0.110317 52.6776 3312 66.9 1.56046 -92.3026
5 211 7170.39 29.3 475.435 -3.73644 113.176 1.39544 591.758 -0.0219577 52.3461 3312 66.9 1.52776 -79.0495
5 212 7126.81 29.3 185.205 -3.16097 118.275 1.39544 577.951 -0.0279135 57.6022 3096 66.9 1.48357 -31.0249
5 213 7109.21 29.3 125.222 -4.78567 108.821 1.39544 588.873 0.15516 55.839 3024 66.9 1.50099 -66.9756
5 214 7109.07 29.3 305.891 -6.22043 120.568 1.39544 606.713 0.163324 52.7045 2952 66.9 1.51121 -61.6651
5 215 7368.17 29.3 395.715 -5.47393 117.645 1.39544 619.586 0.165859 50.1715 2952 66.9 1.45495 -98.6071
5 216 7367.23 29.3 650.843 -5.59853 124.157 1.39544 629.21 0.161037 50.0001 3024 66.9 1.49993 -99.8553
5 217 7285.85 29.3 549.246 -5.61055 126.017 1.39544 605.422 0.126455 50.5233 3240 66.9 1.46559 -60.4044
5 218 7344.25 29.3 515.356 -8.56424 129.445 1.39544 549.562 0.135264 51.2034 3240 66.9 1.40544 -56.7032
5 219 7409.39 29.3 252.615 -7.74715 130.871 1.39544 527.282 0.0861598 54.4172 3168 66.9 1.43989 -72.5186
5 220 7302.75 29.3 288.897 -7.02306 127.669 1.39544 505.917 0.0393821 51.1518 3240 66.9 1.49737 -81.804
5 221 NaN 29.3 519.464 -6.71505 131.571 1.44596 516.072 0.0372249 50.5151 3312 66.9 1.5593 -88.9315
5 222 7251.24 29.3 470.687 -4.95685 126.325 1.44596 512.198 0.0386579 50.6298 3312 66.9 1.5516 -90.4307
5 223 7217.03 29.3 361.236 -5.11426 130.078 1.44596 525.818 0.0366158 53.1275 3168 66.9 1.56797 -85.1263
5 224 7242.65 29.3 446.748 -3.71231 122.189 1.44596 557.436 0.0659353 51.8925 3168 66.9 1.54662 -72.924
5 225 7168.1 29.3 518.773 -2.34698 116.41 1.44596 613.023 0.0638403 51.7778 3240 66.9 1.53236 -77.9986
5 226 7095.61 29.3 430.089 1.20525 130.141 1.44596 646.255 -0.0128178 52.4667 3096 66.9 1.45793 -61.7164
5 227 7148.73 29.3 361.672 3.79216 97.2389 1.44596 732.592 0.102345 54.3493 3096 66.9 1.4692 -16.7475
5 228 6932.58 29.3 160.187 1.49467 104.31 1.44596 679.815 0.0910664 60.1828 3096 66.9 1.38325 -4.67311
5 229 6960.55 29.3 106.946 3.29812 104.659 1.44596 676.786 0.0423527 58.7152 3096 66.9 1.28551 17.9188
5 230 6843.67 29.3 77.6533 -0.609723 110.74 1.44596 621.826 0.0291165 57.2749 2880 66.9 1.25639 -6.54825
5 231 6931.54 29.3 156.12 0.941487 117.245 1.44596 658.56 0.0562014 57.6844 2952 66.9 1.28531 14.8285
5 232 7055.84 29.3 362.393 -2.52266 130.448 1.54696 598.461 0.00337517 52.5619 2880 66.9 1.26314 -12.2425
5 233 7241.1 29.3 441.6 -1.51648 127.738 1.54696 613.374 -0.00963091 52.5548 3024 66.9 1.25551 -7.64825
5 234 7203.75 29.3 504.275 0.0195773 141.509 1.54696 595.915 -0.0671875 49.8562 3168 66.9 1.22901 -36.6306
5 235 7191.64 29.3 468.684 -0.216984 139.885 1.54696 589.339 -0.0787272 52.1727 3312 66.9 1.22647 -25.1194
5 236 7198.89 29.3 320.786 0.87583 137.565 1.54696 627.889 -0.0646403 55.4107 3312 66.9 1.26299 -8.72819
5 237 7190.1 29.3 96.1091 1.33473 146.707 1.54696 632.822 -0.0860852 59.239 3312 66.9 1.25992 2.8733
5 238 7240.59 29.3 49.5405 0.34335 147.182 1.54696 657.035 -0.0760265 61.2189 3384 66.9 1.31585 8.38522
5 239 7316.68 29.3 45.1097 1.45656 157.725 1.54696 599.111 -0.189205 61.1066 3312 66.9 1.26809 44.1541
5 240 7307.27 29.3 -70.3456 3.18069 147.32 1.54696 651.454 -0.119238 62.6492 3384 66.9 1.23289 39.629
5 241 7197.01 29.3 -102.769 1.48368 140.191 1.54696 615.479 -0.0525479 61.0814 3384 66.9 1.22518 29.4293
5 242 7189.81 29.3 -203.597 2.14485 139.889 1.54696 678.731 -0.0454902 63.8837 3384 66.9 1.20849 54.5377
5 243 7262.95 29.3 -271.511 -0.512775 140.158 1.44493 582.217 -0.0864207 61.8745 3168 66.9 1.18921 11.357
5 244 7204.62 29.3 -65.3515 0.0267152 128.431 1.44493 622.42 0.0162298 62.3324 3168 66.9 1.28855 27.5823
5 245 7171.48 29.3 -107.546 -2.68578 135.744 1.44493 574.73 0.00606777 57.3493 3240 66.9 1.26872 -5.51976
5 246 7250.84 29.3 116.993 -4.1941 135.034 1.44493 573.05 0.0165937 58.0076 3168 66.9 1.29012 -6.08259
5 247 7292.97 29.3 100.354 -4.33592 135.716 1.44493 585.622 0.0655328 54.0154 2952 66.9 1.31333 -30.3683
5 248 7294.11 29.3 236.58 -3.75268 129.086 1.44493 690.803 0.162278 52.6147 3024 66.9 1.41445 -54.8576
5 249 7439.89 29.3 369.972 -3.44855 114.643 1.44493 727.043 0.217235 53.4535 3096 66.9 1.42739 -39.5797
5 250 7330.55 29.3 319.316 1.27782 121.599 1.44493 791.214 0.137951 56.5974 3168 66.9 1.411 -22.3937
5 251 7315.3 29.3 215.825 2.08656 118.455 1.44493 808.358 0.142307 57.2472 3312 30.3 1.36826 -32.7537
5 252 7257.01 29.3 98.7142 1.50224 165.984 1.44493 772.34 0.0827581 62.7609 3240 30.3 1.37779 45.5848
5 253 7445.7 73.2 -376 0.507409 164.911 1.44493 827.014 0.0602906 66.8457 3096 30.3 1.25188 46.7546
5 254 6930.94 73.2 -259.65 0.867364 125.475 1.27132 900.172 0.186148 63.9917 3168 30.3 1.27704 26.6541
5 255 6647.8 73.2 -285.735 2.703 121.284 1.27132 909.018 0.106959 61.3557 3312 30.3 1.24048 5.97104
5 256 6556.99 73.2 -92.0457 1.0206 118.644 1.27132 897.61 0.124387 61.1186 3312 30.3 1.27379 -8.19042
5 257 6571.08 73.2 -241.073 -0.15196 133.243 1.27132 929.176 0.108232 63.469 3024 30.3 1.27956 -6.20159
5 258 6796.82 73.2 -150.481 -1.64743 132.036 1.27132 889.752 0.110506 59.9023 2952 30.3 1.35733 -13.2676
5 259 6833.48 73.2 161.711 -0.218842 132.715 1.27132 855.995 0.0864793 59.4705 3168 30.3 1.3677 12.0435
5 260 6785.74 73.2 211.245 -0.9726 150.503 1.27132 793.853 -0.0246572 55.8103 3312 30.3 1.22408 -20.4829
5 261 6864.89 73.2 307.384 -2.43843 159.718 1.27132 759.841 -0.0220927 54.5004 3312 30.3 1.23625 -30.4148
5 262 6913.85 73.2 78.2052 -2.80763 157.665 1.27132 742.782 -0.033667 58.1182 3312 30.3 1.27245 -11.9041
5 263 6879.28 73.2 69.2127 0.354441 142.563 1.27132 758.563 -0.0382435 56.8533 3312 30.3 1.33879 -55.4931
5 264 6671.4 73.2 193.513 2.84094 151.259 1.27132 850.921 -0.0622524 55.9741 3456 30.3 1.40077 -44.1224
5 265 6709.3 73.2 138.196 2.00862 146.329 1.39671 826.519 -0.0705433 58.1443 3384 30.3 1.34854 -48.7092
5 266 6684.13 73.2 31.6824 3.02811 147.325 1.39671 838.727 -0.0580406 64.0256 3312 30.3 1.36738 20.855
5 267 6668.33 73.2 -279.1 4.7948 156.612 1.39671 822.102 -0.141682 62.7265 3384 30.3 1.2524 26.6604
5 268 6674.06 73.2 14.9256 5.7311 159.679 1.39671 861.317 -0.116953 60.8289 3240 30.3 1.2695 19.0674
5 269 6725.58 73.2 -100.846 3.01025 168.499 1.39671 878.099 -0.0708179 62.7471 3312 30.3 1.20414 33.5887
5 270 6976.07 73.2 -145.292 2.11794 163.106 1.39671 836.815 -0.0850046 63.9861 3168 30.3 1.15327 52.2328
5 271 6933.32 73.2 -156.06 1.52486 168.093 1.39671 913.92 0.000825845 62.7484 3024 30.3 1.12467 25.4157
5 272 7113.4 73.2 -81.9593 1.35922 153.181 1.39671 1011.88 0.137181 60.6212 3240 30.3 1.1427 39.6101
5 273 7146.99 73.2 -77.9548 3.74517 152.05 1.39671 1018.02 0.129715 62.5973 3168 30.3 1.17222 37.0617
5 274 7013.98 73.2 -348.968 4.19234 138.06 1.39671 1066.88 0.181984 66.4379 3456 30.3 1.17984 13.1198
5 275 7005.38 73.2 -353.697 -0.310473 147.997 1.39671 898.46 0.0803103 67.526 3312 30.3 1.22739 36.8478
5 276 6994.54 73.2 -533.844 1.40075 142.333 1.27566 1010.08 0.164522 69.9301 3240 30.3 1.20939 49.8987
5 277 6985.6 73.2 -606.28 0.576556 140.205 1.27566 974.93 0.173644 65.5833 3240 30.3 1.24612 5.42448
5 278 7002.55 73.2 -244.249 0.855942 137.108 1.27566 944.443 0.128528 65.571 3384 30.3 1.35026 21.126
5 279 6848.93 73.2 -324.35 2.59973 133.371 1.27566 887.244 0.048655 63.8673 3456 30.3 1.28035 -3.51106
5 280 6708.41 73.2 -230.336 3.03534 127.677 1.27566 843.364 -0.0154213 63.1064 3528 30.3 1.28347 -12.548
5 281 6527.53 73.2 -263.689 1.27433 135.63 1.27566 761.866 -0.0877183 66.714 3528 30.3 1.32226 10.5609
5 282 6461.42 73.2 -312.493 -1.69247 149.076 1.27566 608.107 -0.200141 61.9462 3384 30.3 1.31036 0.845405
5 283 6552.17 73.2 -112.1 -1.42756 149.566 1.27566 616.515 -0.213374 58.9141 3240 30.3 1.33733 8.94194
5 284 6448.37 73.2 211.084 -1.4414 141.802 1.27566 640.789 -0.17425 51.9754 3168 30.3 1.34613 -83.7436
5 285 6455.78 73.2 601.134 1.73615 136.555 1.27566 690.786 -0.167454 49.1897 3312 30.3 1.3889 -69.592
5 286 6390.36 73.2 596.749 1.77144 145.494 1.27566 667.419 -0.209449 50.0797 3024 30.3 1.32149 -82.1329
5 287 6310.72 73.2 552.324 -1.55006 127.761 1.54306 702.701 -0.0259848 52.3872 2952 30.3 1.31322 -44.436
5 288 6452.05 73.2 446.447 -2.02924 138.718 1.54306 757.899 0.023953 52.8407 2880 30.3 1.26354 -30.9428
5 289 6663.46 73.2 525.663 -0.896583 122.114 1.54306 768.692 0.0288329 47.818 2880 30.3 1.23877 -74.5547
5 290 6518.03 73.2 676.608 0.151524 127.68 1.54306 781.506 -0.00419282 48.4348 3024 30.3 1.30161 -52.6425
5 291 6480.13 73.2 631.575 -0.932591 134.725 1.54306 772.597 -0.031653 46.9799 3240 30.3 1.24645 -62.0199
5 292 6561.6 73.2 570.912 -1.33181 149.357 1.54306 715.522 -0.0744607 51.071 3096 30.3 1.26027 -36.1387
5 293 6691.13 73.2 240.308 -3.73545 144.035 1.54306 695.023 -0.0484112 53.7136 3024 30.3 1.23983 -31.3543
5 294 6637.88 73.2 488.778 -7.0104 141.163 1.54306 620.365 -0.0358841 53.2203 3096 30.3 1.3527 -36.0997
5 295 6644.96 73.1 527.398 -8.81828 139.8 1.54306 597.22 0.00275773 48.1466 3168 30.3 1.28506 -61.9582
5 296 6676.02 73.1 547.955 -4.43516 116.25 1.54306 692.284 0.0341509 45.6292 3168 30.3 1.32947 -105.312
5 297 6404.92 73.1 693.677 -4.39554 117.668 1.54306 647.512 0.00173317 43.666 3240 30.3 1.46011 -126.802
5 298 6355.89 73.1 873.402 -3.8784 130.173 1.3869 785.034 -0.0673373 46.8687 3384 30.3 1.56342 -100.146
5 299 6411.39 73.1 700.006 -7.56464 154.278 1.3869 785.762 -0.147283 48.0331 3168 30.3 1.46684 -93.2456
5 300 6633.09 73.1 643.354 -6.59002 167.6 1.3869 785.881 -0.190962 48.422 3168 30.3 1.44573 -92.2205
5 301 6735.89 73.1 870.504 -7.57859 158.743 1.3869 799.187 -0.22729 43.5541 3168 30.3 1.49954 -114.611
5 302 6657.25 73.1 1026.62 -2.95178 151.367 1.3869 724.588 -0.197186 43.4439 3096 30.3 1.41518 -99.7142
5 303 6507.78 73.1 909.996 -3.67548 145.817 1.3869 689.292 -0.00597844 41.3301 3312 30.3 1.39496 -130.038
5 304 6731.54 73.1 823.058 -2.99833 155.935 1.3869 688.011 -0.0883508 48.3951 3168 30.3 1.44828 -92.6381
5 305 6762.08 73.1 465.197 0.194131 147.027 1.3869 681.078 -0.079472 52.5446 3024 30.3 1.40906 -85.4999
5 306 6632.14 73.1 560.651 -4.12647 157.382 1.3869 665.746 -0.00386575 54.0735 3168 30.3 1.4274 -45.3973
5 307 6934.61 73.1 489.373 0.0132435 142.622 1.3869 638.907 0.0209516 50.6689 3240 30.3 1.32029 -40.0831
5 308 6851.32 73.1 183.347 5.04291 128.286 1.3869 585.459 0.0120733 54.6814 3168 30.3 1.25317 -40.7865
5 309 6570.25 73.1 297.343 3.33314 121.724 1.38588 577.579 0.0035923 57.0168 3384 30.3 1.36343 -28.9444
5 310 6422.21 73.1 242.089 4.86604 125.896 1.38588 702.674 -0.0171614 60.242 3456 30.3 1.31411 23.3833
5 311 6434.39 73.1 -256.677 5.41472 141.126 1.38588 640.519 -0.146951 61.4438 3384 30.3 1.18467 -1.85868
5 312 6464.91 73.1 -90.7575 6.8678 163.652 1.38588 647.32 -0.226115 62.033 3240 30.3 1.31395 10.1148
5 313 6668.68 73.1 92.0153 4.49191 153.303 1.38588 629.435 -0.187572 58.6168 3240 30.3 1.23928 15.8961
5 314 6591.36 73.1 169.775 4.46292 162.454 1.38588 655.708 -0.256186 60.2093 3168 30.3 1.14754 39.0531
5 315 6595.26 73.1 45.6472 3.19435 154.859 1.38588 687.028 -0.168835 57.6912 3312 30.3 1.01415 22.3658
5 316 6602.22 73.1 99.442 2.88587 150.031 1.38588 729.043 -0.130843 58.257 3384 30.3 1.05795 22.3052
5 317 6620.17 73.1 -48.3083 -2.05611 182.159 1.38588 765.274 -0.250919 56.7109 3312 30.3 1.0795 -18.1793
5 318 6924.54 73.1 162.242 -2.11227 184.004 1.38588 766.36 -0.217161 55.8358 3312 30.3 1.22988 -18.1936
5 319 7017.04 73.1 193.992 -1.32788 165.853 1.38588 840.598 -0.199347 55.1361 3240 30.3 1.21987 -29.8265
5 320 6762.17 73.1 265.423 -0.151612 153.332 1.48117 838.193 -0.0773903 54.7817 3384 30.3 1.25248 -21.4857
5 321 6728.41 73.1 290.716 -0.489725 139.121 1.48117 763.815 0.011617 55.7831 3312 30.3 1.25761 -7.26266
5 322 6695.82 73.1 -22.2289 0.75425 111.927 1.48117 748.393 0.0750069 59.8005 3168 30.3 1.26779 -47.0131
5 323 6397.81 73.1 -135.995 -1.70863 113.572 1.48117 787.194 0.0908057 60.546 3384 30.3 1.37207 -22.1688
5 324 6440.26 73.1 142.204 -1.16718 145.004 1.48117 799.307 -0.150961 55.9676 3384 30.3 1.39787 -46.6423
5 325 6522.91 73.1 204.306 -1.73931 147.926 1.48117 768.73 -0.178371 53.0103 3240 30.3 1.35379 -50.7904
5 326 6537.54 73.1 394.289 -0.312301 156.041 1.48117 788.74 -0.238017 53.5196 3168 30.3 1.41214 -52.9793
5 327 6589.05 73.1 660.652 -1.35573 157.191 1.48117 820.748 -0.208216 49.2447 3240 30.3 1.35063 -67.103
5 328 6627.58 73.1 676.937 -2.90933 143.875 1.48117 807.206 -0.128252 52.2862 3168 30.3 1.29814 -36.4026
5 329 6521.12 73.1 391.073 -2.6629 141.184 1.48117 777.207 -0.0875434 53.1643 3240 30.3 1.26019 -28.894
5 330 6519.35 73.1 484.494 -1.84761 149.46 1.48117 715.926 -0.150715 50.115 3312 30.3 1.28233 -83.0252
5 331 6568.88 73.1 594.407 -2.57807 153.281 1.49926 737.529 -0.16033 49.9789 3240 30.3 1.36688 -69.0848
5 332 6557.64 73.1 471.285 -0.159921 154.893 1.49926 742.881 -0.21292 52.2338 3240 30.3 1.34908 -76.1539
5 333 6584.23 73.1 567.633 2.17042 150.067 1.49926 663.404 -0.141321 50.1316 3312 30.3 1.35864 -54.3316
5 334 6603.59 73.1 596.584 -1.32251 149.972 1.49926 696.464 -0.158148 53.6659 3384 30.3 1.31091 -15.6549
5 335 6585.32 73.1 323.195 -0.575622 162.404 1.49926 688.989 -0.235151 55.6756 3168 30.3 1.23367 -16.1848
5 336 6649.34 73.1 298.012 0.301796 140.171 1.49926 712.791 -0.0499602 52.891 3096 30.3 1.23738 -39.5365
5 337 6593.05 70.9 375.426 -2.39568 145.559 1.49926 664.524 -0.0250749 55.018 3240 30.3 1.2854 -22.9944
5 338 6804.77 70.9 219.153 -5.29981 154.68 1.49926 645.646 -0.0680371 54.7854 3312 30.3 1.23713 -15.4628
5 339 6822.29 70.9 223.677 -5.75348 171.795 1.49926 715.469 -0.145745 52.5248 3168 30.3 1.23031 -35.9143
5 340 6831.26 70.9 321.529 -5.35573 169.352 1.49926 675.3 -0.103449 51.774 3312 30.3 1.29621 -78.044
5 341 6987.39 70.9 552.406 -5.03874 160.558 1.49926 714.355 -0.00950043 50.5096 3312 30.3 1.37581 -92.0442
5 342 7003.69 70.9 358.715 -2.42947 151.038 1.4851 719.34 -0.00631082 52.032 3168 30.3 1.37048 -84.0127
5 343 6820.99 70.9 289.091 -1.1797 128.626 1.4851 734.555 0.118955 54.6709 3384 30.3 1.44047 -75.3207
5 344 6774.94 70.9 243.912 -1.59202 146.63 1.4851 830.271 0.0313528 55.1214 3528 30.3 1.4205 -50.6533
5 345 6879.6 70.9 71.4527 0.126978 152.818 1.4851 790.71 -0.0382023 61.1736 3384 30.3 1.41167 -34.2283
5 346 6795.74 70.9 -85.7907 0.650843 168.031 1.4851 715.825 -0.0942326 59.1047 3384 30.3 1.40932 -23.3403
5 347 6927.92 70.9 138.371 -0.671388 182.827 1.4851 781.89 -0.166633 60.5757 3456 30.3 1.40159 -12.7327
5 348 6987.19 70.9 -21.7216 -0.933305 168.401 1.4851 756.006 -0.116851 60.6147 3456 30.3 1.25431 0.607626
5 349 6920.52 70.9 -160.733 2.13262 169.894 1.4851 782.565 -0.129147 60.4069 3600 30.3 1.22366 -6.1813
5 350 6908.3 70.9 -99.5017 2.76134 163.967 1.4851 835.472 -0.187055 59.5063 3600 30.3 1.29486 3.98052
5 351 6736.16 70.9 -156.736 0.707827 159.627 1.4851 830.174 -0.127628 62.2492 3528 35.3 1.30141 17.2002
5 352 6750.81 70.9 -329.736 -3.01929 161.373 1.4851 729.175 -0.145159 66.3935 3312 35.3 1.2835 25.9293
5 353 6821.01 70.9 -329.296 -4.54185 138.84 1.28133 755.222 0.0479937 60.3795 3240 35.3 1.27865 -5.97306
5 354 6884.22 70.9 -18.3451 -5.55707 136.822 1.28133 752.585 0.00985977 56.0414 3312 35.3 1.34629 -50.544
5 355 6739.56 70.9 277.69 -6.28577 134.774 1.28133 735.414 -0.0874224 53.1761 3456 35.3 1.43655 -73.6548
5 356 6618.9 70.9 400.086 -5.13973 145.751 1.28133 680.724 -0.167648 50.1444 3456 35.3 1.41671 -87.467
5 357 6549.07 70.9 430 -3.46613 145.484 1.28133 689.641 -0.156092 48.9248 3312 35.3 1.4624 -117.01
5 358 6596.79 70.9 574.55 -3.91958 152.869 1.28133 681.658 -0.131413 51.2971 3240 35.3 1.56407 -106.494
5 359 6771.15 70.9 631.787 -4.91597 149.847 1.28133 692.887 -0.133696 49.9337 3168 35.3 1.50181 -82.1272
5 360 6692.82 70.9 660.033 0.763487 149.285 1.28133 620.401 -0.186484 49.7023 3240 35.3 1.44395 -85.7886
5 361 6609.07 70.9 675.849 -1.85021 154.271 1.28133 645.429 -0.159471 47.91 3312 35.3 1.38322 -92.2795
5 362 6751.3 70.9 704.172 -1.26051 154.127 1.28133 651.135 -0.159306 54.1523 3240 35.3 1.41642 -43.1228
5 363 6774.95 70.9 225.662 -3.69439 150.488 1.28133 663.63 -0.123368 53.338 3168 35.3 1.2582 -53.9528
5 364 6785.75 70.9 442.048 -1.68126 142.496 1.47848 720.638 -0.0809406 52.6003 3240 35.3 1.36766 -48.9464
5 365 6696.66 70.9 488.67 2.52128 148.673 1.47848 736.858 -0.132833 50.2644 3240 35.3 1.3405 -68.2685
5 366 6714.34 70.9 422.989 -0.863392 147.889 1.47848 769.691 -0.0439183 53.4293 3240 35.3 1.33037 -54.5588
5 367 6816.17 70.9 277.489 2.27751 134.328 1.47848 842.46 -0.00886959 58.3809 3168 35.3 1.3462 -4.68574
5 368 6679.5 70.9 65.1649 0.757472 144.893 1.47848 784.806 -0.0748657 56.6421 3168 35.3 1.25678 -26.713
5 369 6704.18 70.9 252.512 1.71672 120.352 1.47848 826.928 0.00341712 58.4968 3240 35.3 1.30359 -9.14429
5 370 6554.56 70.9 94.7776 3.2252 127.096 1.47848 847.72 0.0150585 58.116 3240 35.3 1.19869 18.0502
5 371 6650.23 70.9 3.41364 2.00411 148.774 1.47848 797.784 -0.131275 59.8293 3168 35.3 1.23928 -16.1123
5 372 6732.51 70.9 158.19 2.4574 137.556 1.47848 841.363 -0.0198077 56.6596 3240 35.3 1.28981 1.59757
5 373 6725.94 70.9 173.7 3.34399 148.231 1.47848 747.796 -0.153935 60.1599 3240 35.3 1.22293 14.6805
5 374 6660.51 70.9 158.603 3.87466 142.661 1.47848 804.333 -0.108675 58.0521 3168 35.3 1.1865 9.04938
5 375 6606.37 70.9 88.3424 5.52956 124.561 1.57854 891.492 -0.0101308 57.366 3168 35.3 1.17185 -5.39019
5 376 6574.87 70.9 76.1636 2.2844 122.425 1.57854 866.846 0.0264268 60.5585 3096 35.3 1.20223 23.0239
5 377 6616.9 70.9 -26.9186 2.26969 127.438 1.57854 825.894 -0.00877254 60.4498 3096 35.3 1.15879 41.5311
5 378 6578.56 70.9 -7.6142 -1.65059 135.504 1.57854 742.025 -0.0576644 57.2021 2952 35.3 1.15593 7.3072
5 379 6642.95 78.8 184.832 0.0173158 130.538 1.57854 827.482 0.0346243 56.5287 3024 35.3 1.19255 -8.2149
5 380 6711.05 78.8 258.89 -1.00308 126.281 1.57854 814.153 0.0453314 52.5748 3024 35.3 1.20348 -37.7797
5 381 6657.76 78.8 431.673 -2.28827 128.72 1.57854 748.489 -0.0768199 53.8174 3096 35.3 1.22836 -25.7807
5 382 6560.13 78.8 425.122 0.0834403 134.353 1.57854 811.303 -0.0350408 50.6478 3240 35.3 1.27802 -51.388
5 383 6639.6 78.8 405.25 -0.495116 138.842 1.57854 777.475 -0.0656488 52.5215 3240 35.3 1.27874 -68.9502
5 384 6637.46 78.8 353.188 2.24681 145.123 1.57854 791.998 -0.122971 56.7267 3240 35.3 1.32808 -11.2398
5 385 6701.51 78.8 331.434 3.20846 146.414 1.57854 773.057 -0.207668 54.8449 3312 35.3 1.28701 -27.2596
5 386 6570.28 78.8 319.315 5.28619 155.589 1.50679 825.922 -0.190591 56.4699 3312 35.3 1.25904 -1.26459
5 387 6687.07 78.8 156.795 4.04057 164.191 1.50679 829.149 -0.197611 59.3031 3240 35.3 1.16165 10.7148
5 388 6791.96 78.8 114.618 5.32958 145.825 1.50679 846.739 -0.157516 61.4879 3096 35.3 1.17713 42.0814
5 389 6627.8 78.8 -54.9927 6.24292 145.259 1.50679 829.225 -0.188048 60.1635 3168 35.3 1.09392 44.4679
5 390 6572.63 78.8 77.0011 4.98601 126.907 1.50679 893.787 -0.0562083 59.8058 3168 35.3 1.11291 41.4039
5 391 6514.08 78.8 -139.997 6.29446 110.155 1.50679 914.436 0.00244797 62.3104 2880 35.3 1.07143 43.8314
5 392 6334.36 78.8 -189.495 7.93941 112.845 1.50679 1074.21 0.0846088 62.3193 2952 35.3 1.12053 51.2017
5 393 6586.7 78.8 57.3399 3.69838 126.046 1.50679 962.832 0.0465889 60.0923 2952 35.3 1.19952 16.5664
5 394 6717.55 78.8 73.2424 1.66707 131.791 1.50679 871.589 -0.0113155 62.8568 2808 35.3 1.13787 61.0482
5 395 6659.22 78.8 -64.5206 2.64505 140.822 1.50679 889.932 -0.0500426 58.8035 3096 35.3 1.01651 32.5471
5 396 6778.26 78.8 257.086 2.57482 139.941 1.50679 879.136 -0.0326152 51.8948 3096 35.3 1.09198 4.62316
5 397 6751.2 78.8 241.847 0.410666 137.621 1.65777 866.907 0.00626629 57.6013 2952 35.3 1.0988 24.6573
5 398 6824.81 78.8 27.6913 3.07242 125.378 1.65777 933.881 0.0664209 59.3705 3168 35.3 1.12542 21.0032
5 399 6731.55 78.8 85.4384 1.77001 138.511 1.65777 835.773 -0.044781 56.6451 3312 35.3 1.17704 -7.26988
5 400 6709.12 78.8 63.1049 0.836056 145.139 1.65777 785.306 -0.113405 60.1187 3384 35.3 1.20351 14.1863
5 401 6684.32 78.8 25.9712 -1.11474 150.896 1.65777 714.274 -0.184278 57.323 3312 41.6 1.21658 -12.7223
5 402 6686.67 78.8 87.5127 -1.58961 153.531 1.65777 717.183 -0.13782 59.2187 3168 41.6 1.26416 -21.7974
5 403 6865.39 78.8 146.04 -2.24082 148.838 1.65777 744.119 -0.116254 54.4953 3240 41.6 1.28157 -25.8283
5 404 6924.37 78.8 224.317 -0.387878 151.198 1.65777 783.955 -0.108164 54.777 3240 41.6 1.28545 -45.3854
5 405 6943.67 78.8 314.382 -3.10297 149.005 1.65777 754.791 -0.101824 54.6476 3312 41.6 1.31585 -38.4392
5 406 6935.25 78.8 323.753 -0.0300159 149.534 1.65777 825.619 -0.0757279 56.2714 3312 41.6 1.28647 -20.1802
5 407 7013.81 78.8 52.3695 -3.7918 163.947 1.65777 732.173 -0.109263 56.0926 3456 41.6 1.24668 -5.38963
5 408 7136.98 78.8 151.159 -2.71915 163.395 1.42932 680.809 -0.222177 60.7084 3456 41.6 1.34614 -8.18282
5 409 7044.09 78.8 -30.9001 0.98422 158.389 1.42932 747.019 -0.220997 58.0272 3456 41.6 1.27508 -26.4291
5 410 6837.69 78.8 175.658 1.12679 155.388 1.42932 817.371 -0.142644 57.9103 3528 41.6 1.36636 -30.0492
5 411 6954.15 78.8 7.22968 0.823288 145.827 1.42932 780.163 -0.137741 62.9004 3456 41.6 1.33275 4.91127
5 412 6835.58 78.8 -254.619 0.76589 143.945 1.42932 779.992 -0.153877 64.9005 3312 41.6 1.28249 22.8652
5 413 6767.36 78.8 -174.906 -0.161761 157.289 1.42932 781.153 -0.167089 59.9585 3456 41.6 1.30677 5.82718
5 414 6970.5 78.8 137.813 -0.603417 158.818 1.42932 698.784 -0.215074 59.1183 3456 41.6 1.31663 -1.62297
5 415 6880.74 78.8 -25.3622 -1.9645 164.831 1.42932 632.877 -0.268733 60.4534 3384 41.6 1.24195 -3.59587
5 416 6849.21 78.8 82.517 -1.83336 163.367 1.42932 638.45 -0.238319 55.742 3528 41.6 1.28377 -23.9251
5 417 6887.56 78.8 251.343 1.28712 155.896 1.42932 712.904 -0.230134 53.8652 3312 41.6 1.30502 -44.3152
5 418 6799.72 78.8 137.294 -1.84091 139.475 1.42932 676.997 -0.146431 56.5813 3240 41.6 1.31427 -43.0247
5 419 6753.75 78.8 237.386 1.70728 128.356 1.40961 752.415 -0.122346 58.1965 3312 41.6 1.41002 -28.1832
5 420 6640.88 78.8 100.326 0.741647 133.55 1.40961 760.362 -0.122186 54.1782 3168 41.6 1.28867 -66.1634
5 421 6643.01 37.9 268.099 3.10681 130.818 1.40961 682.022 -0.0924436 55.8381 3168 41.6 1.37835 -20.6048
5 422 6617.48 37.9 253.852 2.49282 135.059 1.40961 747.267 -0.0831932 56.0765 3024 41.6 1.31966 -8.71077
5 423 6757.19 37.9 217.446 2.34953 120.044 1.40961 754.735 0.128317 56.6852 2952 41.6 1.29243 16.0276
5 424 6760.38 37.9 262.148 -1.5661 129.616 1.40961 740.06 0.141165 57.6269 2952 41.6 1.2274 26.5723
5 425 6849.86 37.9 191.159 -2.16622 134.23 1.40961 701.359 0.118029 56.5903 3096 41.6 1.13761 4.21198
5 426 6902.19 37.9 250.221 -2.3384 150.434 1.40961 694.001 0.0302698 53.5546 3024 41.6 1.18827 -22.8152
5 427 7054.67 37.9 243.24 -2.44282 151.08 1.40961 718.796 0.101701 54.8456 3312 41.6 1.23136 -29.5646
5 428 7154.03 37.9 331.161 -2.25074 155.726 1.40961 656.966 -0.017001 55.7585 3168 41.6 1.30222 -14.7839
5 429 7091.8 37.9 123.849 -5.5038 149.921 1.40961 654.172 0.116582 56.0199 3312 41.6 1.26411 -16.7482
5 430 7131.13 37.9 158.906 -3.24891 149.733 1.43964 714.333 0.100256 56.4236 3528 41.6 1.32064 -29.0253
5 431 7152.73 37.9 -15.3953 -2.12591 158.027 1.43964 648.909 0.0120235 56.2105 3672 41.6 1.33466 -57.812
5 432 7053.62 37.9 49.2409 -1.42418 163.794 1.43964 533.243 -0.155627 61.5629 3528 41.6 1.46171 -25.3677
5 433 6897.55 37.9 6.57798 -4.87141 157.345 1.43964 568.537 -0.0120189 59.0638 3528 41.6 1.42287 -41.2706
5 434 6998.92 37.9 -50.0862 -4.30806 150.186 1.43964 574.996 -0.00254283 59.2721 3384 41.6 1.38967 -33.1765
5 435 6906.89 37.9 -41.9887 -3.05201 153.752 1.43964 601.231 0.00896837 57.0887 3312 41.6 1.43452 -53.5558
5 436 6983.41 37.9 210.251 -3.34647 166.492 1.43964 615.953 -0.0207517 55.1025 3384 41.6 1.51135 -61.0656
5 437 7137.29 37.9 393.61 -0.35311 158.65 1.43964 689.958 -0.0132494 55.3141 3384 41.6 1.46753 -63.7534
5 438 7016.9 37.9 178.474 0.415412 159.425 1.43964 611.762 -0.103408 57.159 3528 41.6 1.38932 -33.8277
5 439 6939.53 37.9 148.958 2.53802 161.278 1.43964 664.288 -0.122031 58.7719 3672 41.6 1.3841 -7.81658
5 440 6833.16 37.9 -71.5048 1.27837 156.135 1.43964 558.46 -0.17323 59.2978 3672 41.6 1.28018 -26.3934
5 441 6724.44 37.9 -129.935 0.320256 163.314 1.40943 510.583 -0.241982 63.0851 3456 41.6 1.32904 29.3752
5 442 6752.47 37.9 -217.79 1.42793 147.006 1.40943 561.51 -0.160695 58.2484 3600 41.6 1.2919 -17.8271
5 443 6650.29 37.9 66.6377 1.78857 165.874 1.40943 513.966 -0.253133 58.6709 3456 41.6 1.36046 -6.78047
5 444 6680.82 37.9 126.588 -1.4583 178.414 1.40943 482.115 -0.278081 57.0882 3456 41.6 1.32826 -8.40948
5 445 6849.6 37.9 272.4 0.367247 169.992 1.40943 521.914 -0.221937 54.7242 3384 41.6 1.30918 -21.5337
5 446 6850.5 37.9 247.27 2.46914 179.223 1.40943 574.263 -0.2657 53.9017 3456 41.6 1.25427 -40.9364
5 447 6923.89 37.9 353.123 2.1893 181.355 1.40943 545.102 -0.267803 53.4531 3456 41.6 1.28124 -6.32737
5 448 6922.62 37.9 327.618 0.836557 171.499 1.40943 571.508 -0.225903 59.6584 3528 41.6 1.21233 25.4387
5 449 6895.02 37.9 -84.8299 1.23186 187.607 1.40943 602.127 -0.204319 58.5049 3456 41.6 1.12768 15.962
5 450 7112.87 37.9 -0.991848 -3.27423 181.253 1.40943 565.244 -0.146527 58.762 3528 41.6 1.21143 -10.8048
5 451 7151.46 37.9 -3.43305 -4.76616 193.98 1.40943 520.405 -0.190371 60.8836 3384 38 1.24291 18.4913
5 452 7288.23 37.9 -95.9702 -3.47563 184.602 1.36294 608.612 -0.103514 57.2589 3528 38 1.23938 -30.2444
5 453 7279.61 37.9 141.672 -4.77145 183.629 1.36294 588.749 -0.0659288 57.4101 3528 38 1.29761 -23.0767
5 454 7269.63 37.9 16.9874 -4.22488 173.638 1.36294 620.05 -0.012466 58.9569 3672 38 1.34824 -23.1959
5 455 7202.69 37.9 -35.238 -2.6236 163.447 1.36294 660.458 -0.000542259 59.4374 3456 38 1.38524 -30.6147
5 456 NaN 37.9 -183.854 -2.44554 154.449 1.36294 738.455 0.121343 61.6319 3528 38 1.4365 -43.1654
5 457 7092.33 37.9 -98.008 -1.47726 148.256 1.36294 776.577 0.144178 63.7841 3456 38 1.51006 -28.6948
5 458 7149.33 37.9 -239.194 -2.811 143.298 1.36294 731.225 0.144819 63.1482 3312 38 1.46124 -18.2948
5 459 7057.61 37.9 -182.708 -3.59894 146.08 1.36294 718.308 0.153402 63.5711 3312 38 1.43717 -8.09645
5 460 7103.68 37.9 -179.897 -4.60562 150.291 1.36294 770.945 0.190512 62.0808 3240 38 1.3971 -19.7128
5 461 7227.41 37.9 -139.388 -4.87854 128.225 1.36294 761.429 0.237163 58.9876 3240 38 1.39483 -31.3085
5 462 7005.27 37.9 2.45903 -2.80099 132.715 1.36294 756.992 0.191027 60.5671 3456 38 1.45648 -33.7147
5 463 6955.25 57.3 -4.99194 0.40329 140.319 1.28182 770.855 0.0598945 57.1809 3528 38 1.41007 -61.9498
5 464 6807.95 57.3 50.706 0.205747 138.226 1.28182 780.629 0.0386648 59.1858 3312 38 1.45359 -34.6712
5 465 6834.46 57.3 -108.181 -1.27043 146.565 1.28182 757.707 0.00993671 62.8046 3312 38 1.43083 -31.312
5 466 6919.32 57.3 -39.2637 1.28135 132.557 1.28182 754.877 -0.0164883 61.8649 3312 38 1.43434 -6.68032
5 467 6712.04 57.3 -59.6241 3.35988 131.687 1.28182 794.733 -0.0515206 58.9399 3240 38 1.31257 -34.8579
5 468 6612.63 57.3 154.81 1.83703 128.912 1.28182 742.167 -0.0392281 57.2737 3312 38 1.35833 -0.332225
5 469 6599.42 57.3 41.1431 1.06545 126.033 1.28182 731.855 -0.0322531 60.4216 3168 38 1.2823 -3.86828
5 470 6589.29 57.3 -171.807 0.987315 143.418 1.28182 684.285 -0.0848952 58.4344 3096 38 1.20174 -10.1315
5 471 6659.02 57.3 227.68 -0.0940193 146.107 1.28182 711.112 -0.0522169 56.741 3024 38 1.32441 -27.0771
5 472 6815.54 57.3 263.672 0.93067 138.02 1.28182 766.729 0.0182137 52.9783 3024 38 1.23288 -33.1834
5 473 6753.78 57.3 386.195 0.394542 143.9 1.28182 771.193 0.0223751 53.0954 3168 38 1.2538 -29.7824
5 474 6925.32 57.3 443.668 -0.0164656 160.925 1.55108 765.274 -0.0662799 54.1572 3312 38 1.24111 -12.8818
5 475 7044.69 57.3 295.852 0.323143 173.954 1.55108 751.808 -0.0879614 57.0358 3312 38 1.19659 -10.4198
5 476 7149.84 57.3 39.5238 1.77764 162.687 1.55108 755.289 -0.107895 60.4555 3456 38 1.23259 -0.602869
5 477 6934.7 57.3 71.9045 -0.85155 171.466 1.55108 684.236 -0.13339 61.2048 3600 38 1.26227 18.1108
5 478 7057.68 57.3 -150.113 3.97 171.763 1.55108 723.983 -0.186966 63.0307 3816 38 1.19234 24.0008
5 479 6983.14 57.3 -272.464 3.49707 168.739 1.55108 699.175 -0.225868 59.8734 3600 38 1.22852 -16.2443
5 480 6864.82 57.3 -211.012 3.19751 170.079 1.55108 675.249 -0.220474 66.6416 3600 38 1.34901 24.4886
5 481 6835.54 57.3 -218.503 1.90409 163.24 1.55108 694.432 -0.195264 62.7663 3528 38 1.28403 45.5755
5 482 6802.25 57.3 -341.648 1.95813 154.732 1.55108 703.352 -0.151878 65.1811 3384 38 1.22316 28.5742
5 483 6722.81 57.3 -216.346 1.61729 153.415 1.55108 747.51 -0.0996906 63.8127 3312 38 1.28292 22.5797
5 484 6803.5 57.3 -61.7567 2.8042 142.756 1.55108 812.627 -0.0350301 62.3362 3168 38 1.26936 3.45021
5 485 6817.34 57.3 -72.4415 2.46467 142.815 1.44015 829.625 0.00169597 61.2934 3168 38 1.22622 15.4125
5 486 6861.08 57.3 5.58342 0.461486 147.882 1.44015 770.162 0.00779234 63.4649 3240 38 1.21319 25.9957
5 487 6942.01 57.3 -22.0812 -3.9247 134.95 1.44015 672.298 0.0159817 58.8399 3168 38 1.18516 -4.4199
5 488 6775.32 57.3 -30.6756 -3.12039 143.248 1.44015 714.763 0.0761646 59.5895 3096 38 1.18253 -14.0802
5 489 6958.12 57.3 142.302 -2.66583 127.585 1.44015 776.739 0.156728 52.9148 3240 38 1.26442 -64.4868
5 490 6874.24 57.3 353.034 -2.38138 132.411 1.44015 759.942 0.115278 53.2561 3240 38 1.40383 -55.2873
5 491 6902.76 57.3 250.645 -3.72948 156.004 1.44015 673.29 0.00724438 55.6785 3384 38 1.39759 -58.3557
5 492 7025.47 57.3 386.289 -4.37913 150.145 1.44015 635.603 -0.037035 53.7117 3384 38 1.40803 -65.6144
5 493 6862.74 57.3 234.466 -3.97512 152.576 1.44015 600.369 -0.0824541 54.0238 3240 38 1.36794 -58.1561
5 494 6813.67 57.3 315.462 -2.32465 134.527 1.44015 673.845 0.00203089 53.1045 3168 38 1.44155 -56.7968
5 495 6749.18 57.3 310.71 -2.77335 120.86 1.44015 765.699 0.136924 52.627 3168 38 1.44039 -82.3018
5 496 6740.42 57.3 193.056 -0.0627015 109.063 1.41286 730.646 0.0659296 57.782 3240 38 1.43016 -51.332
5 497 6461.56 57.3 334.968 -1.60956 139.744 1.41286 666.856 -0.0493555 52.2624 3168 38 1.49269 -59.3146
5 498 6763.1 57.3 426.014 -1.84363 144.475 1.41286 673.947 -0.059916 53.683 3168 38 1.39899 -54.6096
5 499 6768.6 57.3 421.555 -0.143607 136.967 1.41286 741.437 -0.0161443 52.5918 2952 38 1.38459 -45.5746
5 500 6713.02 57.3 375.724 0.26198 125.635 1.41286 771.612 0.029385 53.4945 3312 38 1.35361 -47.1936
5 501 6641.68 57.3 598.347 1.08173 148.746 1.41286 664.911 -0.153711 52.2563 3456 72.9 1.3213 -15.1868
5 502 6676.63 57.3 229.769 1.66025 137.417 1.41286 650.541 -0.233001 56.9117 3240 72.9 1.19874 -16.2699
5 503 6726.2 57.3 133.185 2.79969 133.124 1.41286 753.108 -0.11483 56.9062 3096 72.9 1.2727 5.78189
5 504 NaN 57.3 201.139 4.0223 118.356 1.41286 799.283 -0.0530261 57.6006 3096 72.9 1.25532 6.82791
5 505 7161.4 36.9 200.797 3.2869 132.667 1.41286 678.625 -0.128816 59.6589 3024 72.9 1.20336 35.7977
6 1 7519.23 67.8 -216.772 -4.58564 155.864 1.31014 750.473 -0.0264166 61.3443 3456 64.7 1.48375 -7.46036
6 2 7507.51 67.8 -188.994 -4.29969 152.917 1.31014 738.619 -0.0226644 61.242 3456 64.7 1.50457 -18.4725
6 3 7477.78 67.8 -241.762 -5.56958 155.997 1.31014 738.125 -0.0252605 60.854 3312 64.7 1.49118 -28.1328
6 4 7573.26 67.8 -205.44 -4.0937 143.729 1.31014 781.191 0.0366982 60.9096 3456 64.7 1.49838 -16.3766
6 5 7437.73 67.8 -177.474 -4.3361 161.365 1.31014 702.993 -0.105877 61.6507 3384 64.7 1.47538 -22.0076
6 6 7482.77 67.8 -198.634 -2.49957 151.637 1.31014 794.874 -0.0378064 62.431 3384 64.7 1.47182 -15.3463
6 7 7470.51 67.8 -229.991 -3.33897 146.728 1.31014 807.121 0.0369982 60.4055 3312 64.7 1.48827 -12.317
6 8 7505.49 67.8 -239.981 -3.00609 143.663 1.31014 807.048 0.0203756 64.7959 3456 64.7 1.48398 20.7537
6 9 7499.51 67.8 -332.393 -0.160214 142.399 1.31014 804.103 -0.0101065 62.5749 3456 64.7 1.42063 1.3944
6 10 7310 67.8 -343.837 -0.553996 143.379 1.31014 777.399 -0.0486062 61.5054 3312 64.7 1.41331 -4.10541
6 11 7231.73 67.8 -276.493 -0.596193 134.999 1.31014 882.248 0.0698375 63.5684 3312 64.7 1.45332 7.14679
6 12 7294.18 67.8 -364.472 -1.53083 138.33 1.35348 794.319 0.0102871 63.6083 3240 64.7 1.39229 15.7641
6 13 7289.58 67.8 -402.429 -3.04729 136.864 1.35348 781.759 0.00517437 66.0945 3096 64.7 1.41098 24.9925
6 14 7351.76 67.8 -271.527 -2.28033 137.19 1.35348 805.553 0.0524767 59.9993 3240 64.7 1.37672 6.47604
6 15 7403.31 67.8 -32.9158 -2.31832 148.244 1.35348 780.295 -0.00382853 58.6083 3312 64.7 1.39024 -9.42603
6 16 7455.33 67.8 -53.6903 -2.11984 156.519 1.35348 750.315 -0.0955088 59.2823 3384 64.7 1.37338 -16.7038
6 17 7343.95 67.8 -43.4973 -0.120215 155.992 1.35348 819.49 -0.0627779 60.3169 3312 64.7 1.42158 -9.17958
6 18 7470.52 67.8 -139.055 -2.90151 145.703 1.35348 759.316 -0.023986 61.7133 3528 64.7 1.38677 20.9719
6 19 7410.39 67.8 -274.473 -3.44701 166.571 1.35348 639.698 -0.154825 64.3118 3456 64.7 1.38376 44.5352
6 20 7429.12 67.8 -431.624 -6.70748 171.91 1.35348 557.221 -0.225513 61.7297 3600 64.7 1.31943 4.61532
6 21 7416.68 67.8 -162.585 -6.24352 168.45 1.35348 537.528 -0.229273 57.8641 3528 64.7 1.43282 -13.3711
6 22 7351.12 67.8 -115.434 -7.62349 171.715 1.35348 540.298 -0.223222 57.3082 3672 64.7 1.46627 -43.433
6 23 7374.74 67.8 42.6793 -5.19239 177.066 1.34658 552.911 -0.303456 56.6791 3456 64.7 1.54939 -48.817
6 24 7345.73 67.8 70.9035 -2.93355 153.336 1.34658 668.339 -0.137405 57.7963 3456 64.7 1.5552 -58.1291
6 25 7236.58 67.8 115.1 -2.63151 153.802 1.34658 650.089 -0.141597 57.7994 3312 64.7 1.55014 -30.3457
6 26 7262.2 67.8 -25.4322 -2.4238 139.746 1.34658 735.13 -0.043601 58.8 3240 64.7 1.48009 3.09359
6 27 7265.68 67.8 -155.97 -4.83683 132.292 1.34658 741.335 0.0290678 59.5476 3240 64.7 1.44346 -24.0818
6 28 7312.9 67.8 11.8737 -6.86621 138.659 1.34658 657.665 -0.0296571 58.6545 3096 64.7 1.47433 -13.9795
6 29 7279.87 67.8 28.014 -6.44066 136.531 1.34658 727.638 0.0596805 55.0717 3024 64.7 1.42271 -18.9912
6 30 7365.18 67.8 137.918 -3.877 123.444 1.34658 834.09 0.13458 52.3481 3024 64.7 1.43073 -63.5828
6 31 7318.61 67.8 265.839 0.224517 115.155 1.34658 913.033 0.15563 54.8651 2952 64.7 1.527 -58.2939
6 32 7235.48 67.8 182.191 -0.477466 94.6582 1.34658 907.47 0.189254 57.647 3096 64.7 1.50293 -32.8549
6 33 6997.81 67.8 49.5551 4.61858 85.1486 1.34658 935.017 0.155873 62.1221 3096 64.7 1.4321 21.4589
6 34 6776.02 67.8 -216.287 4.00545 93.2321 1.43037 942.252 0.129582 60.5453 3096 64.7 1.33781 -4.84919
6 35 6857.2 67.8 -124.518 5.24274 97.2333 1.43037 902.195 0.0723278 63.6388 2736 64.7 1.38499 24.2251
6 36 6803.15 67.8 -222.811 4.29384 84.0417 1.43037 959.17 0.173804 63.9391 2664 64.7 1.32784 62.8882
6 37 6857.44 67.8 -37.699 3.02739 90.7533 1.43037 888.181 0.145806 60.6773 2592 64.7 1.26663 43.9353
6 38 6778.05 67.8 135.748 2.8482 83.8562 1.43037 927.079 0.206986 57.2081 2592 64.7 1.16 42.173
6 39 6849.57 67.8 78.3054 2.39546 85.3292 1.43037 976.113 0.18021 54.522 2520 64.7 1.13305 13.5446
6 40 6889.85 67.8 347.862 3.63267 82.6197 1.43037 982.263 0.215284 53.112 2592 64.7 1.20446 10.9949
6 41 6853.67 67.8 296.246 0.402066 91.979 1.43037 865.08 0.15303 56.8584 2592 64.7 1.18583 22.4314
6 42 6882.19 67.8 180.498 1.44904 89.7164 1.43037 896.3 0.185782 55.1215 2592 64.7 1.1224 12.9201
6 43 6881.92 40.8 147.412 -2.31978 97.2982 1.43037 794.393 0.197631 53.0427 2592 64.7 1.14909 -15.531
6 44 7066.39 40.8 340.067 -4.71294 106.125 1.43037 741.124 0.194752 53.7529 2808 64.7 1.25128 2.18423
6 45 7179.29 40.8 294.137 -2.52008 125.162 1.66724 725.302 0.121572 49.3182 2808 64.7 1.24675 -33.0324
6 46 7261.79 40.8 407.02 -3.80682 129.55 1.66724 736.311 0.137182 50.381 3024 64.7 1.28877 -25.7296
6 47 7297.25 40.8 505.41 -2.52497 144.088 1.66724 708.725 0.0422976 50.9759 3240 64.7 1.34709 -28.0613
6 48 7358.01 40.8 276.501 -1.41427 157.149 1.66724 684.384 -0.0162444 54.9515 3240 64.7 1.29287 -1.93569
6 49 7381.23 40.8 45.1196 1.50388 144.068 1.66724 753.877 0.0220906 57.4159 3168 64.7 1.32117 -1.3058
6 50 7270.1 40.8 -99.7193 2.30821 138.781 1.66724 824.39 0.0629499 60.9257 3312 64.7 1.3417 29.1438
6 51 7319.02 40.8 -181.502 0.222361 147.169 1.66724 759.876 -0.0132856 62.6757 3312 63.2 1.31268 57.6757
6 52 7367.91 40.8 -326.923 0.21476 141.035 1.66724 746.9 0.0625618 65.4293 3312 63.2 1.29917 75.2941
6 53 7251.19 40.8 -535.436 0.934062 140.891 1.66724 729.035 -0.0245542 67.3993 3240 63.2 1.26484 39.0321
6 54 7176.07 40.8 -296.088 0.0929143 135.429 1.66724 743.962 0.0310064 61.1859 3456 63.2 1.32827 15.911
6 55 7195.03 40.8 -263.099 -1.74713 147.881 1.66724 644.733 -0.0705577 63.7835 3312 63.2 1.30512 43.1166
6 56 7210.36 40.8 -344.412 -2.75884 146.34 1.41685 615.356 -0.0640234 64.7104 3384 63.2 1.30532 36.3724
6 57 7158.6 40.8 -269.378 -1.62743 155.818 1.41685 602.518 -0.103103 59.7202 3240 63.2 1.32304 -2.40823
6 58 7218.44 40.8 -59.6136 -2.79632 150.07 1.41685 620.832 -0.0627273 57.1771 3168 63.2 1.36687 -7.33484
6 59 7238.15 40.8 20.877 -0.617708 132.473 1.41685 687.213 0.0555008 59.7301 2952 63.2 1.38109 3.06988
6 60 7161.41 40.8 -95.6782 -2.50087 127.131 1.41685 733.032 0.158975 59.0363 3168 63.2 1.33778 -27.5961
6 61 7291.37 40.8 99.4968 0.288538 127.896 1.41685 783.972 0.132481 58.1631 3096 63.2 1.38599 -4.16313
6 62 7197.68 40.8 -56.3043 -1.33895 130.935 1.41685 797.712 0.139578 56.6457 3096 63.2 1.34928 -23.0322
6 63 7269.84 40.8 22.3585 4.33925 133.996 1.41685 880.58 0.114683 61.085 3168 63.2 1.40313 22.0759
6 64 7287.54 40.8 -163.155 3.98007 137.843 1.41685 835.167 0.0737494 60.3238 3096 63.2 1.33449 22.9276
6 65 7311.33 40.8 -171.543 1.76686 130.239 1.41685 811.019 0.0966827 66.1013 3168 63.2 1.30277 75.2857
6 66 7227.77 40.8 -430.974 2.22752 128.281 1.41685 869.741 0.147129 65.6679 3168 63.2 1.17458 70.9514
6 67 7243.3 40.8 -471.209 2.58471 131.826 1.4624 863.462 0.126386 64.3633 3168 63.2 1.17664 53.2439
6 68 7236.19 40.8 -338.402 4.83336 137.457 1.4624 921.797 0.108748 66.1213 3240 63.2 1.27042 56.2879
6 69 7301.47 40.8 -455.648 4.14175 138.224 1.4624 826.788 0.0496956 66.9613 3024 63.2 1.2352 48.81
6 70 7234.15 40.8 -400.597 5.06861 115.281 1.4624 904.154 0.181175 68.7011 3096 63.2 1.23225 115.348
6 71 7100.34 40.8 -609.341 1.91013 109.855 1.4624 887.896 0.201593 65.563 3096 63.2 1.12411 66.7163
6 72 7118.76 40.8 -432.742 0.60151 108.321 1.4624 807.187 0.185292 66.6662 3096 63.2 1.1983 71.2231
6 73 7073.23 40.8 -463.069 -4.56254 123.087 1.4624 689.383 0.142568 64.6026 3024 63.2 1.22744 40.0797
6 74 7216.12 40.8 -318.531 -3.93714 118.549 1.4624 685.611 0.178432 59.3406 2952 63.2 1.29686 -7.13507
6 75 7131.38 40.8 15.2623 -4.15311 118.928 1.4624 744.239 0.196613 52.9789 2952 63.2 1.34723 -38.6407
6 76 7193.86 40.8 253.345 -2.8276 132.223 1.4624 778.681 0.186678 52.4547 3096 63.2 1.42912 -49.845
6 77 7354.13 40.8 332.922 -3.21043 142.916 1.4624 758.694 0.128093 53.5374 3024 63.2 1.45517 -46.8271
6 78 7411.57 40.8 156.946 -1.11088 136.252 1.48833 766.36 0.137449 59.7967 3168 63.2 1.40034 -2.17485
6 79 7336.64 40.8 -0.49495 -2.64446 139.075 1.48833 663.847 0.0597461 57.4339 3384 63.2 1.36429 -5.13606
6 80 7220.95 40.8 -24.926 -5.04349 151.723 1.48833 577.947 -0.0615889 59.4798 3384 63.2 1.33138 -14.3651
6 81 7266.17 40.8 -205.081 -8.33718 148.231 1.48833 583.572 0.0480564 60.3219 3240 63.2 1.33485 -10.8805
6 82 7379.75 40.8 -204.856 -5.5509 143.265 1.48833 638.64 0.111942 57.6143 3168 63.2 1.43116 -35.0359
6 83 7394.16 40.8 48.4375 -5.62122 149.409 1.48833 612.899 0.0295937 54.4149 3240 63.2 1.53486 -72.6468
6 84 7388.74 40.8 306.039 -6.7857 147.267 1.48833 576.879 0.0152837 55.4587 3456 63.2 1.59054 -51.1141
6 85 7313.78 61 147.593 -4.84419 146.957 1.48833 622.574 -0.0561484 56.4129 3384 63.2 1.48671 -40.9715
6 86 7237.8 61 7.65359 -3.45313 138.906 1.48833 622.753 -0.0245909 56.1115 3312 63.2 1.48311 -77.3195
6 87 7121.12 61 145.539 -1.38586 129.104 1.48833 726.475 -0.0294611 57.8448 3240 63.2 1.52306 -49.5174
6 88 7043.09 61 -2.943 2.41378 118.845 1.48833 774.57 -0.0285793 56.6555 3168 63.2 1.53262 -39.7533
6 89 6908.54 61 179.3 -0.812765 117.848 1.33247 762.029 0.0296104 59.1258 3168 63.2 1.50963 -3.95972
6 90 7029.36 61 8.14652 -0.431856 139.314 1.33247 718.567 -0.0607929 61.9688 3024 63.2 1.43124 1.02988
6 91 7133.96 61 -17.3789 0.933413 143.327 1.33247 840.625 0.000324208 56.4765 2808 63.2 1.32789 -24.9338
6 92 7264.88 61 142.138 0.532115 120.252 1.33247 855 0.0898206 58.4302 2952 63.2 1.34461 25.2677
6 93 7142.33 61 190.473 -0.632514 131.435 1.33247 832.178 0.106879 57.7092 3024 63.2 1.27099 31.1898
6 94 7268.76 61 -77.6906 -2.47836 128.066 1.33247 804.819 0.102668 57.6864 3168 63.2 1.15107 33.7717
6 95 7285.52 61 -89.1536 -1.45063 137.922 1.33247 823.265 0.0498795 59.133 3096 63.2 1.2439 -0.827382
6 96 7316.58 61 -168.755 -5.05926 148.155 1.33247 748.265 0.00759418 60.1927 3240 63.2 1.31343 -17.3987
6 97 7391.57 61 79.3131 -1.75808 152.487 1.33247 737.002 -0.0493481 59.0089 3240 63.2 1.39756 16.6716
6 98 7348.46 61 -185.152 -3.67639 158.384 1.33247 718.341 -0.0347246 60.6893 3312 63.2 1.29564 -9.64099
6 99 7521.17 61 -42.4923 -4.50202 158.252 1.33247 672.519 -0.0511964 60.1963 3528 63.2 1.40462 23.2693
6 100 7395.45 61 -239.19 -5.1481 161.661 1.435 574.097 -0.138948 59.5847 3528 63.2 1.35029 -0.89885
6 101 7341.84 61 -159.198 -7.74117 151.744 1.435 494.458 -0.173261 59.396 3672 74.9 1.41137 -48.2257
6 102 7190.88 61 17.7414 -7.36139 142.688 1.435 476.895 -0.180486 57.3889 3384 74.9 1.48159 -64.9932
6 103 7098.83 61 19.9695 -10.5654 131.227 1.435 532.289 -0.0476227 55.0798 3384 74.9 1.53573 -104.409
6 104 7373.45 61 249.566 -11.5149 137.557 1.435 489.572 -0.0735153 51.5587 3168 74.9 1.66608 -90.9986
6 105 7441.38 61 270.547 -5.28126 147.6 1.435 620.106 -0.0863062 50.7847 3240 74.9 1.63422 -107.014
6 106 7425.57 61 597.744 -4.47721 149.759 1.435 592.982 -0.167132 46.6352 3240 74.9 1.65854 -128.046
6 107 7384.3 61 778.934 -0.42718 130.749 1.435 674.242 -0.0907212 53.7705 3240 74.9 1.63678 -10.6336
6 108 7238.61 61 187.997 -1.6739 137.916 1.435 693.443 -0.0684626 55.5916 3240 74.9 1.42508 -29.0317
6 109 7394.1 61 83.0044 -2.04248 131.079 1.435 774.408 0.0102317 58.3505 3168 74.9 1.44318 0.996885
6 110 7451.36 61 -60.3764 -0.0476069 131.998 1.435 803.217 -0.0139722 59.5765 3096 74.9 1.42322 7.18368
6 111 7422.31 61 -18.0738 1.05756 135.084 1.46247 799.391 -0.045067 60.1176 3168 74.9 1.41114 2.82891
6 112 7308.2 61 73.8936 0.970575 130.851 1.46247 842.208 0.000742652 58.5811 3312 74.9 1.34917 23.555
6 113 7381.11 61 -194.904 -0.384357 134.259 1.46247 711.114 -0.0793432 65.3128 3384 74.9 1.24834 58.4684
6 114 7297.84 61 -392.097 -0.279334 143.73 1.46247 662.154 -0.160336 65.2314 3168 74.9 1.26811 47.0154
6 115 7275.1 61 -373.523 0.800693 121.147 1.46247 770.478 -0.0387046 59.477 3240 74.9 1.29478 1.75523
6 116 7168.84 61 -55.6157 1.48824 120.528 1.46247 694.719 -0.110053 60.0223 3312 74.9 1.3944 -14.3532
6 117 7041.62 61 -66.7004 -1.34885 125.087 1.46247 587.213 -0.17656 61.4327 3312 74.9 1.36149 32.1277
6 118 7001.65 61 -84.4595 -1.38349 126.534 1.46247 559.208 -0.221837 58.1866 3384 74.9 1.33846 24.6626
6 119 6894.94 61 5.10828 -1.23037 145.763 1.46247 519.039 -0.329517 54.5419 3096 74.9 1.33454 -40.5459
6 120 7016.97 61 262.004 -0.983045 122.739 1.46247 581.353 -0.211 54.0265 3024 74.9 1.40822 -37.5096
6 121 6961.27 61 379.101 -1.21896 134.54 1.46247 604.085 -0.18594 51.5987 2880 74.9 1.37755 -38.4618
6 122 7168.65 61 468.266 -1.97462 128.156 1.66674 664.869 -0.117354 52.3999 2952 74.9 1.31816 -12.113
6 123 7167.74 61 525.297 -1.14057 121.52 1.66674 666.596 -0.0937413 51.3258 2880 74.9 1.2886 -17.0393
6 124 7075.83 61 320.829 1.69643 114.498 1.66674 718.915 -0.0623976 52.8543 2880 74.9 1.25182 -12.8716
6 125 7096.75 61 426.603 -1.20981 115.625 1.66674 753.082 0.00335972 50.3386 3024 74.9 1.28289 -23.8707
6 126 7175.68 61 288.293 -1.77989 128.504 1.66674 703.21 -0.044442 55.7466 2952 74.9 1.29121 -0.431683
6 127 7276.97 57.9 137.188 -1.26116 144.733 1.66674 724.797 -0.0848785 55.9205 2952 74.9 1.29266 1.53557
6 128 7405.3 57.9 256.91 -3.19021 146.58 1.66674 670.751 -0.0519642 54.1087 3168 74.9 1.30987 -8.54778
6 129 7478.51 57.9 264.856 -4.65152 154.095 1.66674 582.482 -0.126053 56.784 3168 74.9 1.31136 22.7692
6 130 7468.88 57.9 111.967 -6.59878 158.886 1.66674 610.728 -0.0810484 53.7077 3312 74.9 1.26849 2.56184
6 131 7637.81 57.9 141.551 -7.66471 156.608 1.66674 602.096 -0.0664322 53.4915 3456 74.9 1.3418 -35.7469
6 132 7623.93 57.9 72.0311 -7.90009 165.832 1.66674 513.166 -0.150398 55.541 3384 74.9 1.40501 -32.5392
6 133 7628.77 57.9 81.6744 -6.63108 158.797 1.43959 545.758 -0.144057 56.5449 3528 74.9 1.50227 -53.2196
6 134 7540.73 57.9 165.197 -4.66505 141.76 1.43959 546.852 -0.145259 53.4202 3456 74.9 1.55411 -73.2833
6 135 7256.64 57.9 84.0253 -2.57549 121.969 1.43959 617.673 -0.0780106 59.9364 3456 74.9 1.54277 -59.0017
6 136 7136.51 57.9 14.0848 -2.70961 124.04 1.43959 638.142 -0.0653217 57.1341 3312 74.9 1.57485 -50.4539
6 137 7213.74 57.9 -19.0297 -1.80067 143.958 1.43959 702.002 -0.0668978 58.3697 3024 74.9 1.57835 -43.0982
6 138 7443.63 57.9 10.6639 0.0950165 133.518 1.43959 787.672 0.00832674 58.2268 2952 74.9 1.569 -35.693
6 139 7428.15 57.9 245.177 3.44239 126.435 1.43959 823.823 -0.0318665 57.4219 3096 74.9 1.50764 -2.20907
6 140 7239.29 57.9 216.341 1.08361 141.571 1.43959 776.239 -0.112626 57.3008 3384 74.9 1.33375 34.4089
6 141 7352.67 57.9 8.42049 0.852937 154.319 1.43959 746.053 -0.127496 60.6603 3456 74.9 1.23572 63.6684
6 142 7497.04 57.9 -438.38 -0.560319 160.924 1.43959 654.38 -0.187148 65.5386 3168 74.9 1.18118 53.1895
6 143 7510.77 57.9 -365.205 0.662704 147.389 1.43959 717.197 -0.170974 65.2567 3312 74.9 1.26565 44.6445
6 144 7301.39 57.9 -197.265 3.88437 136.069 1.46779 782.327 -0.119805 58.1249 3384 74.9 1.28432 -1.79939
6 145 7236.07 57.9 -108.469 4.6061 133.562 1.46779 793.588 -0.10393 63.0127 3384 74.9 1.31899 45.1994
6 146 7193.8 57.9 -350.102 4.57742 133.389 1.46779 824.24 -0.0834008 67.4317 3168 74.9 1.29304 77.8761
6 147 7265.5 57.9 -491.675 6.81163 107.934 1.46779 905.039 0.00429124 68.0743 3024 74.9 1.27747 68.9562
6 148 7058.96 57.9 -398.841 6.21682 110.321 1.46779 907.904 0.0369931 64.9703 3024 74.9 1.24401 85.8698
6 149 7117.11 57.9 -305.279 5.86378 113.118 1.46779 915.54 0.0378137 67.0044 3096 74.9 1.16727 107.814
6 150 7212.61 57.9 -378.288 7.50663 120.203 1.46779 930.965 -0.0345929 65.2744 2880 74.9 1.10543 84.4228
6 151 7208.7 57.9 -392.304 6.42022 114.611 1.46779 912.851 0.0276864 65.3308 2952 23 1.11754 80.0825
6 152 7170.83 57.9 -168.327 7.07355 146.387 1.46779 929.723 0.0203216 64.2222 3096 23 1.14823 119.635
6 153 7097.15 57.9 -400.342 7.44216 161.37 1.46779 907.634 -0.0714354 64.4201 3096 23 1.01744 87.0398
6 154 6570.88 57.9 -352.148 7.46027 160.285 1.46779 881.47 -0.0628147 65.5828 3384 23 1.07079 76.3619
6 155 6524.95 57.9 -423.692 5.99834 168.44 1.38794 779.424 -0.133545 66.9072 3240 23 1.0727 81.7715
6 156 6519.53 57.9 -437.047 3.85798 169.207 1.38794 840.819 -0.0642662 64.5811 3312 23 1.05568 61.2142
6 157 6685.69 57.9 -291.421 5.06705 172.833 1.38794 877.821 -0.0433459 61.4174 3384 23 1.07687 42.6046
6 158 6789.38 57.9 -199.303 3.82526 181.062 1.38794 796.011 -0.123076 63.287 3384 23 1.11216 48.459
6 159 6747.87 57.9 -279.918 1.686 189.511 1.38794 814.983 -0.106856 64.2244 3384 23 1.11246 59.7413
6 160 6924.19 57.9 -342.83 2.67016 174.13 1.38794 837.026 -0.0184016 62.9412 3528 23 1.07445 36.4782
6 161 6822.17 57.9 -364.835 3.26912 171.801 1.38794 810.219 -0.0648051 64.5402 3384 23 1.12418 40.2438
6 162 6716.14 57.9 -495.019 3.63547 172.422 1.38794 819.859 -0.0399892 66.8053 3600 23 1.16015 37.4773
6 163 6732.24 57.9 -432 3.49835 176.019 1.38794 846.082 -0.0581975 65.7973 3384 23 1.23314 41.4457
6 164 6784.8 57.9 -468.168 0.0453046 177.183 1.38794 820.856 -0.000648891 65.7289 3312 23 1.21792 36.7079
6 165 6916.36 57.9 -395.962 0.750676 166.708 1.38794 808.628 -0.0155144 68.0007 3312 23 1.27372 64.0442
6 166 6724.62 57.9 -417.903 0.905851 159.725 1.26375 837.526 0.0365663 62.14 3240 23 1.20123 14.5271
6 167 6731.75 57.9 -300.514 2.1419 147.084 1.26375 916.812 0.151437 62.9301 3312 23 1.23752 17.9854
6 168 6738.07 57.9 -285.571 4.8999 141.445 1.26375 962.739 0.121677 64.1019 3168 23 1.25155 35.894
6 169 6622.66 37.4 -434.669 6.13258 140.91 1.26375 965.623 0.160703 66.3607 3240 23 1.2661 24.3947
6 170 6670.16 37.4 -311.771 5.98611 132.407 1.26375 922.556 0.164969 67.8997 3312 23 1.31222 64.7386
6 171 6508.55 37.4 -421.324 4.9588 145.761 1.26375 851.908 0.112991 68.5119 3312 23 1.18554 71.893
6 172 6569.53 37.4 -601.095 6.36605 156.962 1.26375 795.413 -0.0221084 68.2215 3384 23 1.12495 63.4762
6 173 6499.89 37.4 -372.503 2.44911 156.48 1.26375 709.264 -0.0367939 64.0327 3240 23 1.14966 45.8198
6 174 6438.15 37.4 -328.977 2.33966 152.337 1.26375 709.095 -0.00521782 65.5934 3312 23 1.1721 47.4908
6 175 6427.5 37.4 -266.509 2.16859 153.868 1.26375 668.888 -0.0102015 59.1271 3096 23 1.14159 20.7226
6 176 6428.94 37.4 -75.8868 0.102776 146.436 1.26375 709.052 0.0737252 60.6621 3096 23 1.2099 10.9886
6 177 6477.12 37.4 32.9512 -1.31877 153.286 1.36918 698.904 0.0846728 55.8469 3096 23 1.23255 -1.78745
6 178 6665.45 37.4 124.067 -0.99975 157.751 1.36918 625.192 0.0415387 55.914 3240 23 1.23069 -29.5635
6 179 6550.4 37.4 200.584 -2.3371 162.844 1.36918 634.119 -0.0297228 53.2762 3096 23 1.25538 -24.3363
6 180 6565.78 37.4 277.458 -2.60795 155.801 1.36918 661.98 0.0824314 52.8671 3312 23 1.27884 -47.8463
6 181 6641.83 37.4 344.081 -2.13566 160.619 1.36918 686.029 0.0710132 54.0869 3240 23 1.31803 -44.6266
6 182 6694.45 37.4 112.367 -2.27224 151.786 1.36918 632.412 0.0278429 55.4942 3240 23 1.32056 -31.8099
6 183 6445.94 37.4 239.383 -5.82379 157.399 1.36918 611.491 0.0576707 56.7118 3312 23 1.40084 -24.884
6 184 6607.66 37.4 163.219 -7.65165 166.493 1.36918 577.825 0.0740631 52.9569 3384 23 1.3027 -45.7609
6 185 6735.86 37.4 209.333 -3.71412 176.578 1.36918 576.422 -0.0352465 52.0144 3168 23 1.37401 -61.4106
6 186 6729.48 37.4 280.287 -0.912281 169.021 1.36918 637.624 0.0017125 51.9325 3384 23 1.43926 -85.9316
6 187 6683.92 37.4 559.514 1.12306 148.15 1.36918 639.401 -0.0139482 51.728 3456 23 1.50959 -45.3856
6 188 6378.46 37.4 188.319 3.07202 130.15 1.49729 702.407 0.0272488 56.5023 3240 23 1.3373 -10.3827
6 189 6129.75 37.4 -21.7022 2.41045 118.87 1.49729 756.999 0.165468 59.0685 3096 23 1.33668 -28.5627
6 190 6289.58 37.4 3.0561 -1.03083 132.484 1.49729 793.171 0.234 59.502 2952 23 1.37257 5.3134
6 191 6516.24 37.4 -61.3632 -2.73596 130.434 1.49729 692.089 0.153842 57.8949 2808 23 1.33933 -29.6353
6 192 6424.53 37.4 299.163 -1.07191 142.685 1.49729 677.926 0.0928284 52.8502 2952 23 1.35747 -41.5253
6 193 6492.23 37.4 533.06 -2.48814 158.225 1.49729 673.113 0.070683 47.5481 3168 23 1.24676 -65.0055
6 194 6645.16 37.4 572.05 -1.96893 149.115 1.49729 673.06 0.0528706 50.3534 3096 23 1.24985 -41.964
6 195 6551.02 37.4 280.602 -0.637731 155.997 1.49729 694.033 0.0402757 54.416 3384 23 1.24225 -47.3335
6 196 6522.1 37.4 347.416 -2.76634 179.868 1.49729 557.493 -0.13426 51.8417 3528 23 1.3385 -43.9613
6 197 6649.37 37.4 220.224 0.671606 172.096 1.49729 608.643 -0.117589 55.0998 3312 23 1.29832 -3.77831
6 198 6575.15 37.4 -4.06958 -1.30412 165.465 1.49729 661.944 -0.0147795 57.4117 3168 23 1.25816 -37.4443
6 199 6637.3 37.4 174.284 0.904159 150.497 1.39675 712.007 0.0538908 57.8402 3240 23 1.36612 -6.15444
6 200 6512.55 37.4 87.8145 1.10238 137.809 1.39675 758.706 0.12485 57.1406 3096 23 1.26641 -24.8513
6 201 6457.76 37.4 68.5225 -0.00249409 139.312 1.39675 750.855 0.139976 60.3412 3096 23.5 1.29444 -12.4145
6 202 6496.5 37.4 86.4911 -1.08847 130.413 1.39675 764.639 0.184112 57.8974 3168 23.5 1.28937 -6.69799
6 203 6493.32 37.4 -48.1741 0.347615 143.428 1.39675 723.993 0.0795433 57.9476 3024 23.5 1.2659 -18.5017
6 204 6453.65 37.4 78.4619 2.64803 127.619 1.39675 787.686 0.143695 53.9242 3096 23.5 1.30434 -41.0792
6 205 6314.86 37.4 269.504 3.34879 135.099 1.39675 804.884 0.165683 54.9012 3096 23.5 1.33074 -15.0059
6 206 6450.48 37.4 183.331 3.41116 145.31 1.39675 764.785 0.0617099 56.9277 3168 23.5 1.26449 -6.04892
6 207 6492.82 37.4 71.0819 3.71659 164.381 1.39675 760.781 -0.00657954 57.3418 3168 23.5 1.2242 4.91317
6 208 6650.65 37.4 96.8669 2.27914 173.912 1.39675 682.704 -0.0918118 58.052 3168 23.5 1.19956 17.0243
6 209 6592.05 37.4 223.913 2.46967 156.949 1.39675 739.364 0.0115003 57.9619 3168 23.5 1.18784 34.3615
6 210 6491.21 37.4 -96.7518 2.66371 150.22 1.57157 794.329 0.0832281 59.3614 3312 23.5 1.05861 28.8038
6 211 6583.05 30.9 -26.8944 -1.05788 151.462 1.57157 619.062 0.0272639 60.3723 3312 23.5 1.1573 23.9506
6 212 6495.95 30.9 -224.401 -0.664433 155.924 1.57157 614.163 -0.0187904 63.6004 3168 23.5 1.17551 31.284
6 213 6480.1 30.9 -136.58 -0.251259 167.943 1.57157 644.107 0.00636387 54.947 3312 23.5 1.21573 -41.9675
6 214 6670.86 30.9 319.544 1.97188 158.906 1.57157 667.376 -0.0115591 54.2789 3096 23.5 1.35545 -26.1685
6 215 6511.33 30.9 131.63 4.08451 149.761 1.57157 740.001 0.0453152 57.6549 3168 23.5 1.29531 -27.9591
6 216 6488.07 30.9 196.469 3.89086 144.371 1.57157 729.522 0.0701838 56.9859 3312 23.5 1.30806 13.0803
6 217 6434.92 30.9 74.9614 4.63212 145.434 1.57157 711.394 0.0186719 59.5538 3240 23.5 1.19345 14.7768
6 218 6368.7 30.9 -184.781 0.785745 156.845 1.57157 627.504 -0.0389468 61.8676 3240 23.5 1.16741 9.40749
6 219 6481.8 30.9 -3.5849 -1.35912 166.507 1.57157 623.915 0.00270149 60.9065 3096 23.5 1.25463 21.6506
6 220 6634.55 30.9 -58.7895 -2.47966 171.296 1.57157 649.404 0.0695963 55.9913 3024 23.5 1.17176 -9.65441
6 221 6811.28 30.9 261.714 -0.448253 157.066 1.46411 697.849 0.0867462 55.2224 3096 23.5 1.26402 -32.1753
6 222 6669.9 30.9 356.047 -4.59971 151.136 1.46411 627.109 0.138012 52.1082 3240 23.5 1.26991 -41.4974
6 223 6646.17 30.9 313.576 -7.1332 170.778 1.46411 574.996 0.0746219 54.8402 3384 23.5 1.26779 -5.19199
6 224 6824 30.9 59.634 -5.95427 175.401 1.46411 616.452 0.0926527 53.165 3240 23.5 1.24926 -63.2263
6 225 6927.01 30.9 129.337 -7.47689 166.564 1.46411 655.406 0.178934 55.3111 3168 23.5 1.41093 -57.8769
6 226 6977.04 30.9 302.76 -5.50171 165.342 1.46411 693.75 0.182138 53.1716 3312 23.5 1.51169 -54.8429
6 227 NaN 30.9 319.938 -2.64208 161.805 1.46411 706.849 0.157435 52.1145 3384 23.5 1.43725 -66.3955
6 228 6859.88 30.9 136.733 -1.31923 162.399 1.46411 733.621 0.16403 57.3384 3384 23.5 1.42735 -53.3032
6 229 6867.11 30.9 -49.0859 -1.41855 165.869 1.46411 757.377 0.155134 59.6332 3456 23.5 1.44746 -18.1747
6 230 6906.83 30.9 -154.601 -2.93912 158.045 1.46411 753.797 0.177987 62.8783 3240 23.5 1.44573 -13.9346
6 231 6899.93 30.9 -240.317 -2.08307 158.802 1.46411 806.513 0.244786 64.6847 3384 23.5 1.41943 -11.7446
6 232 6948.22 30.9 -208.529 -1.22852 170.9 1.18838 753.053 0.142317 60.5735 3528 23.5 1.3982 1.24534
6 233 6915.7 30.9 -166.903 -0.821532 174.519 1.18838 708.899 0.035463 64.168 3528 23.5 1.38262 -1.87439
6 234 6816.52 30.9 -223.964 2.80139 165.578 1.18838 769.834 0.0537155 62.2263 3528 23.5 1.38018 -7.22543
6 235 6736.13 30.9 -266.937 1.92022 154.702 1.18838 753.049 0.0998017 64.1908 3384 23.5 1.36686 16.5023
6 236 6686.91 30.9 -335.766 3.81219 156.656 1.18838 827.182 0.166514 66.6544 3312 23.5 1.34769 31.3308
6 237 6783.87 30.9 -466.24 2.07141 151.22 1.18838 794.626 0.173569 64.7046 3168 23.5 1.32097 5.89801
6 238 6706.45 30.9 -336.161 2.12517 151.755 1.18838 868.775 0.224617 66.0194 3096 23.5 1.3198 41.443
6 239 6775.33 30.9 -359.351 0.920244 144.052 1.18838 802.427 0.217024 63.3095 3312 23.5 1.24924 18.4448
6 240 6663.09 30.9 -125.894 -0.977951 148.448 1.18838 728.474 0.167174 63.221 3240 23.5 1.26902 35.1761
6 241 6650.69 30.9 -320.676 -3.45676 165.144 1.18838 655.1 0.0985909 61.5666 3384 23.5 1.21188 2.25215
6 242 6753.56 30.9 -120.76 -0.834326 153.806 1.18838 686.229 0.0887945 57.904 3456 23.5 1.3022 -14.4349
6 243 6676.88 30.9 -106.468 1.08772 160.739 1.33548 638.388 -0.0447317 56.8203 3384 23.5 1.3417 -38.7301
6 244 6485.09 30.9 116.957 2.09378 156.267 1.33548 697.205 0.00687364 56.5485 3312 23.5 1.4296 -29.4479
6 245 6541.76 30.9 20.9778 0.417285 158.071 1.33548 651.358 0.0439512 60.5231 3240 23.5 1.33563 -5.46476
6 246 6574.91 30.9 -114.713 -2.2881 151.407 1.33548 640.725 0.100388 63.2047 3240 23.5 1.30141 19.5165
6 247 6598.64 30.9 -131.337 -3.56952 173.329 1.33548 569.742 -0.0253516 56.8636 3456 23.5 1.25371 -9.56333
6 248 6736.38 30.9 279.352 0.539398 179.186 1.33548 532.027 -0.112211 52.5963 3384 23.5 1.34928 -42.5295
6 249 6594.43 30.9 278.091 -0.503329 179.362 1.33548 637.069 -0.0687619 52.7091 3240 23.5 1.33013 -47.8089
6 250 6713.38 30.9 281.761 -1.96793 166.551 1.33548 654.15 0.0589773 55.6615 3312 23.5 1.3558 -32.7449
6 251 6775.07 30.9 117.129 -1.97468 168.269 1.33548 721.62 0.0987824 58.495 3312 44.4 1.30392 -10.1938
6 252 6855.44 30.9 -176.021 -1.78749 165.364 1.33548 707.03 0.0544299 58.6527 3384 44.4 1.27106 -36.2236
6 253 6940.37 40.1 127.477 -1.08327 155.975 1.33548 671.811 0.0267624 56.0826 3528 44.4 1.34885 -23.4454
6 254 6984.66 40.1 -77.8232 -0.653138 164.016 1.52086 676.196 0.0216391 60.4372 3384 44.4 1.29705 10.0579
6 255 7080.36 40.1 -207.451 0.519779 172.361 1.52086 729.717 -0.00505863 59.4517 3528 44.4 1.31296 -11.7272
6 256 7204.87 40.1 -108.255 -0.56021 169.876 1.52086 674.169 -0.0218503 61.128 3312 44.4 1.39286 5.54535
6 257 7178.06 40.1 -253.427 -1.81725 158.72 1.52086 672.814 0.00829847 66.0831 3312 44.4 1.36629 39.334
6 258 7049.95 40.1 -245.968 -3.46931 148.679 1.52086 683.231 0.0566452 60.8847 3456 44.4 1.33208 -9.66316
6 259 6999.5 40.1 -235.906 -2.80407 141.22 1.52086 643.278 0.0146845 60.4156 3528 44.4 1.31382 -10.0329
6 260 6890.94 40.1 -245.008 -2.68376 153.339 1.52086 634.628 -0.0454835 61.357 3456 44.4 1.38214 -13.7314
6 261 6855.56 40.1 -177.173 -2.17928 154.311 1.52086 623.548 -0.0340195 59.417 3312 44.4 1.4517 -34.9435
6 262 6917.18 40.1 40.3097 0.731296 150.206 1.52086 664.441 0.00437981 58.8108 3312 44.4 1.47465 -27.5474
6 263 6943.98 40.1 -12.9648 -2.23426 165.037 1.52086 612.582 -0.0806005 57.3026 3168 44.4 1.40107 -21.3906
6 264 6996.43 40.1 138.132 1.66842 140.464 1.52086 740.272 0.0453807 58.3934 3240 44.4 1.40709 -11.4774
6 265 6823.16 40.1 72.9616 -0.306343 133.235 1.45422 668.466 0.0210087 58.7613 3240 44.4 1.32981 -18.4594
6 266 6666.19 40.1 65.4518 -1.12801 138.271 1.45422 665.695 0.0130311 60.6013 3312 44.4 1.32035 23.0713
6 267 6719.99 40.1 -108.169 -4.48938 155.749 1.45422 627.695 -0.00567782 56.3622 3168 44.4 1.27589 -18.5896
6 268 6938.85 40.1 80.8271 -2.28197 151.534 1.45422 688.606 0.0553311 58.6853 3024 44.4 1.37529 -43.5291
6 269 6952.73 40.1 218.312 -1.6011 146.356 1.45422 690.953 0.058514 52.9865 3024 44.4 1.38052 -40.6338
6 270 6925.9 40.1 335.664 -0.357246 142.148 1.45422 736.115 0.0889491 54.22 3096 44.4 1.38214 -21.2138
6 271 6972.83 40.1 284.28 -1.98882 142.499 1.45422 734.325 0.120193 54.8677 3240 44.4 1.30819 -15.0413
6 272 6998.3 40.1 47.1894 -3.49957 153.877 1.45422 652.474 0.0218033 59.907 3240 44.4 1.3052 -6.44617
6 273 7020.73 40.1 -21.4538 -2.21212 143.965 1.45422 664.599 0.00314528 57.3883 3312 44.4 1.33046 -37.1949
6 274 6858.09 40.1 61.0634 -0.964043 134.32 1.45422 692.214 0.0468716 56.747 3240 44.4 1.374 -20.6989
6 275 6755.61 40.1 29.4583 0.492666 135.5 1.45422 753.172 0.0971584 58.7827 3168 44.4 1.37098 -23.0616
6 276 6851.91 40.1 -66.9356 -0.232303 129.703 1.38388 747.426 0.112818 58.7757 2952 44.4 1.37507 -21.3694
6 277 6814.67 40.1 -69.1949 0.141267 125.458 1.38388 836.36 0.178062 60.6575 3024 44.4 1.40065 3.82664
6 278 6914.52 40.1 19.6837 2.45133 137.832 1.38388 877.786 0.147016 56.7535 3096 44.4 1.35116 -0.597057
6 279 6967.81 40.1 149.605 1.25407 147.674 1.38388 788.199 0.052804 58.6733 3096 44.4 1.29134 11.5314
6 280 7038.16 40.1 -58.6 2.07686 156.267 1.38388 819.413 0.0696607 61.3054 3240 44.4 1.23385 43.7623
6 281 7105.22 40.1 -233.704 4.17851 157.19 1.38388 796.864 0.0149053 60.6888 3240 44.4 1.15318 32.3846
6 282 7005.51 40.1 -189.446 5.41866 153.357 1.38388 867.88 0.0306998 63.9469 3312 44.4 1.18856 48.2854
6 283 7009.86 40.1 -296.017 7.07287 142.408 1.38388 843.771 0.0188949 65.8402 3384 44.4 1.20468 43.2449
6 284 6846.84 40.1 -416.241 5.91592 150.524 1.38388 815.743 -0.0141938 68.0565 3312 44.4 1.1771 91.6809
6 285 6864.94 40.1 -685.391 3.94868 145.266 1.38388 826.033 0.0646134 69.6005 3384 44.4 1.14381 81.5104
6 286 6953.17 40.1 -532.002 3.7277 148.712 1.38388 774.489 -0.00307806 66.6469 3168 44.4 1.21242 69.8614
6 287 6840.03 40.1 -466.017 0.233172 148.988 1.37354 742.705 0.00614903 65.1619 3168 44.4 1.18848 37.1601
6 288 6955.23 40.1 -243.069 4.83829 134.444 1.37354 833.584 0.0917012 63.6971 3240 44.4 1.22711 58.3989
6 289 6777 40.1 -286.733 2.8055 141.992 1.37354 811.436 0.0588673 59.6561 2952 44.4 1.13664 28.5827
6 290 6979.62 40.1 -144.049 2.42319 131.438 1.37354 856.431 0.190437 65.6833 3096 44.4 1.27406 61.54
6 291 6925.27 40.1 -297.444 -0.708357 136.425 1.37354 773.936 0.14573 64.4248 3096 44.4 1.17135 45.5581
6 292 6985.22 40.1 -287.421 0.637848 148.442 1.37354 759.725 0.104062 62.6529 3384 44.4 1.17036 43.7052
6 293 7090.09 40.1 -72.2816 -3.43442 174.613 1.37354 625.286 -0.0444611 58.7652 3312 44.4 1.25478 3.07058
6 294 7164.75 40.1 -49.8887 -0.750946 163.396 1.37354 627.306 -0.0485912 59.7537 3456 44.4 1.27962 2.84745
6 295 6908.41 67.9 -58.6067 0.00135465 168.1 1.37354 705.063 -0.122388 56.1644 3456 44.4 1.31359 -37.2566
6 296 6964.78 67.9 25.375 1.24626 145.62 1.37354 768.513 -0.00835679 58.4483 3240 44.4 1.35163 -8.22736
6 297 6834.55 67.9 -158.4 1.77506 136.47 1.37354 925.006 0.0969917 61.6482 3168 44.4 1.35533 10.4161
6 298 6947.78 67.9 -304.293 1.73439 147.821 1.34036 859.103 -0.0142349 62.229 3240 44.4 1.35265 -9.09428
6 299 7023.83 67.9 -46.8331 -0.146446 150.721 1.34036 800.533 -0.0223959 62.775 3024 44.4 1.38641 30.0465
6 300 7013.08 67.9 -288.378 -2.19633 137.488 1.34036 788.264 0.0360135 62.3445 3024 44.4 1.2364 36.6452
6 301 6895.97 67.9 -132.922 -0.404168 122.745 1.34036 937.951 0.195075 56.8255 3096 60.8 1.26722 -15.2384
6 302 6969.57 67.9 -81.0881 1.3558 115.615 1.34036 899.589 0.138686 55.5491 3096 60.8 1.28877 -12.6313
6 303 6939.62 67.9 8.47429 0.14975 137.627 1.34036 868.181 0.0689454 60.8572 3240 60.8 1.39007 18.6317
6 304 7305.94 67.9 -164.7 1.01472 141.337 1.34036 807.006 -0.0484238 60.0173 3168 60.8 1.31039 12.1065
6 305 7163.45 67.9 10.9618 3.0982 158.071 1.34036 891.054 -0.0295715 60.8776 3168 60.8 1.32546 30.0379
6 306 7432.47 67.9 -266.296 1.15422 151.232 1.34036 881.898 -0.00102263 61.3895 3384 60.8 1.24863 33.828
6 307 7437.74 67.9 -175.774 1.79292 155.874 1.34036 841.84 -0.0554956 65.7531 3168 60.8 1.29284 73.6784
6 308 7368.05 67.9 -522.402 2.89148 152.046 1.34036 858.427 -0.0506042 66.5904 3384 60.8 1.17472 66.2767
6 309 7294.7 67.9 -340.188 3.70489 152.232 1.36845 920.364 -0.0498939 64.7377 3312 60.8 1.26576 55.6911
6 310 7388.16 67.9 -591.968 0.189004 145.796 1.36845 899.461 0.0408657 69.5714 3312 60.8 1.23831 83.5502
6 311 7393.01 67.9 -613.717 -1.99292 145.031 1.36845 838.518 0.0300982 70.0923 3312 60.8 1.26484 76.9776
6 312 7375.52 67.9 -668.571 0.570014 155.294 1.36845 856.877 -0.046334 64.6699 3312 60.8 1.24279 43.741
6 313 7398.72 67.9 -373.573 3.59138 144.546 1.36845 963.739 0.0395761 61.9097 3528 60.8 1.30641 37.9496
6 314 7383.05 67.9 -345.89 2.27205 170.675 1.36845 832.005 -0.116899 68.1979 3528 60.8 1.31567 46.9378
6 315 7433.97 67.9 -548.695 4.07546 161.003 1.36845 837.087 -0.150395 70.4404 3528 60.8 1.30324 82.6422
6 316 7286 67.9 -719.826 3.79061 153.622 1.36845 848.695 -0.134558 68.3959 3528 60.8 1.26499 80.2243
6 317 7214.95 67.9 -645.824 4.07474 161.104 1.36845 791.931 -0.19641 70.0202 3672 60.8 1.25889 93.7341
6 318 7219.11 67.9 -668.673 2.95638 170.199 1.36845 739.625 -0.249681 70.2481 3528 60.8 1.23553 68.384
6 319 7225.31 67.9 -679.62 2.25285 158.095 1.36845 702.854 -0.228777 70.1346 3384 60.8 1.22885 69.0858
6 320 7118.35 67.9 -580.431 -0.410439 150.866 1.35436 685.097 -0.167433 66.6994 3312 60.8 1.27465 47.4295
6 321 7108.59 67.9 -413.679 1.6597 151.72 1.35436 777.562 -0.129892 63.5829 3240 60.8 1.24161 31.303
6 322 7192.92 67.9 -274.826 3.59366 141.777 1.35436 915.927 -0.0452418 60.0156 3096 60.8 1.30073 -0.0374488
6 323 7183.22 67.9 -43.6493 6.28202 123.739 1.35436 954.313 0.0175074 62.4157 3240 60.8 1.3709 39.9938
6 324 7013.14 67.9 -223.032 9.8598 133.875 1.35436 934.617 -0.104242 64.3199 3312 60.8 1.30704 91.2497
6 325 6937.32 67.9 -424.948 8.01661 134.382 1.35436 898.786 -0.123874 65.7667 3240 60.8 1.14731 95.4149
6 326 6957.26 67.9 -478.443 7.08784 137.848 1.35436 931.398 -0.08553 72.4278 3096 60.8 1.11845 141.016
6 327 7057.94 67.9 -736.331 6.11797 126.842 1.35436 954.343 -0.00647691 69.5193 3024 60.8 1.04962 106.294
6 328 NaN 67.9 -458.464 4.2669 132.42 1.35436 880.33 -0.0318773 67.7289 2880 60.8 1.1051 102.087
6 329 7073.68 67.9 -411.2 0.237155 116.382 1.35436 870.077 0.0501459 64.7139 2952 60.8 1.04292 101.958
6 330 6995.3 67.9 -380.172 3.07095 99.2472 1.35436 903.043 0.102501 62.2671 3024 60.8 1.04362 62.2966
6 331 6811.03 67.9 -279.74 3.03985 116.439 1.56533 838.308 0.00938888 58.8267 3096 60.8 1.13705 25.4636
6 332 6941.88 67.9 -41.2785 1.28606 132.698 1.56533 772.576 -0.0704797 60.4037 3096 60.8 1.25886 41.5844
6 333 7013.6 67.9 -97.2138 -0.827464 139.771 1.56533 719.586 -0.100918 59.0759 2880 60.8 1.23846 3.37922
6 334 7065.96 67.9 49.8589 -3.25334 133.862 1.56533 738.89 -0.0210672 57.6793 2880 60.8 1.28451 25.4009
6 335 7091.41 67.9 176.328 -0.486129 126.253 1.56533 815.52 0.0170058 53.0296 2952 60.8 1.2541 6.13001
6 336 7013.39 67.9 220.566 -1.22503 125.14 1.56533 821.663 0.0776899 53.3646 3024 60.8 1.24893 -23.775
6 337 7145.15 29.8 195.084 -1.34427 121.336 1.56533 729.542 0.0737272 58.1048 3096 60.8 1.30947 13.437
6 338 7093.1 29.8 20.3765 -0.594093 137.472 1.56533 717.655 0.0255068 55.8493 3024 60.8 1.25331 -0.870177
6 339 7290.7 29.8 86.3097 0.264179 144.841 1.56533 718.446 0.0697136 57.7851 3240 60.8 1.31505 -11.6552
6 340 7224.47 29.8 97.5829 -2.1792 138.337 1.56533 626.796 0.0453558 57.1779 3240 60.8 1.32207 11.7164
6 341 7127.88 29.8 -107.247 -1.17034 142.021 1.56533 626.155 -0.00969594 62.5638 3312 60.8 1.29068 24.0668
6 342 7138.83 29.8 -126.724 -1.37949 146.631 1.46609 681.696 0.0527266 56.6703 3312 60.8 1.27675 -19.6899
6 343 7319.65 29.8 19.1594 -2.42105 146.093 1.46609 656.385 0.0540081 61.2309 3168 60.8 1.40001 1.83146
6 344 7234.31 29.8 -67.7129 -2.26734 150.51 1.46609 669.231 0.0580659 59.9147 3096 60.8 1.40509 11.4527
6 345 7309.81 29.8 -42.1782 -1.18228 138.295 1.46609 716.339 0.106621 57.9787 3240 60.8 1.34115 -5.74038
6 346 7233.85 29.8 -19.7987 -2.18984 138.092 1.46609 723.297 0.140547 57.7685 3240 60.8 1.3423 -8.90548
6 347 7264.54 29.8 -137.856 0.245498 129.725 1.46609 706.247 0.0521255 61.7434 3384 60.8 1.35395 21.8218
6 348 7091.69 29.8 -121.798 2.54053 136.871 1.46609 694.974 0.0110457 61.439 3240 60.8 1.36301 0.778725
6 349 7033.97 29.8 -213.477 2.63905 134.914 1.46609 774.123 0.0497985 63.4649 3168 60.8 1.37247 18.119
6 350 7102.65 29.8 -247.12 4.99469 115.751 1.46609 828.323 0.133109 65.0845 3096 60.8 1.33934 50.6095
6 351 6852.97 29.8 -320.848 2.01992 126.525 1.46609 736.997 0.0573633 65.5506 3024 31.2 1.29914 55.3442
6 352 7041.15 29.8 -294.944 2.28396 142.059 1.46609 738.573 0.123613 65.3716 3024 31.2 1.23856 66.0758
6 353 7039.84 29.8 -251.197 0.466517 149.322 1.40241 754.057 0.153364 60.1188 2880 31.2 1.16155 56.1345
6 354 6767.95 29.8 -151.56 0.270044 146.828 1.40241 741.318 0.138103 59.1019 3096 31.2 1.22985 7.83307
6 355 6749.89 29.8 139.225 1.02092 143.02 1.40241 772.455 0.162316 55.8346 3240 31.2 1.28787 -10.4526
6 356 6724.86 29.8 -19.0278 -2.03733 165.099 1.40241 625.159 0.0259155 59.2809 3384 31.2 1.21273 -11.0388
6 357 6806.74 29.8 17.0212 -1.41576 162.617 1.40241 644.791 0.000990658 58.6907 3312 31.2 1.29323 11.5713
6 358 6774.86 29.8 -143.932 0.358593 169.741 1.40241 699.785 0.0114932 56.7255 3240 31.2 1.24311 -23.7744
6 359 6892.46 29.8 70.1274 1.94299 160.776 1.40241 747.952 0.0608399 57.0828 3312 31.2 1.36073 -15.2142
6 360 6821.44 29.8 22.6577 2.4078 158.622 1.40241 753.254 0.0733886 61.1743 3312 31.2 1.31124 13.6616
6 361 6820.3 29.8 -185.458 -0.00401533 178.888 1.40241 734.375 0.0514457 63.9711 3240 31.2 1.24457 32.8343
6 362 7060.68 29.8 -287.956 0.344141 173.199 1.40241 859.327 0.138598 62.4666 3240 31.2 1.21558 31.7503
6 363 7227.38 29.8 -354.954 0.765213 164.326 1.40241 802.987 0.162346 63.7186 3240 31.2 1.2434 17.2801
6 364 7052.6 29.8 -284.013 0.417076 156.256 1.35479 769.483 0.10974 66.0164 3600 31.2 1.27165 37.6943
6 365 6889.86 29.8 -380.886 1.9284 155.51 1.35479 708.418 0.042516 62.1031 3672 31.2 1.20712 23.4618
6 366 6731.46 29.8 -521.218 2.07303 154.625 1.35479 746.111 0.0579964 65.7155 3456 31.2 1.22518 16.3015
6 367 6784.97 29.8 -610.897 -0.118882 145.896 1.35479 756.237 0.13706 67.7183 3312 31.2 1.345 3.53541
6 368 6796.5 29.8 -438.284 1.2945 144.451 1.35479 774.587 0.150969 66.1892 3240 31.2 1.40831 29.4249
6 369 6768.3 29.8 -330.09 0.689606 155.046 1.35479 719.609 0.0889349 61.3478 3384 31.2 1.31874 -0.207216
6 370 6800.82 29.8 -40.507 1.85549 170.861 1.35479 691.371 0.00712867 60.1855 3240 31.2 1.32785 12.3722
6 371 6878.11 29.8 -163.899 1.15356 155.132 1.35479 758.922 0.0964045 59.4288 3168 31.2 1.26407 3.29244
6 372 6817.79 29.8 -110.437 3.80135 141.517 1.35479 813.881 0.174347 61.6242 3168 31.2 1.30536 15.415
6 373 6740.41 29.8 -136.196 2.42433 125.956 1.35479 795.142 0.209764 62.4761 3240 31.2 1.27357 38.1957
6 374 6576.72 29.8 -270.193 2.79885 127.499 1.35479 819.826 0.192767 63.6579 3240 31.2 1.2314 37.4755
6 375 6595.6 29.8 -304.473 2.6695 147.827 1.36573 744.161 0.0841605 61.9287 3240 31.2 1.249 2.83612
6 376 6649.49 29.8 -146.002 3.18317 155.386 1.36573 775.75 0.0852367 61.5412 3240 31.2 1.31002 25.0518
6 377 6771.73 29.8 -176.49 3.61824 168.354 1.36573 766.424 0.0260248 60.4787 3168 31.2 1.25531 21.8124
6 378 6917.42 29.8 -12.1587 4.60065 153.14 1.36573 769.028 0.0220881 60.4239 3168 31.2 1.23759 49.4563
6 379 6646.66 76.9 -95.2231 6.16516 152.359 1.36573 1002.15 0.100363 62.8276 3312 31.2 1.14931 46.3274
6 380 6815.75 76.9 -288.691 4.47164 168.02 1.36573 964.177 0.0473277 63.2169 3384 31.2 1.09907 56.5844
6 381 6903.89 76.9 -359.412 3.86848 167.834 1.36573 963.06 -0.0522165 68.2083 3168 31.2 1.1531 90.1543
6 382 6977.1 76.9 -648.675 2.32488 189.668 1.36573 909.737 -0.06997 70.1453 3456 31.2 1.11377 86.868
6 383 7165.83 76.9 -392.225 -0.00775231 195.502 1.36573 797.082 -0.175283 66.3819 3600 31.2 1.1312 88.7274
6 384 7173.44 76.9 -521.076 -0.460733 195.727 1.36573 740.36 -0.230411 66.3232 3528 31.2 1.07066 65.3297
6 385 7059.9 76.9 -515.838 2.21519 174.545 1.36573 888.079 -0.112862 63.8976 3672 31.2 1.16789 36.8385
6 386 6959.1 76.9 -451.961 2.34885 173.525 1.29674 885.63 -0.0815295 64.9497 3600 31.2 1.25904 10.1889
6 387 7000.68 76.9 -633.418 0.190688 165.587 1.29674 841.399 -0.0846805 70.3638 3600 31.2 1.3221 59.7071
6 388 6925.88 76.9 -730.025 0.907101 176.224 1.29674 814.898 -0.154024 70.3031 3456 31.2 1.33163 43.6083
6 389 6961.23 76.9 -588.154 1.21397 165.64 1.29674 892.792 -0.0473284 65.805 3456 31.2 1.3257 35.2374
6 390 6893.14 76.9 -363.912 4.87354 152.525 1.29674 924.242 -0.0323334 65.6858 3456 31.2 1.35196 38.3535
6 391 6739.4 76.9 -430.358 2.49845 158.831 1.29674 856.607 -0.0838724 67.2336 3384 31.2 1.28081 47.3363
6 392 6697.34 76.9 -375.68 2.38067 137.725 1.29674 904.392 0.00585714 67.5494 3312 31.2 1.29379 54.9356
6 393 6612.59 76.9 -594.847 2.67756 135.827 1.29674 902.605 0.072544 65.6405 3168 31.2 1.19704 29.754
6 394 6606.47 76.9 -350.385 -0.349858 135.846 1.29674 887.332 0.0856136 64.8547 3096 31.2 1.28844 23.276
6 395 6671.51 76.9 -211.031 -1.18428 142.489 1.29674 901.124 0.104398 59.2861 3024 31.2 1.26878 4.89866
6 396 6797.68 76.9 -19.7173 -2.42828 152.984 1.29674 874.868 0.071326 57.5382 2952 31.2 1.26725 -33.1105
6 397 6923.28 76.9 101.4 -0.895647 139.01 1.43016 901.974 0.0990764 57.3634 3024 31.2 1.32171 -5.88004
6 398 6762.68 76.9 85.9939 -1.82343 129.476 1.43016 887.543 0.126673 55.9573 3096 31.2 1.2671 -17.5917
6 399 6640.43 76.9 116.515 -1.51903 135.298 1.43016 876.855 0.110757 57.6907 3240 31.2 1.30789 -26.3311
6 400 6760.13 76.9 -87.0885 -3.10707 140.885 1.43016 875.107 0.10988 57.4735 2880 31.2 1.2784 -18.3439
6 401 6874.9 76.9 -88.6708 -3.89281 133.193 1.43016 943.745 0.255646 59.5615 3024 44.2 1.34784 -26.5283
6 402 6949.02 76.9 93.332 -2.59283 125.177 1.43016 861.675 0.157385 56.5415 3096 44.2 1.42657 -17.2842
6 403 6828.96 76.9 217.108 -4.00161 132.288 1.43016 818.686 0.0828144 53.81 3312 44.2 1.37045 -45.8825
6 404 6958.07 76.9 175.534 -3.35886 142.206 1.43016 774.767 0.00491919 54.767 3312 44.2 1.37482 -35.3822
6 405 6961.46 76.9 33.0558 -4.1354 146.946 1.43016 796.031 0.0291771 55.6468 3168 44.2 1.39726 -45.0822
6 406 7152.92 76.9 -19.0157 -5.53431 144.93 1.43016 767.249 0.0446369 57.0923 3168 44.2 1.46711 -39.4545
6 407 7057.92 76.9 99.1848 -6.09828 153.953 1.43016 749.072 0.0061764 56.9871 3384 44.2 1.4721 -45.9199
6 408 7143.91 76.9 94.131 -5.71054 167.844 1.39493 669.877 -0.117855 54.903 3456 44.2 1.38919 -50.9282
6 409 7141.54 76.9 199.048 -6.02208 164.96 1.39493 665.659 -0.0974893 53.7206 3456 44.2 1.43476 -43.4163
6 410 7031.83 76.9 22.375 -3.79381 160.928 1.39493 624.556 -0.201197 56.6239 3528 44.2 1.47785 -54.9945
6 411 6872.64 76.9 137.178 -5.58548 163.587 1.39493 625.177 -0.132374 55.2516 3456 44.2 1.51442 -58.9344
6 412 6994.77 76.9 64.3712 -7.757 159.679 1.39493 626.12 -0.0978913 56.5698 3384 44.2 1.50899 -47.3734
6 413 7001.33 76.9 71.93 -4.49476 146.765 1.39493 671.484 -0.0473872 54.3609 3168 44.2 1.52188 -68.725
6 414 6849.41 76.9 181.21 -1.65237 136.83 1.39493 763.67 -0.0239675 54.6603 3240 44.2 1.56451 -76.3474
6 415 NaN 76.9 448.507 -3.03242 143.573 1.39493 756.81 -0.0110254 50.2973 3240 44.2 1.57061 -75.5142
6 416 6861.64 76.9 279.334 -4.28057 134.8 1.39493 717.681 -0.023806 58.0128 3168 44.2 1.48976 -46.1076
6 417 6806.56 76.9 28.4131 -2.622 149.609 1.39493 773.138 -0.0439244 56.9883 3168 44.2 1.4109 -38.2374
6 418 7004.13 76.9 158.057 0.416198 152.253 1.39493 812.904 -0.082005 51.7389 3312 44.2 1.42098 -69.1613
6 419 6959.67 76.9 319.347 -1.82802 168.029 1.44633 715.869 -0.16625 55.1076 3096 44.2 1.41623 -41.1788
6 420 7024.01 76.9 132.089 -1.42075 158.595 1.44633 785.377 -0.074491 59.6615 3312 44.2 1.34185 17.0819
6 421 7101.44 45.6 -24.4079 -2.83604 149.658 1.44633 672.073 -0.0493006 56.3061 3312 44.2 1.25022 -23.1876
6 422 7005.28 45.6 -124.249 -3.6666 162.637 1.44633 673.139 -0.0611714 59.1049 3384 44.2 1.3051 -5.08366
6 423 7108.21 45.6 -94.5047 -1.4614 151.975 1.44633 637.777 -0.0404754 55.0739 3312 44.2 1.35338 -21.9159
6 424 6927.17 45.6 -34.9419 -2.84951 148.172 1.44633 697.966 0.0845108 57.9005 3240 44.2 1.39968 -35.9762
6 425 6908.25 45.6 -90.5221 -2.10176 139.167 1.44633 695.007 0.039229 59.741 3384 44.2 1.40448 -14.7478
6 426 6858.38 45.6 -38.4428 -3.13026 147.837 1.44633 665.951 0.0393583 56.4048 3312 44.2 1.42131 -37.4192
6 427 6945.86 45.6 -72.5283 -3.10208 156.379 1.44633 555.027 -0.0834 58.1731 3312 44.2 1.44025 -21.2469
6 428 6834.41 45.6 93.8067 -5.73573 158.762 1.44633 507.24 -0.0699647 55.1272 3168 44.2 1.43844 -55.799
6 429 6920.23 45.6 65.1345 -7.17467 144.202 1.44633 555.187 0.03821 54.2223 3168 44.2 1.41122 -50.0703
6 430 6915.83 45.6 227.049 -9.92385 147.396 1.40286 563.153 0.0778956 50.4804 3168 44.2 1.45154 -87.5815
6 431 6979.2 45.6 342.212 -8.67941 144.927 1.40286 531.812 0.00967087 50.4473 3240 44.2 1.50064 -115.057
6 432 6976.04 45.6 509.255 -8.75015 156.649 1.40286 556.573 0.00884942 45.791 3168 44.2 1.54027 -114.068
6 433 7083.91 45.6 452.371 -9.52603 154.428 1.40286 598.814 0.0760464 48.2998 3312 44.2 1.55165 -116.76
6 434 7132.81 45.6 521.155 -8.13549 157.343 1.40286 529.857 0.00985422 50.8709 3384 44.2 1.5606 -87.2265
6 435 7056.68 45.6 310.71 -7.59873 168.591 1.40286 538.008 -0.061918 50.0295 3384 44.2 1.49488 -100.226
6 436 7088.57 45.6 344.155 -5.66704 152.486 1.40286 575.786 -0.0364706 51.4947 3456 44.2 1.56531 -95.8811
6 437 6933.52 45.6 324.196 -1.34596 159.003 1.40286 636.216 -0.0280516 53.0506 3384 44.2 1.57872 -84.339
6 438 6989.94 45.6 78.7125 -1.34992 154.117 1.40286 682.002 -0.0152663 55.8019 3456 44.2 1.55076 -63.7897
6 439 6988.32 45.6 62.757 -4.23379 172.581 1.40286 647.823 -0.0163404 58.8874 3240 44.2 1.55031 -31.0828
6 440 7213.58 45.6 -219.779 -3.4462 154.586 1.40286 658.526 0.0167708 60.1068 3456 44.2 1.4053 -17.2686
6 441 7069.94 45.6 -0.024844 -1.94544 168.399 1.34388 585.655 -0.114382 55.5167 3456 44.2 1.39691 -30.654
6 442 7001.17 45.6 -18.4815 -1.54278 166.335 1.34388 621.314 -0.123697 57.5445 3744 44.2 1.38501 -35.2719
6 443 6960.82 45.6 -36.5396 -1.30391 186.764 1.34388 600.996 -0.179998 56.6157 3528 44.2 1.41052 -23.6658
6 444 7140.13 45.6 -255.141 -0.0362284 168.208 1.34388 603.112 -0.165223 63.3441 3528 44.2 1.41046 -21.4625
6 445 6958.45 45.6 -188.657 0.694797 166.449 1.34388 610.452 -0.18081 61.7415 3456 44.2 1.44611 2.02804
6 446 6909.64 45.6 -209.386 0.00677816 173.335 1.34388 629.524 -0.166926 60.6431 3528 44.2 1.33958 3.43098
6 447 6972.25 45.6 -228.229 -1.67425 166.852 1.34388 645.068 -0.115014 60.8793 3312 44.2 1.3243 4.88546
6 448 6957.17 45.6 -360.397 0.344593 150.655 1.34388 659.798 -0.0754978 62.6456 3384 44.2 1.29139 15.996
6 449 6828.1 45.6 -196.653 2.02477 145.765 1.34388 696.608 -0.0813818 60.1898 3312 44.2 1.361 14.2497
6 450 NaN 45.6 -144.28 3.13357 134.685 1.34388 780.594 0.000445633 60.9128 3240 44.2 1.30839 -17.273
6 451 6701.83 45.6 -213.915 1.87793 128.348 1.34388 799.709 0.051493 62.5257 3024 48.1 1.31368 25.8476
6 452 6699.37 45.6 -344.624 6.17375 106.751 1.41912 864.01 0.10784 63.0712 3024 48.1 1.3075 42.9555
6 453 6521.05 45.6 -307.215 4.01427 118.618 1.41912 817.615 0.068408 60.0067 2952 48.1 1.22647 26.1217
6 454 6684.19 45.6 -118.056 3.28481 136.897 1.41912 791.732 0.0562063 60.0462 2952 48.1 1.22074 64.6679
6 455 6915.93 45.6 -167.376 1.61828 131.808 1.41912 796.955 0.0912353 58.8237 2808 48.1 1.15543 28.9854
6 456 6815.49 45.6 -122.184 3.57143 122.491 1.41912 825.163 0.0927567 60.5859 2952 48.1 1.16042 43.4508
6 457 6745.22 45.6 82.0288 1.62738 141.731 1.41912 772.103 0.0437362 54.7257 3096 48.1 1.17001 14.1093
6 458 6939.58 45.6 27.2705 1.84995 121.552 1.41912 758.38 0.0803764 57.0214 3024 48.1 1.13388 21.5426
6 459 6765.66 45.6 -239.724 1.51479 126.412 1.41912 758.403 0.0721842 62.6401 3024 48.1 1.15126 30.4623
6 460 6822.05 45.6 -170.83 4.04835 133.939 1.41912 818.131 0.0411264 57.7015 3168 48.1 1.22695 11.1047
6 461 6871.53 45.6 74.5879 -0.129587 152.161 1.41912 705.188 -0.0426174 56.0213 3096 48.1 1.25163 4.08892
6 462 6987.41 45.6 -142.638 -1.60408 157.874 1.41912 658.658 -0.0277863 61.4842 3096 48.1 1.24327 34.7456
6 463 7066.25 52.7 -122.072 -2.75586 154.447 1.47494 716.223 0.026643 56.2959 3024 48.1 1.19757 -3.85501
6 464 7154.13 52.7 -81.2885 -2.3985 139.667 1.47494 807.538 0.142072 55.147 2952 48.1 1.22773 -21.4455
6 465 7065.09 52.7 43.9997 -2.03194 126.691 1.47494 823.778 0.202259 56.4502 3096 48.1 1.33017 -30.5029
6 466 6990.84 52.7 -90.3483 -1.95674 112.736 1.47494 801.994 0.197943 58.2458 3096 48.1 1.34189 1.88853
6 467 6864.26 52.7 -217.486 -3.32589 111.802 1.47494 772.1 0.211662 57.0268 3024 48.1 1.3493 -21.1033
6 468 6789.57 52.7 -194.565 -3.31879 108.12 1.47494 832.621 0.263927 59.5177 3024 48.1 1.38793 -23.946
6 469 6869.33 52.7 -53.4664 -2.84094 116.261 1.47494 798.49 0.174646 54.6737 3024 48.1 1.43376 -58.1377
6 470 6857.72 52.7 35.0638 -3.90803 121.287 1.47494 689.218 0.0990902 55.8431 3024 48.1 1.4799 -39.9218
6 471 6802.42 52.7 138.178 -2.1089 134.534 1.47494 670.318 0.0161051 54.9653 3096 48.1 1.42592 -41.6012
6 472 6850.29 52.7 148.844 -2.05823 131.235 1.47494 676.638 -0.00341746 49.9732 3168 48.1 1.3394 -71.7903
6 473 6744.47 52.7 212.375 -2.62537 142.43 1.47494 654.767 -0.0291247 53.9977 3096 48.1 1.41074 -44.9425
6 474 6885.68 52.7 141.466 -4.48489 148.177 1.53364 634.561 -0.0234106 52.3229 3096 48.1 1.39032 -28.5695
6 475 7020.22 52.7 200.186 -4.13863 151.066 1.53364 664.036 -0.0226937 52.7714 3096 48.1 1.36689 -33.6574
6 476 7027.6 52.7 141.942 -2.38931 153.724 1.53364 691.415 -0.0226937 52.7153 3096 48.1 1.34439 -35.7277
6 477 7018.46 52.7 271.386 -2.16964 143.953 1.53364 733.23 -0.0226937 51.3068 3312 48.1 1.38315 -39.202
6 478 7092.29 52.7 93.0085 -0.292813 161.488 1.53364 764.233 -0.0226937 57.89 3240 48.1 1.31677 -6.21444
6 479 7162.76 52.7 -236.81 0.693976 161.289 1.53364 799.319 -0.0226937 57.4263 3312 48.1 1.32783 -29.9472
6 480 7218.6 52.7 -139.252 1.6073 167.452 1.53364 814.267 -0.0226937 61.7836 3240 48.1 1.40897 36.2714
6 481 7216.64 52.7 -396.143 0.17794 151.54 1.53364 792.707 -0.0226937 62.4313 3528 48.1 1.29639 37.369
6 482 7174.46 52.7 -490.042 0.617188 151.023 1.53364 713.423 -0.0226937 66.3562 3384 48.1 1.22199 48.7344
6 483 6903 52.7 -634.871 1.10821 140.648 1.53364 797.158 -0.0226937 64.4095 3456 48.1 1.23391 21.7156
6 484 7010.58 52.7 -539.505 2.17152 145.513 1.53364 793.765 -0.0226937 63.6981 3384 48.1 1.32236 16.0459
6 485 6935.42 52.7 -466.097 4.08065 136.275 1.32613 822.2 -0.0226937 62.595 3168 48.1 1.3634 22.0814
6 486 6815.43 52.7 -440.914 3.68743 136.134 1.32613 825.663 -0.0226937 65.5549 3168 48.1 1.3603 19.6259
6 487 6837.57 52.7 -359.353 0.649737 121.527 1.32613 758.597 -0.0226937 62.5687 3096 48.1 1.28967 37.3547
6 488 6725.02 52.7 -441.026 -3.39306 130.07 1.32613 660.164 -0.0226937 62.9225 2952 48.1 1.19749 38.2717
6 489 6787.95 52.7 -395.174 -5.61387 121.147 1.32613 672.206 -0.0226937 56.8847 3168 48.1 1.25693 -22.3177
6 490 6816.62 52.7 -46.618 -4.54272 140.447 1.32613 579.987 -0.0226937 50.9921 2952 48.1 1.29851 -47.7474
6 491 6827.64 52.7 128.028 -3.94603 137.545 1.32613 671.157 -0.0226937 49.406 3096 48.1 1.40638 -63.6559
6 492 6914.55 52.7 388.998 -2.16315 136.405 1.32613 580.612 -0.0226937 46.3429 3240 48.1 1.45541 -76.6245
6 493 6684.99 52.7 380.725 -6.01361 153.387 1.32613 485.907 -0.0226937 50.4788 3312 48.1 1.42259 -46.5754
6 494 6829.8 52.7 164.96 -3.7004 155.199 1.32613 488.688 -0.0226937 50.9439 3312 48.1 1.38855 -43.8126
6 495 6785.04 52.7 192.682 -6.96756 153.364 1.32613 471.822 -0.0226937 48.3479 3096 48.1 1.39339 -90.7069
6 496 6869.82 52.7 248.943 -7.50271 148.599 1.56668 473.507 -0.0226937 51.7649 3240 48.1 1.47255 -61.2135
6 497 6838.58 52.7 399.244 -6.66948 158.927 1.56668 498.745 -0.0226937 45.1176 3168 48.1 1.48385 -96.4194
6 498 6950.04 52.7 448.358 -7.78249 161.827 1.56668 514.853 -0.0226937 46.6547 3096 48.1 1.45585 -120.171
6 499 7024.31 52.7 502.14 -5.28862 137.952 1.56668 646.432 -0.0226937 47.8141 3096 48.1 1.50522 -73.4516
6 500 6933.11 52.7 359.15 -3.08421 136.6 1.56668 683.359 -0.0226937 47.9535 3240 48.1 1.47161 -75.3305
6 501 6904.46 52.7 298.29 -2.22538 147.278 1.56668 661.369 -0.0226937 50.9855 3312 71 1.47151 -57.5989
6 502 6978.89 52.7 78.8368 -2.62603 130.218 1.56668 655.382 -0.0226937 54.9805 3312 71 1.41551 -27.0891
6 503 6907.25 52.7 -118.681 -2.59046 140.782 1.56668 617.384 -0.0226937 56.3811 3240 71 1.41174 -32.4326
6 504 7218.39 52.7 -50.1345 -3.10809 132.886 1.56668 625.939 -0.0226937 52.6665 3384 71 1.41676 -25.0154
6 505 7127.61 60.2 -1.44745 -2.21508 146.93 1.56668 590.612 -0.0226937 55.586 3096 71 1.3952 -25.8261
6 506 7190.86 60.2 -124.392 -2.73569 134.886 1.56668 688.249 -0.0226937 57.6123 3096 71 1.37801 -11.6093
6 507 7232.72 60.2 -90.3174 -0.267652 139.678 1.50916 737.209 -0.0226937 56.1404 3168 71 1.3809 0.198311
6 508 7272.07 60.2 -140.072 -0.723843 149.688 1.50916 679.926 -0.0226937 56.295 3168 71 1.35055 -3.34773
6 509 7334.29 60.2 -7.5484 -0.767982 149.701 1.50916 688.349 -0.0226937 56.3589 3168 71 1.35418 18.5166
6 510 7308.24 60.2 -230.078 1.37028 141.033 1.50916 743.949 -0.0226937 57.4671 3024 71 1.28884 12.7755
6 511 7269.21 60.2 -268.961 -0.915854 116.064 1.50916 814.857 -0.0226937 58.9094 3168 71 1.28067 23.4652
6 512 7226.31 60.2 -321.214 -2.72014 119.084 1.50916 679.653 -0.0226937 62.3409 3168 71 1.30218 28.6239
6 513 7150.38 60.2 -499.482 -1.03658 119.406 1.50916 707.891 -0.0226937 60.8684 3168 71 1.28179 14.5061
6 514 7152.86 60.2 -336.157 -2.33394 123.405 1.50916 695.802 -0.0226937 55.8662 3096 71 1.34798 -11.2693
6 515 7133.41 60.2 -145.082 -0.0124572 118.517 1.50916 758.543 -0.0226937 56.5857 3096 71 1.42279 -24.817
6 516 NaN 60.2 -110.38 1.11666 126.619 1.50916 788.874 -0.0226937 54.738 3168 71 1.40316 -40.0987
6 517 7205.77 60.2 -9.26627 2.18277 142.1 1.50916 734.344 -0.0226937 56.3822 3168 71 1.39524 10.7608
6 518 7231.7 60.2 -192.602 4.73617 133.668 1.57413 821.516 -0.0226937 58.8234 3024 71 1.30196 26.6862
6 519 7139.28 60.2 -238.005 5.04936 122.567 1.57413 767.349 -0.0226937 60.5175 3168 71 1.23633 39.0016
6 520 6922.66 60.2 -292.738 5.21252 125.7 1.57413 833.231 -0.0226937 62.8558 3240 71 1.20561 78.197
6 521 7090.04 60.2 -620.52 7.07505 110.12 1.57413 836.208 -0.0226937 64.7694 3096 71 1.09386 64.7293
6 522 6842.11 60.2 -546.518 6.51254 100.595 1.57413 830.78 -0.0226937 66.5785 2880 71 1.18892 79.5641
6 523 6785.09 60.2 -547.287 7.06018 102.396 1.57413 857.544 -0.0226937 63.6271 2952 71 1.14151 76.2867
6 524 6824.43 60.2 -317.236 6.38703 107.185 1.57413 895.614 -0.0226937 58.7147 2736 71 1.11746 57.7812
6 525 7006.97 60.2 -386.952 5.85884 106.17 1.57413 896.354 -0.0226937 63.1291 2736 71 1.11989 60.1533
6 526 6998.42 60.2 -214.618 6.7662 110.842 1.57413 897.024 -0.0226937 58.7439 2880 71 1.13951 56.1206
6 527 6988.11 60.2 -134.727 8.05139 125.804 1.57413 872.031 -0.0226937 57.2005 3024 71 1.04632 62.7221
6 528 7036.44 60.2 -221.716 4.15286 139.147 1.57413 791.114 -0.0226937 58.962 3096 71 1.02721 89.5742
6 529 7188.37 60.2 -431.896 4.92795 132.976 1.73463 770.597 -0.158318 63.7267 3096 71 1.02448 97.3817
6 530 7100.11 60.2 -593.591 6.59079 142.599 1.73463 817.49 -0.177729 59.8578 3024 71 1.02466 76.0072
6 531 7202.01 60.2 -390.896 3.15744 142.435 1.73463 784.128 -0.109093 61.4485 3096 71 1.10301 58.7894
6 532 7270.3 60.2 -438.341 1.43194 118.986 1.73463 778.418 0.00189839 62.2476 2880 71 1.09274 97.4679
6 533 7121.62 60.2 -686.842 1.09028 126.003 1.73463 822.292 0.0318546 61.8565 3024 71 1.04368 52.849
6 534 7250.97 60.2 -439.572 0.348742 118.493 1.73463 818.945 0.0533028 56.8529 3024 71 1.16574 42.5493
6 535 7212.02 60.2 -276.045 3.90678 109.588 1.73463 878.447 0.0713383 61.4627 2952 71 1.24461 38.5124
6 536 7133.56 60.2 -474.523 -0.155615 123.641 1.73463 795.49 0.0210664 60.3529 3240 71 1.24706 7.65765
6 537 7199.61 60.2 -314.297 3.36353 121.757 1.73463 788.496 -0.0592535 59.239 3168 71 1.3106 45.4802
6 538 7057.14 60.2 -489.218 5.31593 116.341 1.73463 815.361 -0.0602601 59.9192 3024 71 1.19853 18.5206
6 539 6965.89 60.2 -347.612 5.03028 116.342 1.73463 886.725 -0.00129083 62.3477 3168 71 1.31778 54.3883
6 540 7033.98 60.2 -402.403 6.85606 123.127 1.56173 904.75 -0.0522585 62.2671 2952 71 1.21921 63.343
6 541 7108.69 60.2 -546.467 8.27536 129.359 1.56173 961.827 -0.0143285 64.1157 2808 71 1.16168 87.0325
6 542 7267.2 60.2 -505.187 6.52907 110.849 1.56173 929.983 0.0407047 64.4343 2880 71 1.126 110.768
6 543 7141.23 60.2 -624.791 9.3324 103.952 1.56173 1005.86 0.0402589 66.936 2952 71 1.04843 122.032
6 544 6941.5 60.2 -812.213 7.55312 109.781 1.56173 947.317 0.0358261 63.5098 3024 71 0.941509 90.7292
6 545 7045.78 60.2 -686.304 8.03583 107.56 1.56173 1044.68 0.113798 67.9416 3024 71 1.0773 111.004
6 546 7135.23 60.2 -967.565 6.83439 138.49 1.56173 927.247 -0.0375602 68.2188 2880 71 1.00607 103.757
6 547 7315.97 23.7 -669.506 7.8273 137.455 1.56173 844.74 -0.0166449 68.7278 3024 71 1.12324 127.114
6 548 NaN 23.7 -675.094 8.59455 136.659 1.56173 846.861 -0.065594 65.0294 3096 71 1.01295 123.171
6 549 7289.23 23.7 -735.805 9.95003 139.726 1.56173 828.365 -0.000136475 66.9276 3168 71 0.964641 125.696
6 550 7269.63 23.7 -898.677 4.95859 119.888 1.56173 802.254 0.0507943 68.9556 3240 71 0.990317 147.847
6 551 7171.44 23.7 -1073.99 6.33632 116.413 1.50373 777.798 0.0232097 72.2484 3096 43.9 1.01852 126.998
6 552 7025.07 23.7 -1111.65 7.8478 128.254 1.50373 814.46 0.0939049 68.3516 3024 43.9 1.05528 79.0617
6 553 6970.29 23.7 -849.611 2.56247 136.035 1.50373 762.344 0.135325 65.7589 3024 43.9 1.17129 84.2
6 554 6899.66 23.7 -719.956 3.10409 146.899 1.50373 759.609 0.0926765 67.5217 3096 43.9 1.16201 68.9635
6 555 6928.64 23.7 -707.346 3.49486 145.17 1.50373 698.017 0.0517153 62.6384 3024 43.9 1.12419 25.8162
6 556 6824.57 23.7 -296.711 1.29935 150.978 1.50373 674.338 0.058829 59.7075 3240 43.9 1.21138 49.0687
6 557 6933.27 23.7 -358.573 0.702259 149.954 1.50373 684.806 0.0521199 57.0653 3168 43.9 1.10733 29.0916
6 558 6934.54 23.7 -484.04 2.67007 135.896 1.50373 788.567 0.138896 60.3191 3168 43.9 1.15429 9.68854
6 559 6851.46 23.7 -471.856 3.20168 154.679 1.50373 710.299 0.0514003 60.7467 3240 43.9 1.26644 5.25739
6 560 6951.44 23.7 -379.258 1.28301 144.091 1.50373 710.067 0.0932611 62.324 3312 43.9 1.29235 37.7971
6 561 6877.15 23.7 -598.028 2.45114 148.393 1.50373 641.339 0.00652485 62.9152 3240 43.9 1.17347 37.2445
6 562 6820.66 23.7 -557.186 2.26994 145.581 1.43953 686.811 0.023407 61.7452 3312 43.9 1.23089 18.9784
6 563 6837.17 23.7 -410.138 2.25255 150.705 1.43953 709.917 0.039729 58.5675 3240 43.9 1.26903 13.0788
6 564 6867.93 23.7 -420.653 3.49049 142.206 1.43953 747.418 0.0954757 62.5269 3168 43.9 1.28536 11.878
6 565 6884.07 23.7 -497.789 2.08993 137.273 1.43953 685.098 0.0588164 62.4312 3024 43.9 1.28081 37.3717
6 566 6740.55 23.7 -530.811 1.20616 122.04 1.43953 726.059 0.177797 62.6285 3240 43.9 1.22956 46.0644
6 567 6707.85 23.7 -502.651 1.20515 138.154 1.43953 647.52 0.0558536 58.6591 3096 43.9 1.16327 32.9549
6 568 6717.86 23.7 -469.317 -1.07764 140.623 1.43953 622.514 0.0821023 57.8663 3168 43.9 1.21162 -6.65805
6 569 6806.83 23.7 -312.225 0.929211 147.435 1.43953 665.837 0.036369 58.7665 3024 43.9 1.31183 7.17963
6 570 6914.81 23.7 -262.683 2.92183 142.571 1.43953 722.817 0.0851103 53.7418 3168 43.9 1.28419 -27.7673
6 571 6815.36 23.7 -94.6879 3.35225 150.59 1.43953 672.288 -0.0353005 56.8635 3240 43.9 1.27798 17.2099
6 572 6828.94 23.7 -242.845 1.467 156.279 1.43953 691.422 0.0177589 58.5491 3240 43.9 1.22366 34.8337
6 573 6932.35 23.7 -493.694 4.17005 159.791 1.5486 726.286 0.0308858 60.2407 3312 43.9 1.14654 46.2971
6 574 6956.23 23.7 -556.074 2.71297 163.094 1.5486 693.607 -0.0187912 62.1505 3168 43.9 1.17258 33.218
6 575 7060.74 23.7 -501.544 2.4983 165.127 1.5486 751.42 0.0498831 64.4025 3312 43.9 1.24382 54.0692
6 576 7147.74 23.7 -641.244 2.1715 159.734 1.5486 726.679 0.0414981 62.3572 3312 43.9 1.12677 58.0205
6 577 6992.06 23.7 -752.956 3.62238 162.64 1.5486 725.546 -0.0183964 65.687 3456 43.9 1.16584 57.5625
6 578 6964.62 23.7 -758.032 1.83104 172.52 1.5486 650.537 -0.085841 64.3879 3456 43.9 1.18817 41.0282
6 579 7007.41 23.7 -796.79 2.16449 171.425 1.5486 757.049 0.0458972 66.442 3240 43.9 1.2274 60.3842
6 580 7223.01 23.7 -934.025 -0.00708919 166.538 1.5486 764.847 0.0865931 67.0586 3240 43.9 1.22303 39.0372
6 581 7286.42 23.7 -712.87 5.035 165.617 1.5486 816.692 0.079639 65.7578 3312 43.9 1.27828 58.6384
6 582 7177.11 23.7 -797.704 1.9197 163.006 1.5486 748.433 0.0745985 63.4396 3528 43.9 1.22831 61.5708
6 583 7120.61 23.7 -742.22 3.39958 147.154 1.5486 758.724 0.0656156 67.8586 3456 43.9 1.2228 92.4467
6 584 6927.1 23.7 -1141.22 2.86709 138.01 1.3801 760.462 0.13196 69.3715 3312 43.9 1.1522 56.6262
6 585 6904.99 23.7 -1003.76 4.70055 109.421 1.3801 784.961 0.183377 68.8654 3240 43.9 1.3098 65.9972
6 586 6585.88 23.7 -966.442 3.2079 107.411 1.3801 776.619 0.239953 66.4101 3096 43.9 1.33269 27.9684
6 587 6576.91 23.7 -763.582 3.49793 115.558 1.3801 802.165 0.181315 64.6905 3168 43.9 1.3232 34.8285
6 588 6673.96 23.7 -580.899 2.94005 139.948 1.3801 753.8 0.0815026 61.026 3024 43.9 1.30112 7.05537
6 589 6828.85 78.6 -489.162 3.74778 147.911 1.3801 861.374 0.0435228 61.6639 2952 43.9 1.30109 41.9606
6 590 6796.85 78.6 -303.895 2.45348 153.904 1.3801 895.454 0.071129 57.8257 2880 43.9 1.2123 35.3304
6 591 6959.61 78.6 -289.15 4.86365 143.542 1.3801 971.375 0.0112041 56.5207 3024 43.9 1.10594 40.3675
6 592 6976.96 78.6 -398.493 5.39798 145.304 1.3801 1034.14 0.0730527 58.4483 3024 43.9 1.11401 38.8941
6 593 7106.49 78.6 -632.825 6.55165 150.269 1.3801 1059.32 0.0495906 63.4526 3096 43.9 1.10774 71.8953
6 594 7107.14 78.6 -730.926 5.90322 143.391 1.3801 1060.17 0.0477496 65.596 3096 43.9 1.09975 71.0462
6 595 6980.07 78.6 -938.054 7.85859 131.248 1.47152 1037.63 0.0404646 70.6322 3096 43.9 1.07686 107.043
6 596 6842.3 78.6 -1026.29 4.21487 128.092 1.47152 1073.37 0.111157 69.7987 3168 43.9 1.08754 93.4822
6 597 6913.21 78.6 -1126.47 6.26013 130.68 1.47152 1104.47 0.110815 71.0342 3240 43.9 1.09924 112.876
6 598 6955.67 78.6 -1152.85 4.26521 152.489 1.47152 1004.71 0.0106544 68.4111 3168 43.9 1.13227 64.2846
6 599 7148.56 78.6 -952.423 5.54769 147.064 1.47152 1014.52 0.00871343 70.7213 3096 43.9 1.19532 88.4453
6 600 7002.85 78.6 -918.63 4.85229 138.685 1.47152 1033.01 0.0557726 67.9085 3096 43.9 1.10373 97.127
6 601 7002.96 78.6 -916.196 3.54761 148.155 1.47152 996.224 0.0186213 67.9565 3312 34.6 1.10602 69.9823
6 602 7092.7 78.6 -977.685 2.72497 159.222 1.47152 962.266 0.00691746 67.3152 3168 34.6 1.1154 85.1622
6 603 7139.85 78.6 -1086.09 6.47546 158.686 1.47152 1086.14 0.0425745 69.866 3024 34.6 1.13822 67.9601
6 604 6998.25 78.6 -912.269 7.95989 144.787 1.47152 1164.51 0.152205 66.6569 3240 34.6 1.21154 60.4043
6 605 7047.93 78.6 -870.116 8.84868 139.726 1.47152 1162.84 0.0981538 70.8994 3312 34.6 1.22818 109.798
6 606 6884.91 78.6 -1248.93 8.44327 154.773 1.38241 1076.05 0.0284259 74.9481 3384 34.6 1.06877 122.599
6 607 6952.24 78.6 -1362.11 5.0998 146.223 1.38241 1000.41 0.0216105 74.9487 3240 34.6 1.09184 126.968
6 608 6881.77 78.6 -1389.52 3.61673 152.603 1.38241 1023.56 0.0941461 74.6359 3096 34.6 1.07962 115.19
6 609 7072.42 78.6 -1323.91 0.974194 152.451 1.38241 971.711 0.100696 69.6858 3240 34.6 1.10762 84.7647
6 610 7052.5 78.6 -973.367 0.529996 145.129 1.38241 942.508 0.122174 66.8741 3168 34.6 1.21638 53.4154
6 611 6990.91 78.6 -942.854 1.27728 140.135 1.38241 980.911 0.102732 63.873 3240 34.6 1.201 22.124
6 612 6911.86 78.6 -721.071 -0.636378 148.87 1.38241 962.363 0.116617 61.5426 3384 34.6 1.30195 -12.9938
6 613 7091.87 78.6 -760.17 -0.198606 151.547 1.38241 877.19 0.0382951 65.6992 3384 34.6 1.31502 43.4698
6 614 6903.33 78.6 -934.853 -1.30533 161.434 1.38241 806.856 -0.032276 63.268 3240 34.6 1.31019 12.5778
6 615 7000.32 78.6 -765.059 -1.31693 158.184 1.38241 865.767 0.0139735 62.1927 3456 34.6 1.37042 2.80203
6 616 7041.36 78.6 -570.412 -4.66471 177.947 1.38241 784.758 -0.0411879 58.7339 3240 34.6 1.35093 -17.2467
6 617 7210.92 78.6 -657.325 -3.20568 158.124 1.32888 862.084 0.0768912 63.9046 3384 34.6 1.36548 12.9232
6 618 7019.18 78.6 -605.496 -3.32873 161.919 1.32888 807.274 -0.000921563 58.8111 3528 34.6 1.37057 -15.3615
6 619 7032.17 78.6 -515.259 -5.13329 175.658 1.32888 751.843 -0.0724547 59.9188 3672 34.6 1.40349 -4.23585
6 620 7150.51 78.6 -636.871 -8.79238 182.486 1.32888 634.037 -0.111826 59.9109 3528 34.6 1.40688 -38.7381
6 621 7144.79 78.6 -686.306 -5.9695 165.501 1.32888 670.279 -0.106825 61.1392 3528 34.6 1.46142 -36.3926
6 622 6895.11 78.6 -554.957 -7.61244 172.477 1.32888 582.407 -0.169261 53.7723 3672 34.6 1.52071 -78.4944
6 623 6870.14 78.6 -287.375 -3.59263 155.958 1.32888 626.846 -0.184828 56.6129 3744 34.6 1.58949 -61.8201
6 624 6661.3 78.6 -521.203 -2.68284 172.476 1.32888 638.91 -0.221415 56.5237 3600 34.6 1.53029 -100.51
6 625 6792.06 78.6 -281.049 -1.84302 178.479 1.32888 636.505 -0.295211 57.1402 3600 34.6 1.60851 -61.8239
6 626 6805.31 78.6 -243.702 -1.72733 188.547 1.32888 596.667 -0.337288 56.6534 3312 34.6 1.57097 -53.7015
6 627 6804.03 78.6 -398.62 -4.85649 177.49 1.32888 606.314 -0.270772 57.9749 3600 34.6 1.43933 -29.2697
6 628 6819.98 78.6 -282.851 -3.4011 194.181 1.34978 563.91 -0.347296 55.5666 3528 34.6 1.39141 -19.5709
6 629 6878.28 78.6 -366.558 -6.19273 190.433 1.34978 593.905 -0.256961 53.1212 3456 34.6 1.30472 -44.0211
6 630 6982.42 78.6 -213.623 -6.00784 176.506 1.34978 584.278 -0.23075 56.1209 3384 34.6 1.43705 -44.8539
6 631 6813.22 28.4 -309.271 -3.4127 162.589 1.34978 514.412 -0.177191 53.3732 3384 34.6 1.37505 -67.1832
6 632 6709.03 28.4 -253.875 -2.28881 151.207 1.34978 563.705 -0.135944 53.7271 3528 34.6 1.44721 -85.6945
6 633 6659.3 28.4 -218.539 -3.55548 162.97 1.34978 598.588 0.0130516 54.8161 3168 34.6 1.49217 -39.828
6 634 6868.87 28.4 -391.297 -2.88305 140.282 1.34978 642.331 0.142614 60.226 3168 34.6 1.45893 -38.2611
6 635 6783.78 28.4 -349.334 -0.821806 142.121 1.34978 674.415 0.102623 57.0068 3096 34.6 1.45075 -32.6325
6 636 6677.97 28.4 -276.369 1.53532 142.903 1.34978 696.836 0.0852788 53.824 3312 34.6 1.38761 -49.3973
6 637 6668.49 28.4 -240.498 0.709943 153.916 1.34978 679.288 0.0644898 55.7715 3312 34.6 1.36058 -10.0855
6 638 6789.34 28.4 -540.383 -3.86322 164.495 1.34978 604.939 0.0484174 60.8429 3096 34.6 1.29931 5.44432
6 639 6926.78 28.4 -548.111 -3.43295 162.362 1.38485 654.078 0.0760577 59.4269 3096 34.6 1.3222 -10.3814
6 640 6975.07 28.4 -449.727 -4.20268 157.392 1.38485 641.356 0.119041 53.1508 3240 34.6 1.29453 -39.997
6 641 6923.31 28.4 -170.049 -5.08678 153.866 1.38485 611.895 0.0829915 53.3678 3456 34.6 1.35101 -39.9672
6 642 6872.32 28.4 -380.559 -1.63281 171.96 1.38485 606.773 -0.0164531 54.8985 3600 34.6 1.31788 -22.5678
6 643 6867.04 28.4 -515.165 -1.71939 175.373 1.38485 555.507 -0.112991 53.9235 3600 34.6 1.39561 -55.4361
6 644 6829.44 28.4 -443.818 1.56671 188.55 1.38485 584.829 -0.146919 58.7051 3528 34.6 1.46043 -24.3682
6 645 6913.4 28.4 -587.527 -0.0297386 179.809 1.38485 618.575 -0.0986828 59.5818 3384 34.6 1.41658 -16.8869
6 646 6863.68 28.4 -619.14 2.17829 172.026 1.38485 723.25 -0.0268496 61.1075 3312 34.6 1.3657 16.8362
6 647 6954.88 28.4 -702.636 1.7927 162.339 1.38485 705.388 -0.0118308 62.2462 3456 34.6 1.29591 12.7169
6 648 6825.38 28.4 -699.276 1.31184 173.17 1.38485 698.828 0.00207147 64.9208 3456 34.6 1.2983 64.2419
6 649 6924.21 28.4 -986.203 0.140803 179.829 1.38485 660 -0.0468189 63.5824 3456 34.6 1.17632 34.1813
6 650 7014.09 28.4 -800.098 -1.21374 177.604 1.29927 615.982 -0.0397283 64.5807 3456 34.6 1.27977 29.7427
6 651 7005.73 28.4 -825.593 -3.24408 180.691 1.29927 549.717 -0.0608563 63.3388 3456 58.5 1.26791 4.48188
6 652 6973.49 28.4 -718.379 -3.55765 158.662 1.29927 562.242 -0.0742321 58.9475 3600 58.5 1.28583 -4.69065
6 653 6892.87 28.4 -719.381 -3.47742 166.822 1.29927 537.451 -0.0832963 58.4824 3600 58.5 1.32138 -31.0122
6 654 7233.32 28.4 -595.914 -3.93664 163.207 1.29927 529.629 -0.119032 59.616 3600 58.5 1.42988 -7.49627
6 655 7168.16 28.4 -665.574 -1.7349 171.956 1.29927 511.185 -0.150384 57.6157 3384 58.5 1.42711 -34.6859
6 656 7230.22 28.4 -562.462 1.08099 164.197 1.29927 640.501 -0.10517 59.3316 3528 58.5 1.42786 -24.9607
6 657 7209.52 28.4 -512.369 0.524794 166.275 1.29927 568.56 -0.175046 58.939 3456 58.5 1.39781 -1.01946
6 658 7125.77 28.4 -680.021 1.34398 162.38 1.29927 574.736 -0.156672 65.9505 3384 58.5 1.37414 41.6406
6 659 7149.19 28.4 -833.827 -0.445619 160.014 1.29927 661.992 -0.00620592 61.5311 3384 58.5 1.28936 33.5466
6 660 7258.08 28.4 -765.603 -1.52586 157.053 1.29927 597.2 -0.0631703 64.2155 3456 58.5 1.29615 43.493
6 661 7165.37 28.4 -793.896 2.23545 169.219 1.39376 657.574 -0.153531 61.9466 3384 58.5 1.30396 23.3243
6 662 7254.71 28.4 -672.462 2.343 176.679 1.39376 674.826 -0.145927 60.0171 3528 58.5 1.32094 -11.5855
6 663 7324.09 28.4 -604.909 2.9195 177.909 1.39376 691.416 -0.108719 64.775 3240 58.5 1.33929 55.743
6 664 7426.11 28.4 -1087.16 0.716869 165.64 1.39376 735.406 0.00699114 67.6701 3456 58.5 1.21856 80.7272
6 665 7452.49 28.4 -1033.13 -1.35579 176.056 1.39376 618.291 -0.0421613 67.1722 3456 58.5 1.22497 80.433
6 666 7447.73 28.4 -1122.84 -2.95064 181.915 1.39376 635.197 -0.0434896 65.9383 3456 58.5 1.17729 46.6835
6 667 7531.64 28.4 -1100.59 -3.41701 161.414 1.39376 655.579 0.0479189 64.3182 3312 58.5 1.23856 31.5043
6 668 7428.74 28.4 -1054.57 -2.90821 148.728 1.39376 756.404 0.189793 64.4096 3312 58.5 1.34464 -0.558318
6 669 7454.73 28.4 -961.292 -2.65546 137.104 1.39376 773.624 0.221857 63.2176 3456 58.5 1.4267 2.33762
6 670 7360.34 28.4 -925.547 -2.10505 145.771 1.39376 743.246 0.181383 64.1523 3384 58.5 1.44112 5.31434
6 671 7419.01 28.4 -1099.49 -2.36778 144.904 1.39376 719.013 0.121574 65.4826 3384 58.5 1.44263 1.63285
6 672 7320.68 28.4 -915.462 -0.261346 133.595 1.2318 766.512 0.164664 64.4582 3312 58.5 1.48471 3.00638
6 673 7268.83 39.1 -916.568 0.563055 129.709 1.2318 766.491 0.146796 64.9874 3384 58.5 1.42092 13.7706
6 674 7116.58 39.1 -943.408 -0.110425 121.874 1.2318 707.488 0.0981775 64.6879 3384 58.5 1.42306 29.3955
6 675 6917.78 39.1 -984.34 3.24406 121.158 1.2318 748.529 0.0247006 63.5904 3384 58.5 1.36962 11.6139
6 676 6832.71 39.1 -822.473 2.60844 123.764 1.2318 684.879 -0.012114 60.7493 3312 58.5 1.42309 -20.5372
6 677 6795.58 39.1 -637.136 1.15104 130.961 1.2318 610.013 -0.0816519 62.9567 3024 58.5 1.4203 20.3349
6 678 6787.74 39.1 -773.867 1.22145 138.597 1.2318 724.256 -0.0110542 61.491 3024 58.5 1.30137 14.8954
6 679 7057.46 39.1 -491.363 0.0338309 135.701 1.2318 644.004 -0.0512061 55.171 2952 58.5 1.30943 -0.798759
6 680 6892.5 39.1 -319.16 0.0357791 137.214 1.2318 656 -0.0233884 56.9638 2952 58.5 1.264 33.451
6 681 7028.84 39.1 -458.187 -0.542613 143.869 1.2318 682.5 -0.0146028 54.3233 3168 58.5 1.16881 -2.92326
6 682 7083.78 39.1 -323.209 0.479593 131.664 1.2318 676.097 -0.00575884 53.6629 3168 58.5 1.23734 -11.0848
6 683 6934.93 39.1 -537.107 -0.710535 151.088 1.68274 618.7 -0.0921738 59.4788 3240 58.5 1.21213 19.2149
6 684 7059.24 39.1 -500.51 -0.777057 155.575 1.68274 643.015 -0.0714078 56.656 3168 58.5 1.25277 14.1499
6 685 7198.11 39.1 -563.224 0.15032 134.672 1.68274 717.8 0.0496363 57.4987 3024 58.5 1.2551 0.93049
6 686 7103.65 39.1 -654.124 -3.30021 141.392 1.68274 634.701 0.0304138 59.3761 3168 58.5 1.29717 13.3179
6 687 7096.06 39.1 -497.158 -2.55663 146.098 1.68274 631.623 -0.0250293 56.232 3456 58.5 1.30346 2.22138
6 688 7161.16 39.1 -587.78 -1.81404 167.844 1.68274 574.94 -0.131841 53.9558 3384 58.5 1.25329 -34.1478
6 689 7134.62 39.1 -553.791 -3.66862 171.065 1.68274 495.24 -0.178923 58.7143 3384 58.5 1.38443 -15.034
6 690 7247.33 39.1 -575.341 -4.23956 162.867 1.68274 548.965 -0.0920281 57.1873 3312 58.5 1.38952 -1.12517
6 691 7279.01 39.1 -617.105 -4.25396 166.778 1.68274 603.287 -0.0544373 55.8881 3168 58.5 1.34409 -23.4063
6 692 7368.19 39.1 -453.78 -1.83731 157.948 1.68274 699.21 0.0396733 55.8344 3168 58.5 1.41739 -31.9298
6 693 7363.1 39.1 -521.605 -3.89305 156.657 1.68274 739.941 0.114531 58.2921 3168 58.5 1.4242 -22.035
6 694 7570.46 39.1 -663.377 -2.04066 145.071 1.42721 785.443 0.141955 60.0679 3240 58.5 1.36255 -2.15002
6 695 7364.54 39.1 -837.496 1.45585 136.182 1.42721 886.163 0.166987 62.1225 3240 58.5 1.35317 8.45343
6 696 7316.86 39.1 -877.23 0.59807 148.071 1.42721 877.073 0.197058 62.0142 3384 58.5 1.39199 22.3149
6 697 7466.94 39.1 -1010.36 -2.23385 142.278 1.42721 788.665 0.148803 67.2045 3312 58.5 1.38833 53.8586
6 698 7457.38 39.1 -1390.34 -0.00948144 136.544 1.42721 798.807 0.120055 69.8282 3312 58.5 1.30022 50.6804
6 699 7194.58 39.1 -1149.86 -1.48987 140.913 1.42721 730.747 0.081386 63.4418 3384 58.5 1.3933 15.5384
6 700 7202.28 39.1 -927.765 0.704785 143.43 1.42721 788.39 0.0789703 63.9339 3528 58.5 1.41922 20.0358
6 701 7273.73 39.1 -1162.96 1.62563 159.552 1.42721 733.129 -0.0562028 64.854 3384 29.4 1.33764 7.73456
6 702 7262.93 39.1 -986.103 0.546981 171.436 1.42721 704.778 -0.034256 67.3964 3240 29.4 1.46527 35.9451
6 703 7202.55 39.1 -988.855 2.87931 154.212 1.42721 782.198 0.0353077 64.8001 3384 29.4 1.35833 64.5067
6 704 6650.29 39.1 -984.472 2.89012 158.896 1.42721 755.208 0.022954 64.6248 3456 29.4 1.27574 -0.206395
6 705 6701.87 39.1 -1003.99 -0.426145 160.559 1.33222 669.001 -0.00242872 66.3446 3456 29.4 1.3052 44.839
6 706 6749.06 39.1 -1079.28 3.21584 145.713 1.33222 741.651 0.0145464 64.0276 3312 29.4 1.2815 20.927
6 707 6567.95 39.1 -909.124 1.25748 153.43 1.33222 692.896 -0.0364725 59.2962 3384 29.4 1.28556 -10.8779
6 708 6576.76 39.1 -550.404 3.01255 165.82 1.33222 711.778 -0.0824796 60.311 3384 29.4 1.36418 28.6866
6 709 6686.84 39.1 -784.189 0.873431 169.493 1.33222 678.162 -0.0850384 59.5988 3168 29.4 1.21158 6.36545
6 710 6763.14 39.1 -733.879 1.36803 166.236 1.33222 659.872 -0.0495536 62.9523 3384 29.4 1.24703 31.7671
6 711 6678.68 39.1 -729.606 0.0753814 173.624 1.33222 567.825 -0.154675 59.7766 3456 29.4 1.22512 39.1645
6 712 6624.46 39.1 -674.504 -1.43764 191.606 1.33222 516.939 -0.217873 58.333 3528 29.4 1.18339 0.911247
6 713 6799.73 39.1 -666.558 -1.39991 181.375 1.33222 547.402 -0.177366 57.7632 3456 29.4 1.22062 -28.3239
6 714 6727.74 39.1 -605.453 -2.50334 180.975 1.33222 555.404 -0.14596 57.2339 3384 29.4 1.29753 -15.3555
6 715 6799.74 46 -553.218 -4.85928 172.981 1.33222 579.866 -0.0722153 55.6675 3456 29.4 1.35299 -27.4419
6 716 6829.53 46 -577.873 -0.983393 168.085 1.43281 627.932 -0.0607251 54.5174 3528 29.4 1.33521 -22.4833
6 717 6749.96 46 -606.851 -0.422201 181.333 1.43281 613.708 -0.157361 56.2859 3312 29.4 1.32753 -45.348
6 718 6779.15 46 -521.967 0.886246 157.788 1.43281 742.378 0.0106939 56.0501 3456 29.4 1.43139 -17.5895
6 719 6732.38 46 -697.752 -0.429449 162.377 1.43281 679.601 -0.0419873 59.2305 3240 29.4 1.35926 -18.5421
6 720 6666.51 46 -765.43 -1.46736 165.743 1.43281 716.069 0.000991345 59.4064 3240 29.4 1.34013 -12.3503
6 721 6818.49 46 -743.466 -3.00577 148.077 1.43281 718.613 0.12491 58.5352 3168 29.4 1.33687 -8.68921
6 722 6686.57 46 -713.179 -2.73732 136.286 1.43281 712.029 0.102125 60.0543 3240 29.4 1.31276 7.71526
6 723 6563.43 46 -740.003 -3.60217 142.811 1.43281 649.496 0.0697446 55.9493 3312 29.4 1.34321 -44.5342
6 724 6629.81 46 -468.65 0.075379 138.678 1.43281 702.842 0.0567733 54.0263 3312 29.4 1.41087 -53.4115
6 725 NaN 46 -582.139 -1.20241 175.921 1.43281 663.977 -0.088575 51.7352 3240 29.4 1.37351 -59.0932
6 726 6865.51 46 -331.257 -1.53151 182.99 1.43281 645.657 -0.101991 55.5594 3312 29.4 1.4694 -30.6076
6 727 6934.06 46 -425.89 -1.29099 192.472 1.37949 627.198 -0.141771 56.7098 3240 29.4 1.3355 2.27564
6 728 6958.9 46 -571.228 0.221473 168.071 1.37949 675.05 -0.0753295 56.6241 3384 29.4 1.24774 -7.21198
6 729 6761.97 46 -517.679 -0.108024 168.78 1.37949 708.564 -0.0497396 56.1015 3600 29.4 1.27566 -7.87298
6 730 6809.45 46 -887.136 -1.38472 177.133 1.37949 623.334 -0.143047 60.7829 3528 29.4 1.22149 -24.8142
6 731 6754.45 46 -911.247 -0.935736 157.027 1.37949 640.392 -0.0620877 63.6304 3312 29.4 1.33523 -6.48274
6 732 6554.63 46 -1005.9 1.04117 153.112 1.37949 701.637 -0.0416919 62.0757 3312 29.4 1.34786 -34.0458
6 733 6611.17 46 -718.088 0.156976 152.725 1.37949 791.694 0.0765689 56.8768 3168 29.4 1.39391 -23.8038
6 734 6729.2 46 -703.961 -1.5046 159.178 1.37949 788.771 0.0944741 60.2261 2952 29.4 1.34485 4.93142
6 735 6888.71 46 -734.811 0.821955 134.88 1.37949 839.261 0.168033 60.8973 3096 29.4 1.31998 -3.36253
6 736 6707.42 46 -619.416 -1.70409 144.639 1.37949 748.739 0.0653043 55.3456 3240 29.4 1.27204 -13.6971
6 737 6697.3 46 -647.675 -2.37497 141.84 1.37949 667.529 0.0393165 57.968 3528 29.4 1.23736 -2.0734
6 738 6495.64 46 -806.198 -1.80178 149.616 1.43017 631.527 0.000947503 57.3241 3384 29.4 1.25879 -22.8427
6 739 6602.66 46 -841.878 -1.1886 148.882 1.43017 604.573 -0.0578629 58.1049 3312 29.4 1.34433 -51.9686
6 740 6474.15 46 -474.662 -1.0092 153.79 1.43017 594.318 -0.0628583 55.6542 3240 29.4 1.47174 -31.7639
6 741 6486.55 46 -515.54 1.02962 149.964 1.43017 626.773 -0.0859031 53.707 3240 29.4 1.38484 -41.5408
6 742 6413.66 46 -288.551 0.370299 143.486 1.43017 645.598 -0.0295686 50.613 3024 29.4 1.38853 -57.2605
6 743 6489.41 46 -397.036 -0.965548 142.901 1.43017 695.399 0.0254789 55.5834 3096 29.4 1.3295 -31.1312
6 744 6560.61 46 -398.874 -2.47748 146.719 1.43017 609.402 0.0100596 52.8725 3096 29.4 1.32363 -27.9837
6 745 6498.85 46 -394.418 -5.73928 172.866 1.43017 616.424 -0.024991 54.2448 3168 29.4 1.2881 -26.9684
6 746 6871.9 46 -332.022 -2.00509 186.265 1.43017 676.845 -0.0485904 48.9023 3096 29.4 1.28655 -67.7116
6 747 7039.33 46 -202.163 -1.96377 169.446 1.43017 679.328 0.00301707 50.5773 3168 29.4 1.34028 -60.1372
6 748 6865.5 46 -296.455 -4.30167 160.026 1.43017 646.602 0.0140901 55.9668 3528 29.4 1.34811 -9.35911
6 749 6770.59 46 -523.306 -5.12369 187.708 1.49736 565.134 -0.085502 54.0526 3600 29.4 1.25299 -39.8545
6 750 6959.48 46 -798.444 -3.0576 169.619 1.49736 660.121 -0.026656 56.3457 3456 29.4 1.28296 -47.8331
6 751 6855.22 46 -830.54 -2.97586 164.932 1.49736 637.422 -0.0379333 59.7906 3384 47.9 1.44854 -46.194
6 752 6739.15 46 -617.521 -3.62925 159.439 1.49736 576.323 -0.0676485 58.905 3528 47.9 1.51825 -32.9242
6 753 6812.52 46 -705.24 -7.35658 160.197 1.49736 548.053 -0.0443363 56.588 3384 47.9 1.41939 -46.7201
6 754 7118.43 46 -812.693 -9.85043 168.95 1.49736 509.002 -0.0347483 56.571 3312 47.9 1.40085 -67.7033
6 755 7223.52 46 -608.908 -7.88599 160.934 1.49736 541.91 -0.0519309 51.5549 3240 47.9 1.51432 -77.5545
6 756 7119.66 46 -326.919 -8.6416 143.916 1.49736 550.864 -0.00966208 49.3537 3456 47.9 1.53852 -106.963
6 757 6886.63 54.6 -319.752 -9.26006 164.543 1.49736 530.912 -0.0540233 53.1149 3456 47.9 1.5477 -69.2731
6 758 7110.55 54.6 -523.418 -5.92134 160.138 1.49736 642.559 0.00280129 52.783 3384 47.9 1.51496 -97.3891
6 759 7148.39 54.6 -617.896 -4.55196 151.744 1.49736 624.996 -0.0402083 54.9209 3240 47.9 1.59404 -90.8864
6 760 7030.81 54.6 -460.58 -4.85129 145.433 1.30484 604.574 -0.0686277 54.5288 3384 47.9 1.6278 -68.3521
6 761 6851.63 54.6 -456.811 -2.82478 147.421 1.30484 654.169 -0.0114973 52.0513 3456 47.9 1.49922 -45.9285
6 762 6955.92 54.6 -631.239 -1.38216 142.807 1.30484 689.473 -0.0336382 54.2227 3240 47.9 1.42443 -62.0317
6 763 6878.96 54.6 -633.378 -1.68754 146.277 1.30484 695.431 -0.0185317 59.0255 3168 47.9 1.50691 -48.5243
6 764 6958.08 54.6 -633.276 -1.02506 141.333 1.30484 714.814 -0.0389369 58.589 3096 47.9 1.46996 -35.1202
6 765 6861.43 54.6 -556.718 2.67052 129.695 1.30484 859.333 0.109303 55.1764 3024 47.9 1.37853 -10.1265
6 766 6911.19 54.6 -708.434 1.06149 129.699 1.30484 882.796 0.131914 58.5886 3168 47.9 1.31 0.105187
6 767 6990.44 54.6 -758.375 6.16438 141.27 1.30484 923.453 0.0505708 60.5085 3096 47.9 1.29117 28.6326
6 768 6997.39 54.6 -906.298 4.91189 143.287 1.30484 934.02 0.0506968 60.7136 3168 47.9 1.21768 16.0254
6 769 7053.98 54.6 -813.384 4.00917 153.432 1.30484 894.531 0.0362209 63.7219 3312 47.9 1.23881 93.541
6 770 7153.46 54.6 -1219.41 4.29551 158.948 1.30484 868.001 -0.0657608 66.9883 3384 47.9 1.09347 65.2017
6 771 7096.8 54.6 -1317.86 3.52109 168.688 1.49483 796.789 -0.10792 66.6404 3456 47.9 1.1037 73.3451
6 772 7152.45 54.6 -1299.89 2.81663 161.034 1.49483 752.373 -0.117265 67.3352 3528 47.9 1.13382 92.578
6 773 6953.29 54.6 -1409.87 1.62051 167.054 1.49483 738.26 -0.113857 66.9632 3384 47.9 1.12024 62.2378
6 774 7051.42 54.6 -1335.89 3.09608 152.703 1.49483 798.737 -0.0806335 67.7425 3456 47.9 1.20613 69.5896
6 775 6945.98 54.6 -1166.25 2.17258 155.647 1.49483 728.157 -0.0900618 64.7703 3240 47.9 1.26271 49.1148
6 776 6978.92 54.6 -1219.29 6.08424 139.119 1.49483 832.626 -0.0561864 65.7016 3240 47.9 1.27921 53.6774
6 777 6756.32 54.6 -1094.83 4.41767 122.537 1.49483 888.319 0.0684863 61.0085 3096 47.9 1.25416 18.117
6 778 6799.8 54.6 -1025.2 3.71501 121.344 1.49483 868.603 0.0984394 67.4408 3096 47.9 1.25774 76.5389
6 779 6731.85 54.6 -1186.24 2.35056 129.302 1.49483 874.617 0.100875 61.5251 2952 47.9 1.18472 77.6642
6 780 6839.25 54.6 -1097.72 3.20244 123.26 1.49483 839.777 0.0682693 61.4237 2952 47.9 1.17611 32.4275
6 781 6691.85 54.6 -829.907 2.46301 143.801 1.49483 846.193 0.0863798 59.6936 2808 47.9 1.22609 16.2793
6 782 7079.17 54.6 -864.024 -1.82504 130.506 1.58653 863.792 0.199061 58.6199 2880 47.9 1.17875 36.3447
6 783 7128.3 54.6 -796.444 -0.796153 123.005 1.58653 860.748 0.190622 58.0284 2952 47.9 1.17824 27.0974
6 784 6973.89 54.6 -911.853 -0.876848 128.527 1.58653 767.442 0.0686737 57.1773 3312 47.9 1.17416 -0.156375
6 785 6883.5 54.6 -671.819 -1.00031 147.923 1.58653 724.473 -0.00945423 55.4657 3312 47.9 1.29162 -5.72415
6 786 7010.5 54.6 -899.468 1.47663 136.866 1.58653 787.07 0.0248733 60.5356 3240 47.9 1.24064 -3.18085
6 787 6930.32 54.6 -987.32 0.729994 136.175 1.58653 766.322 -0.0050205 60.8613 3168 47.9 1.36231 6.62739
6 788 6835.31 54.6 -834.068 -0.654633 141.56 1.58653 753.116 -0.0107169 60.503 3168 47.9 1.37335 2.8141
6 789 6953.45 54.6 -821.678 -3.40445 146.343 1.58653 723.176 -0.000546914 59.1312 3096 47.9 1.29118 4.8355
6 790 7020.42 54.6 -890.685 -0.457511 138.851 1.58653 776.401 0.0491193 58.1887 3024 47.9 1.27271 6.85224
6 791 6992.85 54.6 -788.472 -1.82273 143.465 1.58653 791.331 0.0939414 54.7149 3168 47.9 1.3106 -15.9433
6 792 7168.68 54.6 -574.667 0.0416777 152.886 1.58653 785.441 0.0205092 55.397 3312 47.9 1.35459 0.303018
6 793 7066.24 54.6 -867.851 -0.0714049 154.227 1.50402 728.02 -0.0258726 57.6937 3240 47.9 1.28167 -9.5448
6 794 7052.32 54.6 -892.509 0.897891 147.506 1.50402 798.539 0.00304422 61.3675 3456 47.9 1.33329 23.1572
6 795 7022.13 54.6 -1001.63 4.1674 164.139 1.50402 821.845 -0.0899869 58.9242 3384 47.9 1.26906 11.0199
6 796 7106.46 54.6 -1055.18 5.97342 159.783 1.50402 890.566 -0.0763921 65.1717 3384 47.9 1.30496 15.8438
6 797 7159.11 54.6 -1173.59 4.9262 167.821 1.50402 892.492 -0.0490127 67.8474 3240 47.9 1.29845 68.7101
6 798 7230.77 54.6 -1370.85 6.61538 151.634 1.50402 960.552 0.0125028 70.5473 3096 47.9 1.17625 111.802
6 799 7100.33 23.1 -1462.57 8.41581 136.068 1.50402 977.509 0.144433 67.6271 3168 47.9 1.11302 106.464
6 800 7058.02 23.1 -1556.73 6.90344 137.603 1.50402 998.053 0.148614 71.7016 3312 47.9 1.09324 122.062
6 801 7147.86 23.1 -1673.99 8.95801 130.023 1.50402 939.604 0.17808 72.8198 3168 77.7 1.09152 114.577
6 802 6946.39 23.1 -1757.67 7.15573 108.532 1.50402 950.62 0.235047 74.8683 3240 77.7 1.09377 129.338
6 803 7046.91 23.1 -1738.61 7.8648 119.997 1.50402 941.288 0.150142 72.5007 3240 77.7 1.08989 114.163
6 804 7360.99 23.1 -1574.18 6.06928 116.823 1.43907 881.63 0.171162 69.5721 3096 77.7 1.10561 118.496
6 805 7406.05 23.1 -1636.74 3.08707 129.582 1.43907 768.254 0.0593437 72.7296 3168 77.7 1.08513 153.841
6 806 7408.42 23.1 -1526.71 5.68806 128.405 1.43907 785.343 0.0531224 67.2729 3096 77.7 1.0896 106.068
6 807 7351.75 23.1 -1463.59 6.6735 110.923 1.43907 893.094 0.157126 67.1183 3096 77.7 1.10728 79.7858
6 808 7262.36 23.1 -1299.61 4.59543 118.577 1.43907 841.095 0.130418 67.443 3024 77.7 1.18989 84.7569
6 809 7277.26 23.1 -1424.88 7.59502 97.7443 1.43907 878.472 0.174595 68.1365 3024 77.7 1.13927 93.087
6 810 7119.8 23.1 -1450.78 8.98434 104.759 1.43907 842.944 0.102032 66.7601 2952 77.7 1.11516 81.8294
6 811 7088.03 23.1 -1319.35 7.30304 106.328 1.43907 871.023 0.150166 68.3056 3024 77.7 1.18341 106.397
6 812 7178.2 23.1 -1338.83 6.57216 106.354 1.43907 860.094 0.155026 67.2131 2880 77.7 1.10916 95.8363
6 813 7182.95 23.1 -1415.84 3.40975 116.937 1.43907 790.907 0.0901043 67.3704 2952 77.7 1.07303 98.4994
6 814 7286.36 23.1 -1200.52 4.9859 129.651 1.43907 774.373 0.00626086 65.7174 3024 77.7 1.07354 108.8
6 815 7274.14 23.1 -1133.26 4.02346 140.827 1.66033 747.727 0.0286832 61.2792 3024 77.7 1.04533 69.6928
6 816 7508.99 23.1 -1042.74 2.30499 127.728 1.66033 747.4 0.0351085 64.0699 3096 77.7 1.11505 82.2838
6 817 7307.28 23.1 -1157.25 3.26489 129.429 1.66033 724.615 0.0180959 64.2257 3096 77.7 1.07992 88.7106
6 818 7317 23.1 -1296.84 2.59267 116.453 1.66033 715.362 0.0597344 62.9794 3240 77.7 1.0955 62.5168
6 819 7237.27 23.1 -1119.54 2.77204 111.388 1.66033 693.388 0.0397931 61.4991 2952 77.7 1.1973 65.276
6 820 7032.36 23.1 -1383.57 4.7135 101.355 1.66033 817.368 0.171267 63.9388 3096 77.7 1.20195 53.8605
6 821 7159.76 23.1 -1120.82 0.851427 129.22 1.66033 694.712 0.046601 61.063 3096 77.7 1.30156 44.7575
6 822 7328.77 23.1 -1126.29 1.39685 131.622 1.66033 651.527 0.0352367 63.7838 2880 77.7 1.24035 67.7344
6 823 7336.04 23.1 -1141.04 3.97299 119.718 1.66033 692.906 0.00137001 60.5028 3240 77.7 1.20557 60.8364
6 824 7185.69 23.1 -879.37 3.81513 147.569 1.66033 637.003 -0.1342 55.8967 3312 77.7 1.1964 29.1315
6 825 7250.06 23.1 -891.9 4.48168 145.595 1.66033 634.713 -0.0949985 60.4273 3312 77.7 1.17979 59.4632
6 826 7296.98 23.1 -1124.73 5.49882 140.515 1.63796 684.156 -0.0969071 65.6022 3024 77.7 1.18983 65.6837
6 827 7255.11 23.1 -1265.02 3.59171 133.826 1.63796 718.407 0.0162691 64.5655 3096 77.7 1.14373 77.9469
6 828 7299.4 23.1 -1100.41 3.77276 123.224 1.63796 723.91 0.0436381 62.8127 3096 77.7 1.17261 86.157
6 829 7169.83 23.1 -1282.34 3.76154 123.877 1.63796 710.637 0.0307751 63.2776 3096 77.7 1.10082 69.7254
6 830 7206.78 23.1 -1224.79 4.74535 113.434 1.63796 683.556 -0.0240283 61.9042 3096 77.7 1.1718 48.359
6 831 7020.61 23.1 -1141.51 3.81822 115.141 1.63796 704.501 0.0591911 60.5455 2952 77.7 1.19974 60.2102
6 832 7140.82 23.1 -1149.69 2.55405 98.3503 1.63796 688.849 0.105827 62.9624 3024 77.7 1.17415 68.5186
6 833 6979.52 23.1 -1071.93 0.72584 111.196 1.63796 591.851 0.00536552 60.9244 2880 77.7 1.21656 46.2425
6 834 6998.92 23.1 -991.458 -0.602068 118.867 1.63796 577.565 0.0152743 58.7579 3024 77.7 1.19988 35.0604
6 835 7087.41 23.1 -735.237 -1.00815 123.797 1.63796 555.574 -0.0368939 52.723 3024 77.7 1.2486 -5.10807
6 836 7134.79 23.1 -623.001 -3.60046 142.333 1.63796 518.119 -0.0827385 55.0507 3096 77.7 1.25649 -14.5272
6 837 7265.92 23.1 -533.575 -4.91273 162.828 1.61186 464.429 -0.136533 51.965 3024 77.7 1.30116 -10.6851
6 838 7496.43 23.1 -506.366 -1.93135 140.255 1.61186 540.214 -0.0378887 52.3394 3096 77.7 1.2656 -20.0981
6 839 7361.6 23.1 -594.981 -1.20578 131.1 1.61186 542.858 -0.0445528 53.0433 3096 77.7 1.26486 -22.5771
6 840 7270.64 23.1 -617.959 -1.34811 118.004 1.61186 574.174 0.0122127 53.5656 3312 77.7 1.32257 3.96207
6 841 7101.54 27.8 -809.245 -2.83616 111.457 1.61186 539.9 0.0219787 55.0068 3168 77.7 1.30618 -0.738045
6 842 7045.89 27.8 -970.014 -2.63 125.338 1.61186 568.108 0.0394336 60.4095 3096 77.7 1.36145 2.06843
6 843 7249.14 27.8 -811.293 -2.67701 135.336 1.61186 592.608 0.0172474 53.8568 2880 77.7 1.44821 -44.8114
6 844 7353.02 27.8 -580.559 -1.71311 108.82 1.61186 625.389 0.102867 52.4968 2808 77.7 1.45334 -40.9293
6 845 7181.76 27.8 -489.875 -0.101649 108.786 1.61186 693.631 0.133666 54.205 2880 77.7 1.40767 -2.83543
6 846 7188.36 27.8 -646.015 0.469744 98.2314 1.61186 739.959 0.177825 51.0328 3024 77.7 1.30526 -30.597
6 847 7096.89 27.8 -700.74 -0.981451 112.071 1.61186 702.935 0.136078 55.1021 2808 77.7 1.31158 6.3273
6 848 7234.73 27.8 -950.128 -1.68346 114.384 1.59684 706.742 0.176494 59.6327 2952 77.7 1.31714 38.2275
6 849 7415.31 27.8 -905.777 -2.97569 123.187 1.59684 672.348 0.112475 56.4222 2808 77.7 1.31489 14.7259
6 850 7440.21 27.8 -812.819 -2.5439 114.777 1.59684 689.154 0.14267 54.4972 2952 77.7 1.30614 3.29109
6 851 7332.27 27.8 -674.638 0.742711 111.452 1.59684 717.249 0.122626 53.2701 2952 33.1 1.33419 -16.0632
6 852 7199.81 27.8 -820.125 -2.1738 138.15 1.59684 754.17 0.231873 55.6219 2880 33.1 1.29898 -4.54029
7 1 7077.29 33.8 -549.891 4.12591 172.598 1.31426 781.939 -0.0413178 68.6877 3456 42.6 1.19642 46.0586
7 2 7064.58 33.8 -564.494 4.94426 176.048 1.31426 777.829 -0.0382393 69.4998 3528 42.6 1.2085 57.2333
7 3 7084.12 33.8 -524.761 5.51424 171.492 1.31426 770.243 -0.054462 67.7264 3456 42.6 1.2082 78.9472
7 4 7066.65 33.8 -571.981 4.8602 172.137 1.31426 767.556 -0.0445769 69.1405 3456 42.6 1.20854 58.7259
7 5 6959.56 33.8 -529.575 6.47982 156.075 1.31426 783.919 -0.0521007 66.7046 3456 42.6 1.17415 82.0283
7 6 6774.88 33.8 -528.154 7.90013 157.108 1.31426 792.399 -0.0591528 68.2548 3384 42.6 1.19828 65.7152
7 7 6791.38 33.8 -533.256 6.11574 158.621 1.31426 794.942 -0.0265247 67.8221 3312 42.6 1.20969 62.0097
7 8 6936.96 33.8 -553.831 6.99792 164.542 1.31426 838.853 -0.00900388 67.8674 3240 42.6 1.1935 84.4415
7 9 7020.37 33.8 -556.235 5.60774 167.983 1.31426 773.732 -0.0440721 67.3585 3240 42.6 1.14384 61.2049
7 10 7019.02 33.8 -299.817 4.39343 165.393 1.31426 758.107 -0.0550745 65.8222 3384 42.6 1.17988 81.5894
7 11 6947.28 33.8 -368.147 7.43934 154.412 1.31426 783.838 -0.0630846 64.8348 3528 42.6 1.0645 53.8006
7 12 6730.97 33.8 -360.189 6.03584 151.678 1.50807 702.902 -0.121147 65.0013 3456 42.6 1.11862 69.6535
7 13 6573.31 33.8 -441.79 9.25249 150.062 1.50807 774.232 -0.0882486 67.9763 3456 42.6 1.15623 78.87
7 14 6605.44 33.8 -526.393 8.09601 151.011 1.50807 768.807 -0.0821869 66.0511 3096 42.6 1.16993 64.5205
7 15 6599.27 33.8 -342.204 6.14258 149.164 1.50807 785.541 -0.00212817 69.8624 2952 42.6 1.20851 70.3203
7 16 6811.88 33.8 -345.818 6.77187 144.475 1.50807 815.272 0.051788 63.6653 2952 42.6 1.11651 74.6153
7 17 6768.6 33.8 -155.698 6.41455 146.94 1.50807 808.599 0.0112152 60.3925 3024 42.6 1.03159 51.6792
7 18 6753.94 33.8 -24.9507 9.29665 144.757 1.50807 804.52 -0.017573 60.6986 3312 42.6 1.06752 48.6142
7 19 6676.6 33.8 -138.777 8.75332 140.449 1.50807 815.504 -0.0523076 62.2283 3240 42.6 1.07038 72.3884
7 20 6547.67 33.8 -362.411 4.70992 164.172 1.50807 685.272 -0.120378 64.7765 3312 42.6 1.05899 78.3363
7 21 6691.42 33.8 -266.025 2.17798 159.919 1.50807 599.78 -0.133826 65.8075 3312 42.6 1.09328 81.6495
7 22 6670.57 33.8 -417.229 0.348076 178.813 1.50807 536.169 -0.216817 62.3401 3240 42.6 1.03351 36.3846
7 23 6843.88 33.8 3.02751 3.37424 157.727 1.50775 576.664 -0.215605 55.4889 3168 42.6 1.15964 -12.1873
7 24 6552.26 33.8 327.142 3.67763 144.697 1.50775 658.48 -0.100841 54.237 3240 42.6 1.22944 11.3699
7 25 6527.12 33.8 179.198 2.96894 151.323 1.50775 641.026 -0.0874278 56.7192 3456 42.6 1.19081 3.68255
7 26 6669.54 33.8 127.254 2.51589 164.044 1.50775 631.947 -0.155224 57.964 3096 42.6 1.22909 12.6747
7 27 6765.04 33.8 -38.7773 -0.0753306 175.771 1.50775 601.359 -0.122233 60.1562 3096 42.6 1.19888 19.2629
7 28 6976.48 33.8 210.826 -3.03338 169.997 1.50775 547.454 -0.0809334 54.9892 3168 42.6 1.25223 8.27125
7 29 6942.03 33.8 170.662 -0.788464 172.234 1.50775 608.325 -0.0890005 53.0542 3312 42.6 1.13207 -23.0226
7 30 7009.07 33.8 291.187 -2.80586 176.068 1.50775 532.824 -0.126922 51.1175 3456 42.6 1.19912 -53.9117
7 31 7002.28 33.8 333.951 -6.84402 189.775 1.50775 440.142 -0.15997 55.5846 3456 42.6 1.31298 -13.7284
7 32 7110.56 33.8 -34.8226 -5.52218 182.467 1.50775 533.838 -0.0734649 56.3685 3384 42.6 1.27841 -55.0164
7 33 7158.74 33.8 220.568 -1.43859 172.46 1.50775 643.504 -0.0357396 51.9091 3384 42.6 1.43147 -66.5109
7 34 7122.88 33.8 223.026 -3.21063 169.932 1.40965 623.781 0.00987951 55.6638 3384 42.6 1.47481 -52.9084
7 35 7041.58 33.8 167.684 0.181015 165.318 1.40965 729.67 0.0514875 58.7202 3384 42.6 1.47662 -19.2821
7 36 7146.13 33.8 -108.458 -0.301196 157.32 1.40965 745.027 0.0918726 59.4653 3456 42.6 1.37347 -50.259
7 37 7067.19 33.8 -56.0467 0.555091 161.138 1.40965 707.542 0.00105909 63.0668 3456 42.6 1.45032 5.52376
7 38 6994.28 33.8 -207.425 -1.63488 173.499 1.40965 660.482 -0.0237862 63.7769 3456 42.6 1.3793 -10.4188
7 39 7050.34 33.8 -144.083 -1.41926 155.959 1.40965 664.509 0.03116 61.9878 3528 42.6 1.3519 1.72445
7 40 6932.62 33.8 -283.5 -2.40628 167.622 1.40965 583.718 -0.0741489 62.2421 3312 42.6 1.32966 -12.3499
7 41 6962.4 33.8 -151.701 -2.39438 161.786 1.40965 621.673 -0.0197463 60.3322 3384 42.6 1.41037 -19.4334
7 42 6999.07 33.8 10.725 -2.85649 171.137 1.40965 606.002 -0.0321893 57.6213 3312 42.6 1.41044 -31.2475
7 43 7012.36 70 32.5447 -2.54493 165.277 1.40965 719.397 0.000614129 57.4512 3312 42.6 1.41256 -44.2341
7 44 7031.6 70 146.035 -2.22695 143.066 1.40965 663.705 0.0225728 56.7566 3240 42.6 1.43433 -35.0189
7 45 6709.58 70 37.3123 -3.9708 144.915 1.45624 642.122 -0.0664869 56.8615 3240 42.6 1.38708 -31.1351
7 46 6770.21 70 90.3111 -4.03047 135.381 1.45624 747.282 0.0229146 54.715 3240 42.6 1.41972 -84.2553
7 47 6773.82 70 294.924 -4.10181 134.139 1.45624 788.561 0.0540216 52.6345 2952 42.6 1.49309 -92.5791
7 48 6847.61 70 275.112 -2.1312 132.711 1.45624 792.99 0.0700381 55.5969 3096 42.6 1.54076 -69.8439
7 49 6879.95 70 433.205 -2.76607 142.778 1.45624 765.496 0.00343937 53.0878 3168 42.6 1.49865 -62.9723
7 50 6849.08 70 426.529 -3.27819 160.053 1.45624 695.151 -0.0764774 53.3338 3240 42.6 1.38077 -53.1208
7 51 6979.09 70 287.047 -3.75817 158.864 1.45624 726.022 -0.0227962 54.0002 3168 52 1.35029 -41.8192
7 52 7019.86 70 247.216 -2.10379 159.229 1.45624 758.52 -0.0726299 54.1205 3024 52 1.34256 -49.4308
7 53 7042.72 70 311.957 -5.02283 143.252 1.45624 750.1 0.0619961 52.0626 3168 52 1.3776 -54.0819
7 54 7124.56 70 344.787 -5.21492 137.285 1.45624 768.622 0.0745258 55.4539 3312 52 1.41215 -27.6735
7 55 7131.65 70 39.6238 -1.45074 142.627 1.45624 705.295 -0.079375 53.7987 3384 52 1.35501 -58.3846
7 56 6952.1 70 191.312 -2.56511 150.55 1.4455 734.614 -0.0495412 54.1451 3312 52 1.49317 -76.1925
7 57 7061.66 70 159.611 -1.68596 153.542 1.4455 762.52 -0.0459804 57.8202 3312 52 1.51275 -45.8969
7 58 7139.81 70 102.27 -1.99073 143.209 1.4455 771.123 -0.00885313 56.2242 3168 52 1.46644 -32.9307
7 59 7064.9 70 61.9459 -1.98662 159.339 1.4455 757.033 -0.0765668 57.9302 3168 52 1.42299 -29.7202
7 60 7144.15 70 196.752 -1.42378 150.932 1.4455 793.258 -0.0489268 56.4219 3096 52 1.41135 -35.1413
7 61 7072.07 70 126.804 -1.33771 139.739 1.4455 875.898 0.0936952 59.8333 3096 52 1.36534 -22.6062
7 62 7194.14 70 -20.1603 0.0835561 152.349 1.4455 855.865 -0.00963374 60.2851 3384 52 1.36014 -3.50883
7 63 7276.14 70 -52.914 -0.733438 159.139 1.4455 747.76 -0.0783635 59.0297 3312 52 1.34412 -15.2314
7 64 7171.82 70 -79.8183 0.0377798 161.225 1.4455 766.236 -0.0940306 61.4923 3384 52 1.34517 2.78327
7 65 7103.48 70 -161.1 -0.665459 158.485 1.4455 788.788 -0.08593 58.7061 3384 52 1.31713 -24.8765
7 66 7110.62 70 -111.917 -1.36155 159.754 1.4455 823.933 -0.043353 61.5345 3312 52 1.36854 -5.89095
7 67 7213.75 70 -262.39 -0.187773 164.404 1.33316 861.37 0.00457468 62.7065 3240 52 1.37887 2.43383
7 68 7376.57 70 -183.245 0.511085 168.123 1.33316 861.376 -0.03484 62.1758 3312 52 1.38063 20.5714
7 69 7343.75 70 -181.084 0.282339 164.102 1.33316 827.951 -0.0500348 63.6676 3456 52 1.32167 17.1812
7 70 7295.44 70 -199.58 -0.044936 168.58 1.33316 770.127 -0.123444 62.213 3456 52 1.29594 39.7633
7 71 7268.97 70 -362.325 -0.882808 166.716 1.33316 795.475 -0.0755632 63.2019 3384 52 1.29066 27.6266
7 72 7326.46 70 -472.084 -0.166477 141.065 1.33316 880.366 0.0209559 65.7582 3384 52 1.32182 11.2625
7 73 7121.16 70 -405.924 0.681625 149.055 1.33316 858.083 -0.0229678 64.3898 3456 52 1.40737 0.196169
7 74 7127.14 70 -265.532 -1.44211 156.493 1.33316 809.561 -0.0582644 63.6306 3456 52 1.41419 2.58023
7 75 7194.22 70 -315.137 -1.52135 164.791 1.33316 796.75 -0.0746093 64.6465 3384 52 1.36366 10.759
7 76 7278.2 70 -487.409 -2.2406 177.21 1.33316 741.546 -0.105784 64.5989 3384 52 1.34722 -0.974687
7 77 7338.71 70 -156.289 2.75528 158.086 1.33316 833.556 -0.110914 62.7523 3384 52 1.38489 -5.2212
7 78 7153.76 70 -115.444 3.62443 159.01 1.38948 886.319 -0.106425 59.2645 3456 52 1.35817 -22.7659
7 79 7142.46 70 -141.267 4.08129 153.749 1.38948 861.601 -0.0913157 65.5055 3600 52 1.3628 46.9114
7 80 6993.82 70 -418.611 3.60638 158.898 1.38948 791.221 -0.191133 68.8963 3384 52 1.27537 56.8605
7 81 6978 70 -613.864 3.94709 164.411 1.38948 873.685 -0.0918745 68.5331 3240 52 1.25454 39.3239
7 82 7211.34 70 -437.335 3.13928 153.765 1.38948 911.874 0.0100322 65.1639 3168 52 1.30865 28.6819
7 83 7214.35 70 -332.595 1.37788 161.543 1.38948 883.3 -0.00661684 65.6226 3096 52 1.26185 68.5014
7 84 7297.67 70 -307.162 1.43952 152.581 1.38948 885.101 0.0233418 64.7096 3168 52 1.24301 49.5911
7 85 NaN 60.6 -260.025 0.212965 134.411 1.38948 862.322 0.0784279 62.2228 3312 52 1.20564 37.7988
7 86 7076.97 60.6 -337.769 -2.74176 136.831 1.38948 777.931 0.0378215 64.1066 3384 52 1.2156 30.1162
7 87 7030.77 60.6 -331.363 -1.78451 136.562 1.38948 738.435 0.0093891 62.7739 3240 52 1.32185 1.82092
7 88 6927.37 60.6 -272.606 1.08469 131.166 1.38948 811.555 0.0287597 60.4946 3096 52 1.37351 -36.1672
7 89 6887.33 60.6 -53.3066 3.46729 123.684 1.32968 864.27 0.050392 58.36 3096 52 1.47375 -39.8331
7 90 6795.39 60.6 134.803 4.35275 119.883 1.32968 885.856 0.0696305 61.0709 2880 52 1.44931 -8.76741
7 91 6843.25 60.6 -62.5499 1.45738 108.217 1.32968 903.824 0.176863 61.5901 2880 52 1.31503 18.9583
7 92 6823.79 60.6 -17.3353 4.34222 113.749 1.32968 938.77 0.141403 59.6592 2808 52 1.25446 28.0035
7 93 6825.26 60.6 -21.3822 5.37598 114.541 1.32968 956.841 0.138697 57.7193 2880 52 1.22952 -12.9384
7 94 6813.38 60.6 160.783 2.82416 106.005 1.32968 896.281 0.139917 59.2151 2808 52 1.25483 22.8831
7 95 6738.09 60.6 -7.18915 -0.85075 125.457 1.32968 808.834 0.11285 60.4171 2880 52 1.17747 54.8282
7 96 6944.82 60.6 -65.9042 -1.89729 128.307 1.32968 779.868 0.0871692 57.5466 2952 52 1.11552 18.2995
7 97 6960.01 60.6 132.755 -3.64567 137.221 1.32968 731.075 0.0455167 52.917 2808 52 1.22873 -33.1658
7 98 6981.5 60.6 272.783 -2.47371 124.694 1.32968 724.003 0.0526084 51.6386 3024 52 1.30273 -28.0428
7 99 6848.72 60.6 493.138 -2.47298 131.637 1.32968 762.226 0.0665018 49.0722 3096 52 1.32656 -60.8076
7 100 6950.09 60.6 298.342 -0.135934 129.401 1.67309 739.298 0.0177038 52.2858 3168 52 1.32421 -57.5134
7 101 6831.13 60.6 280.34 1.73848 133.932 1.67309 797.517 0.00829471 55.8985 2952 20.6 1.41665 -35.7808
7 102 6918.39 60.6 161.961 4.10279 156.922 1.67309 839.608 -0.00455989 56.4397 3024 20.6 1.38725 -43.6467
7 103 6878.67 60.6 361.573 5.01924 155.395 1.67309 907.318 0.0409765 54.8612 3024 20.6 1.39235 -0.545801
7 104 6563.38 60.6 2.91422 3.71669 172.247 1.67309 858.526 -0.0210942 62.1799 3312 20.6 1.23556 19.6982
7 105 6672.15 60.6 -44.1048 2.03321 174.842 1.67309 836.541 -0.0125833 60.3831 3240 20.6 1.22896 18.3142
7 106 6757.68 60.6 -217.492 -1.04791 176.981 1.67309 778.419 -0.0150578 61.3586 3240 20.6 1.13757 25.2209
7 107 6745.93 60.6 -87.5647 -0.691338 165.254 1.67309 723.346 -0.0190106 61.4096 3312 20.6 1.18105 11.9322
7 108 6540.41 60.6 -145.391 0.426126 154.011 1.67309 733.677 -0.0108046 58.3998 3456 20.6 1.17478 -8.39608
7 109 6468.63 60.6 26.3313 -1.91016 169.762 1.67309 681.619 -0.0830163 56.4288 3456 20.6 1.30251 -44.9538
7 110 6618.37 60.6 106.437 -2.4859 166.341 1.67309 662.126 -0.0783948 56.8989 3312 20.6 1.40976 -41.7927
7 111 6566.35 60.6 65.2789 -0.381814 156.108 1.31339 714.908 -0.0466758 57.915 3312 20.6 1.40892 -43.6342
7 112 6441.94 60.6 250.622 0.367846 168.685 1.31339 685.343 -0.125293 53.9781 3384 20.6 1.41921 -67.8938
7 113 6485.87 60.6 378.741 -1.47038 159.263 1.31339 674.163 -0.081906 54.1381 3312 20.6 1.38357 -57.5695
7 114 6417.26 60.6 176.888 0.75783 140.832 1.31339 676.891 -0.0516613 57.2374 3168 20.6 1.3224 -25.2129
7 115 6215.17 60.6 133.764 -0.354821 141.897 1.31339 694.225 -0.0218953 54.4292 3168 20.6 1.34442 -77.9471
7 116 6259.24 60.6 419.07 0.751034 140.013 1.31339 758.012 0.0218639 50.9606 3168 20.6 1.37249 -48.411
7 117 6270.17 60.6 320.347 0.982115 145.834 1.31339 736.217 -0.0611974 51.4745 3096 20.6 1.34484 -48.5408
7 118 NaN 60.6 465.205 1.42175 163.18 1.31339 733.105 -0.100412 52.002 3096 20.6 1.37737 -56.8983
7 119 6477.67 60.6 521.375 2.80201 154.658 1.31339 814.38 -0.0399353 51.099 3096 20.6 1.28192 -29.4883
7 120 6425.9 60.6 388.364 3.67472 161.977 1.31339 793.025 -0.0471137 52.4945 3096 20.6 1.20275 -36.1369
7 121 6503.25 60.6 366.95 1.1862 156.525 1.31339 735.587 -0.0926941 55.9172 3384 20.6 1.20522 -5.1934
7 122 6386.41 60.6 248.189 2.24589 174.244 1.57832 655.997 -0.205647 55.0626 3240 20.6 1.15187 -18.7562
7 123 6400.93 60.6 48.3679 2.5324 166.017 1.57832 746.393 -0.116983 55.8513 3312 20.6 1.15385 -12.0468
7 124 6434.09 60.6 247.373 2.19493 168.284 1.57832 695.308 -0.148539 54.4028 3168 20.6 1.26589 -21.5487
7 125 6432.22 60.6 149.265 -0.596599 163.771 1.57832 748.006 -0.0422804 56.3359 3096 20.6 1.26268 -3.83271
7 126 6566.93 60.6 192.276 -0.0530004 142.689 1.57832 750.348 0.0272718 54.3459 3096 20.6 1.23001 -13.3614
7 127 6319.24 31.1 217.171 2.06828 131.991 1.57832 688.306 0.0248772 55.0421 3096 20.6 1.22761 -34.5582
7 128 6199.73 31.1 208.284 -0.477886 129.523 1.57832 617.286 0.0436383 53.2171 3168 20.6 1.25684 -57.6311
7 129 6123.93 31.1 374.597 -1.28812 119.034 1.57832 641.733 0.139668 54.725 3168 20.6 1.33448 -54.0678
7 130 6104.41 31.1 220.505 2.27957 142.569 1.57832 629.854 0.0206807 50.8357 3024 20.6 1.33639 -98.6596
7 131 6173.65 31.1 631.031 -0.785068 165.137 1.57832 570.559 -0.0540323 48.4882 3024 20.6 1.43571 -96.3701
7 132 6394.03 31.1 737.371 -1.14587 165.761 1.57832 519.129 -0.0791583 51.6441 3024 20.6 1.38556 -35.8496
7 133 6356.61 31.1 569.724 -2.95035 168.036 1.61119 545.022 -0.050639 47.2602 3096 20.6 1.2015 -63.7403
7 134 6540.78 31.1 657.035 -2.88776 180.059 1.61119 528.255 -0.0864791 45.8512 3240 20.6 1.23781 -89.0628
7 135 6580.85 31.1 777.811 0.878405 177.511 1.61119 616.838 -0.0795576 47.1463 3240 20.6 1.2604 -73.6318
7 136 6499.72 31.1 464.827 1.73002 182.651 1.61119 597.398 -0.127381 51.1434 3312 20.6 1.26443 -60.0783
7 137 6560.77 31.1 549.704 4.15544 179.319 1.61119 729.064 -0.028036 54.8207 3312 20.6 1.35052 -18.217
7 138 6656.35 31.1 131.318 3.79888 180.125 1.61119 743.9 -0.029592 57.6377 3312 20.6 1.21771 -21.3812
7 139 6716.44 31.1 16.7387 3.34571 185.089 1.61119 718.926 -0.0644367 63.4787 3240 20.6 1.24594 15.4621
7 140 6722.22 31.1 -173.512 2.08622 163.024 1.61119 788.13 0.12103 63.134 3168 20.6 1.18375 23.4
7 141 6688.98 31.1 -233.622 0.748748 156.1 1.61119 808.478 0.17801 64.7103 3312 20.6 1.13028 44.9346
7 142 6737.63 31.1 -261.342 1.71351 170.469 1.61119 836.462 0.142085 61.589 3456 20.6 1.17019 3.89238
7 143 6839.55 31.1 -215.112 3.18787 174.669 1.61119 730.999 0.00204744 59.8643 3240 20.6 1.25154 -21.6293
7 144 6697.38 31.1 -158.085 1.56416 157.498 1.36491 807.276 0.125241 65.0399 3312 20.6 1.31496 49.4028
7 145 6681.39 31.1 -243.326 0.204684 165.953 1.36491 776.406 0.120486 64.2301 3384 20.6 1.23675 23.361
7 146 6729.65 31.1 -281.646 0.516628 167.17 1.36491 793.449 0.140729 64.0481 3240 20.6 1.23698 23.6346
7 147 6805.31 31.1 -320.873 1.83349 161.476 1.36491 818.513 0.152182 64.116 3168 20.6 1.26017 -8.16909
7 148 6677.28 31.1 -236.364 1.23329 142.524 1.36491 772.727 0.196765 60.7303 3312 20.6 1.33762 12.2855
7 149 6499.69 31.1 -129.269 1.52561 147.772 1.36491 785.139 0.162221 62.2046 3312 20.6 1.27515 17.3568
7 150 6531.43 31.1 -285.991 4.30552 138.096 1.36491 852.14 0.226771 61.0809 3240 20.6 1.24239 -22.5982
7 151 6498.55 31.1 -130.385 3.24619 142.988 1.36491 803.924 0.151667 61.9495 3096 56.7 1.3646 -14.1362
7 152 6440.47 31.1 -129.441 2.67715 117.934 1.36491 785.666 0.168003 61.9545 3096 56.7 1.33148 8.54701
7 153 6512.26 31.1 2.53658 1.50667 125.332 1.36491 814.329 0.184817 59.1877 3096 56.7 1.25744 -1.58137
7 154 7104.36 31.1 -47.7873 1.08862 131.859 1.36491 722.401 0.100387 58.4215 2808 56.7 1.20138 8.48246
7 155 7016.37 31.1 144.47 -1.70838 134.479 1.5943 792.214 0.201455 59.4708 2880 56.7 1.26254 14.8161
7 156 7211.56 31.1 24.9227 0.599226 143.532 1.5943 821.909 0.151005 54.8459 3096 56.7 1.22767 -27.5938
7 157 7223.54 31.1 208.893 -0.782602 153.604 1.5943 746.308 0.120204 56.5344 3096 56.7 1.28377 3.95298
7 158 7376.21 31.1 11.5116 -1.3532 152.383 1.5943 711.805 0.0742593 63.0843 3312 56.7 1.26104 32.2437
7 159 7255.14 31.1 -158.522 -2.16528 162.834 1.5943 682.387 0.0397871 60.0748 3168 56.7 1.20785 15.5925
7 160 7345.42 31.1 -233.068 -0.687194 136.092 1.5943 760.027 0.134764 60.9054 3312 56.7 1.28557 -20.0604
7 161 7166.39 31.1 -121.319 -2.44686 147.503 1.5943 688.589 0.113822 59.888 3168 56.7 1.37755 -16.0261
7 162 7254.04 31.1 -250.965 -5.90598 147.916 1.5943 706.983 0.186786 64.5174 3384 56.7 1.36722 -14.4788
7 163 7471.62 31.1 -244.181 -6.41272 150.125 1.5943 607.123 0.101774 59.3865 3240 56.7 1.42804 -37.9253
7 164 7278.95 31.1 -135.812 -3.36607 155.442 1.5943 626.423 0.0500182 57.8403 3312 56.7 1.43366 -50.5912
7 165 7247.91 31.1 143.531 -3.67129 148.692 1.5943 632.136 0.0562968 53.7434 3528 56.7 1.51891 -73.1077
7 166 7186.32 31.1 191.751 -3.46151 144.992 1.46533 619.172 0.0354716 58.6308 3384 56.7 1.5098 -64.5038
7 167 7034.21 31.1 -92.0567 -2.20435 149.557 1.46533 619.363 0.0211444 62.361 3312 56.7 1.47025 -49.1224
7 168 7148.37 31.1 -48.4389 -1.94343 150.463 1.46533 638.241 0.0372042 57.7354 3312 56.7 1.52635 -36.9521
7 169 7128.04 72.2 59.342 -0.987853 154.658 1.46533 770.072 0.0339667 58.5455 3168 56.7 1.49361 -37.883
7 170 7210.29 72.2 -10.0134 1.38337 148.324 1.46533 810.43 0.0293747 58.2798 3384 56.7 1.44669 -28.6936
7 171 7098.7 72.2 126.786 5.35375 155.543 1.46533 877.975 -0.122073 56.1536 3240 56.7 1.42989 -28.3435
7 172 7171.29 72.2 -1.20293 2.83741 146.314 1.46533 935.011 -0.0160793 63.2067 3312 56.7 1.32662 29.6919
7 173 7204.02 72.2 -110.511 2.2941 148.256 1.46533 872.304 -0.0719975 65.5833 3168 56.7 1.30511 48.9216
7 174 7173.48 72.2 -427.683 1.15301 142.151 1.46533 901.011 -0.0126609 67.3435 3312 56.7 1.17917 54.6715
7 175 7168.76 72.2 -335.739 0.995438 160.07 1.46533 837.019 -0.100008 64.1558 3312 56.7 1.20516 50.5689
7 176 7240.23 72.2 -290.713 2.35931 140.743 1.46533 857.385 -0.0339702 61.961 3240 56.7 1.22751 30.3403
7 177 7121.01 72.2 -288.733 -0.126327 147.476 1.44569 756.368 -0.0847894 64.7217 3384 56.7 1.24915 16.3454
7 178 7078.25 72.2 -172.939 -0.489724 151.599 1.44569 725.924 -0.179621 61.727 3384 56.7 1.28603 20.0895
7 179 6991.39 72.2 -163.719 -1.2176 150.51 1.44569 760.209 -0.116819 59.4333 3312 56.7 1.29471 -2.00512
7 180 7073.93 72.2 -145.214 -2.08038 151.26 1.44569 662.671 -0.179108 61.9917 3240 56.7 1.37284 -15.4343
7 181 6967.99 72.2 22.9854 -0.510379 152.404 1.44569 714.298 -0.156668 58.1234 3024 56.7 1.41468 -7.76988
7 182 7085.98 72.2 46.2778 1.69022 120.594 1.44569 824.395 0.00645396 56.6348 3168 56.7 1.33696 -31.4524
7 183 6909.32 72.2 261.69 -1.4418 137.497 1.44569 760.837 -0.0453364 57.3977 2952 56.7 1.38032 -15.7784
7 184 7037.11 72.2 93.7921 -1.05517 137.572 1.44569 801.866 0.0102732 58.7557 3096 56.7 1.31737 -15.0857
7 185 7133.09 72.2 142.987 -0.964926 136.981 1.44569 850.367 0.0210451 55.3827 2880 56.7 1.31963 -17.272
7 186 7085.03 72.2 126.814 0.365936 129.019 1.44569 866.348 0.0431755 57.9652 3096 56.7 1.33636 -36.1521
7 187 7099.56 72.2 267.824 -0.645129 148.85 1.44569 863.233 0.00179176 55.5823 3168 56.7 1.38737 -19.1231
7 188 7279.06 72.2 79.7351 -2.24904 153.564 1.56981 841.601 -0.0194491 57.1255 3240 56.7 1.26119 2.90838
7 189 7369.07 72.2 40.01 1.2739 154.849 1.56981 860.359 -0.0711927 63.3263 3240 56.7 1.30251 0.450971
7 190 7215.54 72.2 -59.5084 4.92625 142.555 1.56981 906.736 -0.0768664 61.214 3384 56.7 1.31175 0.428439
7 191 7046.11 72.2 -70.8839 4.70175 147.842 1.56981 905.161 -0.0605822 62.754 3456 56.7 1.29999 41.5689
7 192 7126.09 72.2 -335.767 3.62546 147.038 1.56981 898.398 -0.0746694 67.1062 3384 56.7 1.25417 41.3207
7 193 7124.89 72.2 -636.022 -0.835811 156.612 1.56981 799.956 -0.104741 68.5968 3168 56.7 1.23434 43.4731
7 194 7250.9 72.2 -454.788 0.718726 147.369 1.56981 832.745 -0.0530481 65.2702 3312 56.7 1.27533 40.8041
7 195 7165.62 72.2 -245.601 1.84581 151.391 1.56981 860.708 -0.0543033 60.7761 3096 56.7 1.22906 12.7127
7 196 7221.14 72.2 -212.9 5.38723 126.771 1.56981 976.707 0.0491222 59.8295 3240 56.7 1.28004 8.35673
7 197 7035.53 72.2 -135.272 1.96368 139.062 1.56981 941.348 0.0480607 64.7113 3168 56.7 1.32255 26.5703
7 198 7135.39 72.2 -389.828 3.26803 133.473 1.56981 922.831 0.0233134 67.5823 3240 56.7 1.25786 59.1494
7 199 7078.48 72.2 -458.313 8.02354 129.827 1.3716 1016 0.0197943 64.8381 3024 56.7 1.2396 51.5763
7 200 7030.82 72.2 -406.801 5.77608 119.048 1.3716 954.052 0.052687 65.1739 3096 56.7 1.22636 50.9812
7 201 6894.6 72.2 -146.747 3.33428 133.189 1.3716 945.499 0.0131052 67.3352 3168 21.9 1.28051 84.7746
7 202 7059.32 72.2 -589.453 5.48185 157.586 1.3716 961.983 -0.00195135 64.5213 3096 21.9 1.08602 54.1883
7 203 7064.28 72.2 -344.853 4.85827 171.044 1.3716 919.93 -0.0435254 64.5653 2880 21.9 1.21873 44.0727
7 204 6780.32 72.2 -224.487 6.2516 156.197 1.3716 1046.82 0.0770393 64.007 3168 21.9 1.18585 48.6867
7 205 6782.77 72.2 -108.339 7.30343 149.224 1.3716 1070.22 0.120852 61.4452 3240 21.9 1.16354 26.2978
7 206 6745.18 72.2 -320.263 3.15294 169.782 1.3716 965.38 0.0145374 68.3395 3168 21.9 1.09912 47.5046
7 207 6823.09 72.2 -395.401 5.6763 145.419 1.3716 1092.44 0.168766 68.065 3384 21.9 1.13577 75.6398
7 208 6711.75 72.2 -534.752 5.70111 180.012 1.3716 953.159 -0.0678523 65.8635 3312 21.9 1.10087 35.9553
7 209 6872.83 72.2 -388.158 4.57348 166.638 1.3716 1022.98 0.0485364 70.04 3312 21.9 1.21376 63.4894
7 210 6835.9 72.2 -535.83 4.35347 163.2 1.3512 1005.21 0.0878631 69.5935 3312 21.9 1.15723 67.9574
7 211 6863.93 39.7 -617.425 2.85036 171.774 1.3512 876.729 0.035944 69.6383 3312 21.9 1.15049 66.0211
7 212 6868.29 39.7 -510.603 2.33831 153.885 1.3512 875.516 0.0910574 68.2987 3456 21.9 1.15712 59.4066
7 213 6713.77 39.7 -580.772 2.74582 158.321 1.3512 768.254 0.0441872 66.8804 3456 21.9 1.17606 27.897
7 214 6611.89 39.7 -467.207 2.87977 155.432 1.3512 741.762 0.0372772 65.8208 3312 21.9 1.25831 14.6218
7 215 6468.79 39.7 -366.176 5.2258 132.69 1.3512 903.172 0.192836 64.5239 3168 21.9 1.28573 -4.12976
7 216 6467.89 39.7 -364.588 3.74609 127.629 1.3512 857.984 0.198731 63.4751 3168 21.9 1.3067 -6.04792
7 217 6415.41 39.7 -90.3783 3.73653 132.642 1.3512 857.841 0.135399 64.4515 3096 21.9 1.36588 26.334
7 218 6381.99 39.7 -164.182 7.95328 136.258 1.3512 895.508 0.112904 60.2793 3024 21.9 1.23568 -10.3644
7 219 6350.97 39.7 82.4785 5.88044 143.847 1.3512 880.183 0.127918 60.3048 2736 21.9 1.25987 19.9715
7 220 6530.58 39.7 4.37529 2.60898 124.882 1.3512 1007.23 0.375014 62.7531 3384 21.9 1.1858 37.365
7 221 6635.41 39.7 -66.0233 5.48121 187.893 1.53598 654.589 -0.234475 58.4699 3456 21.9 1.07462 45.5651
7 222 6534.13 39.7 -26.3209 3.26342 205.657 1.53598 576.097 -0.319198 60.025 3312 21.9 1.09689 38.132
7 223 6669.18 39.7 55.7193 3.37331 169.439 1.53598 694.266 -0.0721971 59.2953 3312 21.9 1.12247 42.1083
7 224 6548.47 39.7 -164.842 3.61148 159.982 1.53598 780.703 0.0270568 62.1635 3384 21.9 1.09596 18.2254
7 225 6626.47 39.7 -214.253 5.77135 171.528 1.53598 725.501 -0.0841964 60.2601 3384 21.9 1.18916 -0.546532
7 226 6502.24 39.7 3.28047 5.62572 162.648 1.53598 764.631 -0.0345639 58.2165 3600 21.9 1.22574 15.8949
7 227 6438.68 39.7 -133.512 3.61477 200.633 1.53598 574.829 -0.316798 64.0707 3456 21.9 1.20805 12.7888
7 228 6577.15 39.7 -141.961 4.97859 170.175 1.53598 702.161 -0.10925 61.488 3240 21.9 1.19523 44.005
7 229 6451.12 39.7 -241.628 3.30776 165.194 1.53598 763.543 0.0214853 61.0267 3168 21.9 1.14574 10.8167
7 230 6542.28 39.7 -119.46 3.37029 161.658 1.53598 763.264 0.0309061 59.1265 3312 21.9 1.19555 25.436
7 231 6571.18 39.7 -8.15569 5.13272 162.427 1.53598 781.762 -0.0132389 59.305 3384 21.9 1.17103 13.2437
7 232 6508.08 39.7 -60.0392 6.01357 173.605 1.45261 731.131 -0.0859539 59.6681 3240 21.9 1.17462 -5.65737
7 233 6543.02 39.7 46.8518 4.68594 157.283 1.45261 764.311 -0.0106286 61.6546 3456 21.9 1.23722 31.574
7 234 6473.42 39.7 -138.721 4.72825 185.246 1.45261 700.306 -0.174024 61.7755 3312 21.9 1.14925 39.7762
7 235 6599.38 39.7 -222.167 3.77607 183.013 1.45261 780.898 -0.0529528 61.7024 3456 21.9 1.13397 15.4444
7 236 6776.64 39.7 -135.339 7.20919 194.912 1.45261 737.47 -0.197986 62.6262 3456 21.9 1.17768 55.3784
7 237 6689.74 39.7 -231.716 5.28685 196.578 1.45261 664.456 -0.224411 62.3321 3672 21.9 1.12783 63.8422
7 238 6628.6 39.7 -173.399 3.914 206.741 1.45261 597.844 -0.295962 65.3148 3528 21.9 1.13176 67.2409
7 239 6702.49 39.7 -432.207 5.5183 186.808 1.45261 771.713 -0.0972011 64.4991 3600 21.9 1.04481 43.4133
7 240 6728.46 39.7 -404.588 3.26485 206.363 1.45261 604.165 -0.268564 64.1449 3384 21.9 1.15508 20.0573
7 241 6709.28 39.7 -194.607 4.4905 184.649 1.45261 785.672 -0.0483348 68.8727 3672 21.9 1.2346 62.9028
7 242 6782.5 39.7 -322.507 3.45863 204.972 1.45261 660.89 -0.216104 62.0574 3096 21.9 1.14361 17.3116
7 243 6790.07 39.7 -329.303 4.25948 147.777 1.40103 1028.37 0.309683 65.2673 3312 21.9 1.21239 58.4519
7 244 6885.56 39.7 -394.01 2.62375 173.495 1.40103 814.443 0.061358 65.6595 3384 21.9 1.16616 44.4737
7 245 6820.38 39.7 -333.275 3.33558 182.601 1.40103 876.567 0.0847568 65.2235 3600 21.9 1.21277 49.856
7 246 7001.99 39.7 -475.932 -0.434223 206.462 1.40103 699.088 -0.0912683 65.3367 3456 21.9 1.1574 35.3461
7 247 7054.71 39.7 -331.446 1.1572 167.133 1.40103 806.37 0.0957132 67.3999 3456 21.9 1.23908 45.9804
7 248 6777.36 39.7 -598.926 2.34909 160.02 1.40103 738.358 0.0295389 66.8793 3960 21.9 1.19591 6.21453
7 249 6568.38 39.7 -306.434 1.11759 209.38 1.40103 576.618 -0.297804 63.2463 4176 21.9 1.32799 17.722
7 250 6735.66 39.7 -480.594 1.13942 232.2 1.40103 451.551 -0.483902 64.6081 3672 21.9 1.30921 -0.0232263
7 251 6707.48 39.7 -389.366 1.47196 197.801 1.40103 612.341 -0.212532 66.5154 3384 59 1.3721 0.420059
7 252 6699.91 39.7 -264.057 0.24985 162.109 1.40103 666.056 -0.094562 63.7396 3888 59 1.37735 -15.123
7 253 6800.95 20.2 -86.4191 -0.334968 186.948 1.40103 391.359 -0.3989 60.7125 3600 59 1.29232 8.85326
7 254 7103.16 20.2 -219.961 1.1884 155.395 1.53209 528.274 -0.176113 60.6329 2952 59 1.21453 10.8411
7 255 6998.91 20.2 -88.9279 3.15647 110.937 1.53209 823.537 0.259984 58.5897 3384 59 1.32705 3.666
7 256 6927.47 20.2 10.6546 3.97214 158.037 1.53209 663.337 -0.0737485 60.4203 3600 59 1.34621 -3.43542
7 257 7100.01 20.2 -142.519 3.57438 203.303 1.53209 509.145 -0.365927 62.6941 3384 59 1.31814 10.8395
7 258 7255.8 20.2 -132.38 4.20814 175.442 1.53209 561.268 -0.245448 61.9328 2952 59 1.30819 48.8301
7 259 7058.37 20.2 -107.407 2.68388 149.358 1.53209 763.132 0.0896198 62.9657 2952 59 1.21392 53.9118
7 260 7263.08 20.2 -162.188 1.76914 126.64 1.53209 853.71 0.263361 62.1814 3240 59 1.13424 55.3868
7 261 7269.49 20.2 -272.413 3.51009 151.536 1.53209 758.851 0.115548 63.8205 3096 59 1.14327 52.1757
7 262 7279.34 20.2 -383.366 2.83222 145.508 1.53209 798.816 0.151177 63.3906 3240 59 1.22358 39.5081
7 263 7338.53 20.2 -171.725 0.997539 139.589 1.53209 740.617 0.125929 62.0531 3312 59 1.26724 29.6881
7 264 7177.06 20.2 -336.752 1.4445 146.353 1.53209 671.988 0.0621218 65.6837 3384 59 1.22731 36.8865
7 265 7185.99 20.2 -378.486 -0.0118433 144.901 1.43208 631.769 0.011068 62.1155 3384 59 1.28007 10.2152
7 266 7120.49 20.2 -241.606 -5.09219 160.12 1.43208 582.444 0.0481677 62.8359 3240 59 1.33226 21.1688
7 267 7397.31 20.2 -280.33 -2.70086 168.901 1.43208 594.617 0.0278741 63.7751 3672 59 1.3601 0.148105
7 268 7392.69 20.2 -95.2411 -2.86346 202.031 1.43208 358.997 -0.3367 55.6269 3168 59 1.38973 -55.7445
7 269 7263.8 20.2 124.802 -1.83529 155.348 1.43208 665.08 0.0810621 57.4642 3312 59 1.44591 -27.5643
7 270 7341.09 20.2 158.375 -1.73471 131.532 1.43208 695.277 0.162733 56.0972 3384 59 1.38411 -24.6591
7 271 7174.56 20.2 -97.4978 -4.12089 145.111 1.43208 599.823 0.0985178 63.7895 3312 59 1.39319 -0.490095
7 272 7188.19 20.2 -244.007 -1.7929 157.445 1.43208 570.279 0.049737 62.0415 3312 59 1.44272 -19.2427
7 273 7191.2 20.2 -12.4956 -0.000475374 146.035 1.43208 734.452 0.150103 56.8174 2952 59 1.47163 -44.572
7 274 7342.36 20.2 -55.6925 -0.616809 138 1.43208 848.535 0.327529 58.6444 3024 59 1.45016 -43.4357
7 275 7498.73 20.2 166.267 -1.60451 136.893 1.43208 760.434 0.236895 61.8378 3096 59 1.52452 6.44138
7 276 7390.11 20.2 -181.214 -4.58792 147.895 1.48007 646.127 0.176418 63.7281 3312 59 1.28797 24.2881
7 277 7406.23 20.2 -223.665 -5.17284 161.493 1.48007 603.524 0.0680514 59.8623 3672 59 1.28504 -3.16399
7 278 7431.51 20.2 -185.29 -4.12695 180.508 1.48007 482.188 -0.119596 58.8361 3312 59 1.37238 -53.2862
7 279 7366.47 20.2 -87.0742 -5.05539 151.454 1.48007 692.063 0.225645 63.2915 3312 59 1.51969 -45.9479
7 280 7557.81 20.2 -139.561 -2.57199 161.29 1.48007 677.973 0.118627 60.1311 3600 59 1.49947 -24.6617
7 281 7470.71 20.2 -74.5342 -0.113275 183.098 1.48007 554.328 -0.129325 59.7837 3240 59 1.51777 -59.8316
7 282 7341.46 20.2 -112.957 -1.89225 133.223 1.48007 747.549 0.205789 62.4668 3456 59 1.50777 -21.9947
7 283 7298.79 20.2 -215.999 -1.73227 148.082 1.48007 647.009 0.0908486 63.6752 3600 59 1.44075 -0.642955
7 284 7225.28 20.2 -448.387 -0.529389 163.49 1.48007 565.892 -0.0788397 64.3898 3168 59 1.40554 -12.3933
7 285 7179.19 20.2 -294.408 -1.8454 122.561 1.48007 772.49 0.261936 62.034 3312 59 1.48682 -10.0293
7 286 7173.71 20.2 -191.262 -0.478601 138.986 1.48007 675.373 0.133654 61.0885 2952 59 1.46134 9.58307
7 287 7123.73 20.2 -188.801 -1.057 113.097 1.34914 826.841 0.355184 61.0138 3456 59 1.40641 -18.5774
7 288 7186.07 20.2 -67.1536 2.11844 155.866 1.34914 587.604 -0.0955322 58.2569 3240 59 1.42879 -12.7096
7 289 7019.25 20.2 6.50941 2.02751 134.896 1.34914 716.603 0.0923055 60.1733 3384 59 1.374 7.97148
7 290 7007.73 20.2 -34.59 -0.0968682 154.98 1.34914 521.194 -0.0643546 61.5778 3240 59 1.36095 23.315
7 291 7043.26 20.2 -71.9585 2.70476 134.506 1.34914 698.412 0.0312699 62.6108 3096 59 1.31714 7.20495
7 292 6987.06 20.2 -198.347 5.21135 124.486 1.34914 733.675 0.0874108 58.4519 3384 59 1.274 -35.2183
7 293 6860.32 20.2 155.321 6.6055 162.647 1.34914 595.59 -0.214734 60.1375 2808 59 1.39443 40.4071
7 294 6921.36 20.2 -49.5193 5.51752 91.588 1.34914 906.774 0.341395 61.769 2736 59 1.24483 39.8866
7 295 6879.76 37.2 -153.94 1.0181 105.32 1.34914 893.945 0.337013 64.546 3168 59 1.19431 60.0674
7 296 7078.57 37.2 -207.015 2.15539 174.229 1.34914 651.499 -0.137752 60.4231 2952 59 1.15428 50.4775
7 297 7211.78 37.2 -13.3418 2.88815 147.682 1.34914 765.358 0.0152492 56.8049 2736 59 1.15831 4.24839
7 298 7167.48 37.2 106.904 0.667386 137.376 1.65008 896.657 0.237532 58.2176 3312 59 1.23067 53.4589
7 299 7411.87 37.2 13.0901 1.01238 177.847 1.65008 659.356 -0.134447 57.885 3024 59 1.16528 46.8443
7 300 7398.94 37.2 -132.996 4.11573 124.405 1.65008 927.568 0.217756 61.8673 2736 59 1.15009 20.8807
7 301 7161.82 37.2 -278.47 5.1015 78.5109 1.65008 1094.99 0.522614 64.2645 3528 26 1.21548 34.9506
7 302 7079.94 37.2 -217.557 5.29491 170.439 1.65008 765.306 -0.037688 65.5352 3240 26 1.31641 47.2671
7 303 7020.8 37.2 -553.419 4.43815 141.342 1.65008 866.94 0.132551 68.4043 3024 26 1.2178 53.0585
7 304 6576.06 37.2 -586.633 3.21649 133.353 1.65008 853.917 0.181159 67.2033 3096 26 1.29398 25.9425
7 305 6487.79 37.2 -337.735 5.85748 129.551 1.65008 854.686 0.165378 64.9108 3096 26 1.266 20.0451
7 306 6450.89 37.2 -221.664 4.02033 129.769 1.65008 846.034 0.203959 60.8488 2952 26 1.24983 -0.946244
7 307 6464.4 37.2 -32.5123 3.28833 131.423 1.65008 870.281 0.189935 60.7704 2952 26 1.24489 29.5229
7 308 6534.3 37.2 -87.6224 4.72019 131.276 1.65008 884.059 0.208012 58.4247 3168 26 1.20437 7.54308
7 309 6489.58 37.2 98.4461 3.09113 162.979 1.5061 715.212 -0.0239697 58.2861 2952 26 1.22905 17.0182
7 310 6585.13 37.2 44.6548 2.26212 145.738 1.5061 817.6 0.143117 57.3142 3024 26 1.19134 15.0463
7 311 6634.85 37.2 6.14523 4.40254 133.905 1.5061 891.396 0.220392 58.5586 3240 26 1.1231 -13.3135
7 312 6557.25 37.2 46.6863 2.04275 157.951 1.5061 604.338 -0.0820594 57.3184 3024 26 1.17444 6.54367
7 313 6394.17 37.2 97.3959 0.421073 122.311 1.5061 753.339 0.22117 59.6645 3096 26 1.20051 20.4048
7 314 6414.76 37.2 -106.246 0.928104 135.111 1.5061 809.533 0.200873 56.1163 3024 26 1.15639 -47.4395
7 315 6619.25 37.2 130.559 -0.456957 142.453 1.5061 796.766 0.183828 54.2869 2880 26 1.31764 -51.8881
7 316 6699.84 37.2 307.648 -0.772844 149.239 1.5061 793.796 0.185889 56.2428 2664 26 1.37736 -24.4707
7 317 6779.94 37.2 336.478 0.432413 128.208 1.5061 941.904 0.356897 53.7691 3384 26 1.28221 -11.0393
7 318 6692.85 37.2 322.399 3.71084 169.51 1.5061 688.123 -0.0952991 54.6596 3312 26 1.22534 -17.0591
7 319 6638.77 37.2 128.598 4.86381 152.805 1.5061 816.031 0.064087 59.1994 3168 26 1.24121 -8.87349
7 320 6584.99 37.2 -12.2437 6.86613 134.161 1.43067 951.527 0.202318 61.3664 3240 26 1.24695 17.1039
7 321 6567.4 37.2 -299.144 6.46879 153.201 1.43067 935.55 0.154232 64.322 3168 26 1.21632 29.1672
7 322 6775.83 37.2 -286.482 7.48968 160.107 1.43067 939.838 0.111489 66.8683 3096 26 1.22011 66.5717
7 323 6741.78 37.2 -344.332 7.05202 147.869 1.43067 959.042 0.137526 65.4728 2952 26 1.12859 73.7483
7 324 6698.63 37.2 -312.356 9.46169 131.166 1.43067 1043.98 0.242586 66.8092 3816 26 1.12059 75.2924
7 325 6634.73 37.2 -421.34 6.60713 217.393 1.43067 587.461 -0.383725 66.1241 3960 26 1.0433 79.2727
7 326 6716.8 37.2 -594.871 4.38809 222.628 1.43067 480.705 -0.485047 72.5928 3384 26 1.033 93.335
7 327 6713.49 37.2 -672.634 4.88098 168.197 1.43067 819.055 -0.00896912 68.2777 3600 26 1.07685 59.7055
7 328 6651.1 37.2 -356.973 6.81775 189.21 1.43067 623.836 -0.330348 63.7914 3600 26 1.1419 46.5005
7 329 6485.59 37.2 -178.337 7.1129 185.426 1.43067 684.81 -0.249114 63.9066 3384 26 1.18234 43.9864
7 330 6521.6 37.2 -433.012 7.81005 154.49 1.43067 843.183 -0.00373518 66.7053 3240 26 1.12769 51.7879
7 331 6491.91 37.2 -370.448 5.94016 145.277 1.39825 839.782 0.0583738 66.7576 3168 26 1.14476 56.2205
7 332 6513.84 37.2 -319.464 4.96413 146.01 1.39825 784.074 0.0482143 64.95 3240 26 1.13044 80.4117
7 333 6440.61 37.2 -275.085 3.13693 154.947 1.39825 715.344 -0.0246098 61.9331 3384 26 1.07005 35.5554
7 334 6480.54 37.2 -135.475 3.38675 175.121 1.39825 619.031 -0.145862 59.4321 3096 26 1.0885 34.8288
7 335 6566.73 37.2 -46.6461 2.03823 159.53 1.39825 796.568 0.0753659 56.8081 3312 26 1.14016 14.424
7 336 6750.19 37.2 100.006 4.29205 178.464 1.39825 682.467 -0.119517 56.9504 3024 26 1.20841 -1.30644
7 337 6595.7 44.1 209.349 3.72778 144.094 1.39825 841.485 0.0975181 56.7258 3528 26 1.21908 15.7934
7 338 6598.41 44.1 59.8254 6.42101 193.159 1.39825 647.787 -0.302683 60.285 3312 26 1.16534 15.5417
7 339 6546.55 44.1 -75.2971 6.39652 155.762 1.39825 847.488 0.0304442 59.8513 3312 26 1.13212 49.0208
7 340 6611.92 44.1 -225.036 6.62464 146.978 1.39825 817.283 -0.0309265 66.0318 3528 26 1.18072 55.6604
7 341 6440.27 44.1 -270.394 5.54526 175.233 1.39825 642.889 -0.241487 65.3706 3240 26 1.15899 46.5762
7 342 6402.47 44.1 -270.956 4.26592 137.311 1.43622 788.201 0.0216565 64.8659 3168 26 1.11738 53.3657
7 343 6283.72 44.1 -221.764 5.72883 131.84 1.43622 825.278 0.065978 60.9411 3600 26 1.12734 21.4266
7 344 6328.25 44.1 -140.777 5.95308 205.794 1.43622 537.738 -0.45344 60.4774 3024 26 1.17037 11.198
7 345 6472.71 44.1 156.868 6.9011 161.32 1.43622 855.109 0.010584 58.3202 3168 26 1.20869 25.1546
7 346 6606.56 44.1 150.186 6.23943 181.3 1.43622 734.681 -0.207326 60.8581 3096 26 1.12403 39.2496
7 347 6523.85 44.1 78.5366 8.70176 156.286 1.43622 817.183 -0.0670296 59.6148 3168 26 1.07715 58.4386
7 348 6441.82 44.1 -77.1559 10.0828 139.119 1.43622 854.335 -0.0310664 60.6811 3168 26 1.01927 59.846
7 349 6283.91 44.1 -217.116 7.96898 131.02 1.43622 877.931 0.0690094 62.6884 3456 26 1.0032 55.925
7 350 6324.66 44.1 -395.166 4.69464 180.107 1.43622 623.78 -0.252321 65.3471 3096 26 1.04292 85.7857
7 351 6453.86 44.1 -344.208 4.82238 151.341 1.43622 766.387 -0.0306915 63.3384 2808 40.2 1.06994 34.4366
7 352 6479.85 44.1 -112.036 2.721 120.275 1.43622 844.697 0.173648 58.6392 2952 40.2 1.12368 29.4826
7 353 6522.51 44.1 242.459 0.081024 140.376 1.5524 746.662 0.0473082 57.004 3024 40.2 1.13708 5.20629
7 354 6747.18 44.1 176.055 2.85146 130.974 1.5524 795.069 0.0690341 53.7447 2880 40.2 1.08959 10.2585
7 355 6577.09 44.1 157.922 1.65066 111.598 1.5524 853.561 0.223042 56.0333 2952 40.2 1.14219 -0.880278
7 356 6545.56 44.1 235.703 2.60437 131.057 1.5524 827.188 0.140882 56.6479 2880 40.2 1.24377 10.3182
7 357 6710.76 44.1 64.7774 4.04036 115.158 1.5524 926.951 0.232284 56.5074 3168 40.2 1.20125 -12.9646
7 358 6697.69 44.1 177.953 4.99193 166.4 1.5524 739.253 -0.158937 58.8255 2880 40.2 1.26439 10.3428
7 359 6790.77 44.1 229.419 4.12355 143.191 1.5524 910.849 0.141707 58.1859 3384 40.2 1.24994 20.4536
7 360 6906.5 44.1 110.23 4.00279 183.205 1.5524 675.292 -0.190758 58.7003 3528 40.2 1.11592 42.6048
7 361 6937.55 44.1 -210.684 2.99421 205.208 1.5524 593.933 -0.354188 62.2254 3456 40.2 1.07986 56.0818
7 362 6996.38 44.1 -145.903 2.93278 195.2 1.5524 638.296 -0.239717 61.335 3528 40.2 1.10874 30.1656
7 363 7056.75 44.1 -131.331 4.27502 192.02 1.5524 680.764 -0.233477 61.8662 3312 40.2 1.13813 18.3535
7 364 6965.26 44.1 -312.471 4.28809 168.213 1.49389 836.826 -0.00251584 64.7132 3744 40.2 1.16278 36.1394
7 365 7027.35 44.1 -254.219 6.76961 201.328 1.49389 703.785 -0.297585 66.4217 3672 40.2 1.24163 58.6376
7 366 7045.53 44.1 -441.627 5.29551 197.207 1.49389 743.907 -0.178538 66.6329 3384 40.2 1.17973 51.7608
7 367 7139.97 44.1 -464.947 4.20423 179.269 1.49389 846.386 -0.0274827 71.1362 3672 40.2 1.20944 90.0438
7 368 7222.23 44.1 -596.932 -0.13316 203.697 1.49389 653.475 -0.190343 68.0701 3384 40.2 1.14013 55.0106
7 369 7229.19 44.1 -577.791 -0.922729 172.805 1.49389 729.831 0.0128079 67.7716 3744 40.2 1.13478 61.6161
7 370 7106.69 44.1 -572.203 -2.95079 210.873 1.49389 547.243 -0.218652 63.071 3384 40.2 1.1821 19.1159
7 371 7369.26 44.1 -413.551 -4.02101 167.071 1.49389 754.529 0.117638 62.2319 3672 40.2 1.29403 -14.992
7 372 7230.92 44.1 -370.982 -1.86606 183.47 1.49389 624.747 -0.0801581 63.7328 3672 40.2 1.37054 -31.7598
7 373 7116.92 44.1 -279.385 -2.01941 189.053 1.49389 557.61 -0.192381 61.8661 3456 40.2 1.46346 -26.9667
7 374 6990.73 44.1 -158.233 -1.0733 150.022 1.49389 774.179 0.0920124 60.9071 3528 40.2 1.47289 -29.3246
7 375 6960.92 44.1 -310.717 0.878402 154.108 1.30975 771.088 0.043548 63.0034 3384 40.2 1.43883 -25.5778
7 376 6877.62 44.1 -243.077 0.658838 148.202 1.30975 836.441 0.10692 64.0398 3168 40.2 1.51856 -18.7662
7 377 7004.03 44.1 -222.794 1.82475 141.501 1.30975 877.036 0.162389 62.259 3456 40.2 1.43302 1.12603
7 378 6888.92 44.1 -152.699 3.35446 167.547 1.30975 715.697 -0.088993 62.7321 3672 40.2 1.36603 21.0833
7 379 6844.6 28.3 -225.894 3.07703 189.569 1.30975 533.324 -0.345477 63.7212 3312 40.2 1.29516 18.9969
7 380 6713.82 28.3 -150.476 2.34811 131.427 1.30975 744.641 0.0794288 61.6894 3168 40.2 1.28081 10.4734
7 381 6657.87 28.3 -223.935 1.71328 139.357 1.30975 770.988 0.138643 66.392 3816 40.2 1.25402 39.3026
7 382 NaN 28.3 -194.865 5.00376 204.743 1.30975 461.055 -0.458651 60.4046 3312 40.2 1.2477 -6.39807
7 383 6818.35 28.3 -23.4444 3.95314 167.643 1.30975 668.821 -0.13455 59.6557 3024 40.2 1.28715 16.3351
7 384 6718.52 28.3 12.2336 4.39815 147.742 1.30975 829.493 0.0970221 61.8353 3168 40.2 1.28305 24.0735
7 385 6921.1 28.3 -32.7944 4.64476 167.963 1.30975 780.702 0.0185717 59.924 2808 40.2 1.16266 16.4211
7 386 6996.74 28.3 -185.526 5.57575 140.616 1.58981 1031.84 0.357043 64.2783 3240 40.2 1.15469 29.4527
7 387 7234.43 28.3 -216.747 1.05682 190.632 1.58981 682.622 -0.066123 63.5471 3384 40.2 1.12307 60.1801
7 388 7257.42 28.3 -227.265 0.290531 196.129 1.58981 697.034 -0.0581666 65.0231 2808 40.2 1.10956 76.3462
7 389 7377.47 28.3 -446.099 1.03148 127.13 1.58981 1074.89 0.497642 61.2617 3528 40.2 1.05698 42.9045
7 390 7279.62 28.3 -274.551 -0.430174 170.241 1.58981 686.218 0.0428495 63.7815 3960 40.2 1.22639 25.9324
7 391 7165.36 28.3 -553.826 1.33667 206.637 1.58981 557.61 -0.264393 68.7382 3744 40.2 1.26579 46.8411
7 392 7096.82 28.3 -701.751 -0.536233 165.523 1.58981 648.252 0.0105737 65.6841 3600 40.2 1.28809 -9.14793
7 393 6989.06 28.3 -522.53 -3.46069 172.635 1.58981 584.868 0.0109315 69.1271 3888 40.2 1.4199 28.2584
7 394 7028.08 28.3 -500.419 -7.70354 218.295 1.58981 319.521 -0.31491 64.3892 3528 40.2 1.40095 -11.9872
7 395 7194.37 28.3 -240.689 -8.68601 197.063 1.58981 471.116 -0.087448 59.3333 3456 40.2 1.46048 -45.8121
7 396 7324.02 28.3 -42.2212 -4.84578 181.674 1.58981 554.042 -0.0144831 54.532 3384 40.2 1.50484 -89.0981
7 397 7118.37 28.3 211.252 -5.98716 169.281 1.29053 577.083 0.0425183 54.114 3384 40.2 1.54508 -85.66
7 398 7124.72 28.3 252.608 -4.36899 150.788 1.29053 677.811 0.178424 56.06 3744 40.2 1.54076 -60.664
7 399 7048.94 28.3 -53.4241 -6.64235 174.768 1.29053 474.323 -0.0519002 58.1217 3672 40.2 1.48218 -64.051
7 400 7034.23 28.3 -97.2666 -4.8105 170.67 1.29053 416.213 -0.191066 60.2973 3528 40.2 1.56007 -55.8987
7 401 6703.15 28.3 -11.3059 -2.81859 146.708 1.29053 552.409 -0.00678817 54.1915 3672 62.7 1.55535 -89.0887
7 402 NaN 28.3 237.473 -3.40532 158.402 1.29053 447.928 -0.189434 55.5199 3744 62.7 1.60274 -81.4024
7 403 6748.89 28.3 154.245 -0.98128 181.362 1.29053 390.238 -0.322731 55.2564 3600 62.7 1.5642 -55.2438
7 404 7089.2 28.3 164.631 -0.491629 190.418 1.29053 413.919 -0.347035 55.6716 3024 62.7 1.50906 -47.631
7 405 7158.1 28.3 413.49 -2.65515 149.521 1.29053 626.521 0.00130874 53.5506 3240 62.7 1.52274 -29.4581
7 406 7254.1 28.3 293.398 -2.73514 157.311 1.29053 525.283 -0.138385 55.5606 3528 62.7 1.34518 -10.2466
7 407 7059.01 28.3 223.22 -1.66322 189.224 1.29053 362.321 -0.336524 55.3868 3312 62.7 1.26955 -14.7028
7 408 7176.53 28.3 161.087 -2.98071 154.074 1.59728 552.727 -0.0372743 54.7954 3600 62.7 1.31869 -18.8897
7 409 7177.14 28.3 125.572 -5.17439 177.925 1.59728 369.399 -0.259462 55.3474 3528 62.7 1.35187 -30.2938
7 410 7165.25 28.3 67.1933 -5.10869 167.504 1.59728 369.128 -0.276471 56.3356 3456 62.7 1.4122 -43.7573
7 411 7061.57 28.3 276.147 -8.06956 178.209 1.59728 380.763 -0.198644 51.8316 3384 62.7 1.4369 -78.8271
7 412 7313.41 28.3 372.72 -11.4936 179.217 1.59728 345.483 -0.122573 52.7307 3168 62.7 1.45487 -73.3616
7 413 7427.05 28.3 328.631 -12.2839 157.708 1.59728 413.688 0.0286652 51.1072 3456 62.7 1.47281 -92.4019
7 414 7387.96 28.3 513.649 -10.2136 199.214 1.59728 240.267 -0.304851 46.5009 3672 62.7 1.54318 -115.46
7 415 7409.66 28.3 822.122 -10.2684 203.24 1.59728 278.66 -0.300969 41.9028 3456 62.7 1.65551 -139.168
7 416 7497.75 28.3 611.032 -9.46239 152.677 1.59728 476.991 0.0261195 49.0025 3456 62.7 1.61719 -106.036
7 417 7347.32 28.3 391.177 -4.36539 161.062 1.59728 550.615 -0.039318 53.4008 3672 62.7 1.65447 -119.481
7 418 7304.14 28.3 289.171 -1.16563 175.889 1.59728 464.511 -0.250226 50.6621 3456 62.7 1.64905 -110.224
7 419 7204.38 28.3 285.789 0.852816 146.416 1.44246 691.617 0.00541611 58.2597 3672 62.7 1.65349 -39.7928
7 420 7179.27 28.3 -62.8592 3.031 182.155 1.44246 564.128 -0.253086 60.9263 3024 62.7 1.53649 -30.1818
7 421 7226.91 27.4 -60.0591 1.52068 121.455 1.44246 837.793 0.237332 64.3198 3240 62.7 1.48877 4.18954
7 422 7263.04 27.4 -251.235 1.92444 147.747 1.44246 644.71 -0.0283149 65.41 3384 62.7 1.3429 37.827
7 423 7185.4 27.4 -277.916 -0.518341 163.25 1.44246 587.314 -0.110547 61.2561 3672 62.7 1.25161 19.767
7 424 7212.11 27.4 -85.8634 -2.04878 196.117 1.44246 404.236 -0.342241 60.6233 3312 62.7 1.30857 7.13774
7 425 7254.8 27.4 -102.5 -1.48062 144.273 1.44246 608.705 -0.0113097 59.4166 3600 62.7 1.30856 -6.62864
7 426 7114.65 27.4 -128.253 -3.55209 196.24 1.44246 386.179 -0.318362 57.0985 3240 62.7 1.34986 -37.3659
7 427 7266.58 27.4 161.212 -1.26392 148.908 1.44246 672.993 0.0602126 58.3149 3168 62.7 1.41774 -10.7572
7 428 7327.33 27.4 11.8225 -1.54194 139.055 1.44246 694.205 0.0963883 56.1028 3096 62.7 1.37301 -32.264
7 429 7223.54 27.4 115.251 -0.516359 139.673 1.44246 723.819 0.102424 60.1894 3672 62.7 1.44528 -6.73664
7 430 7317.31 27.4 49.1423 -2.796 176.169 1.4502 484.871 -0.213495 57.6834 3456 62.7 1.39392 -13.6092
7 431 7225.64 27.4 -61.3069 -1.88612 153.212 1.4502 552.922 -0.0560331 60.3853 3312 62.7 1.33062 -9.27126
7 432 7182.34 27.4 -144.808 -2.30471 146.505 1.4502 618.645 -0.0075467 58.9123 3240 62.7 1.37622 -20.205
7 433 7223.77 27.4 4.33461 -2.33323 131.23 1.4502 674.862 0.112593 56.2839 3312 62.7 1.41893 -36.5116
7 434 7114.43 27.4 95.3221 -1.62209 149.585 1.4502 556.847 -0.0546647 59.4372 3240 62.7 1.42652 -17.2718
7 435 7136.52 27.4 42.2574 -0.572252 130.178 1.4502 639.231 0.0556384 56.6988 3384 62.7 1.39334 -50.8494
7 436 7042.17 27.4 141.518 2.4905 142.927 1.4502 647.338 -0.0216431 55.9313 2664 62.7 1.42741 -25.0293
7 437 7074.99 27.4 95.9082 4.76193 85.2518 1.4502 1039.45 0.471533 57.2867 3456 62.7 1.41044 -17.4571
7 438 7124.8 27.4 125.365 3.20929 169.633 1.4502 582.797 -0.212111 60.3258 3168 62.7 1.38225 14.5801
7 439 7163.59 27.4 -24.4655 2.64749 146.616 1.4502 664.535 -0.0357884 63.3164 3096 62.7 1.27957 48.7948
7 440 7101.46 27.4 -204.212 4.21354 138.345 1.4502 761.963 0.0040423 60.9245 3312 62.7 1.16564 44.2979
7 441 7093.89 27.4 -87.4202 2.44712 147.59 1.58563 610.647 -0.107022 60.2283 3096 62.7 1.20569 42.7866
7 442 6998.91 27.4 -54.432 1.2714 119.281 1.58563 735.991 0.122569 63.1882 3168 62.7 1.23017 53.8194
7 443 6943.76 27.4 -350.962 3.16421 150.198 1.58563 666.094 -0.0543655 59.9809 3240 62.7 1.16111 17.9754
7 444 7090.59 27.4 -42.6584 1.07532 163.052 1.58563 639.08 -0.0790666 58.1932 2952 62.7 1.28765 9.11448
7 445 7256.69 27.4 36.9861 -1.22587 139.846 1.58563 702.349 0.112449 60.5932 2952 62.7 1.29574 16.8293
7 446 7281.77 27.4 50.2273 0.158149 122.018 1.58563 742.099 0.178346 58.9157 3024 62.7 1.24868 4.90008
7 447 7089.41 27.4 70.588 -1.83089 126.793 1.58563 652.669 0.125843 54.0015 3312 62.7 1.23107 9.58611
8 1 7355.68 33.1 71.222 -0.25658 131.576 1.51046 606.29 -0.0998013 56.9002 3096 79 1.3149 12.1675
8 2 7342.48 33.1 98.6288 -0.922583 132.854 1.51046 616.824 -0.103594 58.1185 3168 79 1.30228 15.0804
8 3 7338.8 33.1 83.9729 0.573642 133.009 1.51046 610.943 -0.0868719 56.3419 3096 79 1.31691 3.57301
8 4 7366.34 33.1 43.8437 -0.293795 127.236 1.51046 631.625 -0.0533794 56.731 3096 79 1.31118 24.2029
8 5 7316.65 33.1 92.5131 0.462702 123.216 1.51046 657.123 -0.0311288 57.6848 3240 79 1.31511 7.92456
8 6 7353.25 33.1 107.525 1.31542 140.863 1.51046 626.372 -0.141386 57.4248 3312 79 1.31256 13.4543
8 7 7387.08 33.1 86.9266 4.86114 149.333 1.51046 710.954 -0.183818 57.5679 3168 79 1.30358 9.43154
8 8 7454.47 33.1 24.4987 3.33874 146.082 1.51046 720.601 -0.131909 60.7063 3240 79 1.33067 53.302
8 9 7509.6 33.1 -19.0391 2.98076 143.617 1.51046 694.278 -0.114038 62.985 3240 79 1.28326 97.9007
8 10 7471.04 33.1 -389.11 0.870002 140.428 1.51046 637.086 -0.100199 63.294 3096 79 1.11885 85.0729
8 11 7408.52 33.1 -298.996 2.164 118.297 1.51046 738.062 -0.00969968 63.248 3312 79 1.15919 60.4186
8 12 7347.87 33.1 -321.491 0.531373 131.046 1.51572 602.466 -0.116717 60.9804 3312 79 1.1976 33.189
8 13 7296.72 33.1 -185.942 0.726668 129.767 1.51572 560.865 -0.133786 63.8942 3240 79 1.30639 59.0091
8 14 7181.86 33.1 -288.748 -0.178934 131.276 1.51572 585.444 -0.133697 58.0522 3240 79 1.29746 11.1904
8 15 7214.42 33.1 13.8711 -0.438051 135.872 1.51572 607.298 -0.145783 56.8711 3240 79 1.35802 -11.1653
8 16 7340.8 33.1 235.009 -1.99693 155.242 1.51572 510.38 -0.216107 57.0912 3024 79 1.40223 -0.769709
8 17 7456.89 33.1 147.942 -3.6049 150.605 1.51572 535.391 -0.11635 58.2803 3168 79 1.31689 21.2302
8 18 7585.84 33.1 207.86 -4.01551 151.49 1.51572 519.345 -0.153127 53.2338 3168 79 1.29078 -10.3228
8 19 7586.52 33.1 286.206 -3.25263 146.044 1.51572 573.609 -0.113274 52.7269 3240 79 1.31004 -14.5661
8 20 7531.08 33.1 285.242 -4.45015 146.248 1.51572 589.333 -0.0574436 54.1208 3384 79 1.36647 -12.4975
8 21 7630.06 33.1 75.7452 -3.57933 156.468 1.51572 614.448 -0.0763813 57.586 3384 79 1.40687 1.97766
8 22 7727.32 33.1 -75.4713 -2.77183 165.719 1.51572 587.797 -0.127117 59.04 3384 79 1.4275 -12.4232
8 23 7770.04 33.1 -1.03189 -1.7244 160.161 1.41904 605.139 -0.1545 58.1551 3456 79 1.46855 7.5616
8 24 7692.86 33.1 -65.8591 -0.971187 151.998 1.41904 638.772 -0.0963388 60.154 3456 79 1.40529 2.35337
8 25 7668.15 33.1 -140.503 -1.6458 156.207 1.41904 647.929 -0.0759934 62.229 3456 79 1.3911 11.2806
8 26 7736.87 33.1 -378.995 -3.04045 153.008 1.41904 608.668 -0.063092 64.5861 3384 79 1.39009 12.9383
8 27 7678.37 33.1 -372.394 -0.230741 130.272 1.41904 612.584 -0.0787065 65.7735 3312 79 1.4216 24.2015
8 28 7372.4 33.1 -315.782 1.41 122.284 1.41904 698.11 -0.00191283 59.5314 3528 79 1.41752 -1.06806
8 29 7355.86 33.1 -166.677 -0.0326215 132.343 1.41904 617.89 -0.109626 62.2516 3384 79 1.46203 7.87581
8 30 7380.12 33.1 -273.073 2.31183 115.656 1.41904 713.253 -0.0134998 66.4227 3096 79 1.45015 38.6124
8 31 7228.35 33.1 -351.666 4.10748 129.462 1.41904 758.421 -0.0536784 62.2694 3024 79 1.4176 27.2981
8 32 7432.7 33.1 1.14291 6.23603 110.782 1.41904 813.089 0.0332169 61.0986 3168 79 1.43941 12.3898
8 33 7321.21 33.1 -67.8907 1.89537 121.802 1.41904 672.354 -0.0535531 62.9996 3096 79 1.2846 52.7074
8 34 7297.36 33.1 -256.034 0.768978 126.693 1.54713 597.328 -0.0961637 64.8925 3312 79 1.19358 75.013
8 35 7252.61 33.1 -182.646 1.81662 130.009 1.54713 576.087 -0.172569 57.7927 3168 79 1.18164 33.1117
8 36 7195.84 33.1 -126.69 -1.70054 141.547 1.54713 570.565 -0.13331 57.8255 3096 79 1.22436 -5.41167
8 37 7428.35 33.1 161.57 -0.741553 140.777 1.54713 628.581 -0.0913068 56.0506 3168 79 1.3586 10.9748
8 38 7466.15 33.1 115.502 0.395168 139.475 1.54713 623.192 -0.108684 54.9987 3024 79 1.30356 -11.5675
8 39 7362.75 33.1 173.254 0.00560828 138.999 1.54713 590.73 -0.0922178 56.6708 3096 79 1.30686 31.6414
8 40 7391.09 33.1 224.226 -0.0368885 122.97 1.54713 716.505 0.0161907 55.4888 3168 79 1.28995 20.5207
8 41 7438.81 33.1 -148.285 -0.118639 120.566 1.54713 676.103 -0.0046527 58.7859 3096 79 1.25019 18.1467
8 42 7359.6 33.1 -72.9767 -0.24547 127.33 1.54713 702.864 -0.0180405 59.4541 3240 79 1.34994 21.6876
8 43 7396.71 36.5 33.5999 2.59407 130.452 1.54713 704.851 -0.0625424 58.4321 3168 79 1.33531 13.6072
8 44 7364.99 36.5 -7.70945 3.49011 118.928 1.54713 733.95 -0.0508723 61.3471 3096 79 1.33527 46.1765
8 45 7250.35 36.5 -68.1297 2.41995 111.686 1.51213 704.638 -0.000556254 61.605 3024 79 1.28496 60.1463
8 46 7188.19 36.5 -146.74 -1.49858 113.683 1.51213 688.071 0.0476548 61.3677 3024 79 1.25203 58.0331
8 47 7313.63 36.5 -269.776 -0.200014 114.595 1.51213 749.202 0.0653916 60.3131 2952 79 1.20147 25.1656
8 48 7382.14 36.5 -44.2196 -1.51419 127.782 1.51213 670.278 -0.00798801 55.169 2880 79 1.3012 -6.13724
8 49 7438.68 36.5 235.148 -0.779448 124.919 1.51213 662.852 -0.0115074 55.8421 3168 79 1.3794 15.5384
8 50 7399.07 36.5 185.054 -1.53996 134.545 1.51213 614.869 -0.0738582 54.5627 2952 79 1.29854 -2.47666
8 51 7404.52 36.5 137.433 -0.552142 129.308 1.51213 771.69 0.0735357 55.1093 3168 64.3 1.30368 14.1435
8 52 7629.74 36.5 114.404 0.670237 145.128 1.51213 700.07 -0.0220627 55.7628 3024 64.3 1.355 -0.391326
8 53 7550.21 36.5 35.6486 -0.49332 142.836 1.51213 734.138 0.0154024 59.8035 3024 64.3 1.36622 22.727
8 54 7412.16 36.5 -73.2853 -0.754379 131.756 1.51213 743.203 0.0693936 59.0255 3168 64.3 1.33591 23.8227
8 55 7275.42 36.5 -66.8953 -0.956447 118.234 1.51213 758.86 0.147625 60.1462 3096 64.3 1.28117 33.5735
8 56 7232.84 36.5 -332.074 -0.367079 114.148 1.48974 790.59 0.142098 62.1262 3312 64.3 1.28955 2.36879
8 57 7198.08 36.5 -129.624 0.226063 132.64 1.48974 721.326 0.0280114 60.0519 3096 64.3 1.40598 -2.00889
8 58 7213.53 36.5 -129.115 -2.34426 117.431 1.48974 685.747 0.0838114 60.7445 3024 64.3 1.4207 -8.96192
8 59 7148.76 36.5 -11.6601 -0.260833 106.981 1.48974 771.679 0.133598 59.2626 2952 64.3 1.38635 21.8403
8 60 7047.55 36.5 -38.4823 1.90493 104.923 1.48974 781.814 0.125201 55.9941 3096 64.3 1.33122 -58.69
8 61 7050.42 36.5 260.051 2.87367 106.679 1.48974 792.158 0.0902303 57.237 2952 64.3 1.43587 -0.483521
8 62 6986.95 36.5 25.9277 1.53754 104.795 1.48974 778.455 0.116703 58.3379 2880 64.3 1.32363 -8.39388
8 63 7078.42 36.5 48.7649 -0.413183 111.526 1.48974 728.532 0.113358 59.7686 3024 64.3 1.31594 29.1389
8 64 7071.42 36.5 28.2097 -3.14213 128.193 1.48974 601.382 -0.0167732 56.6861 2880 64.3 1.25506 22.3531
8 65 7098.48 36.5 187.546 1.3184 119.598 1.48974 729.061 0.0368275 54.84 3096 64.3 1.2797 -1.10062
8 66 7106.54 36.5 286.322 2.74075 117.338 1.48974 741.366 -0.0111046 50.6854 3024 64.3 1.3278 -43.8031
8 67 7008.16 36.5 439.071 0.862895 116.793 1.58945 691.418 0.0118085 55.3608 2952 64.3 1.3624 13.1657
8 68 7008.18 36.5 133.547 2.1679 112.65 1.58945 740.854 0.038672 56.9678 2880 64.3 1.27054 13.8062
8 69 7018.83 36.5 -12.404 -1.99615 130.277 1.58945 747.662 0.0953005 55.67 2808 64.3 1.22955 -3.21904
8 70 7387.51 36.5 202.202 0.802009 122.303 1.58945 846.89 0.167483 56.1973 2880 64.3 1.29353 6.11256
8 71 7382.36 36.5 188.71 -0.0674419 130.384 1.58945 813.465 0.146832 54.0365 3024 64.3 1.27499 -1.60921
8 72 7413.87 36.5 156.42 1.60917 129.822 1.58945 746.033 0.0377306 57.8694 3312 64.3 1.24956 40.6958
8 73 7208.48 36.5 23.3081 1.62751 128.047 1.58945 725.349 0.000753307 56.2493 3240 64.3 1.18569 23.7941
8 74 7180.09 36.5 -184.245 1.71437 115.368 1.58945 764.031 0.0658031 62.9246 3384 64.3 1.24082 22.215
8 75 7042.1 36.5 -236.307 1.57247 123.665 1.58945 653.355 -0.0585033 63.3072 3168 64.3 1.34055 26.8788
8 76 6995.28 36.5 -275.624 0.10575 128.891 1.58945 680.326 -0.0119917 63.2057 3240 64.3 1.32048 23.4283
8 77 7170.74 36.5 -85.2486 -0.982704 149.195 1.58945 613.926 -0.103289 58.38 3096 64.3 1.35769 -4.18892
8 78 7265.46 36.5 105.5 -2.02426 137.578 1.49963 596.543 -0.0361946 56.5935 2880 64.3 1.35899 -5.81618
8 79 7159.54 36.5 233.7 -1.32465 122.998 1.49963 672.464 0.0544936 54.4053 3024 64.3 1.30845 4.43913
8 80 7101.33 36.5 200.978 -2.14971 126.173 1.49963 678.784 0.0465509 50.443 3024 64.3 1.28708 -23.7471
8 81 7212.1 36.5 283.399 -4.86537 116.586 1.49963 654.09 0.13491 53.26 3024 64.3 1.33899 -24.6023
8 82 7233.68 36.5 94.362 -6.28273 130.314 1.49963 598.919 0.0534323 53.9052 2952 64.3 1.40177 -47.1423
8 83 7308.44 36.5 256.898 -9.40898 131.957 1.49963 560.279 0.0862662 50.6484 3168 64.3 1.44138 -68.8614
8 84 7447.65 36.5 537.941 -8.79486 154.113 1.49963 529.767 -0.0102895 48.0987 3168 64.3 1.51043 -65.8938
8 85 7579.03 43.3 471.689 -9.08428 153.562 1.49963 549.443 -0.0120253 47.2883 3168 64.3 1.47261 -105.29
8 86 7501.02 43.3 592.896 -10.3037 142.79 1.49963 560.173 0.0674998 50.2078 3240 64.3 1.58245 -87.3857
8 87 7437.58 43.3 370.264 -8.839 137.342 1.49963 581.126 0.0562985 50.0786 3312 64.3 1.55268 -83.6023
8 88 7474.8 43.3 278.405 -8.2204 132.157 1.49963 658.775 0.106813 50.2245 3384 64.3 1.58327 -95.5212
8 89 7457.28 43.3 218.604 -7.73277 147.895 1.39223 536.577 -0.0608028 54.7994 3456 64.3 1.6519 -90.4204
8 90 7394.16 43.3 264.821 -5.45072 141.225 1.39223 546.88 -0.0936919 54.2327 3384 64.3 1.68683 -67.541
8 91 7220.78 43.3 223.317 -4.86735 146.895 1.39223 595.813 -0.0710186 53.7306 3384 64.3 1.60455 -78.94
8 92 7336.65 43.3 182.227 -3.79181 140.906 1.39223 615.158 -0.0838324 54.51 3456 64.3 1.60079 -58.4473
8 93 7312.23 43.3 167.942 -0.142694 150.831 1.39223 631.212 -0.165809 57.9245 3168 64.3 1.56045 -35.6418
8 94 7202.89 43.3 124.073 0.527461 141.457 1.39223 727.928 -0.0249976 57.3357 3312 64.3 1.50924 -31.6704
8 95 7316.07 43.3 208.649 -2.14995 143.156 1.39223 680.673 -0.0407346 57.7393 3240 64.3 1.48031 15.5331
8 96 7378.39 43.3 -137.992 -0.207281 151.911 1.39223 703.879 -0.070925 60.2258 3168 64.3 1.32521 23.8288
8 97 7354.14 43.3 -128.882 -0.217664 140.109 1.39223 700.102 -0.0380072 57.6713 3240 64.3 1.33492 -7.09415
8 98 7308.87 43.3 81.3582 -0.139742 130.557 1.39223 723.422 -0.02021 60.0395 3096 64.3 1.37613 19.1618
8 99 7220.48 43.3 -107.561 -2.29876 128.404 1.39223 792.721 0.111528 59.2999 3168 64.3 1.31272 10.5388
8 100 7418.31 43.3 -166.871 -1.67224 125.378 1.40235 750.758 0.0903843 61.3449 3096 64.3 1.3681 4.53333
8 101 7300.71 43.3 -157.019 -0.115902 112.298 1.40235 781.152 0.121636 60.4144 3024 59.8 1.36987 1.22008
8 102 7158.4 43.3 -32.2269 -0.0889108 114.628 1.40235 769.429 0.0711055 58.2117 3240 59.8 1.39474 -11.788
8 103 7029.65 43.3 117.449 -3.27097 126.092 1.40235 686.592 0.0431228 57.8864 3096 59.8 1.41401 4.63544
8 104 7129.71 43.3 -128.234 -2.05711 118.36 1.40235 742.733 0.125639 59.9216 3024 59.8 1.33917 -10.5655
8 105 7109.35 43.3 -41.411 -2.09566 116.106 1.40235 740.269 0.0904392 55.4653 2952 59.8 1.40231 -34.8111
8 106 7053.73 43.3 269.233 -3.50015 126.348 1.40235 654.236 0.0158739 54.7622 3096 59.8 1.44926 -21.3211
8 107 7075.36 43.3 323.371 -2.55577 131.314 1.40235 675.467 0.0090181 53.4559 3096 59.8 1.37171 -33.6459
8 108 7172.95 43.3 213.503 -1.74892 127.815 1.40235 708.477 0.0201001 53.2536 3168 59.8 1.34504 -60.1699
8 109 7109.22 43.3 236.938 -0.810714 142.858 1.40235 659.799 -0.0968169 54.9185 3096 59.8 1.41053 -38.1785
8 110 7140.02 43.3 248.251 -2.18907 127.527 1.40235 636.671 -0.0148478 55.0695 3168 59.8 1.39324 -14.0275
8 111 7021.36 43.3 194.85 -3.13623 129.28 1.53166 646.19 0.0214953 56.0198 3024 59.8 1.34158 -32.1768
8 112 7112.18 43.3 18.5869 -0.375651 120.42 1.53166 685.148 0.0396634 54.9428 3168 59.8 1.31952 -51.196
8 113 7021.24 43.3 273.752 1.27573 116.004 1.53166 683.804 -0.00393278 52.3934 2880 59.8 1.45868 -38.3402
8 114 6896.5 43.3 267.864 1.35669 105.081 1.53166 795.182 0.0972777 55.1577 2952 59.8 1.42701 -33.6866
8 115 6928.08 43.3 316.332 1.39001 104.742 1.53166 823.595 0.148168 55.3952 2808 59.8 1.39093 -4.42747
8 116 6957.93 43.3 125.542 2.79445 89.237 1.53166 852.242 0.181325 56.1352 2664 59.8 1.34389 -1.969
8 117 6843.16 43.3 194.278 3.59322 91.0621 1.53166 923.02 0.218158 56.4219 2664 59.8 1.33642 13.6399
8 118 6900.04 43.3 257.665 5.23987 85.3781 1.53166 946.215 0.242772 54.8925 2880 59.8 1.28697 7.31024
8 119 6908.78 43.3 194.455 5.41692 96.6571 1.53166 876.807 0.100601 58.308 2808 59.8 1.21801 32.0981
8 120 6811.68 43.3 26.501 6.39569 111.764 1.53166 887.044 0.083327 59.1067 2808 59.8 1.16109 38.3331
8 121 6941.95 43.3 100.42 4.18754 133.163 1.53166 895.1 0.0620777 56.6083 2808 59.8 1.16381 47.8996
8 122 7232.84 43.3 54.5998 5.5503 121.306 1.63326 938.605 0.103794 60.1222 2808 59.8 1.13064 66.0937
8 123 7204 43.3 -117.825 5.31695 126.365 1.63326 855.394 0.04214 60.4069 3024 59.8 1.09553 75.672
8 124 7153.18 43.3 -55.7616 4.27469 125.433 1.63326 830.178 0.0113522 60.5101 3168 59.8 1.08241 85.3726
8 125 7092.5 43.3 -205.282 2.7249 131.074 1.63326 784.91 -0.00374492 61.7916 3096 59.8 1.04029 77.5861
8 126 7110.53 43.3 -376.392 2.9553 105.634 1.63326 834.186 0.0995979 66.2914 3024 59.8 1.11525 52.2857
8 127 6953.13 33.9 -380.867 2.27274 104.175 1.63326 761.821 0.0874964 61.85 3024 59.8 1.2086 46.496
8 128 6941.62 33.9 -165.853 2.05328 112.435 1.63326 756.034 0.0353678 60.2866 3096 59.8 1.27485 44.844
8 129 6902.6 33.9 23.2739 2.22543 131.879 1.63326 708.324 -0.0215831 56.4551 2952 59.8 1.27395 0.0731867
8 130 7082.05 33.9 24.5316 4.40687 128.173 1.63326 751.351 0.00322728 60.4791 2952 59.8 1.2907 15.2033
8 131 7012.14 33.9 138.305 4.22154 122.036 1.63326 791.523 0.0475277 56.6557 2880 59.8 1.27616 24.8364
8 132 6988.64 33.9 191.51 5.44891 134.693 1.63326 792.151 0.016821 59.347 3024 59.8 1.21837 41.4589
8 133 7172.32 33.9 64.7815 3.14782 131.742 1.64939 795.217 0.0375244 59.5323 2952 59.8 1.1513 52.1731
8 134 7129.13 33.9 -127.907 3.27146 120.7 1.64939 848.941 0.125761 63.5963 2952 59.8 1.12642 68.7932
8 135 7164.23 33.9 -207.474 0.945509 129.067 1.64939 778.041 0.072818 60.3202 3096 59.8 1.14359 45.3226
8 136 7190.11 33.9 -121.334 3.44451 142.589 1.64939 856.582 0.0699923 60.5879 2952 59.8 1.17709 40.3523
8 137 7375.29 33.9 -164.48 4.43416 132.465 1.64939 940.455 0.188076 58.6815 3024 59.8 1.19163 30.7043
8 138 7401.31 33.9 -82.076 2.70677 128.375 1.64939 851.583 0.115223 64.4951 3024 59.8 1.27636 59.3778
8 139 7269.75 33.9 -358.862 2.90271 117.45 1.64939 810.751 0.104791 64.9834 3240 59.8 1.1709 83.5383
8 140 7086.34 33.9 -466.108 2.32133 124.976 1.64939 778.094 0.0530887 62.7892 3312 59.8 1.13936 67.7458
8 141 7126.87 33.9 -466.937 1.26046 126.883 1.64939 719.479 0.0468476 63.9556 3168 59.8 1.19943 30.8739
8 142 7091.54 33.9 -334.533 0.455225 120.86 1.64939 761.522 0.115753 64.7461 3024 59.8 1.32917 42.4391
8 143 7137.91 33.9 -249.862 -0.00167773 117.847 1.64939 750.386 0.128641 60.3367 3024 59.8 1.32339 18.5613
8 144 7123.12 33.9 -27.3118 0.000121617 131.491 1.42977 733.857 0.0935695 56.9828 2952 59.8 1.34342 -0.949608
8 145 7181.13 33.9 78.8502 -0.240643 124.008 1.42977 755.457 0.111022 56.8404 3096 59.8 1.30705 -26.1529
8 146 7193.8 33.9 156.707 2.14635 124.661 1.42977 781.54 0.0931094 56.8605 3096 59.8 1.30549 -2.65066
8 147 7178.38 33.9 73.7581 2.06944 126.814 1.42977 743.712 0.0506665 57.3985 3096 59.8 1.31304 4.56897
8 148 7115.16 33.9 19.8074 2.19404 116.268 1.42977 811.801 0.0925872 58.3378 3096 59.8 1.31128 21.4085
8 149 7026.94 33.9 -139.615 2.98445 118.482 1.42977 817.037 0.113908 60.7351 3024 59.8 1.26414 20.4172
8 150 7065.18 33.9 -40.8394 1.98346 121.67 1.42977 847.371 0.169384 62.3014 2952 59.8 1.32274 59.2395
8 151 7238.16 33.9 -160.095 0.365941 120.908 1.42977 829.595 0.175507 60.3224 2880 76.2 1.25997 21.2396
8 152 7243.34 33.9 -123.03 -0.562871 110.094 1.42977 788.554 0.164234 61.0246 2952 76.2 1.24398 61.6347
8 153 7189.64 33.9 -117.085 -2.73569 110.087 1.42977 722.6 0.121961 57.9422 3096 76.2 1.2496 32.2552
8 154 7362.83 33.9 15.4527 -0.647647 115.773 1.42977 762.234 0.139356 58.1533 3096 76.2 1.24449 18.1774
8 155 7509.25 33.9 -34.953 0.413431 130.815 1.60435 778.631 0.0682439 55.7923 3024 76.2 1.29529 -12.9614
8 156 7563.21 33.9 78.2152 1.33324 122.933 1.60435 785.346 0.0816038 58.7925 2952 76.2 1.40923 1.87068
8 157 7481.25 33.9 25.346 -0.359926 123.651 1.60435 807.342 0.145049 62.1843 2952 76.2 1.38059 36.3395
8 158 7612.29 33.9 -219.659 -0.986217 124.213 1.60435 805.489 0.171042 61.974 3024 76.2 1.27354 54.0612
8 159 7612.65 33.9 -266.312 -1.41413 126.28 1.60435 815.006 0.204456 62.6517 3168 76.2 1.2725 26.2772
8 160 7679.43 33.9 -213.99 -1.75692 132.175 1.60435 750.402 0.0703115 60.9319 3240 76.2 1.35454 18.5421
8 161 7598.04 33.9 -189.313 0.104805 130.493 1.60435 803.474 0.083478 60.417 3240 76.2 1.37565 5.78807
8 162 7560.07 33.9 -226.198 2.46043 100.058 1.60435 773.101 0.113448 61.0774 3456 76.2 1.38165 6.20811
8 163 7201.16 33.9 -317.238 1.94686 127.13 1.60435 727.17 -0.0102546 66.3921 3312 76.2 1.38804 52.5609
8 164 7356.88 33.9 -436.293 2.39166 122.186 1.60435 731.407 -0.0134346 65.1892 3384 76.2 1.34865 24.0003
8 165 7275.5 33.9 -279.833 1.73392 134.956 1.60435 676.206 -0.0734338 66.0057 3096 76.2 1.41581 50.6895
8 166 7342.81 33.9 -335.052 1.95986 128.426 1.37529 660.749 -0.122885 64.4627 3240 76.2 1.36882 21.374
8 167 7261.72 33.9 7.43322 -0.90834 139.529 1.37529 657.302 -0.0667111 59.1068 3168 76.2 1.34668 44.2346
8 168 7447.49 33.9 -143.97 1.46862 139.27 1.37529 647.706 -0.116378 61.0501 3168 76.2 1.20341 35.7774
8 169 7395.67 25 -59.9515 -0.0878223 132.73 1.37529 604.338 -0.0655129 58.1776 3168 76.2 1.26853 14.8897
8 170 7363.02 25 11.4637 -3.82159 140.771 1.37529 515.357 -0.128464 58.863 3312 76.2 1.2896 49.8491
8 171 7346.47 25 14.0168 -2.44709 135.897 1.37529 493.063 -0.133707 56.1789 3168 76.2 1.27783 5.67977
8 172 7287 25 -9.86227 -4.28109 129.791 1.37529 580.639 -0.00275173 54.2713 3168 76.2 1.31624 -23.6323
8 173 7369.15 25 182.038 -4.39205 139.556 1.37529 583.886 -0.0126843 54.4957 3096 76.2 1.44098 -21.9164
8 174 7508.48 25 145.286 -2.99757 131.313 1.37529 588.404 0.00917268 56.2017 3096 76.2 1.43973 -17.0505
8 175 7414.21 25 205.151 -4.16149 120.347 1.37529 536.172 0.00240139 55.6732 3168 76.2 1.41997 -33.8219
8 176 7243.83 25 234.978 -7.46175 125.362 1.37529 442.325 -0.0216504 54.9749 3240 76.2 1.37815 -13.4577
8 177 7267.27 25 155.318 -8.87221 121.269 1.56635 465.072 0.035026 52.8261 3096 76.2 1.38738 -54.4934
8 178 7385.4 25 182.568 -8.92178 117.204 1.56635 512.534 0.0859741 49.1458 3024 76.2 1.47975 -94.2705
8 179 7373.98 25 542.243 -7.78596 111.515 1.56635 506.527 0.0952815 48.4482 2880 76.2 1.63409 -112.878
8 180 7259.79 25 710.209 -5.86826 90.494 1.56635 549.898 0.136051 46.5348 2952 76.2 1.6306 -109.436
8 181 7014.33 25 634.789 -4.1389 77.281 1.56635 596.481 0.172768 46.9128 3024 76.2 1.55032 -104.143
8 182 6898.86 25 608.654 -2.52779 84.266 1.56635 554.894 0.0887148 47.7178 3024 76.2 1.57346 -99.2162
8 183 6882.61 25 597.142 -4.77832 88.6587 1.56635 520.431 0.067491 49.8408 2808 76.2 1.59164 -82.1921
8 184 6852.75 25 570.411 0.944418 80.4913 1.56635 575.845 0.0278936 48.3793 2736 76.2 1.55053 -68.5131
8 185 6659.81 25 837.678 0.787336 80.7411 1.56635 571.47 0.034318 44.1492 2736 76.2 1.51063 -87.3475
8 186 6746.27 25 887.146 1.68028 91.6383 1.56635 578.395 -0.016589 46.8959 2736 76.2 1.44246 -34.5983
8 187 6795.58 25 724.853 0.397389 106.867 1.56635 562.001 -0.0186181 46.3106 2448 76.2 1.29707 -38.6595
8 188 7001.49 25 812.386 1.78235 98.7595 1.75862 647.497 0.0803828 47.5912 2664 76.2 1.30067 -36.193
8 189 7022.42 25 814.957 1.68946 111.453 1.75862 607.943 -0.0285414 43.9692 2664 76.2 1.22233 -14.5905
8 190 7101.31 25 812.798 0.732695 121.853 1.75862 680.351 0.0177944 48.843 2952 76.2 1.20596 -5.07982
8 191 7305.5 25 637.582 -0.00361097 131.35 1.75862 604.781 -0.0450712 48.1619 2736 76.2 1.17215 10.109
8 192 7384 25 344.377 -2.09098 115.541 1.75862 705.292 0.129557 52.1061 2808 76.2 1.15154 21.0794
8 193 7405.43 25 279.648 1.94975 110.566 1.75862 733.089 0.109556 53.9326 2952 76.2 1.21057 12.9894
8 194 7326.16 25 308.011 2.10865 108.498 1.75862 761.438 0.123263 53.6741 3024 76.2 1.23499 -4.40474
8 195 7328.99 25 131.832 1.31884 117.857 1.75862 741.9 0.110597 58.9742 2952 76.2 1.25649 37.9132
8 196 7402.97 25 -102.39 1.69003 116.524 1.75862 795.541 0.145763 59.8784 3024 76.2 1.29105 46.2104
8 197 7429.56 25 -96.6562 0.4952 118.998 1.75862 720.66 0.0900632 60.9595 2952 76.2 1.30104 38.6488
8 198 7374.54 25 -76.5632 -1.07643 109.836 1.75862 710.811 0.128372 59.0366 3024 76.2 1.3119 35.6939
8 199 7329.88 25 -108.934 -0.714348 109.808 1.56814 741.151 0.174212 57.1876 2952 76.2 1.24497 23.372
8 200 7299.5 25 -41.4398 -2.96481 111.932 1.56814 742.374 0.2077 56.8292 2952 76.2 1.31348 15.1775
8 201 7506.45 25 -65.2732 -2.22923 116.631 1.56814 673.035 0.123066 60.0786 3024 22 1.34812 13.6647
8 202 7386.69 25 19.385 -5.0832 169.828 1.56814 593.868 0.0655591 56.3389 2808 22 1.36945 -2.07031
8 203 7560.77 25 124.428 -5.50059 156.668 1.56814 734.361 0.234106 55.8693 2952 22 1.37052 -15.4898
8 204 6990.54 25 236.985 -2.90441 152.105 1.56814 756.022 0.2251 52.1525 3096 22 1.36783 -57.1841
8 205 6935.4 25 142.515 -0.0245506 133.897 1.56814 830.756 0.275813 55.6877 3312 22 1.42095 -44.7237
8 206 6797.59 25 145.41 -2.72879 145.351 1.56814 706.274 0.191822 57.682 3384 22 1.47671 -24.2241
8 207 6759.05 25 -50.9295 -4.18625 152.082 1.56814 670.489 0.18953 61.4422 3312 22 1.37125 1.27188
8 208 6773.53 25 -256.619 -4.7897 134.864 1.56814 657.195 0.209583 60.9159 3240 22 1.39692 -45.8034
8 209 6612.69 25 -22.1168 -5.23331 139.397 1.56814 630.55 0.191949 56.8362 3096 22 1.49742 -66.8341
8 210 6644.2 25 152.315 -4.98132 129.212 1.25637 651.565 0.254476 53.0993 3096 22 1.51909 -69.4288
8 211 6627.11 73.3 283.282 -4.39878 128.387 1.25637 847.673 0.29206 52.0381 2952 22 1.52759 -100.389
8 212 6707.49 73.3 358.252 -4.72371 110.616 1.25637 822.785 0.325758 51.3884 3024 22 1.52721 -91.2757
8 213 6465.66 73.3 501.974 -5.21902 124.845 1.25637 768.234 0.138333 49.9486 3168 22 1.54504 -86.8149
8 214 6529.82 73.3 409.901 -2.96302 139.565 1.25637 730.462 0.00131079 49.5681 3312 22 1.48311 -97.2771
8 215 6538.22 73.3 505.257 -3.71173 153.087 1.25637 706.515 -0.0508792 48.1085 3096 22 1.52342 -119.636
8 216 6622 73.3 532.342 -2.8619 151.743 1.25637 764.411 -0.0364187 51.3563 3024 22 1.5003 -81.6366
8 217 6630.12 73.3 572.928 -1.73298 132.47 1.25637 788.984 0.0533794 47.5584 2952 22 1.44724 -72.8434
8 218 6481.99 73.3 449.44 -2.05796 120.558 1.25637 857.236 0.143827 51.3387 2952 22 1.36624 -56.4103
8 219 6489.69 73.3 403.593 -0.532895 118.172 1.25637 923.039 0.160605 50.4236 2880 22 1.36418 -63.9823
8 220 6576.89 73.3 427.922 2.39893 109.271 1.25637 1019.86 0.239014 51.5387 2952 22 1.36362 -61.5525
8 221 6485.95 73.3 348.45 2.19818 125.315 1.40848 951.532 0.122832 56.2027 2880 22 1.40666 -33.4569
8 222 6538.73 73.3 306.97 0.0523393 127.405 1.40848 939.943 0.132689 55.6299 2952 22 1.35009 -10.8804
8 223 6687.44 73.3 166.878 0.783079 135.076 1.40848 932.116 0.112797 57.3944 2880 22 1.23686 -6.79149
8 224 6672.14 73.3 61.6901 2.91819 136.804 1.40848 1008.45 0.115796 56.0553 2952 22 1.20894 -1.19816
8 225 6677.03 73.3 264.034 4.8961 136.557 1.40848 1048.7 0.14061 54.6504 3024 22 1.25847 17.8088
8 226 NaN 73.3 131.571 2.44369 129.012 1.40848 987.459 0.140514 61.5863 2880 22 1.23817 33.7428
8 227 6698.95 73.3 -214.213 1.86629 117.506 1.40848 1025.75 0.238531 61.9536 2880 22 1.15374 48.8325
8 228 6605.9 73.3 -290.346 1.49115 109.998 1.40848 1075.72 0.314333 59.3918 2808 22 1.17778 10.2766
8 229 6627.88 73.3 -100.115 0.1402 112.172 1.40848 1048.98 0.337328 59.959 2808 22 1.26538 11.8072
8 230 6744.64 73.3 -43.4135 0.260401 112.193 1.40848 1095.44 0.331742 59.2137 2664 22 1.28739 -4.6249
8 231 6754.45 73.3 -39.2209 2.76485 97.514 1.40848 1151.81 0.419182 57.6367 2736 22 1.26551 -16.8468
8 232 6647.81 73.3 99.2765 0.639384 108.986 1.38718 1101.01 0.356048 57.8274 2880 22 1.32615 2.7971
8 233 6751.12 73.3 10.4412 2.36465 116.798 1.38718 1124.37 0.357668 58.652 2808 22 1.25471 17.909
8 234 6823.89 73.3 -147.691 2.96552 97.9481 1.38718 1177.59 0.434214 58.4375 2664 22 1.24562 4.18163
8 235 6685.91 73.3 -79.6245 -0.114765 98.5181 1.38718 1150.94 0.49029 62.2139 2808 22 1.30834 20.7128
8 236 6770.2 73.3 -101.59 -1.21661 119.888 1.38718 1122.09 0.429367 59.5293 2808 22 1.25833 25.6846
8 237 7001.44 73.3 -219.01 0.0834763 126.035 1.38718 1125.39 0.400659 59.0732 2664 22 1.21656 -10.6982
8 238 7055.76 73.3 -86.4968 -5.9119 126.647 1.38718 1081.8 0.479196 60.138 2808 22 1.3186 8.05545
8 239 7221.56 73.3 -40.5441 -4.305 124.19 1.38718 1088.63 0.433999 60.6061 3096 22 1.33529 -1.83338
8 240 7092.14 73.3 -107.163 -0.962867 125.85 1.38718 1077.05 0.329035 56.1349 3024 22 1.27908 -45.6397
8 241 6898.1 73.3 -46.8636 -0.861089 105.361 1.38718 1089.82 0.408629 61.4853 3096 22 1.44405 -21.1638
8 242 6745.09 73.3 -233.17 -1.45075 100.824 1.38718 1108.7 0.460657 62.9365 3024 22 1.48048 -13.1271
8 243 6786.52 73.3 -423.131 -0.4533 105.875 1.199 1106.38 0.435031 64.3375 2952 22 1.4401 -28.9912
8 244 6834.21 73.3 -313.57 -2.28539 114.405 1.199 1048.67 0.360009 62.7698 2808 22 1.5088 -37.8839
8 245 6785.36 73.3 -109.647 -1.55672 101.959 1.199 1067.02 0.411107 60.898 2808 22 1.50505 -4.06192
8 246 6726.34 73.3 0.39428 -1.96311 94.287 1.199 1065.08 0.451458 56.0691 2880 22 1.43409 -25.9355
8 247 6642.92 73.3 54.8346 -0.871255 100.981 1.199 1067.36 0.42459 56.6544 2880 22 1.40727 -28.901
8 248 6681.36 73.3 19.7968 -1.12345 123.862 1.199 1065.6 0.350778 54.7503 2880 22 1.40945 -62.3739
8 249 6894.3 73.3 145.753 -1.05458 115.941 1.199 1094.26 0.389406 56.8736 2736 22 1.47017 -52.8313
8 250 6863.1 73.3 139.065 0.425214 110.582 1.199 1079.21 0.35811 57.9159 2808 22 1.40557 -25.4929
8 251 6703.85 73.3 10.1335 -0.0844066 109.086 1.199 1042.53 0.349645 56.7473 2880 23.8 1.32773 7.38452
8 252 6687.79 73.3 42.5667 -1.87277 91.5171 1.199 1058.78 0.461786 59.0832 2952 23.8 1.30249 -12.8088
8 253 6637.08 36.1 -217.433 -4.4184 109.425 1.199 874.767 0.349297 60.7805 2880 23.8 1.30008 -15.2621
8 254 6786.3 36.1 -103.576 -2.3962 102.79 1.26757 889.754 0.321007 55.1656 2808 23.8 1.39604 -50.0018
8 255 6592.7 36.1 247.793 -5.84571 106.456 1.26757 830.792 0.436151 51.4466 2808 23.8 1.46647 -83.6879
8 256 6690.68 36.1 333.952 -2.69001 108.726 1.26757 886.167 0.409483 54.3233 2808 23.8 1.44288 -51.2593
8 257 6720.29 36.1 273.92 0.334421 95.4434 1.26757 960.88 0.492474 49.6505 2664 23.8 1.41558 -105.804
8 258 6623.08 36.1 369.225 1.55239 89.0543 1.26757 960.197 0.487826 54.0861 2736 23.8 1.49214 -64.5605
8 259 6518.27 36.1 360.281 0.847752 94.716 1.26757 959.637 0.462698 53.6563 2808 23.8 1.40808 -40.2368
8 260 6518.18 36.1 128.772 -1.08294 103.121 1.26757 953.061 0.435587 56.4361 2736 23.8 1.32247 -25.7129
8 261 6711.54 36.1 108.481 1.54662 100.829 1.26757 959.367 0.425485 57.5048 2592 23.8 1.33844 -33.5299
8 262 6563.64 36.1 206.512 1.67672 90.8305 1.26757 973.307 0.458526 54.2811 2592 23.8 1.33581 -19.6276
8 263 6483.93 36.1 290.226 1.88157 93.9017 1.26757 986.399 0.457595 56.098 2808 23.8 1.32702 -22.1152
8 264 6512.71 36.1 222.221 0.811941 89.2875 1.26757 996.566 0.454857 56.385 2664 23.8 1.26534 -1.82299
8 265 6473.1 36.1 37.3736 0.699744 92.836 1.49522 960.649 0.445174 58.0781 2520 23.8 1.25269 -21.4421
8 266 6481.06 36.1 206.456 2.54887 95.1837 1.49522 1065.56 0.522419 54.488 2520 23.8 1.30785 -11.4718
8 267 6647.89 36.1 257.96 3.56294 88.0566 1.49522 1085.18 0.553079 53.7712 2592 23.8 1.25023 -17.1619
8 268 6581.32 36.1 214.194 2.24806 105.881 1.49522 1034.22 0.466152 57.9602 2592 23.8 1.24824 7.16237
8 269 6721.37 36.1 107.11 2.04246 107.32 1.49522 1017.05 0.439377 58.1789 2808 23.8 1.1904 10.9069
8 270 6730.72 36.1 134.089 1.82014 111.398 1.49522 981.944 0.405943 57.1221 2808 23.8 1.18627 23.0206
8 271 6732.7 36.1 -36.6228 1.67192 125.193 1.49522 989.119 0.370325 60.2031 2952 23.8 1.18496 14.1659
8 272 6882.89 36.1 -4.76413 2.60781 119.14 1.49522 988.757 0.380076 56.3112 2880 23.8 1.24646 7.7744
8 273 6779.64 36.1 -97.6556 1.33246 131.654 1.49522 975.199 0.375417 61.6238 2880 23.8 1.25642 23.6379
8 274 6886 36.1 -142.025 -0.404028 117.495 1.49522 977.796 0.411186 61.3732 2952 23.8 1.24952 19.9309
8 275 6883.27 36.1 -224.583 0.589928 105.56 1.49522 989.782 0.430491 60.8621 2736 23.8 1.2328 29.2167
8 276 6692.5 36.1 -260.356 -0.115253 96.3694 1.34924 1022.14 0.551221 61.4058 2880 23.8 1.26794 1.36224
8 277 6660.6 36.1 -106.048 -1.31491 95.0715 1.34924 964.746 0.508389 60.2992 2736 23.8 1.34157 3.20293
8 278 6651.88 36.1 -213.802 0.331284 95.8606 1.34924 1046.94 0.567747 59.5077 2592 23.8 1.27021 -18.5378
8 279 6759.09 36.1 -109.178 -1.50512 79.0112 1.34924 1025.27 0.617474 57.336 2592 23.8 1.39256 -49.2723
9 1 6978.54 29.2 -553.383 3.88395 180.608 1.2972 755.651 -0.0380241 64.915 3600 29.6 1.26563 55.1782
9 2 6960.1 29.2 -515.367 3.48155 182.481 1.2972 755.877 -0.0410894 67.717 3600 29.6 1.26441 54.129
9 3 6972.12 29.2 -523.809 5.16218 174.468 1.2972 758.182 -0.023308 67.2408 3600 29.6 1.27696 52.1037
9 4 6835.24 29.2 -566.357 3.61724 174.538 1.2972 771.275 0.00381299 66.1438 3528 29.6 1.26641 45.4619
9 5 6891.37 29.2 -522.266 4.0361 175.63 1.2972 808.24 0.0345661 66.971 3528 29.6 1.25797 52.7078
9 6 6964.71 29.2 -483.862 3.40685 163.833 1.2972 804.9 0.0688416 67.0787 3384 29.6 1.24919 41.0433
9 7 6889.47 29.2 -485.414 2.31343 166.785 1.2972 760.399 0.0688998 67.4554 3528 29.6 1.2722 47.8802
9 8 6874.16 29.2 -416.285 4.44492 162.962 1.2972 801.716 0.0360302 63.4535 3528 29.6 1.27173 50.5014
9 9 6799.62 29.2 -436.789 3.79515 165.188 1.2972 752.002 -0.00997286 63.4957 3600 29.6 1.23221 20.8796
9 10 6797.92 29.2 -399.169 5.04621 166.865 1.2972 715.17 -0.0504807 65.9346 3456 29.6 1.31874 38.578
9 11 6645.28 29.2 -443.991 4.74214 154.039 1.2972 764.72 0.0412261 63.5365 3456 29.6 1.26726 47.3744
9 12 6569.29 29.2 -348.373 3.95042 144.431 1.37085 725.804 0.0330141 64.1353 3456 29.6 1.27862 42.8752
9 13 6503.57 29.2 -257.887 7.3826 146.851 1.37085 763.749 -0.00867578 63.761 3312 29.6 1.26795 19.3718
9 14 6460.31 29.2 -336.786 3.46378 152.012 1.37085 674.241 -0.0206931 60.8497 3312 29.6 1.24065 10.1707
9 15 6495.78 29.2 15.1559 5.17045 150.863 1.37085 691.484 -0.0122123 61.8466 3096 29.6 1.30462 51.7453
9 16 6466.92 29.2 -187.915 7.78174 134.291 1.37085 833.16 0.0957508 57.5373 3024 29.6 1.15106 -9.05149
9 17 6446.46 29.2 194.379 6.734 124.537 1.37085 841.473 0.144469 55.9842 3096 29.6 1.22611 15.3199
9 18 6385.86 29.2 169.711 7.05671 139.343 1.37085 850.261 0.0855794 59.6265 2880 29.6 1.16047 49.9532
9 19 6460.8 29.2 -70.02 7.13363 124.411 1.37085 925.765 0.239714 59.4247 2952 29.6 1.11009 26.8215
9 20 6559.43 29.2 53.2397 5.27013 135.019 1.37085 872.205 0.181456 61.6783 2952 29.6 1.14883 78.9398
9 21 6553.15 29.2 -74.7256 5.63522 134.351 1.37085 854.194 0.139373 61.1988 3024 29.6 1.0556 54.1338
9 22 6531.32 29.2 -11.8783 3.518 144.439 1.37085 840.772 0.162734 57.4741 3024 29.6 1.06396 65.3029
9 23 6717.53 29.2 -43.0128 3.84567 146.45 1.61795 884.893 0.198816 58.8777 3096 29.6 1.08173 41.8053
9 24 6761.32 29.2 -121.126 6.93115 147.636 1.61795 857.53 0.113267 59.8118 3024 29.6 1.1259 24.8554
9 25 6680.94 29.2 -14.4116 3.78128 143.254 1.61795 857.548 0.166448 60.7462 3240 29.6 1.18387 45.8979
9 26 6736.21 29.2 -48.5927 2.85191 148.786 1.61795 822.193 0.165042 59.898 3384 29.6 1.13011 49.1065
9 27 6762.28 29.2 -316.88 5.13994 156.873 1.61795 796.355 0.0541472 62.8991 3384 29.6 1.10974 40.0765
9 28 6735.3 29.2 -262.004 4.16131 185.544 1.61795 703.336 -0.0714906 61.3506 3600 29.6 1.20232 22.8411
9 29 6868.95 29.2 -87.6516 1.29371 194.086 1.61795 646.2 -0.133435 61.6754 3600 29.6 1.29456 49.4052
9 30 6990.15 29.2 -295.156 -1.48764 214.952 1.61795 621.06 -0.123118 62.1407 3600 29.6 1.16572 32.3961
9 31 7205.53 29.2 -236.061 -0.465202 208.434 1.61795 606.064 -0.127146 62.5542 3672 29.6 1.20832 34.3013
9 32 7146.33 29.2 -130.497 -1.64532 203.123 1.61795 587.182 -0.106449 59.6761 3888 29.6 1.27085 23.554
9 33 7153.69 29.2 -237.498 0.429399 217.402 1.61795 602.724 -0.174349 62.4641 3888 29.6 1.26524 14.1873
9 34 7153.59 29.2 -377.162 2.82583 190.068 1.39827 673.507 -0.0998997 59.0119 3816 29.6 1.31937 -7.83491
9 35 6942.78 29.2 -444.573 1.29721 181.14 1.39827 679.967 -0.0577586 68.1268 3744 29.6 1.42641 27.0021
9 36 6870.96 29.2 -513.237 3.3668 166.2 1.39827 762.214 0.0368647 68.4222 3600 29.6 1.44629 21.3697
9 37 6827.58 29.2 -560.151 4.10471 154.484 1.39827 834.236 0.120437 65.128 3456 29.6 1.38644 28.7061
9 38 6812.81 29.2 -520.872 5.73515 155.74 1.39827 845.92 0.0836854 68.2101 3456 29.6 1.4047 32.72
9 39 6714.28 29.2 -380.029 5.10996 159.43 1.39827 858.846 0.123409 65.4298 3456 29.6 1.38509 43.2471
9 40 6902.24 29.2 -383.158 4.87816 171.602 1.39827 808.632 0.0291579 66.7408 3456 29.6 1.27669 69.2074
9 41 6896.08 29.2 -474.586 5.71424 164.913 1.39827 831.944 0.0765608 65.7032 3312 29.6 1.2239 78.9575
9 42 6850.56 29.2 -424.64 3.04948 156.431 1.39827 789.648 0.106386 65.6074 3384 29.6 1.19152 74.8937
9 43 6770.11 33.4 -334.784 1.94424 161.448 1.39827 791.941 0.122495 64.7592 3528 29.6 1.17995 62.7086
9 44 NaN 33.4 -522.672 2.31729 164.879 1.39827 772.994 0.0436937 62.8882 3384 29.6 1.16761 18.156
9 45 6799.26 33.4 -291.701 2.24738 169.901 1.34333 789.207 0.0508418 63.2091 3456 29.6 1.30954 23.1477
9 46 6881.76 33.4 -206.122 3.34468 177.688 1.34333 760.889 -0.0468587 63.2521 3528 29.6 1.31795 31.5544
9 47 6866.63 33.4 -222.883 3.07099 179.157 1.34333 713.446 -0.0511759 63.3471 3528 29.6 1.27245 42.9974
9 48 6863.47 33.4 -362.865 5.71484 176.358 1.34333 756.915 -0.0916349 65.1253 3672 29.6 1.2656 48.373
9 49 6746.45 33.4 -327.915 4.43151 165.367 1.34333 683.249 -0.0734681 63.7822 3600 29.6 1.24893 22.8709
9 50 6598.08 33.4 -379.815 2.8547 159.778 1.34333 678.45 -0.0209385 67.28 3528 29.6 1.26037 67.1592
9 51 6652.12 33.4 -532.556 0.129071 159.159 1.34333 650.843 -0.023394 63.1059 3384 79.3 1.20986 31.3012
9 52 6617.66 33.4 -222.543 -0.318223 142.702 1.34333 647.963 -0.0492039 59.8212 3456 79.3 1.31882 2.0877
9 53 6820.07 33.4 7.7902 2.80203 141.55 1.34333 690.319 -0.0968625 57.3518 3384 79.3 1.36632 -2.60764
9 54 7356.47 33.4 147.184 2.02306 139.739 1.34333 715.454 -0.0504497 57.1958 3240 79.3 1.31924 16.3563
9 55 7381.51 33.4 92.8507 1.3723 145.159 1.34333 641.334 -0.124539 59.3644 3528 79.3 1.28723 62.5604
9 56 7368.13 33.4 -35.8425 1.45164 159.281 1.66556 572.522 -0.207155 59.6905 3384 79.3 1.20634 61.6075
9 57 7401.86 33.4 -274.849 -0.28983 162.124 1.66556 574.229 -0.182861 61.6171 3384 79.3 1.18707 40.1905
9 58 7514.35 33.4 -97.356 -0.686064 159.12 1.66556 594.509 -0.130146 58.0532 3312 79.3 1.32986 26.9759
9 59 7527.15 33.4 -92.8899 -1.81401 149.907 1.66556 626.919 -0.0745188 58.4738 3168 79.3 1.32 24.8343
9 60 7486.03 33.4 -121.677 2.27921 118.034 1.66556 726.415 0.058117 57.9161 3312 79.3 1.33491 26.1776
9 61 7258.61 33.4 -28.8619 0.153341 128.992 1.66556 662.933 0.016085 59.1087 3384 79.3 1.35313 -0.45225
9 62 7258.52 33.4 -106.368 1.26672 131.998 1.66556 676.262 -0.0133052 61.8688 3384 79.3 1.38348 20.724
9 63 7282.75 33.4 -195.086 1.7587 121.585 1.66556 666.429 -0.0496413 61.1317 3168 79.3 1.3645 -1.91259
9 64 7131.59 33.4 -81.649 2.75602 119.74 1.66556 672.849 -0.0357585 58.4369 3096 79.3 1.42461 6.87851
9 65 7121.2 33.4 50.2806 -0.562793 122.697 1.66556 694.901 0.0706808 56.6735 3096 79.3 1.39953 22.6462
9 66 7391.26 33.4 26.3399 -1.84331 117.905 1.66556 741.538 0.136124 57.4321 3024 79.3 1.30016 25.9278
9 67 7354.65 33.4 -13.4912 1.60333 124.949 1.63076 703.949 0.00318327 56.1488 3096 79.3 1.29078 -8.75214
9 68 7244.33 33.4 297.658 3.98277 132.715 1.63076 686.874 -0.0822489 54.2225 3240 79.3 1.36472 15.7622
9 69 7256.13 33.4 253.909 1.40931 130.221 1.63076 658.747 -0.0482089 56.3583 3240 79.3 1.28219 23.0199
9 70 7320.48 33.4 -63.9468 -0.125595 134.152 1.63076 694.993 -0.0120971 62.4102 3024 79.3 1.25772 40.7158
9 71 7349.02 33.4 -191.88 1.1461 136.987 1.63076 767.711 0.0956185 59.7438 3096 79.3 1.29622 29.636
9 72 7554.9 33.4 41.2072 0.729066 158.853 1.63076 702.446 -0.0224004 56.7538 3240 79.3 1.32988 12.7354
9 73 7685.37 33.4 134.897 -0.895101 140.866 1.63076 670.928 -0.0277943 59.7809 3096 79.3 1.31612 49.9915
9 74 7472.17 33.4 -86.4363 0.76157 134.613 1.63076 724.201 0.039867 60.1808 3384 79.3 1.23299 27.5826
9 75 7481.93 33.4 -104.988 -0.633908 158.372 1.63076 695.452 -0.0270994 57.9396 3528 79.3 1.29159 10.0469
9 76 7678.22 33.4 -174.007 -3.58969 151.162 1.63076 580.35 -0.050939 62.3903 3384 79.3 1.31959 26.1799
9 77 7549.11 33.4 -386.032 -2.30483 155.573 1.63076 625.94 -0.0513927 64.7095 3456 79.3 1.36871 45.2726
9 78 7558.73 33.4 -224.264 -0.605742 147.94 1.4077 614.244 -0.069364 55.5587 3600 79.3 1.41092 -5.85519
9 79 7512.29 33.4 24.8532 1.96972 146.868 1.4077 640.404 -0.135062 59.9718 3600 79.3 1.45285 2.7866
9 80 7369.16 33.4 -208.337 -1.28241 160.138 1.4077 547.197 -0.18759 61.2324 3672 79.3 1.43014 0.617584
9 81 7445.62 33.4 -104.948 -0.712215 163.254 1.4077 509.137 -0.249046 62.6398 3600 79.3 1.47516 57.3507
9 82 7442.7 33.4 -326.653 0.240901 168.443 1.4077 532.57 -0.268918 59.6087 3384 79.3 1.34906 -2.01533
9 83 7424.93 33.4 -52.8275 -0.312924 160.154 1.4077 624.648 -0.141132 59.4591 3312 79.3 1.45063 6.24019
9 84 7472.06 33.4 11.0949 1.01127 131.335 1.4077 642.033 -0.064376 59.7128 3240 79.3 1.41561 15.347
9 85 7231.75 54.2 -97.5136 2.32102 119.326 1.4077 803.845 0.0456854 62.4348 3240 79.3 1.36559 29.5326
9 86 7294.24 54.2 -207.676 3.36741 126.783 1.4077 828.538 0.0315194 58.9847 3456 79.3 1.32796 -7.44739
9 87 7328.89 54.2 -58.8537 2.48845 136.374 1.4077 716.992 -0.153427 62.0764 3168 79.3 1.3762 44.4661
9 88 7256.07 54.2 -265.442 0.333195 140.722 1.4077 701.687 -0.10285 64.2704 3096 79.3 1.31423 62.3432
9 89 7352.62 54.2 -79.7912 -1.49367 130.378 1.5344 679.977 -0.0688596 59.5398 3240 79.3 1.27856 51.0263
9 90 7389.93 54.2 -31.077 -1.47176 142.898 1.5344 687.282 -0.0922925 56.8391 3024 79.3 1.2585 32.2474
9 91 7459.66 54.2 -69.5752 0.422279 117.314 1.5344 812.867 0.0671089 54.7212 2952 79.3 1.31392 -7.48486
9 92 7355.68 54.2 250.976 -1.77775 114.404 1.5344 888.228 0.194078 56.1313 3024 79.3 1.41386 14.0381
9 93 7538.46 54.2 73.7216 0.139047 116.96 1.5344 833.293 0.11836 59.294 3312 79.3 1.32371 16.2264
9 94 7426.46 54.2 -31.0707 -1.19631 146.201 1.5344 686.411 -0.0652092 58.9167 3312 79.3 1.31531 25.1122
9 95 7528.44 54.2 -69.1793 -0.715587 143.295 1.5344 630.421 -0.154356 59.3549 3528 79.3 1.3492 15.4976
9 96 7309.31 54.2 -22.4632 -2.29344 143 1.5344 559.989 -0.209592 56.5767 3456 79.3 1.38045 -18.5583
9 97 7279.64 54.2 -55.7366 -1.18713 149.238 1.5344 617.626 -0.195118 58.7137 3384 79.3 1.38981 -9.07734
9 98 7335.32 54.2 64.3498 -0.680646 133.498 1.5344 685.176 -0.108176 55.1832 3312 79.3 1.47309 -27.994
9 99 7318.05 54.2 118.535 -0.75076 145.284 1.5344 682.262 -0.147719 60.3513 3240 79.3 1.48017 1.18094
9 100 7413.02 54.2 64.9407 -0.495161 154.722 1.4976 667.683 -0.157518 56.1464 3312 79.3 1.44385 -0.494393
9 101 7508.36 54.2 106.503 2.82987 144.231 1.4976 744.6 -0.178615 56.436 3312 53.2 1.34805 -4.25326
9 102 7348.86 54.2 -15.3119 5.29876 153.809 1.4976 797.798 -0.122824 56.3665 3312 53.2 1.32506 15.0977
9 103 7308.23 54.2 61.0496 3.79821 153.14 1.4976 781.188 -0.122867 62.4312 3312 53.2 1.34145 54.5638
9 104 7001.37 54.2 -243.268 4.17227 142.651 1.4976 815.919 -0.0701948 63.8219 3384 53.2 1.25084 73.7987
9 105 6937.69 54.2 -432.45 5.03127 139.926 1.4976 782.117 -0.115081 64.869 3384 53.2 1.22118 67.8704
9 106 6814.42 54.2 -285.091 5.77417 140.62 1.4976 748.418 -0.129742 63.5378 3312 53.2 1.28674 71.3931
9 107 6762.7 54.2 -278.145 8.27581 129.797 1.4976 827.691 -0.0860828 61.4684 3312 53.2 1.2332 38.9749
9 108 6693.56 54.2 -165.734 8.28709 119.754 1.4976 793.307 -0.101514 62.3717 3240 53.2 1.22448 51.2403
9 109 6520.25 54.2 -148.152 6.0615 126.111 1.4976 700.714 -0.154195 61.8059 3024 53.2 1.23962 72.3984
9 110 6538.83 54.2 -86.9494 3.71395 123.152 1.4976 765.258 -0.0319951 58.5462 2952 53.2 1.16116 44.9049
9 111 6679.53 54.2 19.6517 4.00289 116.276 1.60837 769.229 -0.0117717 54.5007 2880 53.2 1.14459 27.6117
9 112 6600.91 54.2 242.868 1.48796 132.302 1.60837 706.734 -0.0960706 53.0077 2952 53.2 1.21336 21.0982
9 113 6775.48 54.2 457.505 2.45746 143.658 1.60837 703.468 -0.127136 50.1196 3024 53.2 1.20258 15.817
9 114 6854.84 54.2 468.338 2.75536 137.544 1.60837 750.449 -0.0588324 50.2416 2808 53.2 1.13785 -6.90917
9 115 6886.59 54.2 342.265 1.34509 130.159 1.60837 809.138 0.0831186 53.6701 2952 53.2 1.16677 12.4414
9 116 6945.6 54.2 422.935 0.950078 142.715 1.60837 793.581 0.00591463 52.4761 3168 53.2 1.19646 7.15873
9 117 7036.82 54.2 210.091 1.28452 147.814 1.60837 749.906 -0.0552058 54.8121 3096 53.2 1.17112 12.3911
9 118 7025.53 54.2 142.848 1.01065 139.54 1.60837 820.217 0.0344627 56.6374 3240 53.2 1.242 24.4533
9 119 7055.99 54.2 117.513 2.11554 145.236 1.60837 776.416 -0.0773279 56.4664 3384 53.2 1.25522 15.6015
9 120 6990.1 54.2 36.8051 5.34215 137.792 1.60837 799.97 -0.065933 59.2289 3312 53.2 1.25907 20.7064
9 121 6770.08 54.2 -84.5471 3.49274 131.281 1.60837 823.977 -0.0427214 60.7626 3240 53.2 1.266 25.6896
9 122 6799.35 54.2 -97.3355 3.50004 122.206 1.48074 790.704 0.0180665 61.2224 3096 53.2 1.28399 44.0021
9 123 6733.46 54.2 -223.184 3.47047 116.02 1.48074 820.958 0.0365808 60.7422 2880 53.2 1.23801 61.4908
9 124 6760.57 54.2 -130.858 1.43126 111.677 1.48074 852.595 0.156143 55.4011 3024 53.2 1.26425 -3.15753
9 125 6851.21 54.2 197.682 -0.133276 134.694 1.48074 779.193 0.0343931 56.5293 2952 53.2 1.30508 38.9294
9 126 7008.5 54.2 146.513 -3.0718 140.358 1.48074 718.376 0.0268321 54.2659 3024 53.2 1.2139 11.1777
9 127 7034.69 33.2 256.044 -5.4135 148.087 1.48074 559.449 -0.00264306 53.0296 3024 53.2 1.27374 7.68307
9 128 7077.98 33.2 352.463 -7.84717 154.955 1.48074 640.317 0.0684948 50.4396 3096 53.2 1.29289 -40.197
9 129 7316.73 33.2 343.252 -3.14036 143.221 1.48074 718.322 0.146966 47.8519 3240 53.2 1.32569 -72.4791
9 130 7240.64 33.2 476.805 -1.89144 157.405 1.48074 744.468 0.134145 50.6068 3240 53.2 1.46325 -48.6013
9 131 7401.43 33.2 278.43 -1.51366 156.204 1.48074 725.692 0.0995183 55.769 3384 53.2 1.47788 -23.9147
9 132 7357.82 33.2 42.3936 -1.11294 153.796 1.48074 782.012 0.15793 59.1886 3312 53.2 1.40966 6.46047
9 133 7382.01 33.2 -277.698 -0.325403 145.802 1.51048 795.333 0.171396 63.1587 3528 53.2 1.36669 2.62102
9 134 7300.33 33.2 -182.361 2.39755 151.354 1.51048 822.623 0.0883122 63.4453 3456 53.2 1.43311 -1.99741
9 135 7277.9 33.2 -383.255 2.02187 152.784 1.51048 742.038 0.0774981 64.2242 3456 53.2 1.39382 -7.45617
9 136 7175.19 33.2 -307.714 3.13746 138.723 1.51048 831.206 0.127677 67.2703 3456 53.2 1.46285 43.3324
9 137 7098.09 33.2 -573.757 2.87002 138.723 1.51048 800.78 0.0859805 64.6619 3528 53.2 1.32939 39.4073
9 138 7199.39 33.2 -370.555 1.4327 138.723 1.51048 719.024 0.000661689 65.6421 3384 53.2 1.3982 36.2703
9 139 7178.8 33.2 -416.948 -1.30023 138.723 1.51048 682.905 0.0124744 65.7301 3456 53.2 1.32293 46.5852
9 140 7281.46 33.2 -347.333 -1.47559 138.723 1.51048 636.507 -0.0339259 61.4022 3528 53.2 1.31621 34.0075
9 141 7157.98 33.2 -108.672 -0.489108 138.723 1.51048 602.402 -0.0699426 57.9159 3528 53.2 1.32303 5.08401
9 142 7057.1 33.2 -194.852 -0.764412 138.723 1.51048 618.038 -0.077805 61.1282 3456 53.2 1.34946 9.18141
9 143 6906.01 33.2 -93.5797 1.47495 138.723 1.51048 694.021 -0.00201549 60.0879 3384 53.2 1.39869 -27.9007
9 144 6883.07 33.2 -96.8501 -0.940217 138.723 1.49576 694.154 0.0457627 61.1458 3384 53.2 1.43141 11.0125
9 145 7060.66 33.2 -67.7301 2.06568 138.723 1.49576 685.674 -0.00359875 60.0273 3240 53.2 1.42736 8.70488
9 146 6880.66 33.2 -33.2956 -1.92208 138.723 1.49576 594.053 -0.062737 56.919 3240 53.2 1.39686 -9.26587
9 147 6955.8 33.2 207.681 -1.3168 138.723 1.49576 585.063 -0.0522912 57.0161 3456 53.2 1.37999 17.4826
9 148 6957.24 33.2 174.556 0.952657 138.723 1.49576 598.904 -0.0770393 52.5964 3312 53.2 1.28509 -23.0503
9 149 6871.45 33.2 172.099 0.890923 138.723 1.49576 564.242 -0.155385 55.5243 3312 53.2 1.36329 -27.7193
9 150 6918.83 33.2 278.692 1.25522 138.723 1.49576 680.182 -0.0455451 54.3934 3168 53.2 1.41 -7.34873
9 151 7102.51 33.2 136.326 3.14166 138.723 1.49576 765.1 0.0434258 54.0474 3024 23 1.31431 -33.2852
9 152 7104.75 33.2 211.243 2.01062 138.723 1.49576 757.651 0.0739091 58.0334 3168 23 1.35716 12.6666
9 153 7092.08 33.2 86.3866 -0.348321 138.723 1.49576 671.715 0.0159066 58.5647 3384 23 1.25511 31.6751
9 154 6816.85 33.2 -75.9087 -2.92934 138.723 1.49576 652.929 0.00164958 57.6042 3600 23 1.19566 -5.16244
9 155 7092.07 33.2 -114.724 -1.69159 138.723 1.48351 684.787 -0.0149786 57.8835 3456 23 1.25207 -11.9057
9 156 7124.76 33.2 -38.21 -4.82886 138.723 1.48351 646.183 0.0319344 58.0528 3384 23 1.38259 -17.8221
9 157 7147.88 33.2 12.1697 -4.3691 138.723 1.48351 703.074 0.177758 59.6906 3744 23 1.39196 -7.24005
9 158 7072.69 33.2 -127.376 -3.31944 138.723 1.48351 683.128 0.088469 56.3629 3744 23 1.34266 -36.7089
9 159 7125 33.2 -216.932 -2.16377 138.723 1.48351 699.8 0.0396991 61.4845 3744 23 1.44704 -44.6415
9 160 7052.48 33.2 -184.88 -2.74186 138.723 1.48351 658.572 0.0455764 60.642 3672 23 1.55796 -36.6247
9 161 6893.22 33.2 -273.895 -2.00878 138.723 1.48351 646.858 0.0452298 64.4956 3816 23 1.54452 -19.45
9 162 6675.82 33.2 -315.074 -3.15581 138.723 1.48351 582.963 -0.00356894 61.5573 3816 23 1.47805 -36.2088
9 163 6582.33 33.2 -251.446 -2.4976 138.723 1.48351 554.982 -0.0514168 60.3252 3456 23 1.52339 -51.4349
9 164 6498.28 33.2 -143.211 -2.6323 138.723 1.48351 640.221 0.0867923 58.4279 3312 23 1.57111 -71.6034
9 165 6420.45 33.2 77.8863 -1.69325 138.723 1.48351 664.112 0.079354 54.1664 3384 23 1.59458 -69.4474
9 166 6617.8 33.2 377.734 -4.43046 138.723 1.26875 568.812 0.00817272 53.1515 3312 23 1.55433 -57.8594
9 167 6736.8 33.2 401.44 -6.53077 138.723 1.26875 556.485 -0.000662997 53.056 3168 23 1.45946 -52.4322
9 168 6719.17 33.2 394.429 -4.56653 138.723 1.26875 589.351 0.00551203 47.3995 3528 23 1.40443 -84.86
9 169 6959.93 56 613.335 -3.79241 138.723 1.26875 624.363 -0.117168 46.3805 3672 23 1.42126 -79.7722
9 170 7134.72 56 458.091 -5.58844 138.723 1.26875 565.377 -0.196561 51.7111 3600 23 1.42463 -57.0238
9 171 7182.97 56 181.135 -2.83714 138.723 1.26875 712.488 -0.135437 57.1302 3744 23 1.43703 -37.8964
9 172 7303.42 56 46.5235 -2.42359 138.723 1.26875 725.288 -0.101115 53.8662 3816 23 1.41647 -25.607
9 173 7215.64 56 -46.695 -1.27838 138.723 1.26875 762.883 -0.0638165 64.44 3888 23 1.43697 9.04257
9 174 6991.99 56 -437.455 -0.140769 138.723 1.26875 706.739 -0.0971411 65.0991 4032 23 1.3934 -7.04365
9 175 6897.5 56 -457.923 -1.40179 138.723 1.26875 735.675 -0.0543856 65.4137 3816 23 1.45415 -11.9519
9 176 6875.56 56 -651.389 -1.60363 138.723 1.26875 750.606 -0.0206727 67.5234 3600 23 1.47797 -9.47175
9 177 6978.48 56 -537.477 -0.131208 138.723 1.0422 786.27 0.0048865 64.7384 3672 23 1.56434 -8.41045
9 178 6822.21 56 -282.863 0.581867 138.723 1.0422 732.236 -0.106304 61.4671 3600 23 1.51602 -23.5836
9 179 6870.35 56 -204.688 0.684775 138.723 1.0422 734.42 -0.100491 61.3198 3672 23 1.45806 -6.60474
9 180 6888.33 56 -175.244 -1.05479 138.723 1.0422 755.252 -0.0663038 62.138 3600 23 1.41635 -0.72664
9 181 6789.62 56 -292.959 -3.06804 138.723 1.0422 697.397 -0.0668846 64.5401 3456 23 1.38213 8.70567
9 182 6964.5 56 -165.432 -1.49413 138.723 1.0422 763.092 0.0395109 61.5695 3384 23 1.39827 -0.278031
9 183 6900.72 56 -201.947 -4.51576 138.723 1.0422 791.308 0.135788 59.3739 3384 23 1.36756 -34.8805
9 184 6753.55 56 -90.6894 -2.39831 138.723 1.0422 796.45 0.14181 59.4834 3600 23 1.44095 -25.3321
9 185 6739.54 56 -40.6759 -0.992647 138.723 1.0422 789.028 0.0377121 55.6304 3528 23 1.45174 -49.7459
9 186 6899.46 56 -43.5295 -2.13238 138.723 1.0422 759.711 0.0597335 57.5547 3384 23 1.50051 -43.4254
9 187 6929.09 56 26.2844 -4.54044 138.723 1.0422 721.298 0.00118046 59.9886 3456 23 1.53511 -9.16247
9 188 7053.34 56 -40.0788 -8.01352 138.723 1.26368 648.011 0.0112321 56.4036 3528 23 1.41451 -40.4761
9 189 7093.65 56 77.8295 -8.84092 138.723 1.26368 635.539 0.0496548 53.9661 3528 23 1.42275 -46.2927
9 190 6982.79 56 28.7715 -6.48906 138.723 1.26368 683.596 0.0508848 52.149 3600 23 1.4359 -109.541
9 191 6842.39 56 233.719 -4.27574 138.723 1.26368 743.605 0.0856411 53.2303 3600 23 1.61716 -102.74
9 192 6882.96 56 112.949 -4.20121 138.723 1.26368 708.854 0.0538464 57.626 3672 23 1.65112 -81.0686
9 193 6685.31 56 -16.6858 -1.88374 138.723 1.26368 672.619 -0.0285345 59.2877 3672 23 1.61746 -43.6291
9 194 6611.86 56 -15.1031 -5.2199 138.723 1.26368 544.165 -0.145985 56.7773 3816 23 1.58568 -55.5654
9 195 6594.61 56 113.385 -4.09799 138.723 1.26368 507.223 -0.234652 57.2682 3672 23 1.5771 -66.3885
9 196 6603.06 56 68.3318 -2.89435 138.723 1.26368 564.29 -0.219168 51.4821 3384 23 1.50041 -86.5218
9 197 6651.79 56 438.491 -0.233723 138.723 1.26368 703.939 -0.0825096 52.2289 3456 23 1.59322 -84.9879
9 198 6626.12 56 530.872 1.40499 138.723 1.26368 738.868 -0.0657479 52.1641 3384 23 1.50883 -72.9919
9 199 6646.34 56 307.781 3.85293 138.723 1.43983 799.382 -0.0998742 56.2334 3384 23 1.42502 6.42817
9 200 6778.53 56 151.756 5.26998 138.723 1.43983 867.261 -0.0380294 56.799 3528 23 1.33707 2.08428
9 201 6733.62 56 6.34663 6.55034 138.723 1.43983 877.95 -0.132111 61.5165 3600 25.2 1.30405 50.587
9 202 6728.77 56 -111.531 5.02072 138.723 1.43983 744.409 -0.244209 64.3503 3600 25.2 1.22329 48.403
9 203 6636.35 56 -275.29 3.75578 138.723 1.43983 809.976 -0.0936531 69.3833 3456 25.2 1.16124 85.4611
10 1 6619.25 29.5 37.1339 3.78389 139.298 1.50368 730.105 0.0684915 59.1172 3096 37.5 1.17224 10.6744
10 2 6630.1 29.5 50.0454 2.95996 134.841 1.50368 729.342 0.0574751 58.4605 3096 37.5 1.18843 1.35371
10 3 6602.9 29.5 65.0751 2.81901 140.514 1.50368 729.939 0.0627673 58.151 3096 37.5 1.19363 23.4023
10 4 6675.71 29.5 28.1824 1.77641 154.255 1.50368 720.492 0.0343164 57.8935 3096 37.5 1.20508 6.19303
10 5 6863.16 29.5 32.6274 0.441818 161.544 1.50368 735.977 0.0488707 57.6825 3096 37.5 1.19578 -0.61522
10 6 7041.19 29.5 49.1166 -3.3432 152.439 1.50368 631.975 0.0606752 59.6028 3096 37.5 1.19979 11.1608
10 7 6900.57 29.5 35.1696 -3.01305 143.738 1.50368 664.313 0.108327 58.5445 3096 37.5 1.21622 19.4488
10 8 6850.97 29.5 43.7599 -1.4466 137.408 1.50368 760.691 0.201153 54.2564 3240 37.5 1.17718 -29.3734
10 9 6874.97 29.5 143.421 0.248744 130.361 1.50368 785.711 0.235484 55.8062 3240 37.5 1.31385 -51.1962
10 10 6857.8 29.5 -32.3047 0.272146 121.861 1.50368 695.051 0.130606 59.8018 3240 37.5 1.40044 -27.8082
10 11 6561.32 29.5 -47.7969 3.27283 110.557 1.50368 741.098 0.123564 59.906 3240 37.5 1.40021 -6.81466
10 12 6416.11 29.5 3.50417 0.21756 115.559 1.4098 649.972 0.0858728 56.378 3240 37.5 1.31338 -41.2621
10 13 6327.97 29.5 44.8491 -2.51111 138.873 1.4098 594.534 0.0721859 59.2845 2880 37.5 1.3852 -3.765
10 14 6678.87 29.5 -6.22874 -2.83594 131.962 1.4098 711.502 0.187073 56.3166 2880 37.5 1.33796 -41.4915
10 15 6769.3 29.5 444.016 -2.66377 148.878 1.4098 592.558 0.0425057 48.571 2880 37.5 1.38838 -90.5195
10 16 6798.12 29.5 754.45 -6.62451 150.467 1.4098 566.831 0.0590206 49.6171 3168 37.5 1.35538 -47.8012
10 17 6930.94 29.5 650.031 -8.47114 167.2 1.4098 478.35 0.0240677 46.1533 3312 37.5 1.25341 -72.9212
10 18 7033.61 29.5 418.742 -9.02588 160.664 1.4098 465.845 0.0312742 50.44 3240 37.5 1.29411 -69.9
10 19 6982.65 29.5 459.184 -7.7503 170.474 1.4098 460.154 -0.0402019 47.7394 3384 37.5 1.43957 -87.7971
10 20 6982.81 29.5 558.019 -7.5349 169.12 1.4098 518.316 0.0162459 46.9715 3384 37.5 1.53926 -130.348
10 21 7044.19 29.5 547.777 -10.6108 158.705 1.4098 513.119 0.103768 50.3241 3384 37.5 1.57652 -122.608
10 22 7113.04 29.5 317.314 -9.8498 167.055 1.4098 481.164 0.0407732 53.7391 3528 37.5 1.58403 -111.626
10 23 7049.93 29.5 307.265 -10.0009 185.365 1.29607 381.843 -0.11119 48.8003 3600 37.5 1.56643 -117.931
10 24 7118.3 29.5 481.849 -8.24834 187.87 1.29607 409.298 -0.125598 48.8861 3672 37.5 1.63423 -129.733
10 25 7078.24 29.5 446.009 -5.28956 183.032 1.29607 462.502 -0.140666 50.954 3600 37.5 1.63585 -111.397
10 26 6967.24 29.5 397.802 -4.82941 185.514 1.29607 490.717 -0.139791 54.353 3528 37.5 1.6673 -97.9865
10 27 7022.28 29.5 302.275 -5.27002 169.941 1.29607 570.373 0.0177004 53.7818 3384 37.5 1.62684 -82.6342
10 28 7085.7 29.5 83.7447 -3.43987 155.963 1.29607 672.616 0.125012 57.712 3312 37.5 1.54133 -69.9437
10 29 7020.95 29.5 44.1992 -3.08868 158.512 1.29607 694.858 0.12 57.6535 3312 37.5 1.52268 -66.983
10 30 7060.23 29.5 187.993 -3.48058 152.169 1.29607 728.206 0.181028 58.5864 3384 37.5 1.53707 -35.3339
10 31 7045.89 29.5 -26.5835 -5.33251 155.736 1.29607 670.592 0.138851 59.6289 3456 37.5 1.43184 -21.0041
10 32 7085.7 29.5 -114.934 -5.79107 165.235 1.29607 582.217 0.0505892 60.4306 3600 37.5 1.42556 -33.6176
10 33 7034.38 29.5 -63.8704 -6.79925 170.019 1.29607 532.951 -0.00896562 57.5602 3528 37.5 1.47288 -46.8261
10 34 6989.47 29.5 -31.1084 -4.25958 163.567 1.28514 559.734 -0.00583693 56.2976 3600 37.5 1.48022 -53.1326
10 35 7009.13 29.5 113.223 -6.2255 170.539 1.28514 518.572 -0.0273689 55.6606 3528 37.5 1.54307 -87.6834
10 36 7044.27 29.5 108.155 -4.59211 161.464 1.28514 563.435 0.00937381 58.1343 3456 37.5 1.53719 -61.8606
10 37 6920.85 29.5 106.467 -5.40319 149.314 1.28514 500.734 0.00597991 56.3717 3384 37.5 1.50653 -76.6807
10 38 6699.91 29.5 183.807 -4.68124 133.735 1.28514 583.818 0.0818543 56.0401 3384 37.5 1.54341 -66.1564
10 39 6648.47 29.5 113.524 -2.81098 131.774 1.28514 591.227 0.0774715 52.8644 3384 37.5 1.5025 -90.9216
10 40 6604.42 29.5 238.666 -4.58801 145.937 1.28514 550.065 0.0298927 54.6392 3240 37.5 1.55873 -86.9999
10 41 6739.61 29.5 351.065 -1.26865 146.668 1.28514 585.082 -0.0207266 55.4176 3240 37.5 1.53745 -73.5335
10 42 6667.57 29.5 416.396 -2.22348 154.788 1.28514 560.115 -0.0582478 50.1012 3096 37.5 1.48261 -76.9846
10 43 6720.31 31.1 534.675 -0.539417 139.924 1.28514 629.701 -5.89448e-05 52.6174 3168 37.5 1.42005 -37.1149
10 44 6630.2 31.1 367.049 2.23418 125.171 1.28514 662.246 0.0428101 53.1663 3168 37.5 1.33606 -44.743
10 45 6411.35 31.1 281.19 2.24223 139.518 1.5427 674.845 -0.00570036 55.1714 3240 37.5 1.32415 -22.8954
10 46 6577.25 31.1 268.162 -0.232126 144.903 1.5427 617.127 -0.0449265 56.1178 3240 37.5 1.3363 -11.9876
10 47 6600.22 31.1 157.978 0.479271 154.299 1.5427 601.371 -0.0819915 57.8523 3096 37.5 1.27141 11.0446
10 48 6682.87 31.1 154.173 1.33662 144.976 1.5427 635.474 -0.0444727 54.8742 3096 37.5 1.24603 -23.8174
10 49 6583.15 31.1 420.023 2.37348 145.384 1.5427 676.63 -0.0242346 53.7063 3096 37.5 1.30819 4.11496
10 50 6656.97 31.1 268.777 0.900539 138.061 1.5427 627.763 -0.00152475 53.0662 3312 37.5 1.21081 -4.24968
10 51 6573.25 31.1 194.854 1.98736 137.076 1.5427 637.842 -0.0479839 59.034 3168 33.1 1.21005 4.7682
10 52 6520.66 31.1 60.3817 2.16129 138.873 1.5427 686.89 -0.00375271 54.8485 3168 33.1 1.20769 -30.2607
10 53 6588.43 31.1 240.676 3.59756 133.449 1.5427 683.769 0.00746988 55.778 3096 33.1 1.29157 -9.32817
10 54 6344.96 31.1 117.225 1.24531 146.544 1.5427 647.688 -0.0158129 58.5446 3096 33.1 1.23478 5.18105
10 55 6520.39 31.1 177.964 0.599144 158.972 1.5427 595.406 -0.0684011 56.2027 3168 33.1 1.21886 11.4468
10 56 6648.17 31.1 166.104 -2.34876 163.221 1.48605 558.538 -0.0741638 52.1574 3096 33.1 1.18046 1.2295
10 57 6718.88 31.1 278.495 -2.15889 162.488 1.48605 560.341 -0.0814127 53.1007 3096 33.1 1.20698 -17.9715
10 58 6684.52 31.1 462.81 0.798266 163.742 1.48605 678.212 0.00399097 50.6282 3096 33.1 1.26075 -26.8959
10 59 6840.71 31.1 341.638 0.168269 148.398 1.48605 719.832 0.0860396 52.5353 3312 33.1 1.24787 -43.5421
10 60 6790.7 31.1 292.093 2.69094 159.507 1.48605 685.615 -0.00883807 58.8717 3240 33.1 1.31597 4.26124
10 61 6739.78 31.1 6.49587 0.156221 166.57 1.48605 690.996 -0.00254324 57.5148 3456 33.1 1.25605 12.3353
10 62 6870.06 31.1 92.5013 -1.15363 169.261 1.48605 629.873 -0.0397536 58.8069 3312 33.1 1.29277 8.54462
10 63 6840.16 31.1 -165.48 -1.8479 160.82 1.48605 651.423 0.0239704 61.8138 3312 33.1 1.23565 18.2072
10 64 6842.23 31.1 -91.2442 -1.43194 163.508 1.48605 669.951 0.0260275 59.2453 3528 33.1 1.28139 -11.8777
10 65 6853.34 31.1 90.7401 -1.54209 171.781 1.48605 631.85 -0.0449875 58.48 3384 33.1 1.34109 -12.5048
10 66 6864.94 31.1 -57.1793 -0.36666 161.511 1.48605 662.618 -0.0106356 60.3232 3384 33.1 1.33508 -17.9893
10 67 6820.16 31.1 -14.3965 -0.215231 165.644 1.34413 651.225 0.00318055 58.9942 3384 33.1 1.36444 -14.563
10 68 6865.51 31.1 -75.7605 -0.235717 156.752 1.34413 622.502 -0.0112133 61.032 3456 33.1 1.35306 -10.7052
10 69 6708.06 31.1 -115.245 1.08601 149.662 1.34413 688.864 0.00835449 60.0759 3456 33.1 1.32689 -27.8405
10 70 6687.49 31.1 -29.4691 -2.00598 177.455 1.34413 553.505 -0.107368 59.3213 3384 33.1 1.36828 -28.8252
10 71 6869.6 31.1 48.09 -3.19282 152.298 1.34413 597.907 0.0201957 61.4291 3456 33.1 1.38322 5.10634
10 72 6742.16 31.1 -73.3135 -3.76698 168.987 1.34413 555.995 -0.0975565 58.3802 3456 33.1 1.31052 -43.3591
10 73 6793.77 31.1 104.634 -1.55895 171.89 1.34413 476.259 -0.172705 52.391 3528 33.1 1.41735 -41.6348
10 74 6669.67 31.1 322.55 -2.76963 167.546 1.34413 551.173 -0.0818524 55.1666 3456 33.1 1.40401 -50.6947
10 75 6729.37 31.1 92.6806 -4.50415 164.591 1.34413 536.665 -0.0814563 55.5341 3384 33.1 1.35929 -43.5921
10 76 6745.98 31.1 292.579 -1.15182 159.986 1.34413 623.776 -0.030205 55.6621 3312 33.1 1.46302 -46.2851
10 77 6764.96 31.1 88.2816 -2.01351 182.579 1.34413 574.469 -0.0691911 55.098 3168 33.1 1.38253 -65.514
10 78 6962.5 31.1 378.088 -5.85845 150.485 1.38284 592.231 0.0899467 55.3638 3096 33.1 1.44318 -16.5269
10 79 6834.82 31.1 70.2651 -6.99156 145.435 1.38284 657.738 0.213688 55.729 3240 33.1 1.29427 -43.8287
10 80 6905.1 31.1 114.874 -7.89847 157.103 1.38284 534.648 0.0666772 50.9317 3240 33.1 1.33896 -92.687
10 81 6886.2 31.1 386.097 -6.56363 148.494 1.38284 665.958 0.222649 50.5984 3240 33.1 1.47884 -78.6776
10 82 6992.19 31.1 241.475 -8.03898 163.356 1.38284 612.129 0.132435 50.9909 3384 33.1 1.49251 -105.331
10 83 7111.01 31.1 466.339 -5.39064 168.497 1.38284 601.366 0.0478508 52.2808 3528 33.1 1.59825 -80.2761
10 84 7005.78 31.1 264.457 -5.2386 183.035 1.38284 567.615 -0.0142326 55.0181 3672 33.1 1.49743 -97.652
10 85 7112.19 69.2 241.583 -1.26614 195.685 1.38284 666.38 -0.139245 55.6574 3672 33.1 1.53706 -62.2701
10 86 7083.8 69.2 111.83 -1.54834 176.217 1.38284 735.882 -0.0573748 58.3958 3456 33.1 1.47843 -51.4529
10 87 6968.25 69.2 -82.0477 -2.06393 147.892 1.38284 808.993 0.0186125 64.177 3456 33.1 1.47315 -33.4409
10 88 6897.6 69.2 -128.727 -4.05958 165.477 1.38284 763.489 0.00676075 61.8098 3456 33.1 1.43432 -23.4741
10 89 7024.73 69.2 -354.063 -3.53671 161.947 1.24621 721.164 -0.0486106 62.0512 3384 33.1 1.38526 -18.3974
10 90 6866.92 69.2 -194.072 -0.973832 145.228 1.24621 804.698 0.0233379 60.1084 3312 33.1 1.46195 -49.8671
10 91 6767.53 69.2 -6.78603 0.876582 146.744 1.24621 794.703 -0.0364894 57.736 3384 33.1 1.47398 -39.0197
10 92 6676.98 69.2 82.9352 2.69349 128.485 1.24621 874.899 0.0513292 58.6616 3312 33.1 1.47822 -26.5872
10 93 6593.82 69.2 -201.789 3.79631 136.74 1.24621 862.347 -0.00238127 62.6013 3240 33.1 1.37891 2.68947
10 94 6583.79 69.2 -115.509 0.262367 137.464 1.24621 759.733 -0.00558662 61.9987 3096 33.1 1.3883 2.88524
10 95 6558.65 69.2 -60.5749 1.06018 130.23 1.24621 847.216 0.0184769 61.555 3168 33.1 1.31353 18.8368
10 96 6593.08 69.2 11.0199 -0.0651682 140.713 1.24621 756.327 -0.0564229 56.1116 3096 33.1 1.26807 -35.702
10 97 6561.06 69.2 227.622 1.64554 142.147 1.24621 771.825 -0.0765478 57.3636 3168 33.1 1.31523 -9.01765
10 98 6592.5 69.2 185.291 1.06152 156.799 1.24621 760.401 -0.0984297 53.269 3240 33.1 1.24835 -33.5666
10 99 6708.77 69.2 296.812 2.28283 164.888 1.24621 783.216 -0.116481 54.8522 3024 33.1 1.31222 -28.4063
10 100 6784.98 69.2 158.323 -0.300255 138.319 1.50834 812.34 0.0148516 55.7053 3096 33.1 1.26717 2.85207
10 101 6620.99 69.2 147.136 -1.09458 135.096 1.50834 698.876 -0.0722055 57.9461 3096 42.2 1.22822 19.5261
10 102 6413.16 69.2 86.9835 -1.49584 126.017 1.50834 778.097 0.0506955 55.5863 3168 42.2 1.19365 -12.66
10 103 6600.77 69.2 115.161 -3.13189 126.188 1.50834 764.784 0.0492706 53.781 3168 42.2 1.28502 -60.6588
10 104 6728.76 69.2 213.51 -5.37513 133.708 1.50834 631.814 -0.0536415 57.1869 2952 42.2 1.39906 -48.248
10 105 6701.63 69.2 254.956 -4.40699 139.027 1.50834 675.321 -0.0284886 51.651 3024 42.2 1.40661 -50.9842
10 106 6771.43 69.2 583.803 -4.22333 132.393 1.50834 710.645 0.052346 44.919 3096 42.2 1.40861 -84.4979
10 107 6820.39 69.2 584.424 -4.90704 148.479 1.50834 678.104 -0.0107395 48.4002 3024 42.2 1.40347 -77.5128
10 108 6973.5 69.2 477.81 -4.97587 146.696 1.50834 656.223 -0.0475054 48.0496 3240 42.2 1.4212 -83.795
10 109 6882.13 69.2 535.757 -5.1716 162.281 1.50834 676.589 -0.0592322 49.2979 3240 42.2 1.46085 -78.5044
10 110 7009.97 69.2 470.021 -3.08154 153.078 1.50834 709.402 -0.063139 51.1022 3456 42.2 1.40337 -69.7156
10 111 6932.92 69.2 439.677 0.978666 157.225 1.44553 672.583 -0.205118 51.4521 3240 42.2 1.44139 -66.2555
10 112 6711.18 69.2 172.037 0.914801 138.358 1.44553 802.249 -0.0626063 55.7678 3456 42.2 1.43101 -49.6613
10 113 6758.17 69.2 163.73 -0.603978 151.245 1.44553 699.426 -0.144116 57.2464 3384 42.2 1.43593 -4.57567
10 114 6792.04 69.2 -95.809 -1.14911 138.071 1.44553 698.078 -0.0931986 61.6349 3240 42.2 1.34476 -14.4093
10 115 6660.19 69.2 -121.201 -2.17524 161.061 1.44553 649.196 -0.219452 58.3057 3312 42.2 1.35237 -34.6521
10 116 6821.85 69.2 206.4 -0.935717 174.634 1.44553 669.981 -0.22163 53.4713 3240 42.2 1.38984 -29.973
10 117 7027.63 69.2 278.527 -1.974 166.85 1.44553 752.753 -0.113315 53.8064 3096 42.2 1.33627 -47.0439
10 118 7103.09 69.2 176.009 -2.30406 178.913 1.44553 777.79 -0.109941 56.9133 3168 42.2 1.34933 -0.881731
10 119 7217 69.2 224.64 -3.21095 178.11 1.44553 814.238 -0.0602328 54.9541 3384 42.2 1.28659 -7.30283
10 120 7317.51 69.2 64.5459 -1.38284 176.135 1.44553 786.107 -0.117766 56.9964 3384 42.2 1.26564 -5.46366
10 121 7218.13 69.2 -231.877 0.0977528 166.49 1.44553 841.06 -0.0539982 61.2328 3528 42.2 1.29497 3.90996
10 122 7167.92 69.2 -205.356 -2.53056 168.009 1.3605 765.445 -0.068492 63.9003 3672 42.2 1.36176 10.9401
10 123 7175.15 69.2 -402.628 -1.30996 170.001 1.3605 800.234 -0.0888057 65.453 3528 42.2 1.35223 17.0748
10 124 7106.41 69.2 -521.345 -2.70353 157.07 1.3605 794.237 -0.0148247 63.1505 3384 42.2 1.37323 -21.1191
10 125 7065.08 69.2 -287.046 -1.03662 156.322 1.3605 820.679 -0.0230387 64.1001 3384 42.2 1.47651 8.56299
10 126 7096.09 69.2 -325.319 -2.73944 162.172 1.3605 799.549 -0.017895 62.3928 3384 42.2 1.39646 -3.04702
10 127 7134.23 75.7 -204.877 -2.31308 152.041 1.3605 827.034 0.00145946 63.3356 3312 42.2 1.42415 6.14287
10 128 7112.92 75.7 -297.613 -0.307137 146.741 1.3605 891.591 0.0405287 61.9773 3384 42.2 1.36926 -12.4265
10 129 7031.24 75.7 -155.865 0.331273 152.756 1.3605 822.162 -0.0652678 59.4702 3384 42.2 1.42334 -9.96963
10 130 6988.17 75.7 -200.118 2.48177 137.073 1.3605 912.363 0.0297518 65.0169 3312 42.2 1.41563 -2.35925
10 131 6879.53 75.7 -399.066 0.559315 143.198 1.3605 891.563 0.0169897 64.4698 3384 42.2 1.34438 -1.01381
10 132 6934.04 75.7 -218.121 -1.24359 151.836 1.3605 772.644 -0.0860448 63.7509 3384 42.2 1.3831 17.5297
10 133 6892.67 75.7 -308.789 -2.89248 161.194 1.32056 707.331 -0.114563 63.4098 3240 42.2 1.31273 18.3447
10 134 7033.18 75.7 -248.538 -1.99894 143.181 1.32056 771.23 0.00291915 60.5125 3312 42.2 1.3011 -12.7851
10 135 7030.91 75.7 -14.8693 1.90148 150.137 1.32056 886.23 -0.0342136 55.9298 3240 42.2 1.36945 -33.5959
10 136 6972.45 75.7 151.093 4.36952 145.078 1.32056 950.804 -0.00841909 55.9481 3312 42.2 1.41427 -63.0131
10 137 6952.49 75.7 158.898 4.93582 138.549 1.32056 945.056 -0.00889208 61.2688 3312 42.2 1.42782 44.3534
10 138 6867.93 75.7 -306.606 6.84727 149.959 1.32056 1018.24 -0.0285994 66.2835 3312 42.2 1.24151 63.2229
10 139 6981.98 75.7 -481.514 5.07186 142.175 1.32056 957.461 -0.0273628 67.0156 3312 42.2 1.20102 45.178
10 140 6856.49 75.7 -457.368 4.86005 147.749 1.32056 918.602 -0.0765216 71.1939 3096 42.2 1.21559 89.0224
10 141 6875.6 75.7 -617.595 5.54385 131.45 1.32056 979.395 0.0350702 67.2123 3240 42.2 1.09458 72.5523
10 142 6832.76 75.7 -362.201 3.65785 137.491 1.32056 959.144 0.0651446 64.5527 3024 42.2 1.15365 62.071
10 143 6906.58 75.7 -450.23 3.0542 123.994 1.32056 941.165 0.0693897 63.4182 3096 42.2 1.15061 48.248
10 144 6744.96 75.7 -313.493 3.65607 120.438 1.38836 923.209 0.0514069 64.0785 3168 42.2 1.19593 38.9126
10 145 6688.36 75.7 -223.264 2.49342 124.834 1.38836 813.774 -0.0483836 60.2647 3312 42.2 1.19257 17.5467
10 146 6552.3 75.7 16.5316 -0.490246 139.792 1.38836 754.075 -0.123179 58.7587 3168 42.2 1.24115 24.3465
10 147 6673.26 75.7 -102.538 0.553374 145.355 1.38836 812.111 -0.0809036 58.8321 3024 42.2 1.24277 -18.8231
10 148 6814.91 75.7 157.833 2.31191 128.817 1.38836 865.721 0.000893314 56.7569 2880 42.2 1.33468 -23.1347
10 149 6692.72 75.7 264.283 5.83681 115.122 1.38836 984.528 0.067325 56.6827 3024 42.2 1.31377 4.38395
10 150 6617.19 75.7 264.175 4.04706 135.368 1.38836 899.013 -0.0495444 55.9167 3168 42.2 1.22707 1.20848
10 151 6675.39 75.7 51.8169 2.12868 126.682 1.38836 827.268 -0.0674206 62.9511 3096 72.6 1.16389 45.6849
10 152 6595.32 75.7 -209.796 1.62444 110.628 1.38836 765.49 -0.10547 60.5258 3024 72.6 1.11724 16.1205
10 153 6613.4 75.7 9.08883 1.64453 113.033 1.38836 821.76 -0.0420425 58.1037 3024 72.6 1.21817 26.2824
10 154 7053.47 75.7 186.053 -0.455646 102.221 1.38836 814.86 0.0232153 53.7025 2880 72.6 1.2424 6.82196
10 155 7007.63 75.7 227.727 -0.378413 107.838 1.65901 771.453 -0.0484631 55.0788 2880 72.6 1.25404 2.42861
10 156 6997.25 75.7 200.036 0.296367 103.046 1.65901 785.533 -0.0376149 51.9038 2952 72.6 1.22554 -12.354
10 157 6960.73 75.7 406.624 0.105151 112.913 1.65901 731.004 -0.120929 52.6858 3096 72.6 1.2826 -4.01624
10 158 6910.7 75.7 307.021 -0.543472 133.815 1.65901 664.387 -0.206903 55.6858 3024 72.6 1.25618 -6.88039
10 159 7147.93 75.7 297.429 -2.70763 125.064 1.65901 680.226 -0.168476 52.7173 3024 72.6 1.27743 -18.7295
10 160 7044.74 75.7 392.587 -2.25359 131.619 1.65901 673.681 -0.184456 52.5682 3096 72.6 1.31376 -26.7145
10 161 7156.3 75.7 434.943 -0.226998 141.565 1.65901 638.91 -0.264231 51.4207 3168 72.6 1.28801 -14.6686
10 162 7051.77 75.7 448.793 -2.16488 146.48 1.65901 660.013 -0.221648 51.8869 3096 72.6 1.31706 -20.9421
10 163 7204.8 75.7 290.341 -3.87078 146.958 1.65901 644.411 -0.173549 55.6395 3096 72.6 1.30001 -17.4137
10 164 7308.07 75.7 291.275 -6.17301 137.513 1.65901 673.211 -0.0951762 54.7402 3024 72.6 1.31946 -9.32138
10 165 7320.55 75.7 197.436 -4.88504 134.983 1.65901 658.035 -0.114542 53.4742 3096 72.6 1.31711 -35.8039
10 166 7299.65 75.7 407.305 -5.74543 140.622 1.60529 747.564 -0.0331188 49.0958 3168 72.6 1.41264 -61.0381
10 167 7525.42 75.7 363.4 -7.6726 145.481 1.60529 681.044 -0.078393 51.8072 3240 72.6 1.3801 -57.9768
10 168 7544.2 75.7 234.401 -6.74135 156.809 1.60529 693.082 -0.0921976 55.5223 3240 72.6 1.46261 -37.9669
10 169 7593.21 74.7 132.377 -3.46981 151.747 1.60529 725.638 -0.165051 53.1328 3456 72.6 1.44946 -59.469
10 170 7463.34 74.7 360.348 -4.12358 153.295 1.60529 719.138 -0.154605 54.3324 3384 72.6 1.50306 -47.7006
10 171 7550.54 74.7 18.3532 -1.68575 154.006 1.60529 792.671 -0.124423 60.8377 3528 72.6 1.43913 -23.176
10 172 7601.14 74.7 -159.899 -2.25123 161.948 1.60529 740.162 -0.180818 62.3429 3384 72.6 1.43596 -13.3513
10 173 7643.58 74.7 -300.586 -0.786513 151.273 1.60529 765.843 -0.153534 64.7635 3384 72.6 1.43392 12.7383
10 174 7470.64 74.7 -244.022 -1.6994 146.973 1.60529 774.286 -0.0789225 62.735 3456 72.6 1.41813 11.9846
10 175 7476.33 74.7 -257.206 3.36956 142.219 1.60529 845.355 -0.104792 64.0885 3456 72.6 1.39208 7.3573
10 176 7341.3 74.7 -388.316 4.22532 125.662 1.60529 901.69 -0.0866713 64.4619 3456 72.6 1.40981 -0.348746
10 177 7236.15 74.7 -331.871 3.85085 136.123 1.34218 852.98 -0.172036 69.1697 3384 72.6 1.42861 38.6911
10 178 7228.34 74.7 -438.964 5.72997 130.359 1.34218 911.505 -0.116869 67.7809 3240 72.6 1.34772 75.9044
10 179 7296.62 74.7 -532.061 6.23929 137.849 1.34218 910.073 -0.15147 68.2441 3168 72.6 1.24656 75.0316
10 180 7252.18 74.7 -383.137 4.11284 142.098 1.34218 869.613 -0.125063 67.3583 3096 72.6 1.2718 87.5077
10 181 7313.3 74.7 -399.036 3.6612 132.827 1.34218 917.855 -0.082367 67.3727 3168 72.6 1.15281 78.4457
10 182 7316.44 74.7 -460.55 3.01683 128.613 1.34218 878.205 -0.0743275 64.5584 3096 72.6 1.11239 61.8637
10 183 7249.38 74.7 -367.791 4.0043 121.064 1.34218 889.376 -0.0644134 64.6826 3240 72.6 1.1646 75.0657
10 184 7177.09 74.7 -397.13 3.81998 125.485 1.34218 852.473 -0.141335 63.0465 3312 72.6 1.14974 52.006
10 185 7086.19 74.7 -330.747 5.15732 125.905 1.34218 867.486 -0.11552 66.8754 3240 72.6 1.22105 67.395
10 186 7143.43 74.7 -390.536 5.35642 131.478 1.34218 861.85 -0.165404 66.2085 3096 72.6 1.2269 69.6262
10 187 7168.01 74.7 -285.569 4.29504 126.268 1.34218 873.713 -0.115828 64.5888 3096 72.6 1.21432 68.2473
10 188 7146.11 74.7 -259.948 3.69452 131.988 1.51279 848.053 -0.129098 63.8813 3096 72.6 1.18067 80.8099
10 189 7213.94 74.7 -276.376 1.98459 131.547 1.51279 819.235 -0.108032 63.5471 3096 72.6 1.12053 64.1987
10 190 7190.16 74.7 -248.723 1.68129 144.259 1.51279 812.951 -0.156512 62.2344 2952 72.6 1.14058 47.8762
10 191 7341.56 74.7 -117.592 3.28485 131.579 1.51279 931.786 -0.0299311 59.8647 3024 72.6 1.16035 45.967
10 192 7347.11 74.7 -102.347 2.95847 116.343 1.51279 890.908 -0.028886 60.6913 3024 72.6 1.21802 53.3897
10 193 7155.88 74.7 -225.956 1.53889 118.949 1.51279 869.714 -0.0180531 64.6412 3096 72.6 1.18347 69.8226
10 194 7234.53 74.7 -283.681 2.59661 108.554 1.51279 896.802 0.0310831 62.0374 3096 72.6 1.14783 29.0799
10 195 7112.14 74.7 -266.758 4.74904 95.2846 1.51279 901.807 0.0219033 63.0996 3024 72.6 1.21089 43.8047
10 196 6916.61 74.7 -246.818 2.437 108.581 1.51279 843.217 -0.0707008 62.7318 3168 72.6 1.28138 39.503
10 197 6977.49 74.7 -30.7554 3.39416 115.391 1.51279 827.31 -0.0808292 61.8296 2880 72.6 1.31803 47.8257
10 198 7020.62 74.7 -183.253 5.03463 93.006 1.51279 930.352 0.027784 60.6666 2808 72.6 1.22663 28.859
10 199 6893.72 74.7 72.3014 6.28234 94.7057 1.5279 918.966 0.0014034 58.3835 2880 72.6 1.2629 18.049
10 200 6891.24 74.7 135.886 3.97488 100.845 1.5279 858.965 -0.0425184 58.9478 2880 72.6 1.1917 52.4641
10 201 6979.64 74.7 90.6554 4.52211 98.635 1.5279 897.432 -0.0206017 58.6391 2808 47.6 1.1155 61.6117
11 1 6805.07 63.4 322.815 -0.101186 149.025 1.56687 647.3 -0.125805 54.9341 3240 50.5 1.3425 -25.6673
11 2 6869.37 63.4 320.488 -0.459036 151.754 1.56687 656.735 -0.129982 54.0263 3168 50.5 1.32442 -23.3951
11 3 6829.93 63.4 362.904 -0.195243 144.355 1.56687 655.665 -0.129353 54.7299 3168 50.5 1.32874 -27.9719
11 4 6799.39 63.4 287.208 0.0123455 140.554 1.56687 685.494 -0.0339396 52.6365 3168 50.5 1.3357 -26.6838
11 5 6830.71 63.4 340.272 -1.33156 153.114 1.56687 698.418 -0.0679152 53.3129 3168 50.5 1.31463 -34.3845
11 6 6995.88 63.4 369.252 -2.98439 158.961 1.56687 661.524 -0.0810727 55.8404 3024 50.5 1.33895 -24.2855
11 7 6985.92 63.4 281.225 -4.84751 142.246 1.56687 691.775 0.0165231 53.0169 2952 50.5 1.32727 -28.7806
11 8 7025 63.4 389.889 -3.11545 126.068 1.56687 834.851 0.162436 53.5917 3096 50.5 1.35193 -33.5654
11 9 7033.11 63.4 339.457 1.49849 121.606 1.56687 874.046 0.138034 52.2794 3096 50.5 1.31562 -67.9896
11 10 6888.81 63.4 329.116 1.87198 118.512 1.56687 825.34 0.140779 56.0781 3168 50.5 1.38259 -24.8286
11 11 6808.07 63.4 153.089 -1.47598 130.713 1.56687 760.063 0.0921611 60.0869 3168 50.5 1.37051 0.894384
11 12 6942.64 63.4 -19.2819 -0.943922 142.432 1.41531 811.669 0.0623835 59.1106 3024 50.5 1.30506 -14.1564
11 13 7102.75 63.4 51.6127 -0.613553 142.57 1.41531 849.987 0.130867 54.6242 2952 50.5 1.33571 -19.7481
11 14 7156.97 63.4 322.453 0.0253314 152.792 1.41531 829.298 0.0778274 58.2085 3096 50.5 1.40125 -17.824
11 15 7165.84 63.4 216.746 0.406568 145.137 1.41531 840.582 0.0664616 55.5073 3024 50.5 1.29491 -2.81973
11 16 7102.12 63.4 98.2885 1.00111 120.526 1.41531 965.281 0.255656 59.7484 3096 50.5 1.26656 -2.21323
11 17 7098.86 63.4 -81.764 2.15493 129.666 1.41531 978.125 0.230753 62.0129 3096 50.5 1.28919 24.0999
11 18 7248.9 63.4 -213.381 0.856118 126.647 1.41531 997.298 0.286346 62.4867 3096 50.5 1.31693 10.9991
11 19 7215.82 63.4 -255.631 0.884909 125.821 1.41531 904.825 0.184507 65.3528 3168 50.5 1.34297 43.6447
11 20 7028.11 63.4 -219.318 1.42606 125.38 1.41531 881.127 0.144918 63.3434 3456 50.5 1.28555 29.2573
11 21 6932.14 63.4 -171.797 4.09006 132.247 1.41531 846.707 0.0133717 61.6148 3312 50.5 1.28054 9.18496
11 22 NaN 63.4 -283.915 4.47165 122.198 1.41531 848.786 0.0646464 65.2265 3312 50.5 1.32557 5.21381
11 23 6735.34 63.4 -242.463 4.97484 123.413 1.30831 822.19 0.0122294 67.3648 3168 50.5 1.36907 27.0158
11 24 6653.2 63.4 -235.621 3.8944 129.762 1.30831 781.561 -0.0319947 62.1546 2952 50.5 1.30639 35.0324
11 25 6680.22 63.4 -53.146 2.21143 115.34 1.30831 830.72 0.0943378 61.8755 2952 50.5 1.28501 12.3904
11 26 6710.33 63.4 30.609 3.17764 113.658 1.30831 835.117 0.0359733 57.7614 3024 50.5 1.22923 14.2819
11 27 6644.52 63.4 203.987 6.94208 138.91 1.30831 874.511 -0.0528661 56.204 3168 50.5 1.22509 13.6638
11 28 6828.57 63.4 366.255 3.27683 155.716 1.30831 761.39 -0.138728 56.2197 3096 50.5 1.22374 29.0582
11 29 6950.34 63.4 243.127 5.69455 145.532 1.30831 831.678 -0.0864145 61.9498 2952 50.5 1.15795 70.9299
11 30 6883.79 63.4 -96.1907 4.52968 135.306 1.30831 824.693 -0.0158683 59.6379 3168 50.5 1.04993 38.7227
11 31 6889.57 63.4 84.705 3.57518 155.347 1.30831 785.404 -0.0896017 61.6998 3384 50.5 1.12364 60.3606
11 32 6993.41 63.4 -112.385 4.25819 158.312 1.30831 705.641 -0.225754 61.2104 3384 50.5 1.07281 34.9704
11 33 6853.04 63.4 -83.4847 1.231 169.22 1.30831 654.357 -0.204916 62.4277 3240 50.5 1.16914 41.3817
11 34 6999.97 63.4 -34.3534 3.83375 158.067 1.4757 777.391 -0.091479 60.2781 3384 50.5 1.19554 38.0147
11 35 7019.1 63.4 -46.2752 3.05509 161.849 1.4757 747.232 -0.128021 59.8218 3240 50.5 1.20242 2.96242
11 36 6953.77 63.4 -70.2194 5.91887 153.879 1.4757 798.055 -0.111319 63.0885 3384 50.5 1.23254 35.2175
11 37 7005.07 63.4 -45.5903 7.05359 141.924 1.4757 798.895 -0.12049 60.1001 3384 50.5 1.23033 35.1195
11 38 6707.54 63.4 -148.396 7.77148 149.53 1.4757 864.311 -0.10723 62.7276 3168 50.5 1.20235 59.1961
11 39 6799.35 63.4 -320.641 4.90462 144.001 1.4757 809.747 -0.0202446 66.4115 3240 50.5 1.2019 58.7369
11 40 6934.22 63.4 -261.057 2.39963 142.828 1.4757 798.3 -0.00348932 67.6056 3096 50.5 1.19578 86.8462
11 41 6951.73 63.4 -484.207 2.44642 158.322 1.4757 815.674 -0.0676411 63.5405 3096 50.5 1.11027 41.0111
11 42 7149.39 63.4 107.463 2.92922 154.232 1.4757 843.993 -0.0245693 58.0732 3168 50.5 1.22012 18.2426
11 43 7082.79 43.5 90.4363 2.57013 143.795 1.4757 807.809 0.0470608 61.2678 3168 50.5 1.15561 43.4009
11 44 7093.41 43.5 -162.277 1.23128 158.938 1.4757 756.865 -0.011357 62.5503 3456 50.5 1.14379 50.988
11 45 7180.72 43.5 -171.738 3.05722 170.385 1.51643 770.464 -0.0572498 63.2847 3384 50.5 1.16441 20.4411
11 46 7157.02 43.5 -266.481 1.58442 156.204 1.51643 729.665 -0.00275747 65.181 3384 50.5 1.21712 45.374
11 47 7066.43 43.5 -256.175 3.61813 152.848 1.51643 793.48 0.0373359 65.9378 3384 50.5 1.27642 55.3046
11 48 7078.63 43.5 -383.915 2.25123 144.977 1.51643 803.063 0.102816 62.8756 3384 50.5 1.21736 23.5836
11 49 7114.39 43.5 -285.153 1.79336 161.583 1.51643 798.035 0.0647046 68.2994 3240 50.5 1.31172 43.8706
11 50 7260.8 43.5 -381.976 1.41825 154.125 1.51643 835.696 0.138515 64.0077 3240 50.5 1.286 24.9311
11 51 7256.22 43.5 -207.279 2.53942 159.855 1.51643 829.748 0.0938113 65.4924 3312 33.6 1.30747 56.3426
11 52 7273.91 43.5 -282.525 -0.109141 175.156 1.51643 770.781 0.0490086 65.1108 3600 33.6 1.23255 29.1237
11 53 7291.74 43.5 -276.478 0.194645 195.762 1.51643 699.767 -0.0547491 66.1317 3528 33.6 1.26863 51.1554
11 54 7175.61 43.5 -462.14 -0.862509 188.633 1.51643 747.136 0.0413725 66.441 3456 33.6 1.24116 31.5024
11 55 7244 43.5 -317.448 -1.84829 168.441 1.51643 815.012 0.164416 66.4923 3384 33.6 1.34452 26.5562
11 56 7131.9 43.5 -463.591 -2.02883 165.995 1.27855 873.758 0.232758 65.6862 3456 33.6 1.35529 18.8953
11 57 7279.41 43.5 -338.911 0.867288 159.728 1.27855 828.688 0.177771 66.0032 3528 33.6 1.38163 2.00507
11 58 7046.44 43.5 -361.275 3.79206 154.259 1.27855 901.796 0.146254 66.2799 3384 33.6 1.39308 12.4405
11 59 6955.61 43.5 -481.32 3.72863 140.149 1.27855 952.352 0.258687 67.0477 3600 33.6 1.39649 17.88
11 60 6941.68 43.5 -403.314 3.36104 151.404 1.27855 834.514 0.134639 71.1135 3456 33.6 1.42102 55.2906
11 61 6823.76 43.5 -795.333 -0.181115 151.144 1.27855 805.066 0.136546 72.4658 3384 33.6 1.28736 42.7602
11 62 6833.15 43.5 -552.841 4.00293 151.574 1.27855 809.945 0.0899718 67.2186 3384 33.6 1.33856 28.5046
11 63 6739.43 43.5 -345.04 1.61616 149.977 1.27855 791.063 0.107872 63.2167 3456 33.6 1.3056 12.7474
11 64 6797.3 43.5 -199.74 4.60574 170.23 1.27855 764.799 -0.0399739 65.5579 3456 33.6 1.33452 50.6219
11 65 6862.74 43.5 -230.319 5.91245 155.151 1.27855 801.668 -0.010487 63.058 3384 33.6 1.25173 13.9235
11 66 6657.2 43.5 -123.468 5.73474 152.842 1.27855 782.137 -0.00862153 66.1559 3528 33.6 1.29375 32.8308
11 67 6592.42 43.5 -194.72 4.56519 175.574 1.39633 673.786 -0.147409 63.6379 3456 33.6 1.2182 61.4086
11 68 6705.09 43.5 -247.348 2.97615 164.852 1.39633 700.592 -0.0700092 65.0476 3240 33.6 1.17065 46.5624
11 69 6738.59 43.5 -300.719 2.4401 153.931 1.39633 682.405 -0.0172956 64.6158 3240 33.6 1.18934 18.6586
11 70 6648.97 43.5 -25.6202 0.766583 147.628 1.39633 675.483 0.0320404 60.376 3240 33.6 1.23112 26.6026
11 71 6573.61 43.5 20.8879 -0.446702 146.206 1.39633 673.143 0.053116 58.4909 3312 33.6 1.15329 -8.80839
11 72 6627.61 43.5 66.059 0.0223798 147.576 1.39633 652.094 -0.0191319 55.8814 3096 33.6 1.24647 -14.7545
11 73 6592.5 43.5 194.386 -1.09981 140.828 1.39633 709.767 0.10486 55.5278 3024 33.6 1.33149 -39.6096
11 74 6682.68 43.5 264.76 -1.34898 138.029 1.39633 726.124 0.162152 55.8681 3168 33.6 1.38388 -36.0616
11 75 6682.72 43.5 394.513 -0.298575 160.703 1.39633 669.898 0.0339425 54.4559 3168 33.6 1.3308 -25.211
11 76 6789.85 43.5 387.382 0.343229 156.154 1.39633 676.331 0.00117564 51.9569 3312 33.6 1.30799 -35.3131
11 77 6745.4 43.5 413.949 1.38058 160.157 1.39633 651.211 -0.0210309 53.1128 3240 33.6 1.32818 -19.2177
11 78 6706.13 43.5 213.006 -0.153231 172.001 1.49965 679.908 0.00724331 57.1534 3312 33.6 1.28337 -20.7
11 79 6924.16 43.5 189.921 -1.29198 176.047 1.49965 677.816 0.00373747 58.1081 3312 33.6 1.29493 -13.796
11 80 7024.18 43.5 123.823 -1.34202 184.743 1.49965 691.142 -0.00197485 58.1113 3168 33.6 1.29891 -3.0796
11 81 7107.98 43.5 74.9485 -1.56706 167.212 1.49965 759.039 0.118554 59.0652 3312 33.6 1.29805 -12.1154
11 82 7041.68 43.5 119.003 -2.25155 159.512 1.49965 713.626 0.0970359 60.2631 3456 33.6 1.31215 -17.3982
11 83 6921.06 43.5 -23.0621 -1.83147 153.759 1.49965 664.458 0.0659472 61.3261 3528 33.6 1.27409 -23.084
11 84 6819.55 43.5 -113.656 -1.32029 150.079 1.49965 732.59 0.0857099 59.7702 3528 33.6 1.36691 -37.0971
11 85 6812.32 20.4 -117.841 0.889562 157.843 1.49965 650.661 0.0306194 60.274 3456 33.6 1.4369 -21.8873
11 86 6751.13 20.4 -35.3713 0.496168 171.252 1.49965 621.589 -0.0472836 62.8103 3312 33.6 1.49055 -2.64679
11 87 6880.23 20.4 -59.413 -1.81733 166.204 1.49965 622.157 0.0839606 61.7236 3456 33.6 1.42892 6.10672
11 88 6906.96 20.4 7.30948 -3.19221 190.677 1.49965 536.532 -0.0210883 60.4173 3384 33.6 1.3581 -1.65228
11 89 7025.56 20.4 10.349 -2.54976 174.805 1.39334 606.209 0.0457116 57.0594 3528 33.6 1.3083 -11.2798
11 90 6977.17 20.4 108.26 -0.363548 190.208 1.39334 633.666 0.00143789 56.0811 3456 33.6 1.32901 -26.9101
11 91 7107.78 20.4 87.4982 0.826764 179.23 1.39334 661.794 0.0398897 60.1201 3600 33.6 1.36203 -10.5859
11 92 6995.17 20.4 -36.9805 -1.07323 176.194 1.39334 629.877 0.0360644 63.3043 3456 33.6 1.36703 9.10069
11 93 6913.84 20.4 -210.547 1.78795 165.251 1.39334 691.628 0.0714505 64.9333 3528 33.6 1.32333 27.0367
11 94 6860.44 20.4 -271.601 1.77079 165.125 1.39334 719.184 0.104931 62.0599 3312 33.6 1.35697 -0.816611
11 95 6894.24 20.4 -294.207 -0.627963 156.616 1.39334 736.506 0.193753 66.291 3312 33.6 1.35862 22.8092
11 96 6919.28 20.4 -284.094 -1.29918 144.845 1.39334 690.585 0.182602 64.6825 3312 33.6 1.35409 25.6312
11 97 6834.12 20.4 -356.726 -1.27555 143.767 1.39334 611.155 0.140624 63.3833 3384 33.6 1.30305 -19.998
11 98 6685.3 20.4 -0.469215 -2.53447 163.371 1.39334 550.482 0.0566568 58.0785 3528 33.6 1.3343 -18.2838
11 99 6753.57 20.4 -42.5448 -1.2343 152.055 1.39334 508.377 -0.00809402 58.0552 3312 33.6 1.38019 -47.9312
11 100 6557.69 20.4 77.9194 -0.27522 133.249 1.33448 586.605 0.104157 56.2352 3240 33.6 1.42405 -63.0779
11 101 6469.13 20.4 265.859 -1.00913 133.871 1.33448 587.445 0.0806807 56.217 3312 36.5 1.45868 -46.1563
11 102 6467.79 20.4 360.44 0.981574 140.858 1.33448 612.632 0.0858127 53.1599 3096 36.5 1.41077 -35.1308
11 103 6584.27 20.4 277.245 0.606762 139.051 1.33448 581.326 0.0498575 56.8463 3168 36.5 1.40027 -58.0085
11 104 6575.04 20.4 434.867 -2.55451 161.688 1.33448 516.209 -0.00642338 54.8398 3024 36.5 1.39638 -24.8327
11 105 6712.25 20.4 427.575 -0.388344 155.896 1.33448 607.862 0.0682518 51.8924 3096 36.5 1.27078 -38.5618
11 106 6762.28 20.4 497.721 -1.09658 147.625 1.33448 599.987 0.0964588 50.2668 3168 36.5 1.26897 -54.0305
11 107 6734.9 20.4 458.245 0.40967 164.059 1.33448 628.632 0.0259902 54.4508 3312 36.5 1.29316 -29.9433
11 108 6817.97 20.4 358.257 -1.35184 161.559 1.33448 594.104 0.0589075 53.3964 3240 36.5 1.27726 -24.1767
11 109 6840.11 20.4 337.029 0.843058 159.324 1.33448 648.429 0.0810148 58.2373 3096 36.5 1.31633 -8.33749
11 110 6837.7 20.4 69.0094 -2.22145 154.706 1.33448 677.507 0.192552 58.3031 3168 36.5 1.26023 -8.6159
11 111 6997.53 20.4 222.098 -5.19338 163.977 1.41411 619.022 0.184207 58.6748 3240 36.5 1.3404 -4.31308
11 112 7059.94 20.4 82.7984 -0.877228 144.192 1.41411 646.534 0.169097 56.7943 3312 36.5 1.29001 -31.9282
11 113 6804.76 20.4 108.409 2.32881 142.71 1.41411 718.153 0.185192 53.9928 3384 36.5 1.36557 -50.9185
11 114 6748.01 20.4 278.244 3.83507 149.319 1.41411 754.862 0.149764 54.8344 3456 36.5 1.46114 -54.0935
11 115 6852.72 20.4 30.9535 5.12717 150.241 1.41411 791.675 0.139063 63.049 3312 36.5 1.40179 6.91726
11 116 6843.48 20.4 -220.23 4.90469 151.484 1.41411 695.841 0.041463 65.6631 3456 36.5 1.32365 17.3888
11 117 6692.69 20.4 -118.424 5.89899 177.121 1.41411 656.616 -0.111105 64.227 3528 36.5 1.31431 44.8879
11 118 6788.51 20.4 -125.595 6.75125 180.978 1.41411 710.839 -0.0828579 62.1068 3456 36.5 1.16511 62.863
11 119 6901.45 20.4 -254.462 3.10489 182.806 1.41411 696.589 -0.0261514 66.8364 3240 36.5 1.19015 53.731
11 120 6935.93 20.4 -372.388 3.54736 166.931 1.41411 769.837 0.109259 69.6275 3384 36.5 1.14366 91.8478
11 121 6976.36 20.4 -372.408 3.80424 173.271 1.41411 704.13 0.0239562 65.6058 3384 36.5 1.10244 55.9348
11 122 6990.85 20.4 -288.315 4.45674 170.125 1.44456 777.258 0.0787012 63.9868 3456 36.5 1.11136 68.4491
11 123 7004.4 20.4 -359.853 2.78904 169.501 1.44456 711.309 0.068584 67.9678 3456 36.5 1.16082 49.3486
11 124 6977.37 20.4 -451.01 -0.68035 172.575 1.44456 718.364 0.106217 68.3248 3600 36.5 1.20402 59.5268
11 125 7115.03 20.4 -480.914 1.23475 183.372 1.44456 648.718 0.0153407 65.2499 3456 36.5 1.18017 26.4984
11 126 7070.14 20.4 -356.336 -0.880227 169.074 1.44456 732.144 0.140915 64.5512 3384 36.5 1.27177 14.1653
11 127 7126.72 60.9 -297.198 -0.627527 179.014 1.44456 811.202 0.123991 65.8228 3528 36.5 1.30577 40.2467
11 128 7176.86 60.9 -316.275 -3.90186 177.47 1.44456 693.941 0.124014 64.4063 3600 36.5 1.292 19.7333
11 129 7129.09 60.9 -383.7 -1.76365 177.61 1.44456 746.492 -0.0326428 64.8888 3528 36.5 1.30705 0.118598
11 130 7076.43 60.9 -297.576 0.300564 152.049 1.44456 843.074 0.111002 60.4088 3456 36.5 1.37104 -29.1537
11 131 6965.48 60.9 -46.5939 -0.457362 152.26 1.44456 858.927 0.158527 64.7587 3456 36.5 1.498 0.992499
11 132 7041.84 60.9 -309.974 -2.12226 165.238 1.44456 809.738 0.0606714 65.9352 3456 36.5 1.41102 13.4969
11 133 7099.63 60.9 -292.3 -3.34988 174.066 1.24115 762.425 0.0590926 62.8098 3312 36.5 1.4146 9.83982
11 134 7216.83 60.9 -269.722 -3.36414 174.914 1.24115 819.702 0.0960606 63.0311 3384 36.5 1.40389 -16.5296
11 135 7295.53 60.9 -131.754 -1.11276 173.231 1.24115 812.286 0.0767902 59.418 3600 36.5 1.39969 -30.9592
11 136 7198.54 60.9 -54.4617 0.302357 178.154 1.24115 790.782 -0.0106812 62.3377 3672 36.5 1.36566 -10.8624
11 137 7091.31 60.9 -229.947 2.55324 167.027 1.24115 782.003 -0.0415015 63.5689 3672 36.5 1.38899 15.1695
11 138 6899.05 60.9 -310.88 0.369097 161.234 1.24115 774.338 -0.00416925 66.6154 3744 36.5 1.40139 11.606
11 139 6860.73 60.9 -480.48 2.82569 167.399 1.24115 760.209 -0.0935951 69.6523 3528 36.5 1.39231 18.3381
11 140 6834.18 60.9 -490.496 4.5914 164.089 1.24115 886.252 0.00567799 66.9336 3240 36.5 1.41173 5.36919
11 141 7000.01 60.9 -242.995 5.30781 146.497 1.24115 899.691 0.0516596 64.6012 3384 36.5 1.42103 19.7244
11 142 6823.8 60.9 -226.566 5.0304 151.757 1.24115 885.149 0.0148755 67.2482 3312 36.5 1.33624 76.2301
11 143 6825.05 60.9 -348.098 5.28208 148.705 1.24115 842.28 -0.0151192 65.5027 3384 36.5 1.20716 67.6992
11 144 6748.92 60.9 -278.662 5.27753 141.786 1.39536 872.753 0.026359 66.1365 3312 36.5 1.191 66.8398
11 145 6658.28 60.9 -445.708 5.55137 144.484 1.39536 855.582 0.00310146 66.2116 3384 36.5 1.16335 63.6848
11 146 6656.6 60.9 -267.131 4.50854 161.211 1.39536 800.012 -0.0742094 64.7184 3384 36.5 1.23886 52.5085
11 147 6772.92 60.9 -222.488 5.40141 147.011 1.39536 775.601 -0.122279 63.2797 3312 36.5 1.21348 28.5763
11 148 6556.94 60.9 -80.5238 8.67044 142.729 1.39536 816.343 -0.110656 62.9924 3168 36.5 1.19798 47.2189
11 149 6465.37 60.9 -90.665 6.94214 150.546 1.39536 866.077 -0.0192851 60.7796 3312 36.5 1.14684 44.6804
11 150 6760.09 60.9 -39.686 3.68895 159.527 1.39536 827.782 -0.0488588 63.2152 3096 36.5 1.13822 53.3062
11 151 6848.68 60.9 -216.87 4.85192 157.421 1.39536 883.564 -0.00357448 65.1279 3024 48.8 1.09626 68.4857
11 152 6801.97 60.9 20.2692 3.81394 169.965 1.39536 844.325 -0.031918 59.2387 3312 48.8 1.1389 51.1037
11 153 7071.97 60.9 141.888 3.50694 178.206 1.39536 836.38 -0.0492045 62.0225 3240 48.8 1.11374 60.1822
11 154 7302.62 60.9 -200.615 2.30237 154.825 1.39536 889.927 0.0477585 64.6109 3096 48.8 1.03523 67.6169
11 155 7191.56 60.9 -384.028 -1.12484 158.433 1.51295 827.974 0.094025 64.7002 3456 48.8 1.13236 48.5084
11 156 7300.38 60.9 -268.098 -1.5199 168.071 1.51295 752.735 -0.0191796 64.5868 3600 48.8 1.1735 67.2731
11 157 7281.93 60.9 -482.605 -3.64261 165.378 1.51295 731.847 -0.01853 64.3653 3312 48.8 1.19333 18.3848
11 158 7201.8 60.9 -343.607 -1.90741 153.941 1.51295 808.854 0.10067 63.5727 3456 48.8 1.3789 7.18661
11 159 7242.37 60.9 -195.632 0.75568 142.271 1.51295 813.137 0.075373 61.3175 3384 48.8 1.42997 -28.8389
11 160 7033.22 60.9 -254.432 0.395376 142.411 1.51295 825.019 0.0700091 63.8223 3456 48.8 1.43757 -16.1873
11 161 7045.1 60.9 -188.05 2.02495 153.737 1.51295 816.517 -0.0106154 64.989 3528 48.8 1.44714 17.4683
11 162 7122.76 60.9 -257.5 -1.6143 162.506 1.51295 741.371 -0.042658 64.2828 3384 48.8 1.39664 3.10183
11 163 7190.01 60.9 -273.31 -0.226017 172.32 1.51295 747.809 -0.0597952 65.8712 3312 48.8 1.39771 32.4406
11 164 7217.81 60.9 -200.707 -1.46364 157.896 1.51295 745.669 0.0116658 61.103 3384 48.8 1.33337 17.1272
11 165 7144.93 60.9 -79.8093 -0.329148 156.406 1.51295 794.631 0.0131175 61.3742 3384 48.8 1.31237 -12.7265
11 166 7152.6 60.9 -162.794 -1.06105 147.979 1.39349 786.12 0.053345 59.0304 3312 48.8 1.28695 -15.2949
11 167 7059.71 60.9 -131.29 1.00621 139.808 1.39349 868.117 0.110896 63.8363 3312 48.8 1.39754 20.8614
11 168 7060.7 60.9 -210.19 -1.41937 155.804 1.39349 765.772 0.0507062 62.8981 3384 48.8 1.33972 -12.9446
11 169 7185.92 78 -111.928 -4.12086 164.8 1.39349 755.561 -0.00999288 66.2171 3312 48.8 1.3899 24.7906
11 170 7247.48 78 -253.864 -4.08009 154.374 1.39349 711.737 0.00722232 60.9652 3240 48.8 1.3159 -22.5877
11 171 7136.15 78 30.5319 -6.55904 159.809 1.39349 712.15 0.0405647 58.7789 3240 48.8 1.40896 -23.543
11 172 7307.27 78 53.1737 -7.25197 140.547 1.39349 770.011 0.143217 56.6244 3312 48.8 1.39664 -54.4724
11 173 7176.37 78 80.6244 -4.48859 136.642 1.39349 781.393 0.0987404 55.985 3240 48.8 1.47117 -74.4852
11 174 7029.4 78 224.957 -4.27899 133.027 1.39349 778.619 0.0970311 54.7026 3384 48.8 1.57365 -87.9594
11 175 7032.62 78 326.148 -3.29879 134.892 1.39349 799.425 0.0882598 55.785 3312 48.8 1.6103 -78.5632
11 176 7034.71 78 80.5122 -4.55691 149.915 1.39349 744.835 0.0482478 57.5614 3312 48.8 1.50933 -76.429
11 177 7125.67 78 161.015 -5.89541 155.985 1.32729 657.069 -0.0711549 57.6062 3240 48.8 1.55319 -48.6616
11 178 6990.15 78 268.387 -2.3303 138.025 1.32729 737.143 -0.0108484 55.3013 3240 48.8 1.50854 -56.8233
11 179 6853.43 78 322.015 -0.442019 131.676 1.32729 768.511 0.00909902 52.2557 3384 48.8 1.49049 -65.3073
11 180 6816.12 78 329.688 0.0428707 148.474 1.32729 810.216 -0.0436638 54.7128 3240 48.8 1.49706 -57.3719
11 181 6963.88 78 156.283 1.25611 146.598 1.32729 815.904 -0.0166598 58.3642 3024 48.8 1.45386 -24.146
11 182 7020.51 78 168.063 1.61701 139.42 1.32729 896.454 0.0325382 59.8552 3024 48.8 1.44837 -8.8932
11 183 7041.29 78 168.682 1.33369 141.743 1.32729 856.648 0.0293075 58.9061 3096 48.8 1.33331 11.7916
11 184 7056.15 78 166.902 2.40453 120.08 1.32729 867.3 0.058264 58.6034 3096 48.8 1.27429 22.809
11 185 6728.17 78 -7.90534 0.869684 117.655 1.32729 847.848 0.0794345 59.4681 3096 48.8 1.23976 16.4473
11 186 6746 78 -40.1799 0.529917 123.008 1.32729 876.84 0.0938464 60.6734 3168 48.8 1.2997 -7.66369
11 187 6821.84 78 -3.52112 3.50708 125.558 1.32729 933.538 0.0752845 57.98 2952 48.8 1.32916 -22.1511
11 188 6852.06 78 28.0847 6.07198 123.963 1.41791 974.256 0.0291895 60.661 3024 48.8 1.36176 4.63134
11 189 6767.35 78 220.653 4.53111 135.768 1.41791 977.357 0.0300352 58.7762 3240 48.8 1.35154 19.7559
11 190 6956.66 78 141.987 3.49887 149.42 1.41791 869.815 -0.0953584 61.3248 3240 48.8 1.16521 62.6028
11 191 6957.12 78 -165.522 5.64207 157.695 1.41791 951.153 -0.0547529 63.9272 3024 48.8 1.10429 82.1995
11 192 7074.67 78 -243.645 8.79053 141.467 1.41791 1021.48 -0.0111841 61.9752 3312 48.8 1.12258 40.5753
11 193 6949.09 78 2.03608 7.12645 141.762 1.41791 918.983 -0.0887625 64.1499 3096 48.8 1.16697 100.83
11 194 6801.55 78 -382.934 7.93655 123.874 1.41791 1019.3 0.0502731 70.1032 3312 48.8 1.05755 121.252
11 195 6803.56 78 -498.597 5.36998 139.161 1.41791 958.402 -0.010888 66.9327 3312 48.8 1.05699 84.5896
11 196 6923.33 78 -505.977 5.80547 151.96 1.41791 891.731 -0.101026 68.2726 3168 48.8 1.14234 67.6257
11 197 6897.7 78 -403.174 6.37904 142.59 1.41791 846.214 -0.14703 65.9524 3240 48.8 1.17299 65.6728
11 198 6771.7 78 -127.852 4.01526 159.431 1.41791 847.913 -0.172207 62.2766 3384 48.8 1.12728 71.48
11 199 6965.29 78 -124.41 4.58011 156.719 1.514 817.58 -0.182311 63.3108 3312 48.8 1.08371 66.0404
11 200 6866.15 78 -255.833 4.69516 150.175 1.514 788.095 -0.173643 64.3833 3096 48.8 1.12453 65.8277
11 201 6801.43 78 -170.03 3.38954 145.721 1.514 899.099 -0.0336072 62.0663 3312 57 1.16226 44.5812
11 202 7004.89 78 -65.5977 6.05172 143.685 1.514 919.668 -0.0784826 59.8087 3312 57 1.16574 18.5989
11 203 6957.61 78 -151.019 4.7224 144.914 1.514 827.975 -0.184146 62.4484 3168 57 1.17493 38.877
11 204 6929.08 78 -186.613 6.18543 136.444 1.514 890.341 -0.0897947 65.8244 3312 57 1.17633 88.4984
11 205 6968.04 78 -201.031 2.72606 146.623 1.514 843.608 -0.0866254 61.7272 3240 57 1.11489 57.042
11 206 7058.31 78 -276.925 -0.703554 156.175 1.514 818.594 -0.0738702 64.8865 3096 57 1.13669 64.4693
11 207 7276.37 78 -249.683 -1.70291 161.157 1.514 780.643 -0.0699143 62.3774 3096 57 1.18387 29.1803
11 208 7314.56 78 -5.41716 -3.51264 144.454 1.514 781.929 0.0263139 58.7503 3168 57 1.23375 42.851
11 209 7296.92 78 -4.43768 -1.59149 158.894 1.514 804.549 -0.0421997 57.6268 3528 57 1.25189 5.93257
11 210 7293.46 78 81.514 -1.20862 157.927 1.55682 750.22 -0.109315 55.1172 3456 57 1.31108 -32.6014
11 211 7198.42 62.7 49.9874 -0.988068 144.915 1.55682 706.172 -0.0825499 61.2754 3240 57 1.41237 16.3371
11 212 7093.2 62.7 -140.108 -1.37179 127.75 1.55682 746.831 0.0482356 62.7616 3312 57 1.40888 -8.60915
11 213 6988.54 62.7 -116.664 -3.76626 121.792 1.55682 718.948 0.0902155 61.0005 3096 57 1.42614 -14.9594
11 214 6971.83 62.7 -95.1813 -2.14663 104.532 1.55682 817.693 0.194021 60.4617 3024 57 1.42981 -32.1524
11 215 6901.58 62.7 133.176 -3.64477 121.494 1.55682 801.487 0.199955 56.6325 2952 57 1.49149 -55.4102
11 216 7139.34 62.7 359.291 -0.765452 113.474 1.55682 792.973 0.132433 56.2995 3024 57 1.5141 -34.3425
11 217 6955.16 62.7 314.497 0.856294 114.446 1.55682 777.287 0.0899502 52.6983 2952 57 1.39234 -46.7867
11 218 6876.51 62.7 443.617 0.600237 108.729 1.55682 778.842 0.114901 54.5345 3096 57 1.42056 -26.8618
11 219 6812.32 62.7 283.868 -2.47449 112.446 1.55682 810.732 0.146335 54.1234 2952 57 1.35117 -22.5603
11 220 6922.65 62.7 83.2125 -0.809493 120.815 1.55682 782.521 0.101396 58.1159 2952 57 1.30782 -14.1119
11 221 6959.86 62.7 331.278 -2.80398 120.086 1.48886 719.807 0.0779402 53.9613 3024 57 1.39424 -34.02
11 222 6901.52 62.7 420.252 -3.98193 136.599 1.48886 639.517 -0.0424839 51.7047 3168 57 1.36644 -33.1656
11 223 7030.52 62.7 455.465 -4.835 153.203 1.48886 586.715 -0.0784095 51.1521 3168 57 1.33072 -47.6629
11 224 7097.15 62.7 462.103 -5.05491 156.415 1.48886 645.461 -0.0278217 51.2889 3096 57 1.3775 -67.9904
11 225 7201.98 62.7 452.123 -5.30587 141.172 1.48886 696.377 0.00622902 50.3076 2952 57 1.41465 -62.1484
11 226 7148.77 62.7 654.18 -3.81486 131.563 1.48886 792.576 0.192587 52.1286 3024 57 1.43631 -52.2913
11 227 7238.11 62.7 381.686 -4.22875 137.97 1.48886 776.632 0.173258 53.2374 3096 57 1.40132 -61.0891
11 228 7309.96 62.7 361.416 -4.54586 123.284 1.48886 813.114 0.219246 53.0985 3168 57 1.43521 -54.179
11 229 7182.17 62.7 146.723 -5.44223 147.249 1.48886 750.82 0.0771425 56.0547 3312 57 1.43426 -47.9085
11 230 7372.35 62.7 301.338 -3.65884 141.117 1.48886 708.252 0.0635223 54.2871 3528 57 1.47443 -48.3158
11 231 7140.86 62.7 163.338 -6.06259 160.547 1.48886 594.312 -0.0662967 57.7853 3312 57 1.4605 -34.4505
11 232 7289.11 62.7 73.2785 -6.00231 158.959 1.35453 647.015 -0.00673431 57.421 3456 57 1.49958 -53.6962
11 233 7371.61 62.7 198.77 -7.4613 151.796 1.35453 588.564 -0.0105037 54.545 3384 57 1.50998 -73.3447
11 234 7209.76 62.7 147.434 -7.71364 164.475 1.35453 552.759 -0.0796462 57.3459 3456 57 1.53286 -70.4917
11 235 7279.2 62.7 360.358 -7.33052 163.594 1.35453 566.043 -0.0747355 51.626 3528 57 1.56529 -84.7381
11 236 NaN 62.7 450.657 -5.72963 166.904 1.35453 612.946 -0.0780623 53.1946 3528 57 1.58728 -80.9856
11 237 7307.33 62.7 218.384 -5.94867 171.713 1.35453 594.772 -0.119168 55.7226 3456 57 1.59227 -99.9804
11 238 7342.38 62.7 336.259 -5.38062 156.068 1.35453 624.613 -0.0472612 56.7862 3384 57 1.62626 -61.1304
11 239 7223.18 62.7 162.432 -3.31159 146.491 1.35453 711.278 -0.00545349 57.4665 3600 57 1.49695 -42.876
11 240 7182.26 62.7 105.251 -2.68516 160.689 1.35453 589.982 -0.155716 55.2108 3672 57 1.53403 -58.4227
11 241 7106.11 62.7 160.227 -3.86935 169.955 1.35453 541.842 -0.202468 58.8499 3600 57 1.57399 -41.064
11 242 7100.09 62.7 -77.9383 -2.59472 175.692 1.35453 548.255 -0.244425 58.8481 3528 57 1.49761 -38.923
11 243 7104.21 62.7 197.793 -4.37265 181.707 1.36621 586.836 -0.197816 57.063 3528 57 1.5226 -48.9728
11 244 7269.16 62.7 152.822 -3.13481 186.005 1.36621 589.214 -0.236675 58.5474 3384 57 1.49148 -45.4802
11 245 7341.16 62.7 164.729 -1.70238 176.077 1.36621 636.521 -0.177188 56.2651 3312 57 1.45228 -22.0558
11 246 7304.66 62.7 176.35 -0.211467 155.476 1.36621 734.53 -0.0892188 58.594 3456 57 1.40298 -19.7416
12 1 7031.3 38.3 -106.673 -0.332015 140.887 1.36687 705.705 0.0447951 59.5735 3240 43.8 1.34373 -3.264
12 2 7076.62 38.3 -83.8012 -0.426097 144.319 1.36687 709.086 0.0486704 60.4108 3240 43.8 1.34825 1.24169
12 3 7063.07 38.3 -44.8425 -1.84328 146.773 1.36687 715.079 0.0508778 60.6994 3240 43.8 1.33501 -5.88129
12 4 7139.8 38.3 -81.1411 -0.356216 136.498 1.36687 724.466 0.0364088 60.5809 3168 43.8 1.35312 -17.2924
12 5 6982.77 38.3 -86.6265 -0.412341 128.284 1.36687 760.404 0.111401 59.6935 3096 43.8 1.34409 20.1589
12 6 6944.45 38.3 -66.0584 -0.714445 119.025 1.36687 806.022 0.154104 60.1347 3168 43.8 1.36059 -3.2423
12 7 6900.86 38.3 -74.5943 -1.58519 126.906 1.36687 805.964 0.156226 61.3867 3024 43.8 1.35282 -5.3977
12 8 7067.55 38.3 -128.787 1.86217 113.81 1.36687 851.567 0.1528 62.5871 2952 43.8 1.35332 -17.7702
12 9 6883.24 38.3 -54.4634 2.02075 117.046 1.36687 885.412 0.166421 59.1999 2952 43.8 1.36988 -19.1727
12 10 6916.3 38.3 85.0297 1.92922 127.703 1.36687 840.01 0.135988 62.6174 3168 43.8 1.33385 29.9215
12 11 6992.31 38.3 -101.158 -0.155348 136.749 1.36687 791.46 0.0689634 61.9415 2952 43.8 1.23493 44.3872
12 12 6946.96 38.3 -304.538 1.05289 143.645 1.49558 810.409 0.0761216 64.6258 3024 43.8 1.2004 18.2143
12 13 7169.17 38.3 -107.512 0.325992 141.766 1.49558 803.174 0.102986 60.3635 3096 43.8 1.26854 28.4742
12 14 7137.31 38.3 -51.3259 -0.495837 127.981 1.49558 766.483 0.100873 62.667 3096 43.8 1.21532 22.2759
12 15 6981.32 38.3 -238.213 -4.09119 139.331 1.49558 749.801 0.135233 61.6423 3312 43.8 1.23297 40.1585
12 16 7128.82 38.3 -107.793 -3.1886 157.335 1.49558 708.417 0.0350927 58.2238 3312 43.8 1.26306 -7.84753
12 17 7254.63 38.3 -117.931 -3.22646 158.499 1.49558 705.28 0.0530111 60.6411 3240 43.8 1.32911 -20.5013
12 18 7265.11 38.3 -77.4401 -6.21322 172.572 1.49558 584.682 -0.0599854 60.5533 3384 43.8 1.42709 -23.5286
12 19 7285.3 38.3 53.8065 -4.75741 162.978 1.49558 590.285 -0.0703045 57.7283 3312 43.8 1.37951 -17.5178
12 20 7202.12 38.3 -85.5859 -7.65406 141.405 1.49558 591.003 0.0670895 57.5941 3312 43.8 1.34615 -49.4916
12 21 7023.85 38.3 -19.8424 -8.0533 130.54 1.49558 650.299 0.17774 59.2633 3384 43.8 1.46568 -58.4089
12 22 7099.47 38.3 -67.8165 -8.91907 134.354 1.49558 585.733 0.103208 54.9579 3312 43.8 1.51033 -80.9803
12 23 7052.55 38.3 114.696 -6.72887 140.194 1.26277 569.693 0.0380625 55.265 3168 43.8 1.60219 -93.2535
12 24 6985.36 38.3 287.842 -10.316 149.094 1.26277 527.833 0.0351036 52.8726 3312 43.8 1.65365 -94.1608
12 25 7139.36 38.3 428.318 -9.41711 151.2 1.26277 558.724 0.0510156 51.7738 3240 43.8 1.58903 -86.5792
12 26 7183.08 38.3 308.808 -7.52155 149.376 1.26277 572.556 0.0130255 50.7464 3168 43.8 1.52859 -132.65
12 27 7094.95 38.3 527.484 -7.18146 139.124 1.26277 585.047 0.0459982 49.1601 3312 43.8 1.61388 -93.9529
12 28 6988.67 38.3 516.783 -3.56016 128.956 1.26277 657.037 0.0770445 51.7791 3456 43.8 1.58266 -83.9712
12 29 6892.28 38.3 209.664 -4.02426 138.483 1.26277 523.25 -0.0703105 54.1849 3240 43.8 1.50986 -87.5866
12 30 6790.3 38.3 184.355 -5.71673 130.555 1.26277 530.257 -0.00690296 58.1098 3240 43.8 1.57753 -63.7571
12 31 6738.08 38.3 105.241 -4.4387 132.617 1.26277 572.145 0.00342981 52.6341 3096 43.8 1.48647 -73.376
12 32 6760.01 38.3 372.029 -3.60326 123.879 1.26277 579.305 0.0102037 50.2495 3096 43.8 1.51948 -94.2405
12 33 6720.2 38.3 569.331 -3.91405 128.928 1.26277 546.16 -0.0270829 52.1056 3096 43.8 1.53211 -66.7603
12 34 6726.78 38.3 523.133 -6.12609 138.108 1.41842 541.166 -0.0414188 50.9029 2880 43.8 1.46138 -79.9226
12 35 6838.31 38.3 585.809 -5.71186 128.575 1.41842 623.963 0.075748 48.5394 2880 43.8 1.41429 -84.0825
12 36 6936.55 38.3 629.763 -4.6339 122.379 1.41842 609.41 0.0918727 47.5716 2880 43.8 1.44498 -91.1075
12 37 6793.73 38.3 651.562 -5.67939 121.802 1.41842 581.48 0.0746664 48.2117 3096 43.8 1.42151 -94.021
12 38 6845.86 38.3 616.015 -3.44568 132.899 1.41842 661.876 0.0361126 47.0745 3024 43.8 1.39012 -75.6429
12 39 6888.03 38.3 510.32 -3.4715 127.82 1.41842 659.216 0.0970217 47.0688 2880 43.8 1.41556 -83.8874
12 40 6906.15 38.3 518.127 -2.16235 117.106 1.41842 761.137 0.167844 55.7365 2952 43.8 1.50395 -54.7395
12 41 6895.01 38.3 394.548 -1.50421 120.159 1.41842 724.436 0.0887121 51.8185 3096 43.8 1.39373 -55.6627
12 42 6730.81 38.3 385.704 0.923364 124.967 1.41842 746.107 0.0391541 54.3718 3312 43.8 1.36904 -43.9052
12 43 6761.89 50.8 215.381 -1.73275 157.722 1.41842 601.581 -0.165285 56.2163 3240 43.8 1.3258 -25.0118
12 44 6897.22 50.8 183.086 -1.11096 154.964 1.41842 662.323 -0.0897861 58.2216 3096 43.8 1.35993 -23.69
12 45 6971.53 50.8 3.58085 -2.46863 153.938 1.47954 606.104 -0.150364 55.7717 3096 43.8 1.29591 -26.1685
12 46 6921.6 50.8 343.558 -0.93541 140.27 1.47954 661.915 -0.100665 54.9595 3240 43.8 1.34616 -12.2541
12 47 6825.4 50.8 199.882 -0.56111 140.923 1.47954 679.69 -0.098479 52.1959 3168 43.8 1.25258 -63.3117
12 48 6852.51 50.8 282.134 -0.232053 134.167 1.47954 728.863 -0.0330191 57.0711 3312 43.8 1.34711 -22.8247
12 49 6822.6 50.8 46.9712 1.35394 145.082 1.47954 681.276 -0.145092 57.7041 3240 43.8 1.3319 -19.3289
12 50 6782.74 50.8 44.8514 1.82546 152.258 1.47954 712.813 -0.141416 57.5404 3240 43.8 1.33443 -20.1158
12 51 6933.03 50.8 133.723 2.68756 159.104 1.47954 736.028 -0.154762 59.3456 3168 36.4 1.31511 16.3601
12 52 6974.6 50.8 -0.664342 3.3413 154.812 1.47954 760.271 -0.102471 60.2139 3240 36.4 1.25821 16.2245
12 53 6939.34 50.8 -40.6453 5.4024 159.218 1.47954 787.07 -0.165254 60.9657 3240 36.4 1.21478 29.5303
12 54 6815.25 50.8 -92.0888 5.96948 146.283 1.47954 817.551 -0.11295 61.8204 3384 36.4 1.15773 33.4608
12 55 6680.28 50.8 -192.227 3.63276 157.466 1.47954 733.901 -0.137878 67.8361 3312 36.4 1.15947 63.8089
12 56 6768.91 50.8 -398.355 4.9313 163.116 1.41664 789.485 -0.160573 66.8251 3240 36.4 1.11371 61.0886
12 57 6829.82 50.8 -410.29 4.52891 152.205 1.41664 820.571 -0.0692995 62.8784 3168 36.4 1.13097 41.5189
12 58 6820.02 50.8 -192.78 4.37965 156.692 1.41664 778.319 -0.152219 65.5224 3240 36.4 1.21594 79.633
12 59 6813.04 50.8 -273.175 3.57217 152.759 1.41664 747.407 -0.109001 63.822 3240 36.4 1.11817 55.1443
12 60 6767.07 50.8 -232.11 4.54468 137.773 1.41664 775.42 -0.055042 63.3269 3168 36.4 1.11391 45.9577
12 61 6654.59 50.8 -310.359 5.33589 121.1 1.41664 835.689 -0.0354225 62.2965 3024 36.4 1.14569 25.1723
12 62 6486.54 50.8 -201.336 3.83825 116.518 1.41664 873.115 0.06951 62.67 2952 36.4 1.1985 41.6016
12 63 6627.59 50.8 -130.088 5.06997 128.774 1.41664 866.902 0.0711933 63.104 2880 36.4 1.23361 37.5209
12 64 6740.48 50.8 -143.653 6.60804 124.524 1.41664 924.054 0.0714356 61.3254 2880 36.4 1.20115 40.3008
12 65 6673.1 50.8 57.9012 3.85071 133.225 1.41664 851.746 0.0206683 61.3467 3024 36.4 1.19291 28.1479
12 66 NaN 50.8 129.025 5.70277 138.285 1.41664 813.406 -0.0416293 61.4816 3096 36.4 1.11871 72.8482
12 67 6700 50.8 -104.817 3.98173 138.013 1.63137 801.007 -0.0524599 61.6167 3024 36.4 1.03599 28.7019
12 68 6792.63 50.8 -158.324 3.09086 128.559 1.63137 818.071 0.00635725 60.8588 3024 36.4 1.13607 47.1734
12 69 6666.31 50.8 -91.948 0.296683 128.673 1.63137 839.21 0.0993959 60.7483 3024 36.4 1.15887 33.4543
12 70 6772.39 50.8 -140.221 -0.834559 122.153 1.63137 744.889 0.0352369 62.8551 3240 36.4 1.15061 26.9682
12 71 6636.35 50.8 -54.3566 -1.94799 139.115 1.63137 659.197 -0.0739807 57.1959 3096 36.4 1.21221 1.96696
12 72 6701.14 50.8 20.6341 -1.41199 147.21 1.63137 621.667 -0.142323 54.6489 3168 36.4 1.21482 -36.5026
12 73 6692.66 50.8 350.355 -0.811039 136.236 1.63137 660.95 -0.0987946 54.5698 3024 36.4 1.32257 -35.4405
12 74 6603.87 50.8 240.555 -1.69132 130.882 1.63137 689.288 -0.0228384 55.0673 3168 36.4 1.30544 -40.549
12 75 6624.34 50.8 417.114 0.24702 145.564 1.63137 639.59 -0.11858 53.4657 3096 36.4 1.36084 -17.5031
12 76 6666.48 50.8 242.707 -1.79466 144.547 1.63137 650.785 -0.0644596 53.377 3168 36.4 1.30674 -48.3844
12 77 6741.23 50.8 362.539 -2.52133 150.547 1.63137 567.231 -0.175788 54.4548 3240 36.4 1.35374 -18.5724
12 78 6677.25 50.8 344.088 -3.19831 154.838 1.52468 558.354 -0.180873 51.8812 3240 36.4 1.28069 -36.2396
12 79 6714.04 50.8 359.274 -4.55544 160.332 1.52468 552.256 -0.175218 52.2181 3240 36.4 1.26594 -60.1922
12 80 6828.83 50.8 387.112 -6.38335 157.88 1.52468 575.719 -0.127895 51.6601 3168 36.4 1.33007 -81.0668
12 81 6931.42 50.8 398.308 -3.72176 173.87 1.52468 616.802 -0.134466 53.0698 3168 36.4 1.37217 -44.225
12 82 7087.94 50.8 479.274 -4.08742 163.356 1.52468 646.609 -0.0861174 50.6679 3384 36.4 1.37614 -74.6614
12 83 7001.88 50.8 431.571 -2.12101 172.16 1.52468 644.187 -0.15532 54.8811 3384 36.4 1.38628 -40.8505
12 84 7073.96 50.8 219.86 -2.1368 165.584 1.52468 634.733 -0.15458 55.5209 3384 36.4 1.34137 -32.3157
12 85 6956.98 74.6 201.453 -1.59384 157.962 1.52468 774.646 -0.0216378 59.6342 3384 36.4 1.3513 -8.27759
12 86 7052.74 74.6 -162.031 -3.26133 159.906 1.52468 755.553 -0.0686948 59.849 3384 36.4 1.33152 -43.5537
12 87 6977.34 74.6 -48.7901 -3.03553 148.662 1.52468 710.14 -0.106148 59.6643 3240 36.4 1.43086 -5.24053
12 88 6787.84 74.6 -108.744 1.11776 134.669 1.52468 841.946 -0.0568679 61.1524 3312 36.4 1.4168 -34.7856
12 89 6734.83 74.6 -1.33564 -1.35457 138.731 1.27878 761.211 -0.100757 56.8645 3240 36.4 1.40938 -43.5377
12 90 6755.51 74.6 53.1879 -0.194608 141.129 1.27878 836.161 -0.0359238 63.0385 3096 36.4 1.42706 4.42135
12 91 6898.2 74.6 -160.025 -3.04126 149.948 1.27878 757.182 -0.0569624 58.5211 3168 36.4 1.33569 -28.5242
12 92 6960.35 74.6 192.07 -1.74364 153.757 1.27878 725.047 -0.114514 57.8062 3168 36.4 1.38904 -12.1999
12 93 6902.87 74.6 105.752 -0.7825 165.566 1.27878 744.748 -0.170422 54.1466 3240 36.4 1.29195 -33.9933
12 94 6965.87 74.6 330.503 -2.49992 157.994 1.27878 779.586 -0.0985123 53.9657 3312 36.4 1.35625 -29.9721
12 95 7015.52 74.6 131.282 -1.85404 168.401 1.27878 759.125 -0.159542 58.2269 3384 36.4 1.33734 -2.84253
12 96 7033.86 74.6 -149.884 -1.62758 163.029 1.27878 719.19 -0.162395 58.8839 3456 36.4 1.30119 -20.5486
12 97 6972.82 74.6 89.6398 -1.54765 176.247 1.27878 733.324 -0.215028 58.9587 3240 36.4 1.37176 -11.1793
12 98 7038.73 74.6 -55.8414 -4.92958 153.734 1.27878 754.539 -0.0547643 59.4716 3384 36.4 1.33004 -16.3698
12 99 7102.67 74.6 -111.384 -3.23461 166.958 1.27878 756.426 -0.0935039 62.1725 3240 36.4 1.33744 -6.44004
12 100 7119.69 74.6 -177.95 -2.6134 158.512 1.29425 825.239 -0.0434811 56.8456 3312 36.4 1.3725 -56.774
12 101 7094.56 74.6 87.9209 -0.889146 154.256 1.29425 837.452 -0.0778703 57.8457 3240 45.3 1.46099 -24.2469
12 102 6977.43 74.6 -109.965 1.35942 125.853 1.29425 857.693 0.00066291 62.8401 3240 45.3 1.40067 -17.3598
12 103 6752.08 74.6 -249.43 1.31134 111.372 1.29425 944.27 0.0660622 63.6162 3168 45.3 1.35556 0.843532
12 104 NaN 74.6 -333.404 3.07765 113.922 1.29425 1036.73 0.131605 63.0182 3168 45.3 1.34314 2.33882
12 105 6945.25 74.6 -295.322 4.53584 124.794 1.29425 974.36 -0.00110337 65.4601 2880 45.3 1.36942 26.027
12 106 6943.65 74.6 -178.002 2.52261 129.379 1.29425 1037.71 0.0777377 67.2329 3024 45.3 1.33532 49.7418
12 107 7120.58 74.6 -221.262 1.27447 159.149 1.29425 935.903 -0.0673542 63.4907 3168 45.3 1.21552 58.2719
12 108 7287.9 74.6 -106.126 3.44476 156.395 1.29425 927.322 -0.0602335 63.8646 3096 45.3 1.13905 55.5245
12 109 7237.56 74.6 -325.014 2.88247 142.98 1.29425 944.434 -0.00973806 65.6941 3168 45.3 1.08276 65.4802
12 110 7119.66 74.6 -328.387 0.473135 157.166 1.29425 945.139 -0.0176398 65.5374 3384 45.3 1.14946 42.562
12 111 7364.6 74.6 -481.36 -1.61035 173.401 1.48537 917.523 -0.00915621 66.7959 3312 45.3 1.12442 55.474
12 112 7572.7 74.6 -605.492 -3.45567 171.603 1.48537 934.099 -0.0245959 68.9151 3096 45.3 1.21146 41.2061
12 113 7582.48 74.6 -530.363 1.02369 146.926 1.48537 990.498 0.0961292 66.6648 3312 45.3 1.27635 34.4488
12 114 7393.91 74.6 -354.048 2.01244 139.536 1.48537 1029.63 0.0673217 65.9677 3312 45.3 1.28761 23.6341
12 115 7240.27 74.6 -582.842 2.8843 121.242 1.48537 1085.98 0.17097 67.4564 3528 45.3 1.27855 46.2977
12 116 7178.74 74.6 -830.338 3.42752 125.529 1.48537 1049.49 0.100627 74.757 3168 45.3 1.33081 68.7207
12 117 7079.09 74.6 -978.448 1.24171 111.824 1.48537 1020.83 0.182897 75.0763 3168 45.3 1.32934 69.5882
12 118 7044.13 74.6 -807.522 -0.448586 109.889 1.48537 958.796 0.146173 72.961 3168 45.3 1.3376 64.2101
12 119 6940.3 74.6 -637.49 2.39933 114.084 1.48537 914.282 0.056471 64.649 3168 45.3 1.27839 28.8892
12 120 6815.92 74.6 -386.101 6.29663 109.587 1.48537 920.972 0.00400849 63.014 3096 45.3 1.30546 2.42468
12 121 6635.92 74.6 -135.722 3.44858 117.874 1.48537 928.261 0.0303223 64.1701 3024 45.3 1.35561 -0.391279
12 122 6794.01 74.6 -133.414 4.03787 111.708 1.35133 966.719 0.04071 64.5773 3024 45.3 1.29824 47.436
12 123 6745.09 74.6 -220.944 5.66957 119.781 1.35133 947.095 -0.0291707 62.4024 2808 45.3 1.23494 8.36975
12 124 6711.9 74.6 -70.8134 4.64766 137.745 1.35133 969.17 -0.0388796 61.6681 3096 45.3 1.21952 44.6799
12 125 7014.08 74.6 47.58 4.1185 158.115 1.35133 910.751 -0.138651 58.7106 3024 45.3 1.13992 50.3759
12 126 7155.6 74.6 -141.369 2.80427 151.479 1.35133 877.058 -0.140781 63.7176 3024 45.3 1.0559 67.7672
12 127 7023.85 38 -243.544 5.75105 142.273 1.35133 816.671 -0.130402 64.2158 3312 45.3 1.08911 70.9961
12 128 6924.97 38 -229.19 5.40352 150.232 1.35133 777.469 -0.177379 61.8411 3456 45.3 1.04401 62.9276
12 129 6947.21 38 -368.339 5.16518 152.239 1.35133 748.054 -0.133159 66.1368 3240 45.3 1.09756 74.6464
12 130 6930.38 38 -582.452 5.56822 148.907 1.35133 821.717 -0.0471847 68.2392 3240 45.3 1.12427 74.3524
12 131 7031.4 38 -455.514 6.27975 140.468 1.35133 810.901 -0.0626602 67.0148 3312 45.3 1.17912 65.0156
12 132 6884.24 38 -324.408 6.08059 150.792 1.35133 777.185 -0.0976153 66.8333 3096 45.3 1.16045 77.3426
12 133 6909.28 38 -431.243 5.35725 140.948 1.45609 853.26 0.00035865 66.0492 3240 45.3 1.08353 83.8482
12 134 6978.45 38 -412.032 3.31951 151.186 1.45609 831.347 -0.0100399 66.0889 3168 45.3 1.10006 67.6995
12 135 7150.1 38 -455.536 2.03271 151.653 1.45609 702.256 -0.0743421 66.9158 3168 45.3 1.10036 80.1814
12 136 7039.84 38 -366.683 3.84116 137.194 1.45609 799.762 -0.0195459 63.0008 3168 45.3 1.12211 59.3593
12 137 6874.8 38 -318.998 5.23562 138.129 1.45609 782.704 -0.0184197 60.7239 3312 45.3 1.12774 27.5043
12 138 6903.11 38 -216.651 3.87692 137.124 1.45609 784.265 -0.0265535 64.9777 3240 45.3 1.23831 45.1273
12 139 6833.76 38 -440.016 3.65699 138.164 1.45609 811.389 -0.00514243 67.7663 2952 45.3 1.19182 55.2735
12 140 6961.56 38 -402.146 4.38764 125.317 1.45609 885.497 0.0799029 65.5204 3096 45.3 1.23256 50.9945
12 141 6951.95 38 -255.233 3.9283 128.44 1.45609 824.741 0.044119 64.4912 3024 45.3 1.21644 60.4201
12 142 6906.24 38 -183.781 3.76891 133.267 1.45609 808.643 0.035596 63.7553 3168 45.3 1.16204 62.7867
12 143 6933.6 38 -275.992 -0.467881 139.621 1.45609 696.131 -0.0211314 63.0272 3168 45.3 1.12717 46.8665
12 144 6953.84 38 -236.009 -0.467346 150.443 1.52114 733.464 0.00671273 63.4745 3024 45.3 1.14612 45.5265
12 145 7122.44 38 -219.679 -1.46373 162.585 1.52114 741.089 0.0156718 59.2567 3168 45.3 1.1961 -0.886398
12 146 7282.66 38 44.9815 -1.79969 173.239 1.52114 690.305 -0.0594246 59.1749 3312 45.3 1.27676 -14.5002
12 147 7339.13 38 -28.6361 0.744698 172.555 1.52114 689.126 -0.122508 60.7627 3528 45.3 1.25553 20.5901
12 148 7296.16 38 -69.4898 4.86058 182.036 1.52114 731.851 -0.193878 61.1027 3600 45.3 1.24474 -2.61854
12 149 7279.26 38 -212.106 6.452 162.694 1.52114 805.138 -0.132788 65.0975 3672 45.3 1.27892 37.2976
12 150 7075.34 38 -502.15 6.09499 166.71 1.52114 776.575 -0.160923 71.4062 3672 45.3 1.26796 78.2643
12 151 7094.09 38 -841.497 3.14156 173.972 1.52114 675.779 -0.18261 74.4326 3600 24.6 1.20512 90.6316
12 152 7126.31 38 -791.607 2.24762 195.16 1.52114 692.985 -0.171707 74.1676 3456 24.6 1.20515 95.1329
12 153 7174.83 38 -766.27 1.28575 182.373 1.52114 688.444 -0.15539 68.0701 3456 24.6 1.17703 61.9314
12 154 6860.47 38 -346.936 4.23525 170.594 1.52114 704.729 -0.127074 65.2488 3600 24.6 1.28526 38.5515
12 155 6723.85 38 -380.926 4.11487 166.537 1.33841 698.336 -0.155657 65.1171 3528 24.6 1.20867 27.7514
12 156 6631.67 38 -361.866 4.78888 163.438 1.33841 710.802 -0.118664 66.3668 3528 24.6 1.2427 27.4543
12 157 6566.55 38 -490.814 1.27418 163.88 1.33841 632.807 -0.131532 66.9882 3312 24.6 1.22956 29.9719
12 158 6653.12 38 -389.39 2.53962 162.402 1.33841 725.33 -0.0882364 66.1126 3312 24.6 1.26978 24.0123
12 159 6724.66 38 -297.949 1.74265 169.14 1.33841 736.422 -0.104982 60.7129 3240 24.6 1.2424 -4.47563
12 160 6765.96 38 42.8798 2.18336 171.152 1.33841 730.842 -0.0952802 61.6942 3312 24.6 1.2906 10.7883
12 161 6828.28 38 -101.535 1.19521 171.072 1.33841 694.637 -0.0830442 62.2083 3240 24.6 1.20391 42.3546
12 162 6835.33 38 -189.939 0.778964 159.763 1.33841 740.33 -0.00952528 62.1904 3384 24.6 1.128 43.9777
12 163 6740.98 38 -252.55 0.630428 170.275 1.33841 732.307 -0.0268538 62.6756 3384 24.6 1.14084 6.35328
12 164 6882.89 38 -115.399 2.42302 158.766 1.33841 712.719 -0.0340816 61.873 3456 24.6 1.24556 21.2894
12 165 6728.8 38 -244.344 0.0191288 171.696 1.33841 656.371 -0.0829529 63.812 3456 24.6 1.2696 30.8392
12 166 6796.44 38 -286.404 -0.899514 192.269 1.33556 659.47 -0.139578 61.8873 3600 24.6 1.25388 10.0635
12 167 7039.4 38 -195.547 0.341497 196.331 1.33556 636.647 -0.206562 59.6217 3456 24.6 1.29988 -5.19518
12 168 6973.74 38 -185.269 1.24952 181.252 1.33556 715.32 -0.140493 63.9239 3384 24.6 1.31074 20.5662
12 169 6929.59 69.9 -102.718 6.73771 175.511 1.33556 905.927 -0.107553 62.3534 3456 24.6 1.30246 10.2202
12 170 6827.03 69.9 -279.68 3.52985 158.835 1.33556 905.508 0.0392507 64.9174 3384 24.6 1.22789 47.1267
12 171 6839.33 69.9 -563.283 0.377781 154.57 1.33556 925.873 0.0390907 72.6789 3384 24.6 1.21535 105.968
12 172 6934.31 69.9 -749.515 1.59419 155.008 1.33556 878.752 -0.0525527 68.3389 3312 24.6 1.17437 43.2276
12 173 6815.97 69.9 -478.522 0.566356 153.348 1.33556 853.002 -0.0240897 65.1743 3240 24.6 1.24028 16.99
12 174 6786.24 69.9 -250.226 -0.0169073 154.073 1.33556 850.794 -0.0132779 62.0209 3528 24.6 1.29913 19.8886
12 175 6759.62 69.9 -255.757 -1.47414 164.174 1.33556 751.504 -0.130468 63.335 3384 24.6 1.27254 18.8489
12 176 6768.1 69.9 -339.243 -1.93617 169.102 1.33556 765.808 -0.117548 62.2779 3312 24.6 1.30266 3.13685
12 177 6864.99 69.9 -119.468 0.62254 158.933 1.27703 800.309 -0.0811883 61.1082 3312 24.6 1.35179 -16.8288
12 178 6748.16 69.9 -68.7434 1.32795 145.917 1.27703 877.555 -0.00605213 61.7531 3240 24.6 1.33123 -9.94967
12 179 6710.66 69.9 -167.08 0.880493 142.669 1.27703 865.71 -0.0012672 61.3291 3384 24.6 1.29918 11.9721
12 180 6657.87 69.9 -86.8244 0.0537219 148.164 1.27703 796.782 -0.0710839 62.3616 3240 24.6 1.30852 38.1889
12 181 6676.34 69.9 -329.099 0.13965 142.987 1.27703 770.517 -0.0837551 63.2886 3384 24.6 1.27094 2.26626
12 182 6565.57 69.9 -87.0187 -0.30816 153.148 1.27703 671.228 -0.185202 58.0161 3240 24.6 1.29691 -17.9419
12 183 6485.87 69.9 -1.86021 0.636792 143.086 1.27703 723.62 -0.132351 58.4409 3240 24.6 1.28897 -20.662
12 184 6430.02 69.9 92.4711 -0.685339 141.328 1.27703 705.921 -0.102551 55.3138 3096 24.6 1.35273 -46.5768
12 185 6459.12 69.9 191.102 1.78381 138.339 1.27703 800.924 -0.0446813 55.6806 3096 24.6 1.3444 -35.5663
12 186 6553.21 69.9 238.593 4.13086 137.989 1.27703 824.778 -0.049308 54.7611 3024 24.6 1.31845 -49.1243
12 187 6497.06 69.9 368.272 2.98418 135.249 1.27703 862.093 -0.0389549 55.6566 3096 24.6 1.31353 -22.0626
12 188 6540.01 69.9 357.33 4.80138 147.069 1.49982 837.83 -0.125136 56.7818 3096 24.6 1.2557 14.5493
12 189 6579.26 69.9 146.424 4.69953 141.927 1.49982 876.376 -0.0623588 57.8621 3096 24.6 1.17182 7.92976
12 190 6562.6 69.9 34.1074 3.74986 156.7 1.49982 917.826 -0.0855546 59.8855 3024 24.6 1.1453 36.6133
12 191 6837.57 69.9 -23.7992 5.77176 145.981 1.49982 988.307 -0.0293375 60.7732 3024 24.6 1.13573 24.7323
12 192 6632.45 69.9 -37.8023 7.7666 150.555 1.49982 1026.63 -0.0112525 62.661 3096 24.6 1.14135 56.6857
12 193 6769.85 69.9 -251.872 7.07677 161.121 1.49982 975.489 -0.0576497 66.7863 3240 24.6 1.06062 80.549
12 194 6820.51 69.9 -317.474 5.06111 154.068 1.49982 965.801 -0.0100683 67.876 3024 24.6 1.03581 102.528
12 195 6878.16 69.9 -649.9 5.70253 146.621 1.49982 1013.55 0.0471244 70.3961 3096 24.6 0.97709 96.5289
12 196 6804.83 69.9 -482.789 4.25773 129.522 1.49982 990.945 0.0995515 64.825 3096 24.6 1.08052 62.8427
12 197 6648.21 69.9 -469.898 3.67222 122.915 1.49982 948.514 0.0857771 67.5174 3240 24.6 1.08536 80.817
12 198 6521.5 69.9 -495.329 3.58706 131.238 1.49982 927.421 0.0506103 64.7797 3096 24.6 1.13771 42.8298
12 199 6647.23 69.9 -408.878 1.09908 130.373 1.34333 950.949 0.128184 62.4618 3024 24.6 1.19064 39.717
12 200 6736.95 69.9 -262.343 5.79088 138.38 1.34333 964.473 0.0211855 63.2894 3168 24.6 1.25483 24.9319
12 201 6622.73 69.9 -150.127 5.73692 145.185 1.34333 867.206 -0.105002 59.9709 3312 36.9 1.23703 17.9949
12 202 6485.62 69.9 72.5953 3.0751 145.915 1.34333 792.827 -0.16074 62.7165 3384 36.9 1.20698 67.4415
12 203 6553.09 69.9 -250.946 2.32943 156.758 1.34333 745.163 -0.199263 61.306 3312 36.9 1.07907 49.1967
12 204 6772.93 69.9 -270.928 1.85632 139.562 1.34333 715.359 -0.184879 63.5424 3168 36.9 1.13653 17.6846
12 205 6602.5 69.9 -62.3132 4.19067 144.38 1.34333 771.155 -0.225782 60.029 3240 36.9 1.2527 26.1353
12 206 6586.6 69.9 115.228 3.92821 155.332 1.34333 750.1 -0.211118 56.282 3240 36.9 1.23147 -26.9975
12 207 6692.17 69.9 92.1691 1.74281 155.299 1.34333 706.238 -0.219018 60.7418 3096 36.9 1.24858 36.4104
12 208 6761.38 69.9 -100.415 0.593739 135.498 1.34333 739.917 -0.125376 59.5346 2952 36.9 1.16604 34.259
12 209 6650.39 69.9 130.519 -0.217831 136.373 1.34333 732.904 -0.11227 57.246 3096 36.9 1.21237 -1.71489
12 210 6635.58 69.9 228.413 -2.198 135.783 1.57218 716.025 -0.0881476 54.8071 3168 36.9 1.19822 -20.4222
12 211 6705.55 67.8 115.277 -1.9737 138.883 1.57218 660.604 -0.128065 55.3475 3096 36.9 1.22862 -21.7518
12 212 6695.9 67.8 151.292 -2.81534 146.068 1.57218 618.051 -0.182635 53.4527 3096 36.9 1.29348 -50.6576
12 213 6693.82 67.8 407.581 -4.59917 160.401 1.57218 655.821 -0.13 51.4366 3096 36.9 1.37431 -53.9678
12 214 6972.41 67.8 444.682 -5.62025 146.891 1.57218 672.738 -0.0702446 50.6 3024 36.9 1.33977 -60.0694
12 215 6922.72 67.8 455.796 -1.08 140.133 1.57218 733.479 -0.0635741 52.8551 3024 36.9 1.37125 -47.3459
12 216 6762.82 67.8 348.558 -4.42592 144.384 1.57218 673.72 -0.0614482 50.6623 3240 36.9 1.34646 -59.919
12 217 6830.54 67.8 457.607 -0.300508 133.991 1.57218 796.56 -0.0044727 54.6906 3168 36.9 1.38889 -27.4189
12 218 6823.57 67.8 -20.373 -0.654358 142.409 1.57218 830.535 0.0249658 53.9803 3168 36.9 1.30147 -76.0895
12 219 6935.09 67.8 366.325 -0.670865 156.26 1.57218 743.507 -0.136769 58.5659 3096 36.9 1.51772 -14.813
12 220 6895.4 67.8 180.963 -1.53116 135.424 1.57218 740.519 -0.0308976 56.6249 3096 36.9 1.38156 -12.6717
12 221 6795.83 67.8 43.7711 -0.210604 143.328 1.51833 820.293 -0.0108766 57.0578 3168 36.9 1.26944 -16.5151
12 222 6969.45 67.8 73.8995 1.70398 138.39 1.51833 863.638 -0.0389944 56.1125 3096 36.9 1.28111 -12.7805
12 223 6826.12 67.8 49.457 3.04893 125.634 1.51833 898.387 0.0148922 59.7934 3096 36.9 1.35748 -8.96918
12 224 6693.72 67.8 -57.3398 3.23438 115.449 1.51833 839.032 -0.0269006 60.7538 3240 36.9 1.33416 14.5419
12 225 6484.96 67.8 -80.828 4.05518 128.21 1.51833 856.365 -0.0778265 60.391 3240 36.9 1.26381 41.4423
12 226 6615.81 67.8 -261.618 2.77793 136.74 1.51833 783.468 -0.157373 60.8877 3168 36.9 1.1982 -1.9888
12 227 6611.57 67.8 -51.8765 5.3483 145.037 1.51833 816.04 -0.143725 61.0734 2952 36.9 1.30786 13.9548
12 228 6721.14 67.8 -54.7803 1.58266 140.781 1.51833 788.784 -0.112633 58.4241 2952 36.9 1.20307 30.4117
12 229 6698 67.8 181.999 3.01858 140.644 1.51833 872.076 -0.0498731 56.4933 2808 36.9 1.16438 34.6623
12 230 6785.58 67.8 -43.9199 3.13527 115.735 1.51833 945.692 0.0871668 56.5423 2952 36.9 1.09803 -0.463614
12 231 6744.55 67.8 55.051 0.818328 133.554 1.51833 908.157 0.0648827 58.5615 2952 36.9 1.17264 36.3634
12 232 6874.45 67.8 -46.5528 1.28381 147.198 1.55149 905.373 0.0323924 58.7039 3024 36.9 1.15331 13.9952
12 233 7040.93 67.8 -11.9706 4.35313 143.77 1.55149 920.647 -0.00294404 58.7436 3024 36.9 1.18192 14.0632
12 234 6951.23 67.8 -83.7234 1.96288 139.874 1.55149 860.113 0.00989662 62.4618 3240 36.9 1.19244 44.498
12 235 6878.42 67.8 -131.876 1.33421 148.53 1.55149 815.27 -0.0646934 62.3863 3384 36.9 1.17407 46.0727
12 236 6935.48 67.8 -340.158 -1.12665 155.01 1.55149 778.552 -0.0582381 60.7614 3384 36.9 1.14182 23.4708
12 237 6997.96 67.8 -273.576 -0.959799 167.58 1.55149 781.28 -0.123701 63.0038 3384 36.9 1.26114 8.05957
12 238 NaN 67.8 -180.745 -0.696566 172.474 1.55149 727.703 -0.192407 59.6977 3312 36.9 1.32208 10.2473
12 239 6986.42 67.8 -81.1196 3.01242 159.962 1.55149 820.554 -0.137072 59.2129 3240 36.9 1.32803 2.03157
12 240 6963.52 67.8 -93.7721 1.92336 128.754 1.55149 849.747 -0.0201211 60.8369 3456 36.9 1.2545 7.51632
12 241 6713.4 67.8 -206.483 2.04741 127.943 1.55149 753.287 -0.0935314 66.9528 3384 36.9 1.28644 30.6231
12 242 6580.93 67.8 -450.382 1.50433 138.151 1.55149 733.236 -0.15705 65.1563 3384 36.9 1.23352 15.3223
12 243 6558.72 67.8 -214.652 2.33285 151.204 1.2925 778.678 -0.152165 60.6017 3240 36.9 1.32987 2.78235
12 244 6753.87 67.8 -64.1095 1.18492 170.592 1.2925 707.225 -0.234784 59.2345 3096 36.9 1.33485 -6.21547
12 245 6921.93 67.8 170.118 -0.861039 164.151 1.2925 664.096 -0.228848 60.2866 3168 36.9 1.3261 27.2847
12 246 6823.56 67.8 100.616 3.11565 171.289 1.2925 756.006 -0.254566 53.8166 3312 36.9 1.2131 -3.31901
12 247 6947.11 67.8 145.379 2.75347 165.599 1.2925 774.056 -0.203967 53.4272 3384 36.9 1.16924 -15.5062
12 248 6870.18 67.8 118.91 3.7521 158.32 1.2925 770.219 -0.221006 61.6372 3312 36.9 1.22928 39.387
12 249 6779.56 67.8 -283.572 5.30221 146.408 1.2925 860.73 -0.130256 63.5979 3312 36.9 1.18634 28.7425
12 250 6723.94 67.8 -217.837 5.14598 141.776 1.2925 837.483 -0.112902 64.1156 3312 36.9 1.20716 36.7516
12 251 6693.65 67.8 -285.169 4.51642 136.462 1.2925 824.207 -0.0909212 67.1661 3168 24.5 1.19834 65.5075
12 252 6653 67.8 -350.858 1.64408 140.471 1.2925 793.456 -0.0931827 63.575 3024 24.5 1.15646 38.2285
12 253 6668.46 52.9 -185.933 3.44899 142.698 1.2925 800.341 -0.0224708 61.9994 2952 24.5 1.19961 42.7785
12 254 6556.22 52.9 -101.903 3.31293 139.21 1.44505 834.545 -0.0137962 57.4167 3024 24.5 1.19647 8.61884
12 255 6580.7 52.9 137.5 3.85072 128.486 1.44505 858.597 0.0377847 59.3682 3024 24.5 1.25228 2.96888
12 256 6475.59 52.9 59.8303 2.87128 152.676 1.44505 800.046 -0.0377022 58.8281 3024 24.5 1.19787 12.0201
12 257 6649.28 52.9 50.6502 1.79722 151.072 1.44505 832.437 0.0127245 57.8747 3096 24.5 1.16553 2.12292
12 258 6761.69 52.9 5.39932 -0.166145 149.5 1.44505 828.016 0.0442589 60.311 2880 24.5 1.16273 9.29864
12 259 6789.76 52.9 -21.9408 -0.814683 143.047 1.44505 840.472 0.0818597 60.1846 3168 24.5 1.1668 12.7691
12 260 6787.02 52.9 119.962 -0.740636 150.649 1.44505 748.899 0.010401 56.9092 3312 24.5 1.18415 10.6162
12 261 6774.54 52.9 -28.1083 -0.0753139 165.435 1.44505 765.174 -0.0178733 60.0315 3384 24.5 1.18515 -2.43169
12 262 6841.22 52.9 -102.799 -2.76092 182.383 1.44505 685.918 -0.123746 58.7123 3384 24.5 1.26672 -42.6224
12 263 6951.79 52.9 43.6792 -0.278544 163.42 1.44505 718.138 -0.0894861 61.1983 3384 24.5 1.33116 -7.71921
12 264 6737.99 52.9 -110.468 2.32167 149.723 1.44505 720.965 -0.115007 60.1181 3312 24.5 1.31055 -7.7447
12 265 6498.92 52.9 -88.9497 -0.307693 154.264 1.32201 749.367 -0.0514833 60.9934 3528 24.5 1.33392 -1.06343
12 266 6736.11 52.9 -164.295 0.673256 176.938 1.32201 713.533 -0.113654 62.221 3312 24.5 1.32963 14.8737
12 267 6898.24 52.9 -263.38 -1.9394 173.457 1.32201 749.582 -0.0355755 63.7174 3096 24.5 1.33281 -12.0147
12 268 7013.92 52.9 -103.819 -2.36105 175.498 1.32201 740.305 -0.0454985 61.459 3384 24.5 1.36011 5.06608
12 269 7015.69 52.9 102.292 -2.10268 181.962 1.32201 632.405 -0.164434 56.2804 3384 24.5 1.30439 8.53169
12 270 6917.02 52.9 -110.719 -1.86869 163.558 1.32201 711.373 -0.0728505 58.4534 3600 24.5 1.22362 -18.2152
12 271 6786.75 52.9 -215.012 -2.91622 183.405 1.32201 635.614 -0.142095 61.0175 3456 24.5 1.29472 -26.2881
12 272 6886.7 52.9 -211.663 -3.3982 145.923 1.32201 701.562 0.00322997 62.4113 3240 24.5 1.39141 -11.9505
12 273 6641.89 52.9 -254.521 -0.819782 132.294 1.32201 772.691 0.0417425 62.4787 3312 24.5 1.42896 -28.8603
12 274 6520.32 52.9 -42.1357 1.05924 144.968 1.32201 733.798 -0.0225034 57.9737 3312 24.5 1.45718 -52.9586
12 275 6633.61 52.9 90.1304 4.50426 136.672 1.32201 823.269 0.00821498 59.2238 3240 24.5 1.44131 -18.8295
12 276 6597.37 52.9 -22.0518 2.56308 147.926 1.35311 804.076 -0.0594691 61.0832 3024 24.5 1.36496 -21.0241
12 277 6603.64 52.9 116.232 4.79126 127.092 1.35311 841.997 0.0355936 61.5508 3168 24.5 1.38591 -1.14742
12 278 6467.11 52.9 -7.29041 7.73147 136.78 1.35311 878.094 -0.041826 59.3121 3168 24.5 1.22554 11.8243
12 279 6451.35 52.9 -79.0802 6.8998 136.243 1.35311 821.752 -0.088468 59.2227 3168 24.5 1.15996 10.8074
12 280 6393.71 52.9 -2.45578 6.95655 132.781 1.35311 822.129 -0.0527165 63.8897 3024 24.5 1.18313 61.4142
12 281 6336.55 52.9 -275.283 3.28866 125.092 1.35311 819.579 0.0168024 62.9643 2952 24.5 1.08373 36.7973
12 282 6388.09 52.9 -84.5407 2.59892 125.115 1.35311 767.044 0.0162066 60.9223 2880 24.5 1.0948 37.0011
12 283 6390.35 52.9 -28.9571 -1.7809 137.48 1.35311 740.298 0.043634 56.3389 2880 24.5 1.10662 11.0349
12 284 6627.8 52.9 261.779 -5.55124 152.085 1.35311 669.061 0.0516693 54.1714 2880 24.5 1.18434 -9.09027
12 285 6776.05 52.9 394.731 -4.35406 145.38 1.35311 661.082 0.00902826 50.6422 3024 24.5 1.22195 -55.4791
12 286 6658.11 52.9 491.464 -5.3567 154.474 1.35311 609.908 -0.0690475 47.5956 3168 24.5 1.26425 -67.6057
12 287 6652.96 52.9 688.81 -4.2539 152.634 1.63172 647.961 -0.0440277 47.8929 3312 24.5 1.34698 -88.6341
12 288 6676.52 52.9 402.2 -4.50609 156.23 1.63172 681.157 0.00553767 52.0098 3240 24.5 1.34227 -82.5347
12 289 6819.12 52.9 340.123 -3.91945 154.261 1.63172 656.017 -0.0481292 55.3042 3096 24.5 1.43968 -72.319
12 290 6714.79 52.9 329.365 -5.17995 150.363 1.63172 711.031 0.0613673 56.1236 3024 24.5 1.45694 -71.3517
12 291 6783.09 52.9 279.69 -5.61065 149.186 1.63172 744.122 0.137841 54.2047 3168 24.5 1.38258 -60.2978
12 292 6954.12 52.9 322.153 -2.60489 156.564 1.63172 810.908 0.0666167 53.9087 3096 24.5 1.4145 -63.6933
12 293 6997.39 52.9 183.119 -2.02292 154.606 1.63172 822.754 0.071719 55.2755 3312 24.5 1.40469 -86.1962
12 294 6907.42 52.9 288.343 -0.594354 165.174 1.63172 767.496 -0.0314271 57.9862 3384 24.5 1.46186 -22.4259
12 295 6859.71 54 -71.4721 -0.825094 156.641 1.63172 782.97 0.0237831 60.7075 3384 24.5 1.30196 -15.3094
12 296 6827.96 54 -253.849 -0.689292 149.085 1.63172 784.498 0.053489 62.6164 3240 24.5 1.32503 -12.7544
12 297 6790.89 54 -344.919 -4.02934 144.686 1.63172 762.895 0.111715 62.811 3456 24.5 1.33752 -17.7643
12 298 6837.01 54 -219.762 -0.10659 154.952 1.21541 667.037 -0.100006 59.0278 3528 24.5 1.38487 -28.4381
12 299 6607.62 54 -56.0102 -0.0942615 163.644 1.21541 677.529 -0.175758 56.227 3384 24.5 1.40722 -46.7027
12 300 6629.32 54 99.8321 -0.406512 153.884 1.21541 683.532 -0.114922 59.9407 3456 24.5 1.45202 -22.7756
12 301 6561.68 54 19.457 2.37155 156.494 1.21541 737.878 -0.0995887 60.9337 3240 69.8 1.37045 -8.61106
12 302 6593.54 54 -109.134 1.85578 113.706 1.21541 699.041 -0.125817 60.046 3096 69.8 1.31635 -23.5855
12 303 6414.15 54 163.827 2.06306 110.897 1.21541 782.697 -0.000435763 57.7029 3096 69.8 1.35355 -2.01662
12 304 7165.66 54 36.747 5.90908 105.71 1.21541 861.586 0.000338889 59.4286 2880 69.8 1.23045 11.0061
12 305 7059.68 54 118.615 4.2206 121.304 1.21541 924.386 0.0397961 58.9528 2736 69.8 1.27517 16.5959
12 306 7381.58 54 58.0215 1.65536 126.633 1.21541 867.831 0.0149513 62.8799 2952 69.8 1.23294 74.6933
12 307 7436.76 54 -82.7478 3.67235 122.804 1.21541 904.311 0.0420869 61.2429 2736 69.8 1.12651 83.0336
12 308 7385.55 54 -351.389 5.02535 120.494 1.21541 982.715 0.0721251 62.7203 3096 69.8 1.02173 39.6389
12 309 7437.22 54 -59.0313 3.59903 118.903 1.57764 901.756 0.0599707 62.726 3024 69.8 1.17296 73.6656
12 310 7384.87 54 -444.073 4.64984 106.822 1.57764 949.96 0.0843857 69.0561 3024 69.8 1.06637 100.131
12 311 7252.67 54 -667.938 6.66493 113.034 1.57764 999.341 0.111776 66.6435 3096 69.8 1.11913 66.2642
12 312 7362.63 54 -403.868 4.15694 121.421 1.57764 923.141 0.029173 67.721 3096 69.8 1.22671 62.1801
12 313 7350.87 54 -552.092 5.45623 113.526 1.57764 910.389 0.00951243 70.8866 2880 69.8 1.17725 110.635
12 314 7223.29 54 -568.616 5.3678 105.836 1.57764 951.02 0.0956393 67.4942 3096 69.8 1.15579 86.8994
12 315 7180.74 54 -398.011 3.79841 124.162 1.57764 875.239 -0.0258765 66.6361 3096 69.8 1.1626 85.3718
12 316 7251.05 54 -503.344 3.82027 127.518 1.57764 853.667 -0.00971157 66.3603 3096 69.8 1.12404 94.0523
12 317 7336.76 54 -435.009 4.54568 139.603 1.57764 853.996 -0.0762165 67.3058 3096 69.8 1.16882 77.9902
12 318 7327.89 54 -306.915 5.96272 137.033 1.57764 838.085 -0.129236 64.751 3240 69.8 1.16857 72.1277
12 319 7285.02 54 -276.313 5.86697 141.803 1.57764 817.381 -0.189404 66.0581 3240 69.8 1.15125 87.2502
12 320 7219.5 54 -438.108 6.31326 128.674 1.59759 811.752 -0.144018 67.3687 3312 69.8 1.11328 84.7962
12 321 7140.92 54 -480.567 5.66809 141.726 1.59759 823.862 -0.174134 70.3128 3096 69.8 1.1526 93.5411
12 322 7298.46 54 -552.626 5.25355 135.91 1.59759 892.227 -0.0586495 67.662 3096 69.8 1.11473 80.719
12 323 7380.27 54 -394.679 4.40878 141.209 1.59759 847.438 -0.118233 68.6989 3024 69.8 1.1764 78.2254
12 324 7375.46 54 -478.833 3.55739 130.703 1.59759 808.508 -0.111167 67.4491 3312 69.8 1.08255 97.0497
12 325 7281.24 54 -294.82 4.81515 136.71 1.59759 786.67 -0.177066 64.5528 3168 69.8 1.09344 85.6062
12 326 7207.88 54 -506.65 5.1885 125.811 1.59759 871.008 -0.0214838 64.154 3024 69.8 1.07719 56.9718
12 327 7264.96 54 -361.119 3.99438 118.101 1.59759 941.226 0.0871381 68.1316 2952 69.8 1.20063 94.1764
12 328 7424.73 54 -515.55 4.69872 111.463 1.59759 916.281 0.0461845 67.4318 2952 69.8 1.15271 78.4356
12 329 7247.51 54 -358.693 2.68157 119.966 1.59759 804.06 -0.0403931 64.9887 3096 69.8 1.18671 81.1861
12 330 7190.7 54 -273.304 2.74774 117.111 1.59759 784.557 -0.0724998 63.1256 3240 69.8 1.15903 70.7707
12 331 7095.99 54 -347.916 1.72041 111.06 1.56176 759.924 -0.0723471 62.6398 3024 69.8 1.14075 45.7303
12 332 7008.31 54 -361.004 4.38055 98.6865 1.56176 803.173 -0.0455967 64.5495 3024 69.8 1.22205 25.0859
12 333 6890.67 54 -127.002 2.828 101.645 1.56176 794.617 -0.00118294 59.2944 2808 69.8 1.28346 25.041
12 334 6970.79 54 -7.41694 5.66574 91.5899 1.56176 929.085 0.0598893 61.7219 2808 69.8 1.26756 49.4751
12 335 6966.65 54 17.3242 3.98932 112.397 1.56176 813.738 -0.0536168 58.4885 2736 69.8 1.19381 31.8817
12 336 7083.28 54 163.836 5.76396 113.085 1.56176 855.204 -0.0613888 60.4419 2880 69.8 1.21158 61.5055
12 337 7080.23 79.5 -32.3309 2.9117 134.937 1.56176 844.842 -0.141862 58.2476 2808 69.8 1.06605 53.3246
12 338 7289.52 79.5 42.7735 0.217079 126.119 1.56176 858.27 -0.0334158 59.5376 2952 69.8 1.05293 83.0796
12 339 7322.81 79.5 -71.1183 2.64823 131.106 1.56176 843.344 -0.136674 60.5805 2952 69.8 1.0366 49.5181
12 340 7249.4 79.5 -93.7753 4.35171 128.165 1.56176 866.655 -0.172291 58.455 3168 69.8 1.09237 38.1221
12 341 7202.85 79.5 -11.0661 3.80461 123.324 1.56176 836.477 -0.18495 60.1176 3168 69.8 1.18608 34.2016
12 342 7115.11 79.5 -159.875 1.52514 137.246 1.66493 843.667 -0.161542 64.1672 3168 69.8 1.18251 70.5427
12 343 7399.1 79.5 -304.051 -1.48234 148.027 1.66493 778.278 -0.181859 64.2756 3024 69.8 1.18584 73.0457
12 344 7498.63 79.5 -255.364 0.457683 124.967 1.66493 853.747 -0.090734 61.7431 2952 69.8 1.20529 48.5137
12 345 7379.5 79.5 -98.1786 0.65482 140.353 1.66493 833.755 -0.149872 59.2985 3096 69.8 1.22686 32.1641
12 346 7399.87 79.5 103.354 1.84791 130.513 1.66493 933.818 -0.0462626 58.2275 3168 69.8 1.25732 20.7417
12 347 7399.49 79.5 -227.488 1.30395 131.591 1.66493 935.905 -0.0713173 63.4602 2952 69.8 1.20051 31.0862
12 348 7453.94 79.5 -351.652 3.03441 113.105 1.66493 985.628 0.0333468 66.4743 3024 69.8 1.29165 51.8125
12 349 7358.06 79.5 -316.088 2.05033 107.922 1.66493 984.437 0.0664809 64.4669 2952 69.8 1.26912 59.483
12 350 7310.98 79.5 -389.301 2.20418 97.4258 1.66493 995.049 0.120731 65.3245 3024 69.8 1.21772 60.2245
12 351 7287.72 79.5 -420.493 4.06141 83.0934 1.66493 992.492 0.108433 64.1497 2952 55.9 1.26469 44.9597
12 352 7038.92 79.5 -324.479 2.46274 99.3198 1.66493 969.573 0.048187 63.5562 3024 55.9 1.26781 44.5841
12 353 7045.42 79.5 -197.669 3.80811 104.767 1.37247 954.701 0.0307613 61.4456 2952 55.9 1.33387 40.2791
12 354 6916.14 79.5 -183.216 2.47553 124.561 1.37247 919.756 -0.0251722 63.5887 2880 55.9 1.25834 37.4298
12 355 7115.08 79.5 -198.425 3.41832 110.619 1.37247 892.97 -0.0326259 63.7568 2808 55.9 1.24368 48.6404
12 356 6909.52 79.5 76.1316 3.2702 114.277 1.37247 933.579 -0.0246851 59.3146 2880 55.9 1.21921 39.2786
12 357 6932.2 79.5 13.5361 2.9187 110.222 1.37247 903.05 -0.0134992 56.6467 3168 55.9 1.12799 27.6089
12 358 6879.03 79.5 44.2753 0.575446 125.348 1.37247 768.984 -0.151324 60.5428 3096 55.9 1.18811 55.3969
12 359 6882.2 79.5 -232.468 -0.761287 134.782 1.37247 677.878 -0.257712 60.6474 3240 55.9 1.14855 5.09361
12 360 6850.41 79.5 71.7051 0.65962 128.474 1.37247 699.736 -0.247992 55.4506 3024 55.9 1.26191 -10.7548
12 361 6800.02 79.5 207.975 0.134676 136.325 1.37247 738.093 -0.187462 54.8548 3024 55.9 1.27099 -24.7023
12 362 6970.37 79.5 346.141 0.851292 136.313 1.37247 786.695 -0.165083 55.3467 2880 55.9 1.30428 -9.3946
12 363 7000.26 79.5 213.491 3.82453 112.895 1.37247 842.557 -0.0906813 53.8101 2880 55.9 1.25083 -20.4871
12 364 6820.39 79.5 250.39 2.57061 120.079 1.59448 818.087 -0.123848 56.537 3024 55.9 1.24736 9.67241
12 365 6837.22 79.5 230.073 -0.999978 121.376 1.59448 768.007 -0.096525 56.5039 3024 55.9 1.18852 24.6676
12 366 6918.84 79.5 56.3226 -1.72744 133.022 1.59448 750.786 -0.135349 58.5669 3024 55.9 1.17475 17.9543
12 367 7036.09 79.5 68.0389 -1.77147 127.172 1.59448 690.033 -0.18079 54.7575 2880 55.9 1.23978 -31.64
12 368 6856.66 79.5 393.457 -5.17767 117.651 1.59448 712.733 -0.056559 54.06 2952 55.9 1.3231 -9.49764
12 369 6919.64 79.5 331.329 -4.90882 124.259 1.59448 691.967 -0.0970894 51.6538 3024 55.9 1.23138 -43.9964
12 370 6993.58 79.5 423.141 -5.05757 119.556 1.59448 696.308 -0.0773183 48.8161 2880 55.9 1.32554 -65.1624
12 371 6979.04 79.5 491.95 -4.72659 129.677 1.59448 685.568 -0.120812 49.7862 2880 55.9 1.43251 -74.3319
12 372 7023.35 79.5 564.31 -5.101 123.967 1.59448 719.667 -0.0281431 47.7413 3024 55.9 1.44803 -66.4842
12 373 7057.48 79.5 603.928 -3.46901 136.467 1.59448 743.964 -0.105184 50.5354 3024 55.9 1.39759 -60.0251
12 374 7150.61 79.5 464.534 -3.215 139.197 1.59448 749.657 -0.123456 49.2516 3096 55.9 1.40477 -78.8406
12 375 7172.65 79.5 508.773 -2.58835 142.835 1.53642 777.366 -0.149008 53.6403 3024 55.9 1.4616 -23.354
12 376 7184.49 79.5 263.325 -2.15049 125.919 1.53642 804.125 -0.0492141 55.0164 3168 55.9 1.35888 -39.8721
12 377 7068.33 79.5 189.208 -4.57496 135.921 1.53642 766.486 -0.0890122 58.3028 3168 55.9 1.37234 6.6284
12 378 7165.43 79.5 19.8554 -1.45944 134.791 1.53642 798.713 -0.0865552 56.643 3096 55.9 1.32793 -26.6763
12 379 7092.22 44.5 27.6714 0.077359 117.058 1.53642 764.169 -0.00524357 55.6598 3024 55.9 1.37925 -28.531
12 380 6993.44 44.5 104.365 -0.543569 119.274 1.53642 755.04 -0.0374684 60.2466 3096 55.9 1.42152 18.3571
12 381 7042.37 44.5 81.5247 1.34228 116.835 1.53642 775.543 0.0281565 58.4597 3024 55.9 1.36881 -3.61571
12 382 6928.12 44.5 9.49838 1.02705 111.698 1.53642 799.898 0.0736629 57.7939 3024 55.9 1.32637 18.8622
12 383 6945.18 44.5 29.0274 -0.718444 118.285 1.53642 699.901 0.0221585 61.0088 3096 55.9 1.33377 16.6439
12 384 6940.54 44.5 -32.7974 -0.163618 135.026 1.53642 695.911 -0.0483027 58.3765 2880 55.9 1.29713 16.1808
12 385 7066.07 44.5 -12.4074 -1.02804 129.731 1.53642 748.339 0.0634424 55.9829 3024 55.9 1.25892 -13.5696
12 386 7209.45 44.5 285.095 -2.27439 140.607 1.50936 683.574 -0.0247038 56.8084 3024 55.9 1.34227 12.1029
12 387 7162.6 44.5 173.326 -1.35676 135.641 1.50936 652.658 -0.0451254 57.0976 3168 55.9 1.24725 -11.1748
12 388 7070.59 44.5 179.814 1.38116 118.547 1.50936 615.907 -0.0996379 56.0892 3168 55.9 1.26251 -28.1145
12 389 6702.6 44.5 180.168 0.0138822 111.927 1.50936 673.584 -0.0166283 57.105 3168 55.9 1.29765 -20.3204
12 390 6790.29 44.5 87.2022 1.60279 110.594 1.50936 679.994 -0.0110655 58.4337 3096 55.9 1.34499 -19.8065
12 391 6767.92 44.5 12.8531 1.77609 118.156 1.50936 712.737 -0.041305 57.5401 2880 55.9 1.37595 -16.8277
12 392 6886.94 44.5 164.209 0.230298 115.744 1.50936 629.381 -0.111457 55.9313 2952 55.9 1.40542 -22.1708
12 393 6713.38 44.5 427.017 -0.312845 124.27 1.50936 651.336 -0.0782352 54.2153 2952 55.9 1.31939 -7.26078
12 394 6818.19 44.5 301.55 0.453679 119.468 1.50936 695.8 -0.0510325 51.0596 2880 55.9 1.17907 -23.5088
12 395 6787.04 44.5 411.913 -0.595587 124.014 1.50936 687.265 -0.0341916 52.4514 2808 55.9 1.25306 -0.535227
12 396 6914.61 44.5 324.353 2.27872 114.508 1.50936 730.734 -0.0121816 55.1647 2808 55.9 1.24594 6.40654
12 397 6850.41 44.5 355.345 3.3482 113.67 1.64348 801.502 0.0718617 52.8436 2808 55.9 1.24895 -16.0582
12 398 6951.54 44.5 327.805 0.34154 124.748 1.64348 794.033 0.0788306 55.5154 2808 55.9 1.20506 1.54097
12 399 7073.2 44.5 219.096 -0.404159 122.681 1.64348 799.492 0.0764271 56.3755 2808 55.9 1.20084 33.3186
12 400 7083.11 44.5 25.4045 2.57247 119.839 1.64348 827.417 0.0924423 57.2176 2952 55.9 1.16007 21.2229
12 401 7062.05 44.5 217.766 2.01884 116.021 1.64348 789.975 0.0427045 56.6434 3096 61.5 1.23598 7.15131
12 402 6924.33 44.5 34.2163 2.3481 114.29 1.64348 763.707 0.0223375 59.8539 3096 61.5 1.20199 29.1783
12 403 6971.72 44.5 -146.29 0.332349 124.291 1.64348 733.225 0.010217 60.3748 3024 61.5 1.18344 30.306
12 404 7103.22 44.5 -128.914 0.014061 116.611 1.64348 768.294 0.0935833 59.6226 2880 61.5 1.23378 7.63111
12 405 7155.97 44.5 -25.3603 -2.55471 125.895 1.64348 727.081 0.0492789 58.1507 3024 61.5 1.28546 14.4108
12 406 7243.23 44.5 192.707 1.68737 138.128 1.64348 759.166 -0.0143967 56.5971 3024 61.5 1.29036 3.42582
12 407 7228.74 44.5 136.109 -1.98551 141.876 1.64348 750.5 0.0216115 56.4032 3024 61.5 1.24895 -15.3344
12 408 7400.97 44.5 106.906 -1.63693 133.466 1.6018 756.032 0.0649637 61.7 3168 61.5 1.29841 34.3592
12 409 7310.74 44.5 -122.783 -1.07678 123.913 1.6018 732.081 0.04425 59.3825 3096 61.5 1.23627 12.9809
12 410 7191.24 44.5 -76.2429 -4.31069 131.999 1.6018 690.33 0.0190364 60.0974 3312 61.5 1.27282 -5.51851
13 1 7367.89 23.8 -435.53 0.760486 158.301 1.33665 724.957 0.0131145 65.4594 3456 60.4 1.31085 29.0266
13 2 7356.89 23.8 -423.917 1.75423 158.247 1.33665 737.458 0.0204928 65.7496 3456 60.4 1.31957 50.9543
13 3 7388.16 23.8 -373.548 1.55323 151.989 1.33665 723.424 0.0137815 66.1895 3384 60.4 1.32251 45.2376
13 4 7291.31 23.8 -455.684 1.57508 138.154 1.33665 769.089 0.083611 65.9832 3456 60.4 1.30784 59.1992
13 5 7224.08 23.8 -433.275 1.42693 150.948 1.33665 735.66 0.0172147 64.9451 3384 60.4 1.29026 51.7533
13 6 7271.26 23.8 -421.094 -2.35614 146.609 1.33665 688.589 0.0617246 64.2882 3384 60.4 1.32515 41.6807
13 7 7356.9 23.8 -405.587 -2.91597 155.382 1.33665 642.803 0.0167787 67.1369 3384 60.4 1.33669 46.4839
13 8 7380.37 23.8 -351.188 -1.84044 156.203 1.33665 672.187 0.0377088 60.7103 3168 60.4 1.31519 -12.7325
13 9 7342.81 23.8 -98.1097 -2.79687 143.525 1.33665 730.2 0.15376 59.785 3384 60.4 1.38342 -11.0158
13 10 7403.71 23.8 -71.0604 -3.20617 140.32 1.33665 679.988 0.113535 60.4071 3384 60.4 1.39153 -8.13956
13 11 NaN 23.8 -183.079 -5.9917 145.622 1.33665 618.468 0.0755958 61.0067 3240 60.4 1.36979 13.7397
13 12 7331.35 23.8 -186.629 -6.18824 143.523 1.37777 653.041 0.16338 59.6197 3168 60.4 1.40712 -14.8845
13 13 7423.89 23.8 -114.015 -4.51999 134.154 1.37777 742.706 0.258273 56.9637 3312 60.4 1.44926 -57.9802
13 14 7390.54 23.8 13.8662 -3.40088 133.375 1.37777 659.953 0.13082 56.919 3312 60.4 1.48468 -49.0833
13 15 7182.11 23.8 168.691 0.272207 113.012 1.37777 720.174 0.149929 56.0364 3384 60.4 1.54865 -39.9318
13 16 6927.59 23.8 9.85795 0.213873 114.711 1.37777 751.079 0.183095 57.7427 3312 60.4 1.46318 -34.5629
13 17 6969.19 23.8 -26.8289 0.792622 114.747 1.37777 742.703 0.156339 61.3761 3168 60.4 1.48559 -12.8711
13 18 6980.15 23.8 -228.518 -1.604 116.011 1.37777 672.63 0.137474 61.6055 2952 60.4 1.42497 -17.4737
13 19 6975.09 23.8 15.9014 -5.61318 124.914 1.37777 624.083 0.127439 57.3164 3024 60.4 1.43365 -7.6853
13 20 7168.46 23.8 153.034 -5.39917 132.672 1.37777 623.559 0.129298 51.9321 3024 60.4 1.35204 -40.3505
13 21 7228.9 23.8 387.781 -4.85683 134.316 1.37777 594.948 0.0914117 50.3798 3096 60.4 1.32232 -55.5404
13 22 7167.65 23.8 414.451 -5.99517 148.593 1.37777 542.33 0.0341867 48.8152 3312 60.4 1.38862 -60.2185
13 23 7254.58 23.8 492.077 -4.64902 148.075 1.55253 525.496 2.31265e-05 50.3616 3240 60.4 1.41443 -53.2117
13 24 7207.82 23.8 298.604 -5.17487 131.233 1.55253 574.128 0.0972369 52.5334 3168 60.4 1.39115 -52.0555
13 25 7150.95 23.8 283.188 -4.62089 134.136 1.55253 613.015 0.102496 53.0146 3240 60.4 1.47708 -65.6654
13 26 7239.99 23.8 313.551 -3.51763 137.93 1.55253 673.504 0.0861269 51.15 3240 60.4 1.49707 -70.2437
13 27 7206.13 23.8 178.415 -1.86207 131.319 1.55253 656.611 0.0871127 55.7301 3240 60.4 1.47037 -44.6475
13 28 7082.33 23.8 134.708 -4.23008 138.05 1.55253 608.844 0.0446473 56.2866 3240 60.4 1.4764 -19.4276
13 29 7191.72 23.8 110.316 -2.71391 132.324 1.55253 620.019 0.0707833 56.1142 3312 60.4 1.39108 -18.9319
13 30 7123.89 23.8 122.795 -2.35183 139.125 1.55253 648.803 0.0550298 55.9444 3168 60.4 1.39089 -43.2007
13 31 7183.14 23.8 91.098 -1.2618 147.299 1.55253 702.398 0.0812932 55.6342 3384 60.4 1.45005 -37.9574
13 32 7324.43 23.8 229.805 -0.745237 154.383 1.55253 604.777 -0.0412395 57.4451 3240 60.4 1.43688 6.30634
13 33 7250.68 23.8 30.9484 -2.48936 140.468 1.55253 608.71 -0.0130633 60.0523 3312 60.4 1.34806 13.1849
13 34 7091.5 23.8 25.6646 -1.09507 125.512 1.46009 652.015 0.0486703 58.3181 3312 60.4 1.32034 -12.7639
13 35 6994.79 23.8 -52.193 -0.921964 120.782 1.46009 686.851 0.104047 57.2677 3384 60.4 1.32116 -31.107
13 36 6927.68 23.8 -36.5381 -0.404228 135.832 1.46009 592.39 -0.00589318 59.4406 3240 60.4 1.39858 -3.33947
13 37 6985.47 23.8 8.3299 0.281279 134.289 1.46009 642.398 -0.0167648 59.4349 3168 60.4 1.43772 -28.9871
13 38 6961.17 23.8 75.6572 -0.927214 142.892 1.46009 606.782 -0.0412931 55.2028 3024 60.4 1.39911 -28.342
13 39 7031.41 23.8 296.378 -1.69215 133.526 1.46009 643.45 0.0364413 56.8777 3024 60.4 1.36747 11.9144
13 40 7009.72 23.8 161.221 -1.97685 110.4 1.46009 619.375 0.10687 54.0038 3024 60.4 1.25223 -5.44273
13 41 6786.02 23.8 172.679 -3.54894 107.282 1.46009 599.746 0.107493 55.1072 3096 60.4 1.26784 -26.8896
13 42 6777.4 23.8 242.208 -4.15548 108.589 1.46009 578.35 0.0465308 51.5962 3024 60.4 1.32246 -66.7748
13 43 6695.1 48.1 356.796 -3.41627 104.174 1.46009 674.834 0.13166 50.1905 2880 60.4 1.40609 -66.2022
13 44 6769.11 48.1 420.681 -4.95338 101.972 1.46009 638.161 0.128301 50.6626 2880 60.4 1.45355 -40.4526
13 45 6818.04 48.1 620.085 -2.8463 116.012 1.52602 667.868 0.0343847 46.514 2808 60.4 1.43263 -75.6629
13 46 6856.13 48.1 712.411 -3.88067 121.351 1.52602 678.837 0.0438456 42.6866 2880 60.4 1.38247 -80.5623
13 47 7046.79 48.1 864.178 -2.65433 134.114 1.52602 667.456 -0.0428145 45.5766 3024 60.4 1.3937 -58.7236
13 48 7068.27 48.1 599.636 -0.809097 144.062 1.52602 678.863 -0.0767504 47.9502 3096 60.4 1.29716 -55.7437
13 49 7103.29 48.1 645.039 0.415988 135.195 1.52602 693.237 -0.0894587 51.137 3096 60.4 1.32478 -22.7114
13 50 6998.22 48.1 483.81 -2.65481 127.941 1.52602 687.596 0.0156554 54.7755 3168 60.4 1.28662 -9.02373
13 51 NaN 48.1 146.866 -1.20946 143.457 1.52602 727.181 -0.0197941 56.9746 3384 49.6 1.23818 23.4685
13 52 7246.44 48.1 5.51579 -6.03592 173.97 1.52602 557.008 -0.130005 54.5384 3312 49.6 1.2744 -17.7222
13 53 7341.18 48.1 191.299 -4.15444 174.991 1.52602 570.587 -0.189736 56.4466 3240 49.6 1.38491 -6.32768
13 54 7200.45 48.1 186.579 -3.66398 177.223 1.52602 646.337 -0.101113 50.9169 3456 49.6 1.32417 -83.865
13 55 7317.6 48.1 435.408 -0.718151 171.929 1.52602 732.469 -0.0708187 53.5426 3528 49.6 1.41697 -42.4332
13 56 7302.21 48.1 116.96 2.28679 150.275 1.48659 769.13 -0.0773057 57.2955 3456 49.6 1.37037 -25.9274
13 57 6964.54 48.1 -124.816 -1.63845 152.7 1.48659 717.981 -0.0294505 63.8978 3384 49.6 1.39836 21.11
13 58 7064.58 48.1 -286.542 -0.113656 133.003 1.48659 811.853 0.0940812 64.7311 3312 49.6 1.33454 18.9573
13 59 7028.92 48.1 -462.782 1.77157 137.448 1.48659 818.83 0.0820208 62.5203 3096 49.6 1.30902 -7.88468
13 60 6975.3 48.1 -219.837 1.50257 126.661 1.48659 864.301 0.101236 62.197 3240 49.6 1.42107 -6.93091
13 61 6967.43 48.1 86.4415 1.58594 142.691 1.48659 848.998 0.0275366 59.7175 3240 49.6 1.41304 16.8006
13 62 7074.64 48.1 -131.947 4.67781 138.056 1.48659 918.013 0.0610745 62.6752 3168 49.6 1.28072 17.5451
13 63 7003.45 48.1 -154.161 3.08493 122.103 1.48659 876.029 0.10187 62.2498 3168 49.6 1.26704 58.574
13 64 6869.43 48.1 -197.291 0.92053 119.449 1.48659 796.319 0.0685771 65.4498 3168 49.6 1.22256 52.6641
13 65 6774.32 48.1 -344.472 1.27544 118.87 1.48659 819.218 0.0837384 61.5313 3240 49.6 1.1546 23.8401
13 66 6828.93 48.1 -273.43 2.77991 127.584 1.48659 799.948 0.0314417 57.8541 3096 49.6 1.21673 -6.61251
13 67 6815.11 48.1 -10.9942 3.91295 118.81 1.42524 820.531 0.0523131 60.3727 3096 49.6 1.33962 -4.97713
13 68 6743.02 48.1 50.366 2.46789 132.456 1.42524 775.285 0.019272 58.773 3096 49.6 1.30841 5.27145
13 69 6822.12 48.1 122.159 4.89657 118.654 1.42524 819.926 0.0270889 56.3172 3240 49.6 1.23271 9.58668
13 70 6676.58 48.1 95.6142 2.09315 127.839 1.42524 700.13 -0.0741329 55.9504 3096 49.6 1.20814 4.86799
13 71 6655.25 48.1 116.06 2.16109 132.612 1.42524 743.547 -0.0600478 59.2035 3312 49.6 1.25101 30.5264
13 72 6790.74 48.1 181.717 2.41877 145.213 1.42524 656.07 -0.187507 54.4304 3096 49.6 1.188 13.4347
13 73 6744.66 48.1 230.904 -0.743349 159.758 1.42524 653.584 -0.140591 55.3757 3240 49.6 1.24552 -13.8722
13 74 6991.83 48.1 297.14 -2.5889 183.755 1.42524 586.293 -0.226367 54.8246 3240 49.6 1.25095 13.2061
13 75 7221.7 48.1 279.723 -1.6667 171.065 1.42524 627.493 -0.197009 53.1212 3240 49.6 1.18136 7.34547
13 76 7113.45 48.1 240.974 -3.68062 161.65 1.42524 553.428 -0.211407 52.6702 3456 49.6 1.20225 -13.2928
13 77 6933.91 48.1 356.829 -3.36089 162.225 1.42524 578.775 -0.168056 54.3632 3672 49.6 1.25171 1.03281
13 78 6995.34 48.1 34.2937 -5.56726 179.915 1.59355 523.463 -0.200959 55.9427 3600 49.6 1.23704 -45.1675
13 79 7203.18 48.1 25.1447 -6.09277 185.716 1.59355 514.16 -0.209863 57.7409 3456 49.6 1.39048 -24.629
13 80 7204.33 48.1 99.8423 -5.00507 176.094 1.59355 528.679 -0.219404 54.6137 3456 49.6 1.46907 -54.2733
13 81 7087.34 48.1 354.1 -3.1611 161.6 1.59355 613.702 -0.122879 53.4198 3456 49.6 1.48998 -57.4238
13 82 7039.11 48.1 274.294 1.30394 140.194 1.59355 744.067 -0.0782124 52.6039 3384 49.6 1.42811 -46.8823
13 83 6864.06 48.1 86.2517 2.49271 131.743 1.59355 835.095 0.0251093 58.637 3312 49.6 1.45001 -38.8566
13 84 6917.8 48.1 7.37234 2.94282 130.236 1.59355 857.451 0.0638967 62.0266 3312 49.6 1.46949 8.25729
13 85 6974.76 21.4 -233.401 3.78792 129.745 1.59355 727.558 -0.00306668 63.8521 3168 49.6 1.36989 36.0686
13 86 6799.9 21.4 -295.068 2.6257 134.606 1.59355 734.582 0.0244812 62.2565 3096 49.6 1.2598 15.5675
13 87 6944.51 21.4 -47.6889 1.88568 137.397 1.59355 802.33 0.110944 57.538 3168 49.6 1.21773 23.8274
13 88 7061.36 21.4 32.8055 0.352753 163.839 1.59355 770.671 0.102546 59.8399 3096 49.6 1.23057 24.0035
13 89 7418.09 21.4 -57.5344 -1.68577 170.566 1.50097 705.142 0.0491592 62.0738 3168 49.6 1.22411 39.6911
13 90 7459.05 21.4 -103.271 -2.66545 170.427 1.50097 679.35 0.0636916 58.4889 3312 49.6 1.20301 29.8899
13 91 7409.95 21.4 -186.138 -0.334514 170.543 1.50097 713.815 0.0243732 59.1406 3672 49.6 1.14613 10.9766
13 92 7389.41 21.4 -180.599 1.58016 163 1.50097 727.226 -0.00543658 60.3005 3600 49.6 1.23227 -0.0515664
13 93 7200.38 21.4 -369.793 3.16586 154.708 1.50097 771.21 0.0252599 66.6791 3672 49.6 1.34869 28.3101
13 94 7100.4 21.4 -536.561 6.48382 153.403 1.50097 781.071 -0.0103516 68.8483 3672 49.6 1.35806 54.3293
13 95 7054.44 21.4 -637.979 4.86822 165.44 1.50097 770.255 -0.0579406 70.0528 3528 49.6 1.33682 65.9709
13 96 7138.17 21.4 -753.135 7.00665 157.984 1.50097 779.621 -0.0406971 72.9708 3384 49.6 1.28405 71.0396
13 97 7076.78 21.4 -608.103 6.74423 150.619 1.50097 776.984 -0.0147847 70.8543 3312 49.6 1.22022 78.5779
13 98 6934.54 21.4 -514.729 5.02867 147.071 1.50097 796.555 0.0153848 69.9712 3312 49.6 1.17692 92.2115
13 99 6988.06 21.4 -536.768 6.66921 131.439 1.50097 849.922 0.112897 67.7809 3456 49.6 1.11092 72.3595
13 100 6879.8 21.4 -582.464 7.67331 142.674 1.45003 723.148 -0.099091 67.7853 3312 49.6 1.12093 72.1005
13 101 6767.46 21.4 -494.5 5.86363 145.051 1.45003 750.603 -0.0353199 65.7075 3456 37.5 1.19011 98.615
13 102 6842.88 21.4 -383.902 4.65411 171.502 1.45003 669.12 -0.158647 66.1166 3312 37.5 1.15528 75.3163
13 103 6873.73 21.4 -416.434 3.5425 157.099 1.45003 684.607 -0.0447514 66.5122 3168 37.5 1.14288 71.0197
13 104 6707.7 21.4 -342.007 6.85124 150.311 1.45003 730.307 -0.0506453 63.3058 3240 37.5 1.1484 58.1712
13 105 6598.09 21.4 -120.822 5.56153 150.114 1.45003 761.612 -0.00552005 59.9751 3384 37.5 1.1161 29.4822
13 106 6743.75 21.4 -83.1958 6.19377 158.356 1.45003 749.894 -0.0523438 63.3881 3312 37.5 1.13396 79.9305
13 107 6766.32 21.4 -276.079 5.18667 158.332 1.45003 760.075 -0.0182287 63.0691 3096 37.5 1.10522 59.6897
13 108 6832.13 21.4 -262.508 3.37358 155.355 1.45003 780.29 0.0410458 64.8541 3240 37.5 1.11935 73.4007
13 109 6921.65 21.4 -194.679 5.2663 146.698 1.45003 800.069 0.0795666 61.8464 3240 37.5 1.1073 64.5194
13 110 6793.61 21.4 -295.687 3.59977 159.956 1.45003 740.841 0.0299106 62.9615 3240 37.5 1.07198 47.685
13 111 6879.02 21.4 -240.138 1.65887 141.912 1.45752 728.219 0.0642447 63.2858 3384 37.5 1.13492 72.1912
13 112 6774.71 21.4 -270.5 2.46954 133.766 1.45752 710.582 0.0729156 62.8011 3312 37.5 1.12898 42.6603
13 113 6598.07 21.4 -281.412 -1.35689 149.082 1.45752 629.085 0.0367649 63.3509 3384 37.5 1.19039 26.9459
13 114 6740.16 21.4 -117.813 -1.76353 161.938 1.45752 642.109 0.0332512 58.7624 3240 37.5 1.27387 0.702388
13 115 6951.77 21.4 -107.188 -4.48015 178.011 1.45752 608.301 0.0253904 57.6952 3024 37.5 1.23511 -31.0092
13 116 7194.11 21.4 196.623 -2.48237 172.177 1.45752 709.558 0.110251 55.8426 3096 37.5 1.36306 -8.16002
13 117 7212.08 21.4 364.758 -1.57618 162.978 1.45752 763.179 0.154374 52.2645 3384 37.5 1.31284 -38.1072
13 118 7189.06 21.4 258.063 -3.54749 175.395 1.45752 636.452 0.0179803 59.3539 3672 37.5 1.29247 -6.08865
13 119 7150.85 21.4 -131.618 -4.37469 167.063 1.45752 607.166 0.0401306 61.4252 3672 37.5 1.24649 9.26356
13 120 7040.67 21.4 -435.844 -3.434 163.6 1.45752 580.336 0.0337255 62.5113 3600 37.5 1.29715 -27.6584
13 121 6933.72 21.4 -320.727 -1.79279 166.811 1.45752 628.849 0.0282391 60.6321 3672 37.5 1.44949 -57.4185
13 122 6978.82 21.4 -109.325 -0.264956 168.649 1.21025 653.135 -0.00175002 60.353 3456 37.5 1.52932 -41.4318
13 123 6998.16 21.4 -79.183 -0.113658 146.965 1.21025 686.614 0.075782 62.392 3456 37.5 1.5264 -20.319
13 124 6817.03 21.4 -102.227 0.935118 146.605 1.21025 640.457 -0.00333254 62.9771 3384 37.5 1.4498 -1.51699
13 125 6712.6 21.4 -129.299 -0.277315 149.605 1.21025 629.013 0.0466269 59.4212 3312 37.5 1.3368 -11.3346
13 126 6807.63 21.4 -165.262 -2.62358 138.474 1.21025 638.857 0.114859 59.4134 3096 37.5 1.34826 -0.339123
13 127 6732.22 53.5 -152.917 -3.27637 125.831 1.21025 798.623 0.248428 57.5118 2952 37.5 1.35689 -36.2108
13 128 6851.9 53.5 107.531 -2.68498 129.641 1.21025 844.768 0.281003 54.7909 3096 37.5 1.41646 -55.2075
13 129 6872.26 53.5 365.792 -2.40291 134.77 1.21025 785.905 0.129957 52.303 3168 37.5 1.39403 -56.1304
13 130 6844.93 53.5 233.051 -2.85137 149.831 1.21025 730.743 0.0212119 56.6928 3240 37.5 1.34683 -30.9281
13 131 6895.31 53.5 231.773 -4.04865 141.327 1.21025 707.371 0.0756493 53.3486 3240 37.5 1.39514 -52.3053
13 132 6857.61 53.5 232.008 -3.94488 146.156 1.21025 787.918 0.0642706 54.7358 3240 37.5 1.37214 -50.5808
13 133 6935.18 53.5 194.495 -0.77515 143.462 1.44694 763.017 0.0266819 54.2489 3312 37.5 1.37124 -64.5522
13 134 6828.56 53.5 353.152 -0.804854 131.212 1.44694 758.22 0.043352 55.9323 3240 37.5 1.46259 -49.3923
13 135 6679.03 53.5 86.3451 -0.573116 136.552 1.44694 761.218 0.0296736 58.2866 3312 37.5 1.35986 -27.1195
13 136 6681.53 53.5 81.7937 -0.6999 140.471 1.44694 759.565 0.0263282 55.9151 3168 37.5 1.36375 -38.8796
13 137 6729.51 53.5 79.5913 1.08405 139.9 1.44694 836.056 0.074963 58.3449 3096 37.5 1.38686 -22.0335
13 138 6795.85 53.5 107.393 -0.27538 147.493 1.44694 781.493 0.0118825 56.3554 3096 37.5 1.36131 -31.2414
13 139 6808.92 53.5 260.432 -1.10861 139.393 1.44694 723.174 -0.014976 56.4745 3168 37.5 1.35521 0.624464
13 140 6677.86 53.5 132.508 -1.70738 145.71 1.44694 769.22 0.00955165 55.7152 3240 37.5 1.23076 0.990695
13 141 6838.11 53.5 108.626 -2.06846 149.451 1.44694 764.018 -0.00156509 52.6504 3168 37.5 1.26153 -47.0098
13 142 6873.52 53.5 164.158 -1.35859 141.34 1.44694 775.298 0.0582636 57.9256 3096 37.5 1.32649 -16.5757
13 143 6800.15 53.5 38.6471 -0.0412012 146.358 1.44694 778.531 -0.000644482 56.1968 3456 37.5 1.33114 -40.8862
13 144 6833.84 53.5 225.441 3.98407 160.202 1.41258 712.126 -0.189997 54.2336 3456 37.5 1.33532 -42.4142
13 145 6654.27 53.5 123.583 2.70915 148.225 1.41258 689.63 -0.139275 58.7971 3384 37.5 1.33484 6.51645
13 146 6562.74 53.5 -44.1563 0.891425 144.183 1.41258 685.88 -0.126474 59.7963 3456 37.5 1.30672 6.68435
13 147 6544.66 53.5 -74.5293 0.25848 153.214 1.41258 644.029 -0.15619 58.1059 3240 37.5 1.26322 0.182872
13 148 6562.14 53.5 11.7038 3.17124 142.617 1.41258 705.002 -0.118892 55.2257 3096 37.5 1.29003 -21.503
13 149 6539.26 53.5 208.492 0.965315 139.497 1.41258 733.429 -0.0755826 54.0029 3024 37.5 1.32228 -18.9765
13 150 6556.11 53.5 406.36 1.26087 137.886 1.41258 790.695 0.0140295 53.7147 2952 37.5 1.29527 -9.45411
13 151 6711.56 53.5 280.524 1.28874 133.271 1.41258 866.605 0.0936811 52.8262 2952 78.1 1.18845 -8.39928
13 152 6736.9 53.5 291.185 1.87956 100.647 1.41258 812.391 0.0823021 55.7737 3024 78.1 1.22151 -18.8987
13 153 6706.5 53.5 260.743 1.32056 116.734 1.41258 770.979 -0.00857376 54.9349 3168 78.1 1.21948 27.1423
13 154 7210.67 53.5 215.935 2.51265 99.42 1.41258 810.41 0.0330557 54.89 2952 78.1 1.17032 8.56917
13 155 7056.32 53.5 101.124 0.684163 100.312 1.75293 801.6 0.0673002 57.1603 2880 78.1 1.18545 14.243
13 156 7130.38 53.5 122.665 -2.14321 92.3762 1.75293 767.449 0.0979154 58.9006 2808 78.1 1.2625 25.149
13 157 7137.57 53.5 92.6456 0.375638 89.5177 1.75293 842.117 0.159831 55.4044 2736 78.1 1.23889 -5.13071
13 158 7094.39 53.5 159.696 -0.452571 78.2816 1.75293 808.804 0.149086 53.8801 2808 78.1 1.29512 -31.0077
13 159 6941.15 53.5 448.891 -1.4244 88.7958 1.75293 768.691 0.131026 53.2562 2664 78.1 1.35734 -17.3975
13 160 7019.29 53.5 315.161 -1.35167 85.2731 1.75293 846.806 0.202207 50.9456 2736 78.1 1.27247 -20.5501
13 161 7166.37 53.5 374.387 -0.369681 92.0719 1.75293 809.18 0.131499 51.0712 2664 78.1 1.33169 -37.3035
13 162 7127.93 53.5 491.742 -2.86467 106.095 1.75293 734.529 0.0829002 51.8469 2808 78.1 1.35734 -25.2552
13 163 7227.41 53.5 507.913 -6.25442 117.034 1.75293 666.35 0.0569016 50.0396 2952 78.1 1.32771 -25.873
13 164 7361.76 53.5 411.691 -2.97877 116.918 1.75293 687.598 -0.0135157 48.7938 2952 78.1 1.24116 -22.51
13 165 7238.47 53.5 445.826 -2.43796 121.013 1.75293 649.541 -0.077715 48.5729 3024 78.1 1.34626 -68.1975
13 166 7219.23 53.5 673.888 -3.89628 125.132 1.59931 707.898 2.6879e-05 51.0529 3240 78.1 1.46121 -49.3565
13 167 7402.49 53.5 314.643 -3.61476 129.522 1.59931 656.741 -0.0574068 53.6031 3096 78.1 1.32325 -28.0032
13 168 7359.29 53.5 196.535 -6.45393 136.745 1.59931 613.814 -0.0559424 54.1085 3024 78.1 1.4033 -23.1564
13 169 7392.45 34 313.529 -4.26971 125.364 1.59931 623.304 -0.00599801 51.642 3168 78.1 1.41555 -56.5791
13 170 7373.93 34 347.962 -3.1305 113.145 1.59931 698.62 0.0287295 50.8332 3168 78.1 1.40791 -55.753
13 171 7265.84 34 254.414 0.102469 118.604 1.59931 689.477 0.0436819 54.5983 3240 78.1 1.44579 -40.3529
13 172 7274.96 34 239.452 2.4276 121.826 1.59931 734.272 -0.0106131 55.8654 3240 78.1 1.47595 -22.3254
13 173 7180.45 34 89.5106 2.4997 125.76 1.59931 711.491 -0.0456781 58.4861 3096 78.1 1.41297 0.264968
13 174 7218.64 34 24.5095 2.93582 108.579 1.59931 777.552 0.0532082 63.3295 3240 78.1 1.37741 57.9848
13 175 7109.7 34 -89.9587 1.01687 125.105 1.59931 630.414 -0.0828329 61.5033 3168 78.1 1.25368 30.8368
13 176 7151.11 34 -53.3268 -3.88342 128.395 1.59931 540.345 -0.0632073 60.693 3096 78.1 1.23508 56.1196
13 177 7270.97 34 -79.4856 -4.56598 118.304 1.5936 541.502 -0.0342441 56.7314 3096 78.1 1.20902 11.0195
13 178 7136.42 34 144.314 -3.08017 118.831 1.5936 523.361 -0.113079 50.5377 2952 78.1 1.27361 -48.6431
13 179 7021.11 34 525.516 -1.17515 115.131 1.5936 664.978 0.0311107 48.4871 3240 78.1 1.41047 -73.1945
13 180 7200.74 34 550.796 -1.29436 123.833 1.5936 591.152 -0.0538038 52.0833 3168 78.1 1.42451 -44.7729
13 181 7187.96 34 337.96 -3.77279 142.716 1.5936 515.616 -0.123168 54.8546 2952 78.1 1.41489 -22.2306
13 182 7314.36 34 314.97 -3.61593 138.442 1.5936 609.429 -0.0427946 52.117 3168 78.1 1.35207 -28.7133
13 183 7451.59 34 499.053 1.7678 133.751 1.5936 649.117 -0.0843569 49.1155 3240 78.1 1.35598 -45.5367
13 184 7264.54 34 371.113 0.505425 132.346 1.5936 590.382 -0.132238 53.4896 3312 78.1 1.32185 -11.4238
13 185 7136.4 34 294.504 -1.95925 130.463 1.5936 561.629 -0.105676 56.9935 3312 78.1 1.3455 12.8128
13 186 7185.75 34 -56.8184 -1.91636 122.253 1.5936 605.836 -0.0561381 58.5187 3096 78.1 1.21926 7.70002
13 187 7168.75 34 25.5582 -2.03919 121.192 1.5936 666.98 0.0136751 57.4352 3096 78.1 1.34401 -29.2073
13 188 7278 34 251.707 -1.50874 130.469 1.49817 569.391 -0.103663 54.4101 3096 78.1 1.44102 -39.5804
13 189 7227.47 34 354.461 -3.60667 139.173 1.49817 584.147 -0.0441721 53.0896 3240 78.1 1.37511 -5.40538
13 190 7458.78 34 270.989 -3.77234 153.172 1.49817 571.079 -0.141112 53.5319 3168 78.1 1.32741 -30.7981
13 191 7509.23 34 327.909 -4.12781 153.197 1.49817 599.36 -0.0523828 52.3309 3240 78.1 1.35984 -22.2795
13 192 7618.67 34 301.383 -3.25328 140.295 1.49817 596.106 -0.0960597 55.3179 3312 78.1 1.36039 -11.8612
13 193 7386.05 34 263.862 -0.6403 137.621 1.49817 627.651 -0.0799392 53.827 3528 78.1 1.36759 -30.7793
13 194 7397.41 34 55.339 -3.64219 159.495 1.49817 520.287 -0.183117 59.1292 3600 78.1 1.3399 -5.585
13 195 7488.84 34 -73.7217 -2.31739 145.547 1.49817 548.513 -0.157267 61.9256 3240 78.1 1.37754 0.336214
13 196 7306.19 34 -208.147 -1.11381 138.064 1.49817 639.245 -0.0725828 60.0213 3240 78.1 1.40291 -15.5833
13 197 7396.61 34 91.4222 -0.177996 130.461 1.49817 726.628 -0.00192812 56.361 3312 78.1 1.48208 -14.0113
13 198 7411.32 34 20.1683 -2.75527 135.931 1.49817 627.933 -0.0252429 57.4797 3240 78.1 1.39412 4.93905
13 199 7425.91 34 -72.4144 -3.05234 131.208 1.50382 627.281 -0.0129396 63.1964 3240 78.1 1.34274 27.3976
13 200 7372.85 34 -35.154 -0.788277 127.816 1.50382 713.786 0.0225127 55.6236 3168 78.1 1.35272 -12.77
13 201 7363.37 34 68.9785 -1.09614 126.482 1.50382 693.017 0.0411934 57.8066 3168 76.2 1.37975 -10.81
13 202 7381.33 34 75.8216 -0.943764 119.572 1.50382 702.939 0.0440413 59.5238 3096 76.2 1.41493 14.4249
13 203 7287.17 34 -53.7618 2.33208 114.196 1.50382 772.117 0.0446904 58.4954 3096 76.2 1.33903 -4.47724
13 204 7205.98 34 48.9852 1.30221 117.777 1.50382 798.656 0.0823189 57.9262 3168 76.2 1.38246 7.74033
13 205 7249.07 34 39.0225 0.918201 127.859 1.50382 734.861 0.0134043 62.3552 3096 76.2 1.37054 15.14
13 206 7335.72 34 -103.204 -0.537301 133.925 1.50382 678.085 0.0166724 62.3678 3168 76.2 1.29749 49.0223
13 207 7339.99 34 -43.021 -1.27081 137.702 1.50382 595.975 -0.0961274 61.6401 3240 76.2 1.26576 41.83
13 208 7261.18 34 -61.987 -2.51214 139.226 1.50382 608.604 -0.102403 56.7806 3240 76.2 1.2361 6.85453
13 209 7275.44 34 108.921 -0.535694 124.062 1.50382 622.633 -0.0453135 54.8768 3312 76.2 1.29015 -6.90026
13 210 7107.65 34 50.3779 -4.19402 126.608 1.59426 541.544 -0.0927016 56.4904 3168 76.2 1.3285 -8.15782
13 211 7122.61 31.4 44.2165 -2.06705 125.057 1.59426 555.392 -0.0798085 55.3203 3240 76.2 1.36351 -5.61481
13 212 7115.42 31.4 174.34 0.299592 120.263 1.59426 574.271 -0.0699233 53.7487 3024 76.2 1.37232 -51.9999
13 213 7030.99 31.4 387.842 -3.89229 117.134 1.59426 586.705 -0.0132538 51.9386 2952 76.2 1.42712 -38.4808
13 214 7156.8 31.4 469.433 -2.17692 106.277 1.59426 620.085 0.048558 50.8606 2952 76.2 1.40753 -51.534
13 215 7033.81 31.4 417.663 0.264742 122.935 1.59426 662.28 -0.0110308 49.4079 2808 76.2 1.33695 -38.7889
13 216 7231.7 31.4 543.87 -0.684102 109.842 1.59426 706.964 0.0822772 50.3358 2952 76.2 1.38696 -47.1911
13 217 7171.55 31.4 564.535 -0.171516 97.948 1.59426 682.538 0.0657649 52.8544 3024 76.2 1.40037 -3.13249
13 218 7004.84 31.4 214.771 1.94582 120.55 1.59426 649.61 -0.0515611 55.2919 3096 76.2 1.23348 -0.600309
13 219 7067.96 31.4 261.75 2.96347 113.896 1.59426 739.859 0.0408587 52.8586 2952 76.2 1.29643 -16.4202
13 220 7168.85 31.4 205.839 -1.51016 114.323 1.59426 691.442 0.0977274 56.6477 2736 76.2 1.30262 -2.09096
13 221 7192.77 31.4 141.533 -0.382242 103.564 1.57098 805.138 0.1806 59.3746 2808 76.2 1.26892 32.081
13 222 7246.92 31.4 125.333 3.49873 98.7259 1.57098 869.419 0.161284 50.9644 2952 76.2 1.20235 -14.0286
13 223 7135.92 31.4 341.914 2.07885 100.171 1.57098 757.583 0.0918359 54.7496 3024 76.2 1.28845 22.4227
13 224 7062.85 31.4 154.347 2.72103 92.5553 1.57098 736.197 0.0860592 59.9351 3096 76.2 1.23976 50.4322
13 225 6907.18 31.4 -176.406 0.956048 118.481 1.57098 701.629 0.0191106 58.2738 3024 76.2 1.16575 17.6124
13 226 7172.57 31.4 51.2541 0.00107917 129.024 1.57098 696.658 0.0330077 57.4323 3096 76.2 1.28248 10.4179
13 227 7374.01 31.4 163.765 0.350785 139.931 1.57098 641.105 -0.100913 57.8511 2952 76.2 1.29521 25.2686
13 228 7266.91 31.4 228.12 -0.886324 132.731 1.57098 623.991 -0.0511844 53.3731 3096 76.2 1.26337 8.59664
13 229 7280.22 31.4 409.508 -1.86973 114.713 1.57098 598.881 -0.00146127 54.7743 3168 76.2 1.2308 25.0768
13 230 7077.75 31.4 48.1197 -1.85689 102.493 1.57098 626.487 0.060909 55.463 2952 76.2 1.14651 -0.71164
13 231 7051.27 31.4 36.9249 -3.31364 101.013 1.57098 694.553 0.121637 54.0933 3024 76.2 1.30623 -41.6802
13 232 7065.9 31.4 283.128 -2.5903 98.2551 1.49276 663.821 0.104005 53.7544 2952 76.2 1.43205 -35.5694
13 233 7059.21 31.4 254.275 0.725418 110.632 1.49276 684.51 0.00781369 54.6534 2952 76.2 1.40607 -22.21
13 234 7082.16 31.4 427.712 -0.425522 109.281 1.49276 674.823 0.0187045 50.8589 3096 76.2 1.38976 -29.761
13 235 7028.17 31.4 470.656 2.78044 110.234 1.49276 673.51 -0.0663527 54.2764 3024 76.2 1.36934 6.30232
13 236 NaN 31.4 240.149 3.5539 115.807 1.49276 681.701 -0.0651142 53.6783 3024 76.2 1.23522 -10.1259
13 237 6986.62 31.4 274.115 1.77867 127 1.49276 611.999 -0.113149 55.5205 3096 76.2 1.29331 36.9072
13 238 7087.96 31.4 93.6721 4.45559 121.578 1.49276 660.399 -0.102666 56.4808 3024 76.2 1.19832 47.6076
13 239 7001.7 31.4 118.331 2.32536 120.817 1.49276 637.602 -0.0998194 53.7593 3024 76.2 1.1917 15.0015
13 240 6994.98 31.4 343.216 3.01863 119.117 1.49276 653.155 -0.0584248 56.1689 2952 76.2 1.21969 39.7849
13 241 6993 31.4 132.07 2.79117 115.309 1.49276 715.926 0.00296404 54.8892 2880 76.2 1.12486 20.876
13 242 7085.47 31.4 219.916 1.96686 112.767 1.49276 698.846 0.0302562 55.2975 2880 76.2 1.20323 11.4947
13 243 7128.35 31.4 264.156 2.03252 118.534 1.65502 706.108 0.0123351 56.6002 2880 76.2 1.22445 49.2917
13 244 7116.06 31.4 180.968 1.98135 92.6509 1.65502 702.189 0.076516 56.4755 2952 76.2 1.16624 22.2529
13 245 6848.99 31.4 269.954 0.583982 101.185 1.65502 687.79 0.0526346 55.1674 3024 76.2 1.19664 16.3187
13 246 6996.79 31.4 167.712 -2.91508 96.1668 1.65502 603.365 0.0431382 53.4377 2952 76.2 1.20404 -0.106209
13 247 6881.03 31.4 214.726 0.819984 94.4759 1.65502 698.252 0.0493214 54.7917 2664 76.2 1.2596 -7.31858
13 248 6892.12 31.4 343.867 1.15113 94.7841 1.65502 726.256 0.136624 50.7287 2664 76.2 1.29527 -52.8212
13 249 7049.57 31.4 716.994 2.56044 88.4132 1.65502 829.738 0.204549 52.002 2736 76.2 1.39072 5.29426
13 250 7033.18 31.4 358.902 1.36767 115.096 1.65502 735.18 0.0531397 51.5086 2952 76.2 1.21162 -26.2401
13 251 7211.07 31.4 504.456 1.04602 130.302 1.65502 655.449 -0.0732351 52.66 3024 47.6 1.25526 28.9523
13 252 7153.56 31.4 285.717 0.896044 155.219 1.65502 635.311 -0.0810473 53.0792 3096 47.6 1.13513 10.6364
13 253 7255.06 26.6 162.874 1.35686 157.905 1.65502 601.314 -0.100053 56.0114 3096 47.6 1.17128 27.3332
13 254 6907.88 26.6 210.253 -0.900775 144.191 1.60299 598.317 -0.0607726 54.4942 3240 47.6 1.18415 14.0823
13 255 6839.81 26.6 58.2591 -4.58551 148.85 1.60299 563.355 -0.0233742 56.6982 3168 47.6 1.21927 0.0183244
13 256 6908.83 26.6 150.068 -5.17463 137.022 1.60299 628.798 0.116308 54.873 3168 47.6 1.28777 -15.7361
13 257 6987.09 26.6 153.794 -1.59151 131.529 1.60299 683.688 0.0975227 52.8278 2952 47.6 1.31807 -43.9328
13 258 6897.19 26.6 319.54 -0.401102 114.865 1.60299 758.684 0.17649 51.152 2952 47.6 1.44583 -72.1704
13 259 6727.42 26.6 438.462 1.50338 98.9389 1.60299 787.641 0.259356 54.4412 3024 47.6 1.42747 -11.1712
13 260 6674.64 26.6 135.04 0.311018 112.22 1.60299 779.245 0.215786 56.982 3024 47.6 1.3067 -11.4051
13 261 6805.44 26.6 52.559 0.798345 114.76 1.60299 760.982 0.193746 56.7308 2880 47.6 1.32567 -22.3875
13 262 6737.23 26.6 189.553 1.81157 113.478 1.60299 767.653 0.166239 57.1177 2808 47.6 1.35461 -25.8506
13 263 6748.96 26.6 317.286 -2.44138 123.017 1.60299 705.444 0.151822 54.7098 3024 47.6 1.30183 -9.40983
13 264 6878.47 26.6 382.957 -1.19435 126.543 1.60299 707.548 0.157606 53.7618 3024 47.6 1.25462 -10.4118
13 265 6907.91 26.6 175.065 -2.97665 134.115 1.64883 704.02 0.116072 53.2288 2952 47.6 1.21857 -39.0719
13 266 6995.47 26.6 376.665 0.176271 127.69 1.64883 719.567 0.10124 52.1621 3168 47.6 1.34817 -39.1368
13 267 6857.39 26.6 409.376 -0.19744 139.162 1.64883 705.742 0.0772275 53.2309 3168 47.6 1.32028 -27.9832
13 268 6901.64 26.6 188.807 1.8649 127.815 1.64883 745.326 0.0858035 55.6101 3168 47.6 1.2834 -17.0201
13 269 6801.84 26.6 107.173 3.52383 136.036 1.64883 732.754 0.0738069 56.7186 3168 47.6 1.29386 -8.18773
13 270 6902.69 26.6 4.31147 2.2215 128.511 1.64883 675.552 0.0308988 59.3317 3240 47.6 1.28961 26.3052
13 271 6705.66 26.6 2.76956 1.45629 125.588 1.64883 650.744 0.0168658 58.9406 3168 47.6 1.28481 5.83015
13 272 6638.13 26.6 -44.6904 1.48995 119.107 1.64883 670.899 0.0453115 58.1022 3096 47.6 1.22028 -19.5887
13 273 6583.98 26.6 165.529 -0.217084 117.091 1.64883 664.735 0.109481 54.943 2952 47.6 1.28659 -21.7908
13 274 6649.68 26.6 147.981 -0.46985 110.024 1.64883 626.615 0.0884185 54.7409 3024 47.6 1.2725 -23.5372
13 275 6469.06 26.6 353.099 1.0651 117.985 1.64883 620.747 0.0276725 50.4656 3024 47.6 1.32751 -21.0872
13 276 6539.79 26.6 452.084 -1.07581 129.258 1.59517 599.764 0.00534793 47.7605 3096 47.6 1.29813 -58.216
13 277 6686.27 26.6 645.37 0.247614 141.959 1.59517 597.245 -0.0458637 51.599 2952 47.6 1.35713 -38.5509
13 278 6727.21 26.6 415.061 -0.868633 142.9 1.59517 600.857 -0.0432857 51.2762 3024 47.6 1.27158 -40.3429
13 279 6799.23 26.6 638.836 -4.30737 166.968 1.59517 509.723 -0.0658948 50.6507 3240 47.6 1.30144 -1.34739
13 280 7057.72 26.6 511.56 -5.52592 172.659 1.59517 435.883 -0.179448 50.4967 3312 47.6 1.1956 -24.5214
13 281 7014.83 26.6 380.423 -6.05301 167.893 1.59517 396.008 -0.200118 50.0402 3456 47.6 1.2324 -44.1241
13 282 6913.74 26.6 538.65 -2.17209 166.374 1.59517 454.188 -0.210581 50.0024 3456 47.6 1.35732 -68.0684
13 283 6840.91 26.6 547.794 -2.4662 134.523 1.59517 524.099 -0.071075 47.8745 3384 47.6 1.37329 -92.0485
13 284 6604.44 26.6 372.231 -1.89917 128.684 1.59517 547.358 -0.0441072 56.4215 3384 47.6 1.44639 -53.6495
13 285 6609.49 26.6 146.628 2.6941 133.787 1.59517 580.652 -0.111137 53.6991 3240 47.6 1.43434 -54.8482
13 286 6557.49 26.6 367.195 1.17109 133.94 1.59517 633.29 -0.0393209 53.3955 3096 47.6 1.46193 -57.8578
13 287 6662.1 26.6 390.187 1.64084 143.806 1.4755 634.697 -0.0944625 54.8542 3096 47.6 1.42833 -16.9972
13 288 6732.76 26.6 386.565 3.44863 137.097 1.4755 627.87 -0.0826349 53.2989 3024 47.6 1.31256 6.86372
13 289 6684.62 26.6 352.086 1.43787 146.82 1.4755 605.692 -0.084508 55.0943 3168 47.6 1.21505 12.1449
13 290 6744.13 26.6 258.992 -0.255648 142.087 1.4755 554.453 -0.10187 54.8528 3168 47.6 1.15333 6.4161
13 291 6711.89 26.6 187.92 2.6367 138.433 1.4755 599.81 -0.0851449 54.6655 3168 47.6 1.15454 -0.154858
13 292 6680.1 26.6 193.959 0.820966 140.183 1.4755 607.186 -0.0648528 53.7812 3240 47.6 1.22684 -19.5451
13 293 6674.65 26.6 375.952 2.35994 145.484 1.4755 627.083 -0.133031 54.101 3240 47.6 1.28867 -8.51474
13 294 6689.98 26.6 239.467 4.01186 146.728 1.4755 674.385 -0.0736093 53.8258 3096 47.6 1.22526 -29.1257
13 295 6830.41 22.2 345.923 2.235 142.138 1.4755 681.774 -0.0142067 56.8595 3168 47.6 1.27153 -3.66474
13 296 6803.11 22.2 193.015 3.99385 135.337 1.4755 628.492 -0.0880586 57.4479 3096 47.6 1.17474 10.8884
13 297 6636.88 22.2 93.732 0.180064 144.801 1.4755 599.011 -0.0202213 56.1796 3168 47.6 1.12964 19.6704
13 298 6769.16 22.2 142.063 0.477899 146.831 1.62966 676.389 0.0220735 55.8667 3168 47.6 1.17219 18.2114
13 299 7001.33 22.2 -24.2212 -2.23257 153.466 1.62966 585.157 -0.00914641 54.5921 3096 47.6 1.19404 -2.51204
13 300 7023.73 22.2 219.521 -4.23698 162.655 1.62966 539.349 -0.0284555 57.1683 3240 47.6 1.30983 -6.26039
13 301 7088.19 22.2 283.525 -5.03352 175.928 1.62966 514.281 -0.081984 50.2082 3312 35.7 1.24468 -36.5738
13 302 7195.1 22.2 376.735 -3.68583 176.381 1.62966 564.792 -0.0151163 51.0744 3312 35.7 1.26333 -45.1515
13 303 7093.49 22.2 189.272 -1.62261 162.721 1.62966 598.123 -0.0151175 54.2977 3384 35.7 1.34129 -46.0574
13 304 6873.91 22.2 229.297 -4.26493 161.856 1.62966 560.714 0.0575484 54.3449 3600 35.7 1.43627 -47.9833
13 305 6895.05 22.2 124.619 -5.37072 173.636 1.62966 489.669 -0.0606784 57.9987 3528 35.7 1.40992 -36.421
13 306 6971.14 22.2 -87.0267 -1.17123 156.953 1.62966 628.872 0.0180248 56.4383 3456 35.7 1.41238 -79.9871
13 307 6767 22.2 182.203 -1.29621 166.89 1.62966 616.996 -0.00726335 54.4513 3456 35.7 1.52073 -77.6451
13 308 6902.43 22.2 322.036 -3.77717 179.387 1.62966 594.039 -0.029483 57.9628 3384 35.7 1.52639 -41.9883
13 309 7073.83 22.2 -22.4097 -2.48893 160.3 1.38945 637.42 0.0608367 57.498 3312 35.7 1.36709 -7.37852
13 310 6974.62 22.2 -66.369 -5.53633 179.449 1.38945 588.22 0.0488472 58.4927 3384 35.7 1.36008 -37.474
13 311 7142.49 22.2 190.382 -6.39244 167.901 1.38945 537.116 0.0323888 55.2955 3528 35.7 1.41952 -44.6246
13 312 NaN 22.2 85.5605 -5.079 168.671 1.38945 586.469 0.0583177 55.9318 3528 35.7 1.36671 -57.989
13 313 7072.19 22.2 -34.3189 -5.71327 174.675 1.38945 496.162 -0.0216577 54.6018 3672 35.7 1.43975 -80.4397
13 314 6979.39 22.2 237.541 -4.4116 175.032 1.38945 541.813 -0.030846 56.0106 3456 35.7 1.59239 -60.6557
13 315 6993.4 22.2 -4.28503 -2.48837 168.741 1.38945 628.674 0.0317356 58.1044 3456 35.7 1.47745 -75.7596
13 316 7011.49 22.2 89.7027 -3.11555 154.527 1.38945 665.804 0.110835 58.7793 3312 35.7 1.57774 -55.9765
13 317 6908.41 22.2 -38.7161 -0.0744545 143.132 1.38945 710.728 0.164058 60.1467 3384 35.7 1.49561 -28.4845
13 318 6787.19 22.2 -26.0148 -1.93331 143.875 1.38945 679.864 0.0756484 57.7259 3528 35.7 1.43563 -19.6126
13 319 6740.55 22.2 -13.3775 -5.41725 173.81 1.38945 588.934 0.0208196 59.1304 3384 35.7 1.43421 -37.8382
13 320 7088.24 22.2 -33.4075 -5.72348 163.079 1.28946 540.335 0.039667 59.7155 3240 35.7 1.41717 -34.4659
13 321 6936.52 22.2 -12.3963 -6.07521 155.889 1.28946 573.515 0.0913636 55.5849 3312 35.7 1.38698 -55.4999
13 322 6912.42 22.2 277.14 -7.02228 160.887 1.28946 563.05 0.0570835 51.9144 3456 35.7 1.44291 -63.2887
13 323 6993.51 22.2 468.887 -4.6306 149.758 1.28946 624.509 0.116494 51.0665 3312 35.7 1.47232 -73.1605
13 324 6939.59 22.2 150.58 -5.03206 144.591 1.28946 646.421 0.174612 55.5335 3240 35.7 1.4479 -65.2323
13 325 6944.9 22.2 232.205 -3.33361 152.742 1.28946 702.426 0.152636 55.5056 3384 35.7 1.55657 -68.1272
13 326 7004.31 22.2 219.582 -2.36244 167.688 1.28946 703.548 0.102144 53.6647 3240 35.7 1.49584 -59.3977
13 327 7139.91 22.2 121.036 -3.52662 163.772 1.28946 753.121 0.193104 57.8931 3312 35.7 1.46877 -34.9737
13 328 7217.79 22.2 41.4417 -3.30824 161.486 1.28946 721.055 0.156455 59.0025 3456 35.7 1.41961 -7.88327
13 329 7133.18 22.2 -90.3821 -1.33452 166.249 1.28946 708.3 0.0797286 58.7668 3528 35.7 1.36734 -29.9015
13 330 7081.75 22.2 -76.2312 -3.17389 165.814 1.28946 661.507 0.057012 58.5188 3672 35.7 1.39894 -7.4697
13 331 7075.22 22.2 -154.028 -2.32005 155.373 1.26776 666.33 0.075979 62.4678 3600 35.7 1.42617 -5.46315
13 332 6873.06 22.2 -373.597 -0.27861 150.321 1.26776 618.575 0.00411215 63.4948 3600 35.7 1.39509 -13.2545
13 333 6709.56 22.2 -235.385 -0.860109 160.756 1.26776 631.175 -0.0126809 62.9332 3672 35.7 1.45917 -25.1026
13 334 6854.08 22.2 -189.449 -1.03485 161.77 1.26776 583.135 -0.0723784 59.6492 3528 35.7 1.44431 -20.3207
13 335 6744.62 22.2 -87.1565 0.902848 166.117 1.26776 609.277 -0.0716135 61.6835 3312 35.7 1.45261 -13.1729
13 336 6815.24 22.2 -42.5759 2.42849 173.875 1.26776 703.255 -0.0414614 59.4265 3384 35.7 1.40072 -20.5318
13 337 6958.41 45.9 195.306 0.63618 173.31 1.26776 688.186 -0.0486031 56.2271 3240 35.7 1.35917 -2.13574
13 338 6920.49 45.9 -38.5771 1.52994 167.539 1.26776 820.223 0.059007 61.9021 3312 35.7 1.27253 46.8457
13 339 7026.33 45.9 -163.24 -2.34386 178.76 1.26776 755.984 0.000627213 58.2848 3528 35.7 1.23161 -9.6738
13 340 7183 45.9 36.522 1.21233 178.965 1.26776 776.362 -0.0583427 63.5567 3456 35.7 1.28927 42.2087
13 341 7088.53 45.9 -376.192 0.213214 177.847 1.26776 794.248 -0.0360817 62.5294 3528 35.7 1.19158 -15.692
13 342 7124.28 45.9 -170.841 0.758808 169.031 1.3596 805.305 -0.0216227 65.9304 3600 35.7 1.3394 20.3664
13 343 7063.99 45.9 -460.206 1.53706 169.189 1.3596 809.519 -0.0255108 64.2985 3672 35.7 1.25326 31.6359
13 344 7054.32 45.9 -524.747 1.07246 168.26 1.3596 722.057 -0.0612383 67.3053 3600 35.7 1.30392 17.9421
13 345 6949.04 45.9 -473.178 -2.04484 181.545 1.3596 707.661 -0.0568186 66.4693 3528 35.7 1.35124 38.762
13 346 7200.33 45.9 -548.779 0.187833 173.275 1.3596 763.338 -0.033823 64.8681 3384 35.7 1.29524 0.294948
13 347 7131.51 45.9 -301.224 1.00482 160.845 1.3596 862.366 0.0711226 62.0593 3312 35.7 1.38468 -7.52986
13 348 7064.7 45.9 -228.339 -0.833537 152.163 1.3596 793.925 0.0646457 63.0901 3600 35.7 1.37296 18.1993
13 349 6941.46 45.9 -260.22 0.939252 154.474 1.3596 780.549 0.00170998 63.5637 3600 35.7 1.34072 35.085
13 350 6852.5 45.9 -522.799 -1.1391 160.367 1.3596 749.083 0.00470342 62.8447 3384 35.7 1.25538 -4.4083
13 351 6910.77 45.9 -276.846 2.89998 132.312 1.3596 880.618 0.111309 64.4539 3168 39.1 1.4152 -4.2588
13 352 6787.74 45.9 -316 3.04112 117.264 1.3596 934.362 0.201836 64.9944 3024 39.1 1.38033 9.00402
13 353 6697.32 45.9 -133.801 5.91461 108.824 1.24333 991.248 0.227662 63.3205 3096 39.1 1.38621 15.7274
13 354 6641.93 45.9 -252.551 0.0528158 107.669 1.24333 863.568 0.245109 61.4624 2952 39.1 1.27397 27.0711
13 355 6658.45 45.9 -262.452 -3.15818 120.636 1.24333 833.736 0.263887 64.3133 3024 39.1 1.22629 42.9922
13 356 6863.45 45.9 -211.156 -3.01757 149.501 1.24333 791.181 0.162086 56.3191 2952 39.1 1.19816 -15.5448
13 357 7100.24 45.9 149.858 0.574382 132.137 1.24333 836.204 0.141248 53.2651 3024 39.1 1.33565 -43.0677
13 358 6868.49 45.9 406.478 -0.673955 138.291 1.24333 793.723 0.0668956 53.9729 3312 39.1 1.36839 -27.2773
13 359 6899.67 45.9 335.613 0.600579 156.769 1.24333 760.016 -0.00715469 55.577 3528 39.1 1.28712 -14.2057
13 360 6957.08 45.9 -0.811456 0.632223 159.511 1.24333 753.616 -0.0276244 58.1839 3384 39.1 1.21515 5.07958
13 361 6941.3 45.9 -235.59 0.849168 168.488 1.24333 768.04 -0.0451387 64.6884 3384 39.1 1.29726 -11.9624
13 362 7033.42 45.9 -40.1631 3.96704 174.528 1.24333 875.865 -0.056599 59.8302 3384 39.1 1.3843 4.92254
13 363 7116.51 45.9 -8.53668 2.11015 171.499 1.24333 891.951 0.00593946 61.9402 3384 39.1 1.26122 23.9708
13 364 7186.16 45.9 -268.533 3.06374 163.761 1.40744 848.656 0.0101006 69.5448 3456 39.1 1.22622 88.4297
13 365 7041.76 45.9 -549.321 1.04732 157.719 1.40744 810.756 0.038637 67.3526 3600 39.1 1.12879 85.6874
13 366 7012.55 45.9 -623.778 2.00403 164.58 1.40744 743.857 -0.0688269 66.6904 3744 39.1 1.16948 51.5297
13 367 6973.38 45.9 -535.515 2.94334 178.459 1.40744 784.513 -0.104381 66.2116 3528 39.1 1.24463 29.6477
13 368 7125.6 45.9 -525.046 2.07388 173.661 1.40744 777.652 -0.0875933 65.3511 3672 39.1 1.31309 23.5224
13 369 7092.92 45.9 -267.42 1.12087 188.598 1.40744 672.581 -0.219375 66.9813 3600 39.1 1.35765 54.8065
13 370 7107.04 45.9 -405.343 1.44005 178.665 1.40744 638.994 -0.234885 65.1692 3816 39.1 1.23836 40.8788
13 371 6864.36 45.9 -379.353 1.06607 183.514 1.40744 597.835 -0.258931 64.0992 3600 39.1 1.26544 13.0936
13 372 6873.67 45.9 -343.627 0.261402 167.164 1.40744 675.971 -0.154248 63.9171 3744 39.1 1.27871 15.5511
13 373 6851.38 45.9 -287.866 0.732835 175.655 1.40744 629.464 -0.204425 62.4791 3528 39.1 1.34886 -7.14993
13 374 6872.44 45.9 -277.602 -0.271528 166.803 1.40744 600.481 -0.215759 62.23 3528 39.1 1.35141 6.33316
13 375 6720.81 45.9 -64.143 -1.63414 177.34 1.32356 554.091 -0.21841 60.108 3528 39.1 1.35593 6.23467
13 376 6864.27 45.9 -71.7579 -1.73528 178.293 1.32356 567.153 -0.211438 56.5377 3384 39.1 1.28775 -8.55549
13 377 6884.57 45.9 113.035 -2.58268 166.093 1.32356 613.972 -0.12966 53.7304 3240 39.1 1.34725 -18.3433
13 378 6845.86 45.9 156.84 -1.58646 166.371 1.32356 685.47 -0.0482139 55.0662 3312 39.1 1.37849 -35.4803
13 379 7010.21 66.9 309.333 -3.94745 170.238 1.32356 729.48 -0.0240955 53.0024 3312 39.1 1.37658 -35.9391
13 380 7092.25 66.9 150.672 -5.78089 168.836 1.32356 699.737 -9.61073e-05 56.2557 3312 39.1 1.32059 -17.7636
13 381 7110.49 66.9 51.7323 -4.74126 168.673 1.32356 754.005 -0.0389186 56.3338 3312 39.1 1.33874 -26.8153
13 382 7160.85 66.9 186.391 -4.88787 167.666 1.32356 748.276 -0.00240648 52.9266 3456 39.1 1.38493 -68.3256
13 383 7168.27 66.9 185.585 -2.07033 161.794 1.32356 830.383 -0.0126781 55.7457 3528 39.1 1.43473 -30.0332
13 384 7093.97 66.9 -48.5219 -4.02345 170.996 1.32356 759.669 -0.0621776 58.455 3744 39.1 1.42027 -35.6992
13 385 7163.57 66.9 -1.18482 -1.33885 172.049 1.32356 680.792 -0.199833 61.4455 3600 39.1 1.49821 -1.36657
13 386 6919.01 66.9 -260.698 -1.00326 162.025 1.28954 695.557 -0.172085 60.624 3600 39.1 1.37993 -33.0185
13 387 6879.78 66.9 -129.636 -3.00165 170.567 1.28954 689.706 -0.140024 61.0627 3600 39.1 1.46032 -25.0516
13 388 7014.41 66.9 -133.557 -2.43142 151.064 1.28954 674.876 -0.131392 59.7761 3312 39.1 1.46472 -13.0257
13 389 6793.77 66.9 -242.952 -0.608164 135.741 1.28954 716.428 -0.0711242 60.7371 3240 39.1 1.43133 -42.3102
13 390 6610.49 66.9 104.278 1.83656 148.685 1.28954 852.482 -0.035043 55.2466 3456 39.1 1.48282 -51.8881
13 391 6813.74 66.9 198.494 1.96449 169.161 1.28954 878.9 -0.0846132 54.8196 3312 39.1 1.43382 -43.184
13 392 7059.23 66.9 46.6204 4.25462 162.388 1.28954 857.113 -0.120281 62.9786 3168 39.1 1.41528 9.41558
13 393 6915.88 66.9 -21.7814 1.93937 177.471 1.28954 787.469 -0.166869 62.7491 3456 39.1 1.28945 52.3318
13 394 7092.54 66.9 -15.5215 0.949702 205.814 1.28954 781.795 -0.236906 59.9041 3744 39.1 1.15578 39.8155
13 395 7367.98 66.9 -252.961 -0.226097 205.944 1.28954 719.789 -0.259527 61.7568 3528 39.1 1.07684 35.6625
13 396 7332.85 66.9 -415.47 1.57633 189.938 1.28954 776.29 -0.195913 68.0029 3528 39.1 1.21721 36.1013
13 397 7195.37 66.9 -366.933 0.933405 183.687 1.3293 872.579 -0.0785046 61.9004 3744 39.1 1.26949 34.665
13 398 7331.1 66.9 -366.235 1.25501 174.88 1.3293 887.314 -0.0792888 64.2793 3600 39.1 1.24885 28.6055
13 399 7225.62 66.9 -710.622 -0.399971 171.862 1.3293 884.244 -0.00916783 69.6794 3456 39.1 1.27258 58.4973
13 400 7246.39 66.9 -680.584 -0.635412 158.385 1.3293 870.967 0.014658 71.5133 3528 39.1 1.34886 33.9112
13 401 7109.07 66.9 -644.175 0.936512 153.666 1.3293 918.843 0.0535464 65.855 3456 72.9 1.31491 11.8942
13 402 7088.16 66.9 -606.486 1.64506 125.407 1.3293 977.859 0.110436 66.7628 3384 72.9 1.35466 4.17106
13 403 7098.33 66.9 -441.078 2.5066 124.901 1.3293 992.11 0.117971 67.2293 3528 72.9 1.40414 25.7249
13 404 7506.3 66.9 -538.094 3.47968 141.349 1.3293 848.209 -0.0763498 68.4428 3240 72.9 1.37321 55.4751
13 405 7458.02 66.9 -494.626 2.86822 131.329 1.3293 894.64 -0.0345022 67.0369 3456 72.9 1.3513 67.4588
13 406 7403.41 66.9 -459.532 2.6207 148.448 1.3293 782.254 -0.146864 66.1644 3384 72.9 1.26982 52.6942
13 407 7401.01 66.9 -460.7 2.96017 127.347 1.3293 845.269 -0.0713318 66.1011 3312 72.9 1.30277 64.4554
13 408 7227.13 66.9 -462.209 3.50558 114.91 1.40834 832.409 -0.0598176 66.0557 3168 72.9 1.29977 27.3586
13 409 7088.46 66.9 -339.039 5.2598 113.489 1.40834 932.445 -0.008483 65.0312 3240 72.9 1.32614 38.9849
13 410 7138.48 66.9 -262.065 3.73251 121.988 1.40834 886.097 -0.0430699 62.9163 3240 72.9 1.29134 35.4751
13 411 7208.67 66.9 -238.985 5.11323 134.804 1.40834 835.312 -0.148726 65.7711 3024 72.9 1.30352 75.0601
13 412 7182.96 66.9 -286.489 4.89809 137.92 1.40834 873.614 -0.105007 61.1073 3024 72.9 1.21807 53.3891
13 413 7358.58 66.9 -30.9895 5.76223 128.048 1.40834 974.235 -0.0410454 60.3036 3096 72.9 1.19487 72.3723
13 414 7324.37 66.9 -138.17 5.34616 128.494 1.40834 951.254 -0.0422506 63.9057 3024 72.9 1.11966 84.9331
13 415 7326.32 66.9 -284.06 2.22091 131.658 1.40834 930.593 0.00766105 64.8612 3096 72.9 1.13303 86.3921
13 416 7418.37 66.9 -348.056 4.62821 112.426 1.40834 972.037 0.0587935 66.4275 3096 72.9 1.07052 90.7446
13 417 7224.98 66.9 -543.75 4.58722 112.284 1.40834 992.154 0.0740464 65.9388 3024 72.9 1.08681 59.5915
13 418 7260.16 66.9 -352.609 3.62647 106.816 1.40834 1011.9 0.110542 64.1565 3024 72.9 1.20258 89.9722
13 419 7270.1 66.9 -499.835 3.4424 108.324 1.48848 1021.36 0.160541 66.6131 2880 72.9 1.17228 83.3105
13 420 7353.65 66.9 -442.898 0.750628 113.889 1.48848 968.748 0.135033 66.1051 2952 72.9 1.21332 53.2169
13 421 7381.02 25 -258.23 3.61138 105.456 1.48848 844.189 0.0846998 61.9477 2880 72.9 1.25494 70.0979
13 422 7131.19 25 -250.229 1.88226 101.729 1.48848 817.835 0.145672 61.848 3096 72.9 1.17919 42.1051
13 423 7217.73 25 -126.582 0.584571 111.369 1.48848 774.396 0.13586 62.487 3096 72.9 1.24419 59.1637
13 424 7251.93 25 -246.803 -0.604759 105.333 1.48848 763.27 0.171512 60.9894 2880 72.9 1.20437 25.9304
13 425 7206.42 25 -193.85 -0.480439 103.485 1.48848 749.393 0.189635 62.0257 2880 72.9 1.31802 15.6977
13 426 7211.4 25 63.9411 -3.01102 109.589 1.48848 742.202 0.243306 57.5277 3024 72.9 1.347 2.347
13 427 7328.79 25 105.929 -1.04177 111.692 1.48848 727.336 0.136668 55.9274 3024 72.9 1.2806 -18.1057
13 428 7233.64 25 73.6622 -1.87984 133.056 1.48848 700.554 0.0844545 55.3792 3096 72.9 1.31602 -22.4256
13 429 7426.72 25 224.794 -3.00345 133.732 1.48848 641.015 0.0188817 54.3526 3168 72.9 1.39107 4.2588
13 430 7313.45 25 138.738 -1.14063 114.104 1.56656 663.005 0.0831436 56.022 3024 72.9 1.3246 -3.94972
13 431 7127.47 25 35.5658 -3.01976 119.93 1.56656 655.028 0.107128 57.614 3240 72.9 1.32976 -5.67332
13 432 7271.09 25 165.381 -3.48221 125.4 1.56656 613.949 0.0700814 56.7257 3168 72.9 1.36555 -5.6161
13 433 7331 25 -16.9168 -5.45833 132.861 1.56656 560.09 0.0576796 56.6808 3024 72.9 1.34775 -30.3094
13 434 7383.51 25 189.711 -3.68493 134.481 1.56656 598.675 0.0399751 53.3818 3096 72.9 1.47791 -32.6979
13 435 7380.21 25 374.144 -1.76837 122.046 1.56656 697.017 0.117136 50.2063 3312 72.9 1.45879 -70.5256
13 436 7293.84 25 360.068 -3.81233 143.916 1.56656 531.48 -0.0629714 54.9612 3384 72.9 1.45764 -22.5753
13 437 7348.5 25 190.559 -2.37533 144.212 1.56656 532.715 -0.0950295 58.4968 3384 72.9 1.41882 -8.51431
13 438 7222.43 25 38.5574 -5.36523 140.84 1.56656 492.831 -0.0855498 55.7206 3240 72.9 1.36984 -44.1905
13 439 7220.84 25 146.902 -3.49973 139.848 1.56656 554.255 -0.0641635 56.025 3240 72.9 1.44383 -18.2575
13 440 7262.52 25 135.82 -2.10189 139.799 1.56656 632.806 0.0235203 52.1627 3096 72.9 1.42942 -53.8818
13 441 7390.85 25 296.484 -1.59949 134.319 1.5519 694.28 0.0774433 56.5272 3240 72.9 1.46897 -45.9996
13 442 7401.91 25 233.128 -3.32589 139.028 1.5519 592.873 -0.0263696 55.5465 3240 72.9 1.42104 -0.228777
13 443 7316 25 108.433 -2.42468 132.239 1.5519 578.088 -0.000292912 59.1668 3240 72.9 1.33215 5.79667
13 444 7291.93 25 50.5072 -2.69995 118.461 1.5519 626.513 0.072876 55.1086 3240 72.9 1.31029 -2.45457
13 445 7235.09 25 53.5378 -4.01157 130.013 1.5519 620.344 0.0517857 54.7906 3096 72.9 1.38824 -25.5005
13 446 7301.66 25 138.534 -3.06634 116.164 1.5519 666.069 0.109267 56.1608 3096 72.9 1.45012 -34.1438
13 447 7204.41 25 160.526 -1.71998 129.149 1.5519 666.092 0.0550504 55.9163 3024 72.9 1.43947 -32.827
13 448 7324.53 25 224.787 0.62805 103.989 1.5519 735.024 0.151894 52.9544 3024 72.9 1.43002 -25.5645
13 449 7111.28 25 269.497 -0.0426977 104.845 1.5519 756.076 0.185318 56.5553 3024 72.9 1.39983 -7.35133
13 450 7212.06 25 62.3097 -0.967908 112.677 1.5519 697.253 0.126765 56.3652 3024 72.9 1.33203 11.017
13 451 7190.79 25 84.1869 -2.13237 102.406 1.5519 766.461 0.211552 56.5159 2880 76.6 1.32241 -9.62131
13 452 7125.92 25 58.7399 1.62302 109.366 1.59857 780.846 0.160546 55.9274 2952 76.6 1.31681 -4.63706
13 453 7161.64 25 291.923 1.30521 93.8639 1.59857 779.162 0.193753 54.1056 2952 76.6 1.3827 -16.5124
13 454 7135.66 25 141.16 0.970648 101.785 1.59857 755.384 0.144617 59.9155 2952 76.6 1.30316 35.1021
13 455 7123.27 25 -1.56795 1.35123 96.1392 1.59857 748.709 0.165281 57.6964 2952 76.6 1.25891 -0.293028
13 456 7095.43 25 75.2909 0.857339 106.64 1.59857 707.757 0.0955343 58.3558 3024 76.6 1.29049 30.0144
13 457 7108.92 25 36.5615 3.08356 110.844 1.59857 692.007 0.0165431 57.5759 2952 76.6 1.25061 23.5955
13 458 7052.44 25 213.35 0.558412 117.5 1.59857 696.08 0.0472747 55.995 2952 76.6 1.28479 23.8857
14 1 7099.88 78.6 17.9376 -0.0232784 135.611 1.45771 847.482 -0.028021 59.0346 3168 58.6 1.31558 -14.1826
14 2 7100.14 78.6 116.191 0.202264 136.595 1.45771 843.824 -0.0167949 57.8132 3168 58.6 1.30939 5.88492
14 3 7123.23 78.6 97.3702 -1.25882 144.847 1.45771 852.821 -0.0126218 59.7451 3168 58.6 1.33145 -8.03648
14 4 7273.12 78.6 71.8607 -0.276885 144.36 1.45771 847.266 -0.0446052 58.1142 3168 58.6 1.31071 -17.8608
14 5 7214.62 78.6 88.953 -0.398041 136.54 1.45771 859.496 0.0169331 58.8882 3096 58.6 1.3411 -7.32622
14 6 7122.11 78.6 60.1902 0.343556 129.111 1.45771 919.507 0.0467141 57.669 3312 58.6 1.29659 -13.9313
14 7 7109.76 78.6 99.9115 -1.7814 150.392 1.45771 816.065 -0.0892758 59.3846 3312 58.6 1.32328 4.2019
14 8 7244.52 78.6 -49.8214 -3.92082 161.733 1.45771 779.427 -0.0787802 61.2917 3096 58.6 1.31693 6.44407
14 9 7386.6 78.6 -26.94 -1.3728 140.439 1.45771 886.844 0.0168418 61.1995 3168 58.6 1.35735 -0.633499
14 10 7250.6 78.6 47.1793 -3.56437 148.902 1.45771 842.628 0.0122457 56.9846 3168 58.6 1.32787 -15.6416
14 11 7292.51 78.6 169.056 -1.32692 135.641 1.45771 882.058 0.0207768 59.3807 3312 58.6 1.33988 5.7817
14 12 7186.98 78.6 -12.8851 -1.3951 137.652 1.46253 855.38 0.0372449 58.3991 3240 58.6 1.30682 -17.3209
14 13 7201.32 78.6 -90.1136 -1.26176 131.649 1.46253 876.445 0.0361802 62.7108 3240 58.6 1.37632 -18.4536
14 14 7158.31 78.6 -16.8627 -1.32131 135.436 1.46253 885.703 0.0271495 58.0206 3096 58.6 1.42747 -17.6641
14 15 7212.34 78.6 1.04437 0.951396 127.814 1.46253 950.738 0.076731 59.5043 3240 58.6 1.38256 -8.71542
14 16 7149.12 78.6 104.937 -0.78979 138.5 1.46253 868.931 -0.0312223 60.1005 3168 58.6 1.37877 14.1087
14 17 7130.2 78.6 -67.317 -1.65449 151.079 1.46253 824.102 -0.0521149 62.1086 3240 58.6 1.32989 20.7
14 18 7266.03 78.6 -53.742 -5.13526 159.094 1.46253 785.919 -0.0387529 60.3369 3168 58.6 1.31139 -14.9773
14 19 7338.09 78.6 -30.7933 -1.70862 136.061 1.46253 839.375 -0.0178988 59.4189 3096 58.6 1.32176 -8.09685
14 20 7111.01 78.6 111.05 -0.724533 128.924 1.46253 866.068 0.0365296 56.2535 3240 58.6 1.38311 -34.1478
14 21 NaN 78.6 271.448 -2.42333 141.006 1.46253 834.036 0.0187353 59.3184 3240 58.6 1.39964 -4.89643
14 22 7213.7 78.6 -21.0152 -2.4712 138.537 1.46253 877.666 0.0598557 59.556 3096 58.6 1.31089 -30.3141
14 23 7309.92 78.6 -56.2837 -1.42793 143.362 1.45275 877.401 -0.0207824 59.6691 3096 58.6 1.39716 -12.8763
14 24 7265.43 78.6 181.365 -1.32185 140.819 1.45275 843.394 0.00218387 58.1 3312 58.6 1.44538 -11.0755
14 25 7184.52 78.6 87.7107 -2.8421 150.689 1.45275 770.694 -0.0594362 59.3558 3240 58.6 1.32521 -5.09263
14 26 7246.07 78.6 -10.8629 -3.54325 133.139 1.45275 785.276 0.0165499 60.2344 3240 58.6 1.29681 -11.8193
14 27 7094.16 78.6 -47.8854 -4.50233 132.8 1.45275 769.67 0.00910163 57.8854 3312 58.6 1.39119 -40.876
14 28 7118.39 78.6 165.984 -5.68715 147.596 1.45275 705.209 -0.076509 56.7512 3312 58.6 1.43799 -54.5148
14 29 7216.39 78.6 239.233 -3.98552 160.147 1.45275 748.128 -0.0662298 55.6198 3168 58.6 1.48299 -51.337
14 30 7312.92 78.6 243.957 -2.5325 139.247 1.45275 762.85 -0.0165291 55.0369 3240 58.6 1.46709 -76.0049
14 31 7144.87 78.6 386.432 -4.63837 135.655 1.45275 721.382 -0.0387127 56.5342 3312 58.6 1.4856 -55.1329
14 32 7058.38 78.6 285.832 -3.43745 146.192 1.45275 721.24 -0.0916469 55.4528 3456 58.6 1.39345 -42.8555
14 33 7118.03 78.6 238.41 -3.10443 155.676 1.45275 720.586 -0.127114 53.7511 3240 58.6 1.40846 -65.553
14 34 7186.8 78.6 247.406 -1.91369 135.387 1.44596 759.287 -0.0766244 56.8033 3168 58.6 1.49121 -43.1195
14 35 6960.14 78.6 281.945 -0.772519 156.539 1.44596 780.546 -0.14645 56.3642 3312 58.6 1.46282 -44.8158
14 36 7179.25 78.6 317.649 1.89389 146.799 1.44596 776.134 -0.153762 55.789 3312 58.6 1.38097 -17.5678
14 37 6996.9 78.6 174.917 -0.116647 162.187 1.44596 764.862 -0.157155 60.4872 3168 58.6 1.34449 0.254634
14 38 7230.37 78.6 49.5096 0.147192 147.808 1.44596 783.733 -0.127586 60.5541 3168 58.6 1.30981 -1.61136
14 39 7076.11 78.6 215.878 0.484958 131.71 1.44596 925.192 0.0012274 58.6959 2952 58.6 1.33615 14.1251
14 40 7149.93 78.6 3.41358 2.0517 118.727 1.44596 917.041 0.0797798 59.6324 3168 58.6 1.25497 -8.36291
14 41 6944.76 78.6 151.629 0.993059 113.273 1.44596 925.158 0.117554 58.9704 2952 58.6 1.33192 22.8273
14 42 7052.83 78.6 -134.877 0.874836 106.472 1.44596 932.819 0.133794 61.0631 3096 58.6 1.22028 16.1068
14 43 6940.7 42.8 69.0517 1.1138 126.021 1.44596 771.549 0.00881624 57.788 3024 58.6 1.34005 -11.0359
14 44 6993.3 42.8 44.2936 -1.02781 138.775 1.44596 760.58 -0.0043541 58.7718 3024 58.6 1.30772 -20.2176
14 45 7168.4 42.8 270.02 -0.27569 126.203 1.45166 823.32 0.145724 56.0219 3024 58.6 1.3299 -0.540916
14 46 7137.72 42.8 170.43 -1.32266 138.6 1.45166 696.207 0.054792 56.8753 3096 58.6 1.25453 -6.90603
14 47 7058.51 42.8 193.416 -3.51333 130.097 1.45166 692.479 0.112181 56.6691 3240 58.6 1.29024 3.73771
14 48 NaN 42.8 129.784 -1.67835 127.402 1.45166 667.815 0.0372683 54.6799 3168 58.6 1.23957 -39.1804
14 49 6956.74 42.8 170.232 -1.70915 134.432 1.45166 713.047 0.0899454 55.7969 3168 58.6 1.33995 -40.5131
14 50 7106.41 42.8 261.73 -1.64577 147.473 1.45166 724.284 0.0214851 54.469 3096 58.6 1.44049 -53.7811
14 51 7248.85 42.8 382.106 -0.995824 149.325 1.45166 746.093 0.060068 55.9915 3096 21 1.41501 -40.2176
14 52 7326.52 42.8 316.189 -0.431142 182.55 1.45166 704.665 -0.0181779 57.3053 3168 21 1.37104 -8.97133
14 53 7189.37 42.8 310.445 -0.992192 178.286 1.45166 762.788 0.0257263 56.4804 3240 21 1.32232 -11.6787
14 54 6867.88 42.8 150.939 2.93158 174.496 1.45166 884.556 0.0770766 59.6997 3312 21 1.27975 -20.5071
14 55 NaN 42.8 -50.7618 3.108 152.275 1.45166 942.361 0.202195 64.4292 3240 21 1.29992 -8.11468
14 56 6743.15 42.8 -174.23 -0.173811 175.123 1.31781 894.136 0.195306 67.8368 3456 21 1.29163 39.077
14 57 7024.21 42.8 -309.416 2.4068 170.117 1.31781 846.552 0.0646959 65.1733 3456 21 1.23599 38.5684
14 58 6811.11 42.8 -420.918 2.05758 162.746 1.31781 843.323 0.0780016 64.5564 3384 21 1.20358 2.99897
14 59 6642.14 42.8 -281.436 4.17572 162.46 1.31781 854.911 0.0558514 65.5594 3600 21 1.28383 22.8283
14 60 6613.84 42.8 -206.267 5.22232 159.832 1.31781 882.84 0.0660454 64.0967 3528 21 1.26854 10.4053
14 61 6626.35 42.8 -398.649 5.73584 164.729 1.31781 870.197 0.0118393 69.2212 3384 21 1.26003 38.8544
14 62 6581.66 42.8 -401.163 4.05327 163.555 1.31781 794.207 -0.0166078 68.1131 3240 21 1.26934 51.202
14 63 6519.75 42.8 -281.856 5.50816 155.255 1.31781 876.052 0.0730735 65.5459 3240 21 1.20478 45.4036
14 64 6476.21 42.8 -272.39 5.50284 146.672 1.31781 854.202 0.0632928 61.7951 3168 21 1.0962 28.6582
14 65 6436.96 42.8 -56.919 5.99549 146.324 1.31781 889.638 0.0754201 63.6948 3168 21 1.17666 54.4692
14 66 6481.43 42.8 -194.009 3.94991 153.989 1.31781 872.986 0.0931984 63.4466 3168 21 1.15241 38.3575
14 67 6602.82 42.8 -45.5673 4.45268 155.549 1.38104 825.397 0.01971 62.9953 3096 21 1.15627 33.7281
14 68 6484.58 42.8 -78.3493 1.3685 153.653 1.38104 825.89 0.125129 60.0255 3168 21 1.09808 23.6544
14 69 6620.44 42.8 -6.76614 -1.50941 152.501 1.38104 726.048 0.107469 62.3855 3096 21 1.13424 29.849
14 70 6572.37 42.8 43.3868 -2.4762 161.458 1.38104 810.19 0.185673 58.7783 3240 21 1.12581 9.80762
14 71 6804.08 42.8 63.7998 -3.40917 182.205 1.38104 630.931 -0.0325745 54.2426 3456 21 1.19678 -48.8039
14 72 6807.16 42.8 387.368 -4.46644 185.699 1.38104 522.554 -0.137121 55.3388 3528 21 1.35365 -39.7225
14 73 6619.45 42.8 216.417 -2.85192 189.548 1.38104 451.367 -0.238397 55.4514 3816 21 1.28051 -50.5798
14 74 6512.93 42.8 404.525 -2.11104 187.135 1.38104 469.53 -0.273054 50.3628 3888 21 1.35502 -77.1025
14 75 6438.26 42.8 311.506 -0.125364 197.821 1.38104 457.539 -0.353736 54.2591 3888 21 1.40233 -81.6862
14 76 6473.23 42.8 325.947 -3.51668 216.051 1.38104 356.862 -0.446545 57.0177 3816 21 1.52358 -65.9675
14 77 6565.78 42.8 364.652 0.414355 220.577 1.38104 427.869 -0.471645 57.5712 3744 21 1.45335 -37.2469
14 78 6547.64 42.8 323.401 0.267935 217.343 1.36777 403.775 -0.467976 52.0179 3816 21 1.35398 -58.67
14 79 6496.55 42.8 530.674 -0.762421 236.242 1.36777 389.099 -0.529168 56.8652 3888 21 1.35405 -23.1315
14 80 6721.14 42.8 256.402 0.584538 241.394 1.36777 408.225 -0.54995 55.04 3960 21 1.22067 -38.0557
14 81 6721.23 42.8 228.186 -0.152406 240.505 1.36777 398.125 -0.5386 57.3302 3816 21 1.26891 -39.1198
14 82 6713.43 42.8 160.334 0.191516 244.047 1.36777 381.146 -0.515573 58.6393 4104 21 1.28587 -16.1389
14 83 6764.8 42.8 142.384 1.67452 234.904 1.36777 395.988 -0.570501 57.4549 3960 21 1.21775 -7.74423
14 84 6594.05 42.8 -68.9922 3.50478 225.747 1.36777 466.857 -0.493296 59.6235 3960 21 1.20934 -22.3354
14 85 6568.43 29.7 9.49831 1.64118 225.355 1.36777 458.567 -0.46332 61.7735 4104 21 1.33546 -4.1078
14 86 6685.29 29.7 -68.9542 4.4184 226.581 1.36777 477.18 -0.509129 63.0143 3816 21 1.29531 10.2507
14 87 6615.88 29.7 -198.694 4.1757 208.828 1.36777 489.723 -0.368165 63.5112 3816 21 1.25717 5.98534
14 88 6494.94 29.7 -25.6636 -1.09348 224.021 1.36777 437.138 -0.394958 64.6478 3888 21 1.26774 45.1975
14 89 6689.52 29.7 -137.764 1.18257 231.288 1.39637 463.851 -0.39974 60.6546 3888 21 1.12672 8.89055
14 90 6749.49 29.7 -106.123 0.427023 249.968 1.39637 481.726 -0.41392 60.3181 3816 21 1.18045 -12.4155
14 91 7007.98 29.7 72.9358 -1.04682 245.827 1.39637 393.607 -0.471447 60.9127 4104 21 1.27391 -0.0324477
14 92 6922.41 29.7 60.7289 -0.155465 251.249 1.39637 342.694 -0.551943 59.842 4104 21 1.22764 21.0572
14 93 6801.8 29.7 -191.106 0.805474 248.29 1.39637 409.126 -0.505403 60.1182 4176 21 1.13867 -8.82411
14 94 6817.89 29.7 -79.979 1.24058 248.462 1.39637 475.925 -0.431043 62.5849 4248 21 1.29071 -23.8293
14 95 7024.7 29.7 -261.97 2.32913 260.208 1.39637 411.751 -0.551904 66.9692 4248 21 1.30541 17.4738
14 96 NaN 29.7 -344.565 1.474 270.048 1.39637 357.512 -0.606004 65.9023 4248 21 1.34576 26.3412
14 97 7004.64 29.7 -369.31 1.02677 267.537 1.39637 385.07 -0.577835 66.8408 4392 21 1.26224 33.6366
14 98 7020.47 29.7 -428.506 4.14776 262.805 1.39637 416.881 -0.616639 63.9925 3672 21 1.24614 20.8415
14 99 6879.49 29.7 -490.116 3.49819 198.637 1.39637 771.018 -0.0430996 68.7317 3744 21 1.26873 29.6438
14 100 6954.86 29.7 -488.329 1.67176 207.883 1.17803 700.76 -0.0818613 70.3961 3744 21 1.30827 46.0402
14 101 7014.55 29.7 -613.644 -0.358611 197.125 1.17803 719.614 -0.0320952 68.9002 3600 60.8 1.23897 64.0387
14 102 6958.64 29.7 -676.372 2.18286 164.912 1.17803 724.42 -0.00420401 69.1638 3600 60.8 1.24633 29.6087
14 103 6866.49 29.7 -365.068 -0.182975 145.778 1.17803 752.718 0.0914251 65.5445 3744 60.8 1.31705 15.0602
14 104 7320.87 29.7 -381.57 -0.188306 157.934 1.17803 684.097 -0.00279774 67.2837 3456 60.8 1.29289 28.3061
14 105 7323.67 29.7 -481.407 -3.07653 157.155 1.17803 647.22 0.0388329 65.578 3240 60.8 1.32039 20.3659
14 106 7327.67 29.7 -257.961 -2.21688 139.288 1.17803 736.145 0.164081 64.6745 3240 60.8 1.37475 19.3967
14 107 7366.93 29.7 -214.865 -2.79506 139.174 1.17803 672.548 0.0964022 61.0865 3312 60.8 1.3529 -11.645
14 108 7264.35 29.7 87.2821 -1.56437 131.996 1.17803 694.885 0.0986577 60.5733 3384 60.8 1.41902 -13.8201
14 109 7106 29.7 -6.13466 -0.0709744 136.98 1.17803 719.2 0.0917053 58.0805 3312 60.8 1.38845 -49.7852
14 110 7158.37 29.7 117.578 0.267858 120.602 1.17803 742.57 0.129146 59.6838 3312 60.8 1.45181 -14.4907
14 111 6954.59 29.7 18.9347 -1.07672 140.12 1.37539 631.06 0.0172867 61.8532 3168 60.8 1.41396 9.90952
14 112 7091.69 29.7 -18.0035 -1.98761 138.749 1.37539 626.341 0.0332373 60.2013 3240 60.8 1.37165 7.56649
14 113 7063.87 29.7 124.515 -0.633118 140.594 1.37539 631.062 0.00590535 57.065 3024 60.8 1.332 -32.7662
14 114 7066.06 29.7 167.686 -2.36122 127.52 1.37539 648.948 0.11227 55.2472 3096 60.8 1.33098 -54.2277
14 115 7038.27 29.7 370.003 -1.24771 130.323 1.37539 683.222 0.0949803 55.7365 3096 60.8 1.38143 -26.6336
14 116 7089.07 29.7 248.86 -0.289822 133.543 1.37539 675.72 0.0579197 53.882 3096 60.8 1.31469 -37.7234
14 117 7049.51 29.7 471.294 -1.72571 145.219 1.37539 651.054 0.0491869 54.4214 3168 60.8 1.40121 -22.3908
14 118 NaN 29.7 218.556 0.042935 138.375 1.37539 660.442 0.0231847 56.4741 3312 60.8 1.33154 -10.8819
14 119 7043.68 29.7 261.735 0.666896 153.396 1.37539 646.964 -0.0598816 55.8197 3384 60.8 1.3181 -27.8294
14 120 7097.6 29.7 213.703 1.07078 165.051 1.37539 592.976 -0.141165 56.9734 3384 60.8 1.32312 -1.49249
14 121 7175.99 29.7 155.239 -1.34568 179.388 1.37539 600.409 -0.100955 58.5857 3312 60.8 1.30965 12.4317
14 122 7446.65 29.7 10.8762 -2.46712 181.472 1.53157 602.249 -0.114307 60.1922 3312 60.8 1.25875 7.697
14 123 7439.73 29.7 156.653 -1.70906 180.425 1.53157 597.322 -0.109583 56.9834 3384 60.8 1.29258 8.0807
14 124 7429.21 29.7 75.1239 -2.36977 166.4 1.53157 602.864 -0.0777111 59.1104 3528 60.8 1.25432 5.08396
14 125 7274.38 29.7 48.5642 -1.28527 151.4 1.53157 598.541 -0.0384348 58.1108 3528 60.8 1.29344 -0.0497608
14 126 7161.25 29.7 -186.39 -3.37129 160.478 1.53157 596.69 -0.0208847 61.917 3456 60.8 1.31661 -14.8656
14 127 7355.59 75.4 -193.479 -4.36337 168.3 1.53157 659.619 -0.0674387 61.7348 3384 60.8 1.41004 -24.1737
14 128 7290.53 75.4 -42.9759 -3.70531 155.891 1.53157 688.231 -0.0504845 59.7165 3384 60.8 1.45667 -31.0581
14 129 7245.93 75.4 66.2089 0.141395 165.908 1.53157 761.14 -0.204348 56.0791 3528 60.8 1.46339 -63.8637
14 130 7269.33 75.4 303.666 0.829633 148.96 1.53157 753.642 -0.156194 54.8742 3456 60.8 1.47534 -43.8691
14 131 7121.57 75.4 68.2141 1.98086 160.082 1.53157 785.909 -0.200881 64.6325 3456 60.8 1.41746 8.80298
14 132 7180.39 75.4 -194.134 1.54959 161.395 1.53157 803.681 -0.17677 60.927 3312 60.8 1.33237 11.2584
14 133 7201.62 75.4 -32.8753 1.46211 149.91 1.4255 846.026 -0.0975466 63.0332 3096 60.8 1.35681 37.9862
14 134 7230.82 75.4 -202.528 -0.458219 146.722 1.4255 874.584 0.00977081 62.8128 3168 60.8 1.25096 31.649
14 135 7353.98 75.4 -69.2908 4.0288 125.743 1.4255 956.375 -0.00959867 61.0222 3168 60.8 1.27191 10.2711
